Num_Acc;id_vehicule;num_veh;senc;catv;obs;obsm;choc;manv;motor
536537089;155 781 758;A01;1;7;0;2;1;13;1
536537089;155 781 759;B01;2;14;0;2;2;21;1
536537090;155 781 757;A01;1;10;0;1;3;15;1
536537091;155 781 756;A01;3;3;9;1;1;1;1
536537092;155 781 754;B01;3;34;0;2;0;0;1
536537092;155 781 755;A01;3;7;0;2;3;15;0
536537093;155 781 750;A01;3;7;0;2;1;9;1
536537093;155 781 751;B01;;7;0;2;1;17;1
536537093;155 781 752;C01;;7;0;0;3;2;1
536537093;155 781 753;D01;;7;0;0;1;2;1
536537094;155 781 748;A01;3;7;0;2;1;1;1
536537094;155 781 749;B01;2;7;0;2;6;19;1
536537095;155 781 746;A01;2;7;0;2;2;15;1
536537095;155 781 747;B01;3;7;0;2;3;9;2
536537096;155 781 742;A01;1;7;0;2;1;2;1
536537096;155 781 743;B01;1;7;0;2;4;2;1
536537097;155 781 741;A01;1;7;6;5;2;14;1
536537098;155 781 740;A01;1;33;12;0;8;18;1
536537099;155 781 738;B01;2;7;0;2;4;1;1
536537099;155 781 739;A01;2;7;0;2;1;2;1
536537100;155 781 737;A01;1;33;0;0;7;1;1
536537101;155 781 736;A01;2;2;0;1;2;1;1
536537102;155 781 734;Z01;2;1;0;2;2;17;5
536537102;155 781 735;A01;2;1;0;2;3;1;5
536537103;155 781 732;A01;3;80;0;2;1;1;3
536537103;155 781 733;B01;1;80;0;2;1;1;3
536537104;155 781 730;B01;2;50;1;0;2;22;3
536537104;155 781 731;A01;3;10;1;2;2;22;1
536537105;155 781 729;A01;1;7;0;1;4;26;1
536537106;155 781 727;A01;2;7;0;2;3;9;1
536537106;155 781 728;B01;2;1;0;2;7;1;5
536537107;155 781 726;A01;2;7;0;1;1;16;2
536537108;155 781 724;A01;0;2;0;2;1;17;1
536537108;155 781 725;B01;0;33;0;2;1;1;1
536537109;155 781 723;A01;0;50;0;1;1;26;3
536537110;155 781 722;A01;1;7;2;0;1;1;1
536537111;155 781 720;A01;0;7;0;2;0;0;0
536537111;155 781 721;B01;1;7;0;2;3;1;1
536537112;155 781 719;A01;3;2;8;0;1;14;1
536537113;155 781 715;D01;1;7;0;2;1;2;0
536537113;155 781 716;A01;1;7;0;2;4;2;1
536537113;155 781 717;B01;1;7;0;2;1;2;0
536537113;155 781 718;C01;1;7;0;2;1;2;1
536537114;155 781 714;A01;3;50;0;1;1;1;3
536537115;155 781 713;A01;1;1;0;1;7;12;5
536537116;155 781 712;A01;1;7;0;1;1;0;1
536537117;155 781 708;A01;2;10;0;1;8;15;1
536537118;155 781 704;A01;1;10;0;2;1;16;1
536537118;155 781 705;B01;1;80;0;2;8;1;3
536537119;155 781 702;A01;3;7;0;2;8;10;1
536537119;155 781 703;B01;3;33;0;2;7;1;1
536537120;155 781 700;A01;1;33;0;2;1;1;1
536537120;155 781 701;B01;1;7;0;2;6;2;1
536537121;155 781 699;A01;3;7;0;1;1;15;1
536537122;155 781 698;A01;2;33;0;1;1;1;1
536537123;155 781 696;A01;1;10;0;2;2;16;1
536537123;155 781 697;B01;1;34;0;2;1;1;1
536537124;155 781 694;B01;1;7;0;2;5;15;2
536537124;155 781 695;A01;1;33;0;2;2;17;1
536537125;155 781 693;A01;1;7;0;0;0;1;1
536537126;155 781 690;A01;2;7;3;2;2;11;1
536537126;155 781 691;B01;2;7;3;2;6;11;1
536537126;155 781 692;C01;2;7;3;2;0;2;1
536537127;155 781 688;A01;1;33;0;2;1;17;1
536537127;155 781 689;B01;2;7;0;2;3;15;1
536537128;155 781 685;A01;2;7;0;2;1;1;1
536537128;155 781 686;B01;2;10;0;2;4;1;1
536537128;155 781 687;C01;2;7;0;2;4;1;2
536537129;155 781 684;A01;1;7;15;0;1;1;1
536537130;155 781 682;A01;1;7;0;2;3;1;1
536537130;155 781 683;B01;1;7;0;2;8;19;1
536537131;155 781 681;A01;2;10;0;1;3;1;0
536537132;155 781 677;A01;2;32;0;2;2;3;1
536537132;155 781 678;B01;2;17;0;2;8;1;1
536537132;155 781 680;C01;2;10;0;2;2;1;1
536537133;155 781 676;B01;3;32;0;2;1;1;1
536537133;155 781 679;A01;3;7;0;2;1;15;1
536537134;155 781 675;A01;1;7;4;0;3;1;1
536537135;155 781 674;A01;2;7;0;1;7;1;1
536537136;155 781 669;B01;1;7;0;0;4;23;1
536537136;155 781 671;A01;1;15;0;2;1;2;1
536537136;155 781 672;D01;1;99;0;0;6;23;1
536537136;155 781 673;C01;1;7;0;2;9;23;3
536537137;155 781 670;A01;1;7;6;0;2;1;1
536537138;155 781 668;A01;1;7;4;0;1;26;1
536537139;155 781 666;A01;1;7;0;0;0;15;1
536537139;155 781 667;B01;1;33;4;0;1;21;1
536537140;155 781 664;A01;2;34;0;2;8;11;0
536537140;155 781 665;B01;2;7;0;2;2;1;0
536537141;155 781 663;A01;1;10;13;0;1;1;1
536537142;155 781 660;A01;1;7;0;2;3;1;1
536537142;155 781 661;C01;1;33;0;2;1;1;1
536537142;155 781 662;B01;1;7;0;2;4;1;3
536537143;155 781 654;A01;1;43;0;2;5;17;1
536537143;155 781 656;B01;1;7;0;2;3;1;1
536537143;155 781 658;C01;1;7;0;2;2;1;1
536537144;155 781 651;A01;2;33;0;2;3;18;1
536537144;155 781 652;B01;2;7;0;2;7;1;1
536537145;155 781 650;B01;1;7;0;2;3;16;1
536537145;155 781 653;A01;2;10;0;2;3;15;1
536537146;155 781 647;A01;1;7;0;2;7;0;1
536537146;155 781 649;B01;1;15;0;2;2;1;1
536537147;155 781 646;B01;2;7;0;2;3;13;1
536537147;155 781 648;A01;1;7;0;2;3;1;1
536537148;155 781 643;A01;1;7;4;2;6;11;1
536537148;155 781 645;B01;1;34;4;2;1;3;1
536537149;155 781 642;A01;2;7;0;2;4;11;1
536537149;155 781 644;B01;2;31;0;2;1;3;1
536537150;155 781 640;A01;1;31;12;0;7;26;1
536537151;155 781 639;B01;2;7;0;2;5;1;1
536537151;155 781 641;A01;2;10;6;2;2;13;1
536537152;155 781 637;A01;3;7;0;9;6;10;1
536537152;155 781 638;B01;3;1;0;2;1;1;5
536537153;155 781 636;A01;2;7;0;0;1;0;1
536537154;155 781 635;A01;1;7;12;0;3;1;1
536537155;155 781 633;A01;2;7;4;0;3;1;1
536537156;155 781 632;A01;1;7;0;2;7;15;1
536537156;155 781 634;B01;2;30;0;2;1;1;1
536537157;155 781 631;A01;1;7;2;0;3;17;1
536537158;155 781 628;A01;1;7;2;0;1;1;1
536537159;155 781 629;B01;1;7;0;2;7;19;1
536537159;155 781 630;A01;2;10;0;2;1;19;1
536537160;155 781 624;B01;2;7;0;2;3;26;1
536537160;155 781 626;A01;2;2;0;2;1;1;1
536537161;155 781 625;A01;1;10;0;2;2;19;1
536537161;155 781 627;B01;3;31;0;2;1;1;1
536537162;155 781 622;A01;3;1;0;2;3;12;5
536537163;155 781 621;A01;0;33;0;2;1;1;1
536537163;155 781 623;B01;3;10;0;2;7;15;1
536537164;155 781 618;B01;1;2;0;2;1;1;1
536537164;155 781 620;A01;1;7;0;2;2;12;1
536537165;155 781 616;B01;2;10;0;2;1;1;1
536537165;155 781 617;A01;2;7;0;0;6;15;1
536537165;155 781 619;C01;1;38;0;2;3;1;1
536537166;155 781 614;A01;2;50;0;2;8;19;3
536537166;155 781 615;B01;2;34;7;2;1;1;1
536537167;155 781 613;A01;1;7;0;1;2;9;1
536537168;155 781 610;B01;2;2;0;2;6;11;1
536537168;155 781 612;A01;2;2;0;2;1;17;1
536537169;155 781 609;B01;2;1;1;0;1;1;5
536537169;155 781 611;A01;2;7;0;2;3;22;1
536537170;155 781 608;A01;3;7;0;1;1;15;1
536537171;155 781 607;A01;2;7;4;0;9;0;0
536537172;155 781 606;A01;1;7;3;0;3;0;1
536537173;155 781 604;B01;1;15;0;2;2;1;1
536537173;155 781 605;A01;2;7;6;2;1;11;1
536537174;155 781 603;A01;1;10;2;0;9;26;1
536537175;155 781 601;A01;3;10;0;2;6;4;0
536537175;155 781 602;B01;3;34;0;2;7;26;1
536537176;155 781 600;A01;0;10;0;1;2;1;1
536537177;155 781 599;A01;2;7;0;0;0;1;1
536537178;155 781 597;B01;1;17;0;0;5;1;1
536537178;155 781 598;A01;1;7;4;2;3;2;1
536537179;155 781 595;A01;1;37;0;1;6;1;1
536537180;155 781 594;A01;1;10;0;0;0;1;1
536537181;155 781 590;B01;1;7;3;0;4;2;1
536537181;155 781 591;A01;1;7;0;2;1;2;1
536537182;155 781 589;A01;3;7;0;1;1;1;1
536537183;155 781 587;B01;2;7;0;2;3;11;1
536537183;155 781 588;A01;2;1;0;2;5;1;5
536537184;155 781 585;A01;1;7;0;2;4;23;0
536537184;155 781 586;B01;1;10;0;2;1;1;0
536537185;155 781 583;A01;2;7;0;2;3;11;1
536537185;155 781 584;B01;2;7;0;2;5;1;1
536537186;155 781 581;A01;2;7;0;2;2;2;1
536537186;155 781 582;B01;2;10;0;2;5;1;1
536537187;155 781 579;B01;2;7;0;2;4;2;1
536537187;155 781 580;A01;2;7;0;2;1;2;1
536537188;155 781 578;A01;1;33;0;2;1;2;1
536537189;155 781 575;B01;2;7;0;2;1;2;1
536537189;155 781 576;C01;2;7;0;2;4;2;1
536537189;155 781 577;A01;2;7;0;2;1;2;2
536537190;155 781 573;A01;2;7;0;2;2;1;1
536537190;155 781 574;B01;2;14;0;2;6;26;1
536537191;155 781 571;A01;2;33;0;2;7;3;1
536537191;155 781 572;B01;2;7;0;2;0;2;1
536537192;155 781 569;A01;2;1;0;2;3;21;5
536537192;155 781 570;B01;2;7;0;2;3;17;0
536537193;155 781 567;B01;1;32;0;2;1;1;1
536537193;155 781 568;A01;1;7;0;2;6;20;1
536537194;155 781 564;B01;3;7;0;2;3;2;1
536537194;155 781 565;A01;3;0;0;2;1;1;0
536537195;155 781 562;A01;3;10;0;2;2;1;1
536537195;155 781 563;B01;3;7;0;2;3;9;0
536537196;155 781 560;A01;3;2;0;2;3;1;1
536537196;155 781 561;B01;3;10;0;2;3;9;1
536537197;155 781 557;A01;0;7;0;1;7;1;1
536537198;155 781 555;A01;3;7;0;2;3;15;1
536537198;155 781 556;B01;3;1;0;2;3;0;5
536537199;155 781 553;B01;1;7;0;2;1;0;1
536537199;155 781 554;A01;1;7;0;2;7;1;2
536537200;155 781 551;A01;1;7;0;2;8;13;1
536537200;155 781 552;B01;1;7;0;2;4;1;1
536537201;155 781 549;A01;2;7;8;0;1;0;1
536537201;155 781 550;B01;2;7;8;0;1;0;1
536537202;155 781 547;B01;1;7;0;2;1;1;1
536537202;155 781 548;A01;1;7;0;2;8;10;2
536537203;155 781 546;A01;2;50;0;0;1;26;3
536537204;155 781 545;A01;1;10;0;1;8;1;1
536537205;155 781 543;B01;1;33;0;2;1;1;1
536537205;155 781 544;A01;2;7;0;2;7;15;2
536537206;155 781 542;A01;1;33;13;0;1;1;1
536537207;155 781 540;B01;3;33;0;2;7;1;1
536537207;155 781 541;A01;3;37;0;2;7;15;1
536537208;155 781 538;A01;1;33;0;2;1;17;1
536537208;155 781 539;B01;1;7;0;9;6;10;2
536537209;155 781 536;A01;3;7;0;2;7;20;1
536537209;155 781 537;B01;1;2;0;2;1;1;1
536537210;155 781 534;A01;1;7;0;2;1;17;1
536537210;155 781 535;B01;2;7;0;2;1;1;1
536537211;155 781 533;A01;2;99;1;0;1;1;0
536537212;155 781 531;A01;3;7;0;9;6;10;1
536537212;155 781 532;B01;3;50;0;2;1;5;3
536537213;155 781 529;A01;1;7;0;2;8;10;1
536537213;155 781 530;B01;1;30;0;2;2;0;1
536537214;155 781 528;A01;1;3;2;0;3;1;1
536537215;155 781 526;A01;2;7;0;2;2;15;1
536537215;155 781 527;B01;1;10;0;2;1;1;1
536537216;155 781 525;A01;2;7;15;0;1;14;1
536537217;155 781 524;A01;2;7;0;1;2;1;1
536537218;155 781 522;A01;1;7;0;9;7;17;1
536537218;155 781 523;B01;1;50;0;2;8;2;3
536537219;155 781 520;A01;3;7;0;2;2;19;1
536537219;155 781 521;B01;1;7;0;2;1;2;1
536537220;155 781 519;A01;1;7;0;1;2;1;1
536537221;155 781 518;A01;3;7;6;0;1;26;1
536537222;155 781 516;B01;1;2;0;2;3;9;1
536537222;155 781 517;A01;2;1;0;2;1;25;5
536537223;155 781 514;A01;1;7;0;2;1;9;1
536537223;155 781 515;B01;1;50;0;2;4;2;3
536537224;155 781 512;A01;1;7;0;2;3;15;1
536537224;155 781 513;B01;2;7;0;2;3;2;1
536537225;155 781 510;B01;3;7;0;2;7;15;1
536537225;155 781 511;A01;2;43;0;2;1;1;1
536537226;155 781 508;A01;1;32;12;0;0;18;1
536537226;155 781 509;B01;2;7;0;0;0;16;1
536537227;155 781 506;B01;1;7;0;2;4;2;1
536537227;155 781 507;A01;1;10;0;2;1;2;1
536537228;155 781 505;A01;2;7;5;0;3;1;1
536537229;155 781 503;A01;0;7;0;2;2;15;1
536537229;155 781 504;B01;0;2;0;0;0;0;1
536537230;155 781 500;B01;1;7;1;0;4;24;1
536537230;155 781 501;C01;1;7;1;0;4;24;1
536537230;155 781 502;A01;1;7;1;0;1;14;1
536537231;155 781 497;A01;2;7;0;2;1;2;1
536537231;155 781 498;B01;2;7;0;2;4;2;2
536537231;155 781 499;C01;2;7;0;2;4;2;1
536537232;155 781 495;B01;3;1;0;2;8;19;5
536537232;155 781 496;A01;2;7;0;2;3;15;1
536537233;155 781 492;A01;3;7;0;2;1;1;1
536537233;155 781 493;B01;3;7;0;0;4;1;1
536537234;155 781 490;B01;1;1;0;2;8;1;5
536537234;155 781 491;A01;1;7;0;2;1;1;2
536537235;155 781 489;A01;2;7;0;1;1;16;1
536537236;155 781 488;A01;3;50;0;1;7;26;3
536537237;155 781 486;B01;2;7;0;0;3;24;2
536537237;155 781 487;A01;2;1;1;0;1;1;5
536537238;155 781 484;A01;1;33;0;2;1;2;1
536537238;155 781 485;B01;1;7;0;2;7;2;3
536537239;155 781 482;B01;1;7;0;2;2;1;1
536537239;155 781 483;A01;1;7;0;2;3;13;1
536537240;155 781 479;C01;1;7;0;2;4;23;1
536537240;155 781 480;A01;1;7;0;2;1;2;1
536537240;155 781 481;B01;1;7;0;2;4;23;2
536537241;155 781 477;B01;2;32;0;2;2;17;1
536537241;155 781 478;A01;2;7;0;2;3;11;1
536537242;155 781 475;B01;2;7;0;2;1;1;1
536537242;155 781 476;A01;2;7;0;2;4;23;1
536537243;155 781 473;A01;3;37;0;2;4;23;1
536537243;155 781 474;B01;3;37;0;2;1;1;1
536537244;155 781 472;A01;2;7;0;1;1;16;0
536537245;155 781 471;A01;1;7;0;1;1;1;1
536537246;155 781 469;A01;1;7;0;2;1;16;1
536537246;155 781 470;B01;2;7;0;2;2;1;1
536537247;155 781 468;A01;1;7;2;0;1;0;1
536537248;155 781 467;A01;1;33;4;0;3;3;1
536537249;155 781 466;A01;1;2;13;0;1;1;1
536537250;155 781 465;A01;1;10;13;0;3;13;1
536537251;155 781 463;A01;0;7;0;2;1;15;1
536537251;155 781 464;B01;0;10;0;2;3;1;1
536537252;155 781 461;A01;2;14;0;2;1;0;1
536537252;155 781 462;B01;2;14;0;0;4;0;1
536537253;155 781 460;A01;1;7;2;0;1;26;1
536537254;155 781 459;A01;1;7;2;0;1;0;1
536537255;155 781 458;A01;0;7;13;0;1;0;1
536537256;155 781 456;A01;3;7;0;2;7;15;1
536537256;155 781 457;B01;3;1;0;2;2;1;5
536537257;155 781 454;A01;2;2;0;2;8;15;1
536537257;155 781 455;B01;2;7;0;2;7;17;1
536537258;155 781 452;B01;2;7;0;0;3;13;1
536537258;155 781 453;A01;1;7;0;0;3;16;1
536537259;155 781 450;A01;1;33;3;2;2;12;1
536537259;155 781 451;B01;1;7;0;2;0;1;1
536537260;155 781 448;A01;2;7;0;2;1;3;1
536537260;155 781 449;B01;2;17;0;0;6;1;1
536537261;155 781 446;A01;2;7;0;0;1;0;1
536537262;155 781 445;A01;1;7;0;0;1;1;1
536537262;155 781 447;B01;2;7;0;0;1;1;1
536537263;155 781 442;A01;2;33;0;2;1;2;1
536537263;155 781 444;B01;2;7;0;2;4;2;1
536537264;155 781 441;A01;1;10;0;2;1;5;1
536537264;155 781 443;B01;2;15;0;2;1;1;1
536537265;155 781 439;A01;2;10;0;2;1;1;1
536537265;155 781 440;B01;2;7;0;2;4;1;1
536537266;155 781 437;A01;1;7;0;2;5;9;1
536537266;155 781 438;B01;1;7;0;2;3;1;2
536537267;155 781 436;A01;1;7;4;0;8;1;1
536537268;155 781 435;A01;1;30;15;0;1;13;1
536537269;155 781 433;B01;3;50;0;2;8;25;3
536537269;155 781 434;A01;1;7;0;2;1;16;1
536537270;155 781 431;B01;2;30;0;2;5;16;0
536537270;155 781 432;A01;2;7;0;2;6;15;1
536537271;155 781 428;B01;1;7;0;2;1;15;1
536537271;155 781 430;A01;2;7;0;2;3;1;1
536537272;155 781 425;C01;2;7;0;2;5;2;1
536537272;155 781 427;A01;2;33;0;2;2;9;1
536537272;155 781 429;B01;2;7;0;2;6;2;1
536537273;155 781 426;A01;1;33;0;0;0;0;1
536537274;155 781 423;A01;1;7;6;0;1;15;1
536537275;155 781 421;B01;1;7;0;2;6;2;1
536537275;155 781 422;C01;2;7;0;2;1;5;1
536537275;155 781 424;A01;1;7;0;2;1;21;1
536537276;155 781 418;B01;3;7;0;2;3;0;1
536537276;155 781 420;A01;3;33;0;2;3;0;1
536537277;155 781 417;A01;1;3;0;2;4;26;6
536537277;155 781 419;B01;1;99;0;2;1;26;6
536537278;155 781 416;A01;1;7;6;0;1;2;1
536537279;155 781 415;A01;1;33;14;0;3;11;1
536537280;155 781 413;B01;1;10;0;2;3;21;1
536537280;155 781 414;A01;2;1;0;2;1;13;5
536537281;155 781 411;A01;3;7;14;0;1;2;1
536537281;155 781 412;B01;3;7;0;2;1;2;1
536537282;155 781 409;A01;3;7;0;2;2;9;1
536537282;155 781 410;B01;3;33;0;2;3;1;1
536537283;155 781 408;A01;2;2;0;0;0;0;0
536537284;155 781 405;A01;2;7;0;2;8;16;1
536537284;155 781 407;B01;1;7;0;2;3;1;1
536537285;155 781 404;B01;1;1;0;2;4;1;5
536537285;155 781 406;A01;1;7;0;2;1;16;1
536537286;155 781 403;A01;2;7;17;0;1;1;1
536537287;155 781 401;B01;2;7;0;2;1;2;1
536537287;155 781 402;A01;1;7;0;2;3;0;1
536537288;155 781 400;A01;0;1;0;0;0;0;5
536537289;155 781 399;A01;1;1;0;0;8;1;5
536537290;155 781 398;A01;0;10;0;1;4;4;1
536537291;155 781 397;A01;1;7;13;0;0;1;1
536537292;155 781 394;B01;2;10;11;2;1;1;1
536537292;155 781 396;A01;2;7;11;2;1;15;1
536537293;155 781 393;A01;1;7;0;2;3;13;1
536537293;155 781 395;B01;2;10;0;2;3;1;1
536537294;155 781 392;A01;2;7;17;0;1;1;1
536537295;155 781 390;A01;2;7;0;2;3;13;1
536537295;155 781 391;B01;1;15;0;2;3;1;1
536537296;155 781 388;A01;2;7;0;2;1;2;1
536537296;155 781 389;B01;2;7;0;0;4;2;3
536537297;155 781 387;A01;1;7;13;0;1;1;1
536537298;155 781 386;A01;2;33;16;0;0;1;1
536537299;155 781 385;A01;1;32;0;0;0;0;1
536537300;155 781 384;A01;2;10;2;0;2;1;1
536537301;155 781 382;A01;1;7;0;2;1;1;1
536537301;155 781 383;B01;2;7;13;2;1;1;1
536537302;155 781 380;B01;1;33;0;2;1;1;1
536537302;155 781 381;A01;2;7;0;2;1;19;1
536537303;155 781 378;B01;2;33;0;2;1;1;1
536537303;155 781 379;A01;2;7;0;2;8;11;1
536537304;155 781 377;A01;2;7;1;0;1;14;1
536537305;155 781 375;B01;0;10;0;2;2;1;1
536537305;155 781 376;A01;0;7;0;2;1;0;1
536537306;155 781 373;A01;1;7;0;0;7;10;1
536537306;155 781 374;B01;2;33;0;2;1;1;1
536537307;155 781 372;A01;1;7;13;0;1;0;1
536537308;155 781 370;A01;2;2;0;2;1;2;1
536537308;155 781 371;B01;2;7;0;0;3;2;1
536537309;155 781 368;A01;3;7;0;2;1;1;1
536537309;155 781 369;B01;3;7;0;0;3;1;1
536537310;155 781 366;A01;2;7;0;2;3;13;1
536537310;155 781 367;B01;1;7;0;2;3;1;1
536537311;155 781 365;A01;1;7;6;0;2;1;1
536537312;155 781 363;A01;2;7;0;2;4;12;1
536537312;155 781 364;B01;2;7;0;2;3;1;1
536537313;155 781 361;A01;1;7;0;2;1;2;1
536537313;155 781 362;B01;1;7;0;2;4;23;1
536537314;155 781 359;A01;1;7;0;2;1;1;1
536537314;155 781 360;B01;1;7;0;2;6;1;2
536537315;155 781 357;A01;1;7;0;2;1;2;1
536537315;155 781 358;B01;1;7;4;2;4;2;1
536537316;155 781 355;A01;2;7;0;2;1;2;1
536537316;155 781 356;B01;2;17;0;2;4;2;1
536537317;155 781 354;A01;1;7;4;0;1;1;1
536537318;155 781 353;A01;2;7;0;1;1;1;1
536537319;155 781 351;A01;1;7;0;2;0;1;1
536537319;155 781 352;B01;1;1;0;2;0;1;5
536537320;155 781 350;A01;1;7;0;1;1;1;2
536537321;155 781 348;A01;1;7;0;2;0;0;1
536537321;155 781 349;B01;1;1;0;2;0;0;5
536537322;155 781 346;B01;1;7;0;2;3;0;1
536537322;155 781 347;A01;1;7;0;2;7;0;1
536537323;155 781 344;B01;1;1;0;2;1;1;5
536537323;155 781 345;A01;2;7;0;2;8;1;1
536537324;155 781 343;A01;1;7;0;1;1;1;1
536537325;155 781 341;A01;2;31;0;2;2;2;1
536537325;155 781 342;Z01;2;7;0;2;6;11;0
536537326;155 781 339;A01;2;2;3;2;1;1;1
536537326;155 781 340;B01;1;31;3;2;1;13;1
536537327;155 781 337;A01;2;7;1;2;2;1;1
536537327;155 781 338;B01;2;7;0;2;1;1;2
536537328;155 781 335;B01;1;31;0;2;1;1;1
536537328;155 781 336;A01;1;7;0;2;3;9;1
536537329;155 781 334;A01;1;7;4;0;0;0;1
536537330;155 781 331;A01;2;7;0;2;1;15;1
536537330;155 781 332;B01;2;7;0;2;7;1;1
536537330;155 781 333;C01;1;10;0;2;1;0;1
536537331;155 781 329;B01;2;7;0;2;8;0;1
536537331;155 781 330;A01;1;7;0;2;3;0;1
536537332;155 781 328;A01;2;7;0;1;3;1;1
536537333;155 781 327;A01;1;50;0;0;0;3;3
536537334;155 781 326;A01;2;7;0;1;1;1;1
536537335;155 781 324;A01;1;7;14;0;6;1;1
536537335;155 781 325;B01;1;37;0;2;6;1;1
536537336;155 781 322;Z01;1;7;0;2;4;4;1
536537336;155 781 323;A01;1;7;0;2;1;9;1
536537337;155 781 320;B01;1;7;0;9;2;1;1
536537337;155 781 321;A01;2;50;0;2;3;1;3
536537338;155 781 319;A01;1;7;1;0;1;5;1
536537339;155 781 315;A01;3;7;0;2;6;1;1
536537339;155 781 316;B01;3;7;0;2;3;13;1
536537340;155 781 313;A01;2;30;0;2;2;2;1
536537340;155 781 314;B01;2;33;0;2;8;13;1
536537341;155 781 312;A01;1;33;0;0;7;1;6
536537342;155 781 311;A01;2;7;6;0;1;26;1
536537343;155 781 308;Z01;0;10;0;1;2;1;0
536537344;155 781 307;A01;1;17;0;0;0;1;1
536537345;155 781 305;B01;1;1;0;2;1;1;5
536537345;155 781 306;A01;2;7;0;2;0;15;1
536537346;155 781 303;A01;2;30;0;2;1;2;1
536537346;155 781 304;B01;2;10;0;2;4;1;1
536537347;155 781 301;A01;1;7;0;2;2;16;1
536537347;155 781 302;B01;1;32;0;2;3;7;1
536537348;155 781 300;A01;1;7;0;1;1;1;1
536537349;155 781 299;A01;1;7;0;1;3;1;1
536537350;155 781 298;A01;1;31;0;5;1;1;1
536537351;155 781 296;A01;3;7;17;2;7;6;1
536537351;155 781 297;B01;1;7;0;2;1;1;2
536537352;155 781 294;A01;1;7;0;2;1;1;1
536537352;155 781 295;B01;1;7;0;2;4;1;1
536537353;155 781 293;A01;3;7;0;1;0;0;0
536537354;155 781 292;A01;1;33;0;0;8;1;1
536537355;155 781 291;A01;1;7;7;0;1;15;1
536537356;155 781 290;A01;3;7;2;0;2;21;1
536537357;155 781 288;A01;2;7;0;2;1;2;3
536537357;155 781 289;B01;2;7;0;2;4;9;1
536537358;155 781 286;A01;2;7;0;2;3;16;1
536537358;155 781 287;B01;1;30;0;2;1;1;1
536537359;155 781 285;A01;1;43;0;2;1;0;0
536537360;155 781 283;B01;1;33;0;2;1;16;1
536537360;155 781 284;A01;1;7;0;2;7;15;2
536537361;155 781 281;A01;1;33;0;2;2;17;1
536537361;155 781 282;B01;1;7;0;2;3;15;1
536537362;155 781 279;B01;3;7;0;2;0;0;1
536537362;155 781 280;A01;3;30;0;2;1;17;1
536537363;155 781 278;A01;0;7;0;1;7;1;1
536537364;155 781 276;A01;2;7;0;9;3;1;1
536537364;155 781 277;B01;3;60;0;2;8;5;5
536537365;155 781 274;A01;1;7;0;2;6;9;1
536537365;155 781 275;B01;2;7;0;2;2;13;1
536537366;155 781 271;A01;2;7;0;2;1;2;1
536537366;155 781 272;B01;2;7;0;2;4;2;1
536537366;155 781 273;C01;1;7;0;2;3;1;1
536537367;155 781 270;B01;3;7;0;1;1;1;1
536537368;155 781 269;A01;3;7;0;1;2;1;1
536537369;155 781 267;A01;3;7;0;2;3;1;1
536537369;155 781 268;B01;3;7;0;2;3;1;1
536537370;155 781 266;A01;0;34;0;1;1;26;1
536537371;155 781 265;A01;1;7;1;0;2;26;2
536537372;155 781 263;A01;2;7;0;2;1;13;1
536537372;155 781 264;B01;1;7;0;2;1;1;1
536537373;155 781 261;A01;1;7;0;2;1;15;1
536537373;155 781 262;B01;2;30;0;2;1;17;1
536537374;155 781 260;A01;3;10;0;1;3;25;1
536537375;155 781 259;A01;2;7;0;1;3;1;1
536537376;155 781 258;A01;1;7;0;1;3;1;0
536537377;155 781 256;B01;2;7;0;2;1;1;1
536537377;155 781 257;A01;1;7;0;2;1;1;1
536537378;155 781 254;B01;2;1;0;2;3;1;5
536537378;155 781 255;A01;3;7;0;9;2;16;2
536537379;155 781 251;B01;2;30;1;0;1;1;1
536537379;155 781 252;C01;2;10;0;2;2;1;1
536537379;155 781 253;A01;2;7;0;2;3;22;1
536537380;155 781 249;B01;2;7;0;0;3;15;2
536537380;155 781 250;A01;2;30;0;0;2;17;1
536537381;155 781 247;A01;1;32;0;2;1;3;1
536537381;155 781 248;B01;1;10;0;0;6;2;1
536537382;155 781 245;B01;1;33;0;2;7;3;1
536537382;155 781 246;A01;1;33;0;2;8;11;1
536537383;155 781 242;C01;2;15;0;2;1;1;1
536537383;155 781 243;A01;2;33;0;2;4;12;1
536537383;155 781 244;B01;2;7;0;2;1;1;1
536537384;155 781 240;B01;2;7;0;2;6;11;1
536537384;155 781 241;A01;2;33;0;2;1;3;1
536537385;155 781 239;A01;1;80;0;0;0;0;3
536537386;155 781 236;C01;1;7;0;2;4;1;1
536537386;155 781 237;A01;1;7;0;2;8;11;3
536537386;155 781 238;B01;1;33;0;2;9;3;1
536537387;155 781 234;B01;3;1;0;2;7;19;5
536537387;155 781 235;A01;2;32;0;2;2;1;1
536537388;155 781 232;B01;2;33;0;2;1;3;1
536537388;155 781 233;A01;2;7;0;2;7;12;1
536537389;155 781 231;A01;1;2;16;0;2;2;1
536537390;155 781 227;A01;3;7;0;2;2;1;1
536537390;155 781 229;B01;3;80;0;2;7;1;3
536537391;155 781 226;C01;2;10;0;2;5;2;1
536537391;155 781 228;A01;2;7;0;2;7;12;1
536537391;155 781 230;B01;2;33;0;2;8;3;1
536537392;155 781 223;A01;1;7;0;2;6;15;1
536537392;155 781 225;B01;1;2;0;2;1;2;1
536537393;155 781 222;A01;2;33;0;2;1;3;1