Num_Acc;id_vehicule;num_veh;senc;catv;obs;obsm;choc;manv;motor
536537998;155 780 154;A01;1;7;0;2;1;15;1
536537998;155 780 155;B01;1;7;0;2;1;1;1
536537999;155 780 153;A01;3;7;0;1;1;14;1
536538000;155 780 151;A01;1;7;0;2;7;1;1
536538000;155 780 152;B01;1;7;1;2;3;20;1
536538001;155 780 150;A01;3;7;0;0;3;0;1
536538002;155 780 148;B01;3;37;0;2;3;1;1
536538002;155 780 149;A01;3;7;0;2;7;16;1
536538003;155 780 146;B01;1;30;0;2;1;1;1
536538003;155 780 147;A01;1;33;0;2;1;2;1
536538004;155 780 144;A01;2;7;0;2;1;13;1
536538004;155 780 145;B01;1;7;0;2;1;1;1
536538005;155 780 143;A01;2;30;0;1;2;7;1
536538006;155 780 142;A01;1;33;12;0;1;13;1
536538007;155 780 140;A01;2;7;0;2;1;25;1
536538007;155 780 141;B01;2;7;0;2;4;1;1
536538008;155 780 138;B01;3;1;0;2;7;1;5
536538008;155 780 139;A01;3;7;0;9;3;1;0
536538009;155 780 136;A01;3;7;0;9;1;15;1
536538009;155 780 137;B01;3;50;0;2;4;0;3
536538010;155 780 132;A01;2;7;0;2;3;15;1
536538010;155 780 133;B01;2;31;0;2;1;1;1
536538011;155 780 130;A01;0;10;0;2;1;2;1
536538011;155 780 131;B01;0;7;0;2;4;23;1
536538012;155 780 129;A01;0;10;0;1;1;15;1
536538013;155 780 128;A01;1;60;1;0;1;1;5
536538014;155 780 127;A01;1;30;0;0;0;1;1
536538015;155 780 125;A01;3;33;0;2;3;1;1
536538015;155 780 126;B01;3;7;0;2;3;15;1
536538016;155 780 123;B01;3;50;1;0;2;1;3
536538016;155 780 124;A01;3;10;0;2;8;24;1
536538017;155 780 121;A01;3;7;0;2;0;0;0
536538017;155 780 122;Y01;0;1;0;2;3;0;5
536538018;155 780 120;A01;0;10;0;2;1;19;0
536538019;155 780 118;A01;3;7;0;2;1;1;1
536538019;155 780 119;B01;3;33;0;2;8;1;1
536538020;155 780 116;B01;2;33;0;2;7;1;1
536538020;155 780 117;A01;0;7;0;2;1;19;1
536538021;155 780 115;A01;0;7;0;2;1;5;1
536538022;155 780 114;A01;2;33;0;0;0;1;1
536538023;155 780 113;A01;1;33;0;0;0;1;1
536538024;155 780 112;A01;1;7;16;0;9;0;1
536538025;155 780 111;A01;1;7;0;1;3;15;1
536538026;155 780 110;A01;2;7;4;0;2;21;1
536538027;155 780 107;A01;2;30;0;0;8;1;1
536538028;155 780 106;A01;2;50;0;0;8;1;3
536538029;155 780 104;A01;3;7;0;2;1;12;0
536538029;155 780 105;B01;1;60;12;0;4;2;5
536538030;155 780 103;A01;3;30;0;1;1;16;1
536538031;155 780 099;B01;2;7;0;2;1;1;1
536538031;155 780 100;A01;2;7;0;2;1;2;1
536538031;155 780 101;C01;2;7;0;2;1;1;1
536538031;155 780 102;D01;2;7;0;2;4;1;1
536538032;155 780 098;A01;1;10;2;0;9;14;6
536538033;155 780 097;A01;1;7;15;0;1;0;1
536538034;155 780 095;B01;2;7;0;2;3;26;1
536538034;155 780 096;A01;2;30;0;2;3;17;1
536538035;155 780 093;A01;1;7;0;2;1;2;1
536538035;155 780 094;B01;1;7;0;2;4;2;1
536538036;155 780 091;B01;1;7;0;2;8;1;1
536538036;155 780 092;A01;1;7;0;2;1;1;1
536538037;155 780 089;A01;1;7;8;2;3;15;1
536538037;155 780 090;B01;2;15;0;2;2;1;1
536538038;155 780 087;B01;0;50;0;2;0;0;3
536538038;155 780 088;A01;1;7;0;2;2;1;1
536538039;155 780 083;A01;3;33;0;2;1;1;1
536538039;155 780 084;B01;3;10;0;2;4;1;1
536538040;155 780 081;A01;3;7;0;2;1;1;1
536538040;155 780 082;B01;3;7;0;2;4;1;1
536538041;155 780 080;A01;1;7;0;1;3;1;1
536538042;155 780 079;A01;2;7;2;0;1;1;1
536538043;155 780 078;A01;0;7;0;1;1;1;1
536538044;155 780 077;A01;1;7;0;1;4;4;1
536538045;155 780 074;C01;2;10;0;2;4;1;1
536538045;155 780 075;A01;2;38;0;2;1;2;1
536538045;155 780 076;B01;2;10;0;2;4;23;1
536538046;155 780 071;A01;3;10;0;2;0;0;3
536538046;155 780 072;B01;1;1;0;2;0;9;5
536538047;155 780 070;A01;2;7;0;1;2;1;1
536538048;155 780 068;B01;1;7;0;2;4;1;1
536538048;155 780 069;A01;1;7;8;2;1;1;1
536538049;155 780 067;A01;3;7;0;1;1;17;1
536538050;155 780 065;A01;1;7;0;2;2;15;1
536538050;155 780 066;B01;2;7;0;2;5;21;1
536538051;155 780 064;Z01;2;7;0;1;0;26;1
536538052;155 780 059;A01;2;30;0;2;0;3;1
536538052;155 780 060;B01;2;7;0;2;2;20;1
536538053;155 780 058;A01;1;7;13;0;3;1;1
536538054;155 780 057;A01;3;7;6;0;1;1;1
536538055;155 780 056;A01;1;7;0;1;1;15;1
536538056;155 780 055;A01;1;7;0;1;2;1;1
536538057;155 780 053;A01;3;7;0;9;0;0;1
536538057;155 780 054;B01;1;50;0;2;1;0;3
536538058;155 780 051;A01;1;7;13;2;3;13;1
536538058;155 780 052;B01;2;7;0;2;3;1;1
536538059;155 780 049;B01;1;7;0;2;4;2;1
536538059;155 780 050;A01;1;32;0;2;1;2;1
536538060;155 780 047;A01;1;7;0;2;8;26;1
536538060;155 780 048;B01;1;34;0;2;1;1;1
536538061;155 780 045;B01;2;7;0;2;4;1;1
536538061;155 780 046;A01;2;7;0;2;1;13;1
536538062;155 780 044;A01;2;7;0;1;1;15;2
536538063;155 780 043;A01;2;31;0;0;0;1;1
536538064;155 780 042;A01;2;1;0;0;3;21;5
536538065;155 780 041;A01;2;43;0;1;1;18;1
536538066;155 780 039;A01;1;1;0;2;1;17;5
536538066;155 780 040;Z01;1;1;0;2;1;9;5
536538067;155 780 037;A01;1;33;0;2;1;1;1
536538067;155 780 038;B01;2;7;0;2;1;15;1
536538068;155 780 035;A01;3;7;0;2;1;1;2
536538068;155 780 036;B01;3;7;0;2;1;1;1
536538069;155 780 034;A01;2;2;0;1;0;19;3
536538070;155 780 032;A01;1;7;0;2;2;9;1
536538070;155 780 033;B01;1;33;0;2;8;1;1
536538071;155 780 030;Z01;0;7;0;2;0;0;0
536538071;155 780 031;A01;1;7;0;2;3;23;1
536538072;155 780 028;A01;1;7;0;2;2;9;0
536538072;155 780 029;B01;1;33;0;2;1;2;0
536538073;155 780 026;B01;0;7;0;2;6;1;1
536538073;155 780 027;A01;0;1;0;2;1;2;5
536538074;155 780 025;A01;2;30;0;1;1;1;1
536538075;155 780 023;A01;2;7;0;9;2;2;1
536538075;155 780 024;B01;2;50;0;2;4;2;3
536538076;155 780 021;B01;2;7;0;2;3;1;1
536538076;155 780 022;A01;3;7;0;2;2;1;1
536538077;155 780 019;B01;1;2;0;2;1;2;1
536538077;155 780 020;A01;1;7;0;2;6;2;1
536538078;155 780 015;B01;1;33;0;2;1;1;1
536538078;155 780 017;A01;1;31;3;2;8;15;1
536538079;155 780 014;A01;2;7;0;2;3;13;1
536538079;155 780 016;B01;1;7;0;2;3;1;1
536538079;155 780 018;C01;1;7;0;2;0;1;1
536538080;155 780 013;A01;1;7;13;0;7;1;1
536538081;155 780 011;A01;1;14;0;2;1;19;1
536538081;155 780 012;B01;2;7;0;2;6;1;1
536538082;155 780 009;A01;2;7;0;2;2;15;1
536538082;155 780 010;B01;1;33;0;2;1;1;1
536538083;155 780 007;A01;2;7;0;2;7;1;1
536538083;155 780 008;B01;2;1;0;2;1;1;5
536538084;155 780 006;A01;1;7;2;0;1;1;1
536538085;155 780 004;B01;2;7;0;2;2;24;1
536538085;155 780 005;A01;2;10;0;2;2;14;1
536538086;155 780 000;A01;2;34;0;2;1;2;1
536538086;155 780 002;B01;2;10;0;2;4;2;1
536538087;155 779 998;C01;1;7;0;2;2;1;0
536538087;155 779 999;D01;1;10;0;2;1;1;1
536538087;155 780 001;A01;1;7;0;2;1;17;1
536538087;155 780 003;B01;2;7;0;2;3;1;2
536538088;155 779 996;A01;2;10;2;0;3;13;1
536538089;155 779 995;A01;1;7;4;2;3;13;2
536538089;155 779 997;B01;1;43;4;0;2;1;1
536538090;155 779 992;A01;2;7;0;2;3;13;1
536538090;155 779 994;B01;2;33;0;2;7;1;1
536538091;155 779 993;A01;1;7;0;1;3;1;1
536538092;155 779 991;A01;1;7;0;1;1;16;1
536538093;155 779 989;A01;3;7;0;2;1;1;1
536538093;155 779 990;B01;0;7;7;0;8;1;1
536538094;155 779 987;A01;3;7;0;2;1;1;3
536538094;155 779 988;B01;3;7;0;2;6;15;1
536538095;155 779 986;A01;1;7;0;6;1;1;1
536538096;155 779 984;A01;0;7;2;0;2;1;1
536538097;155 779 981;B01;1;50;0;2;4;9;3
536538097;155 779 983;A01;1;10;0;2;1;9;1
536538098;155 779 980;B01;3;7;0;2;2;1;2
536538098;155 779 982;A01;3;7;0;2;1;7;1
536538099;155 779 979;A01;2;7;0;1;1;1;1
536538100;155 779 976;A01;1;7;0;2;8;9;0
536538100;155 779 978;B01;1;2;0;2;1;1;1
536538101;155 779 977;A01;1;7;15;0;0;25;0
536538102;155 779 974;A01;1;7;0;2;6;2;2
536538102;155 779 975;B01;1;15;0;2;3;1;1
536538103;155 779 972;A01;2;7;0;2;1;1;1
536538103;155 779 973;B01;3;50;0;2;3;19;3
536538104;155 779 970;A01;1;7;0;0;3;13;1
536538104;155 779 971;B01;2;7;0;0;5;1;1
536538105;155 779 966;A01;2;7;0;2;1;2;1
536538105;155 779 968;B01;2;7;3;0;4;1;1
536538106;155 779 967;A01;2;7;0;2;0;1;1
536538106;155 779 969;B01;1;60;0;2;1;1;5
536538107;155 779 965;A01;1;36;0;0;1;1;1
536538108;155 779 964;A01;3;50;0;0;1;0;3
536538109;155 779 962;A01;2;7;0;0;6;15;0
536538109;155 779 963;B01;2;33;0;2;1;2;1
536538110;155 779 959;A01;0;80;0;9;0;0;3
536538111;155 779 956;A01;2;7;0;2;1;15;1
536538111;155 779 958;B01;1;7;0;2;1;1;1
536538112;155 779 955;A01;1;7;0;2;1;1;0
536538112;155 779 957;B01;1;7;0;2;4;23;2
536538113;155 779 954;A01;1;7;9;0;1;13;1
536538114;155 779 953;A01;2;7;0;1;1;1;1
536538115;155 779 951;A01;3;7;0;9;1;2;1
536538115;155 779 952;B01;3;1;0;0;4;3;5
536538116;155 779 950;A01;3;50;0;0;0;1;3
536538117;155 779 949;A01;3;7;2;0;1;1;1
536538118;155 779 947;A01;3;30;0;1;1;1;0
536538119;155 779 946;A01;2;7;0;2;5;4;1
536538119;155 779 948;B01;1;38;0;2;2;1;1
536538120;155 779 945;A01;1;7;0;1;2;1;1
536538121;155 779 942;A01;3;30;0;0;0;1;1
536538122;155 779 943;B01;2;7;0;2;3;16;1
536538122;155 779 944;A01;1;14;0;2;3;13;1
536538123;155 779 939;B01;1;7;0;2;3;9;3
536538123;155 779 941;A01;1;7;0;2;7;1;1
536538124;155 779 940;A01;1;43;0;1;1;1;1
536538125;155 779 937;B01;2;1;0;0;5;1;5
536538125;155 779 938;A01;2;10;0;2;2;1;1
536538126;155 779 935;A01;1;7;3;0;3;2;1
536538127;155 779 936;A01;1;50;0;0;0;0;3
536538128;155 779 929;B01;1;10;0;2;4;2;1
536538128;155 779 931;C01;1;7;0;2;4;2;1
536538128;155 779 932;D01;1;7;0;2;4;2;1
536538128;155 779 933;E01;1;10;0;2;4;2;1
536538128;155 779 934;A01;1;14;0;2;1;1;1
536538129;155 779 930;A01;3;7;0;1;1;1;1
536538130;155 779 927;A01;1;33;0;2;2;3;1
536538130;155 779 928;B01;1;7;0;2;8;11;1
536538131;155 779 926;A01;3;33;0;0;0;1;1
536538132;155 779 924;A01;2;7;0;2;1;2;2
536538132;155 779 925;B01;2;7;0;2;4;23;1
536538133;155 779 922;A01;2;32;0;2;1;1;1
536538133;155 779 923;B01;2;14;0;2;4;2;1
536538134;155 779 921;A01;2;7;4;0;1;0;1
536538135;155 779 917;A01;1;7;0;2;1;5;1
536538135;155 779 919;B01;1;7;0;2;3;1;1
536538136;155 779 918;B01;1;36;0;2;3;1;1
536538136;155 779 920;A01;1;7;0;2;2;1;1
536538137;155 779 914;B01;1;10;0;2;4;23;1
536538137;155 779 916;A01;1;7;0;2;1;1;2
536538138;155 779 915;A01;3;37;0;1;5;15;1
536538139;155 779 912;B01;2;7;0;2;2;0;1
536538139;155 779 913;A01;2;10;0;2;6;1;1
536538140;155 779 910;B01;2;37;0;2;3;1;6
536538140;155 779 911;A01;1;43;4;1;1;0;1
536538141;155 779 909;A01;2;31;3;0;7;16;1
536538142;155 779 906;B01;1;33;0;2;8;3;1
536538142;155 779 908;Z01;1;7;0;2;0;14;1
536538143;155 779 905;A01;1;7;0;2;1;1;1
536538143;155 779 907;B01;2;80;0;2;1;1;3
536538144;155 779 902;A01;1;50;0;2;1;1;3
536538144;155 779 904;B01;1;30;0;2;1;1;1
536538145;155 779 901;B01;1;7;0;2;1;1;1
536538145;155 779 903;A01;1;7;0;2;1;26;1
536538146;155 779 899;A01;2;7;0;2;4;15;1
536538146;155 779 900;B01;2;33;1;0;1;2;1
536538147;155 779 896;C01;2;7;0;2;1;1;2
536538147;155 779 897;B01;2;7;0;2;8;1;1
536538147;155 779 898;A01;2;17;0;2;2;12;1
536538148;155 779 894;A01;3;7;0;2;3;15;1
536538148;155 779 895;B01;3;30;0;2;1;1;1
536538149;155 779 893;A01;1;7;4;0;7;26;1
536538150;155 779 892;A01;1;7;0;1;1;9;1
536538151;155 779 889;A01;3;50;12;0;1;1;3
536538152;155 779 888;Z01;1;10;0;2;1;2;1
536538152;155 779 890;B01;1;7;0;2;4;1;1
536538152;155 779 891;C01;1;7;0;2;4;1;1
536538153;155 779 885;A01;2;7;0;0;0;1;1
536538153;155 779 887;B01;2;33;0;0;8;1;1
536538154;155 779 884;B01;3;30;0;2;1;1;0
536538154;155 779 886;A01;3;7;0;2;3;15;1
536538155;155 779 882;A01;2;7;0;2;1;2;1
536538155;155 779 883;B01;2;7;0;2;4;23;1
536538156;155 779 880;B01;2;1;0;2;2;1;5
536538156;155 779 881;A01;1;7;0;2;1;15;0
536538157;155 779 878;B01;3;50;0;2;7;19;3
536538157;155 779 879;A01;1;7;0;2;2;1;1
536538158;155 779 877;A01;3;7;1;0;3;13;1
536538159;155 779 875;A01;0;7;0;1;6;4;1
536538160;155 779 874;B01;1;32;0;2;8;2;1
536538160;155 779 876;A01;2;7;0;2;1;15;1
536538161;155 779 873;A01;1;7;9;0;1;13;1
536538162;155 779 870;B01;2;7;0;2;3;16;1
536538162;155 779 872;A01;1;50;0;2;1;26;3
536538163;155 779 869;B01;2;7;0;2;5;15;1
536538163;155 779 871;A01;2;7;0;2;2;1;1
536538164;155 779 866;A01;2;30;0;2;8;1;1
536538164;155 779 868;B01;1;7;0;2;3;1;1
536538165;155 779 865;A01;1;7;0;2;1;26;1
536538165;155 779 867;B01;1;7;0;2;1;1;1
536538166;155 779 864;A01;2;7;16;0;1;14;1
536538167;155 779 863;A01;3;7;1;0;0;0;1
536538168;155 779 861;A01;2;7;0;2;1;2;1
536538168;155 779 862;B01;2;7;0;2;4;10;1
536538169;155 779 859;A01;2;7;0;2;3;16;1
536538169;155 779 860;B01;2;33;0;2;2;1;1
536538170;155 779 857;A01;2;10;0;2;3;15;1
536538170;155 779 858;B01;1;7;0;2;1;1;1
536538171;155 779 855;A01;1;7;0;2;0;10;1
536538171;155 779 856;B01;2;33;0;2;1;17;1
536538172;155 779 853;B01;1;50;0;2;0;1;3
536538172;155 779 854;A01;2;7;0;9;0;20;1
536538173;155 779 851;A01;1;7;0;2;2;1;1
536538173;155 779 852;B01;1;7;0;2;3;20;1
536538174;155 779 850;A01;1;7;0;1;8;15;0
536538175;155 779 847;A01;1;7;0;2;3;1;1
536538175;155 779 849;B01;1;7;0;2;2;0;1
536538176;155 779 846;A01;1;7;11;2;2;8;1
536538176;155 779 848;B01;2;1;7;2;1;7;5
536538177;155 779 845;A01;1;7;1;0;2;1;1
536538178;155 779 844;A01;3;50;14;1;1;25;3
536538179;155 779 843;A01;1;7;4;0;3;1;1
536538180;155 779 841;B01;3;33;0;2;1;1;1
536538180;155 779 842;A01;3;7;0;2;7;15;1
536538181;155 779 840;A01;2;7;13;0;2;16;1
536538182;155 779 838;A01;1;7;2;0;0;15;1
536538183;155 779 837;A01;3;7;0;2;2;17;1
536538183;155 779 839;B01;3;1;0;2;4;1;5
536538184;155 779 836;A01;3;7;12;0;5;15;1
536538185;155 779 834;B01;3;60;0;2;7;19;5
536538185;155 779 835;A01;1;7;0;2;1;1;1
536538186;155 779 828;A01;3;10;0;2;1;1;1
536538186;155 779 830;B01;3;7;0;2;4;1;1
536538186;155 779 831;C01;3;7;0;2;4;1;1
536538187;155 779 827;A01;2;31;0;2;1;1;1
536538187;155 779 829;B01;2;7;0;2;8;15;1
536538188;155 779 824;A01;1;3;0;2;1;1;3
536538188;155 779 826;B01;1;1;0;2;6;15;5
536538189;155 779 823;A01;3;7;0;2;2;19;1
536538189;155 779 825;B01;3;7;0;2;1;1;1
536538190;155 779 821;A01;1;7;0;2;2;15;1
536538190;155 779 822;B01;2;1;0;2;1;1;5
536538191;155 779 819;A01;0;33;0;2;1;0;1
536538191;155 779 820;B01;0;50;0;2;1;0;3
536538192;155 779 818;A01;1;7;0;1;1;1;1
536538193;155 779 817;A01;3;7;0;1;2;1;1
536538194;155 779 815;B01;1;1;0;2;0;26;5
536538194;155 779 816;A01;1;7;0;2;1;26;1
536538195;155 779 813;A01;1;7;0;2;3;16;1
536538195;155 779 814;B01;2;7;0;2;2;9;1
536538196;155 779 812;A01;3;7;0;1;2;1;1
536538197;155 779 808;A01;3;7;2;0;2;1;1
536538198;155 779 809;A01;2;7;0;2;3;1;1
536538198;155 779 810;B01;2;7;0;2;3;1;1
536538198;155 779 811;C01;1;7;0;2;3;13;1
536538199;155 779 806;A01;1;7;3;0;1;14;1
536538200;155 779 805;B01;1;7;0;9;2;1;2
536538200;155 779 807;A01;3;50;0;2;3;19;3
536538201;155 779 804;A01;2;7;3;0;1;16;1
536538202;155 779 802;B01;3;80;0;2;2;1;3
536538202;155 779 803;A01;3;7;0;2;1;1;1
536538203;155 779 800;A01;2;32;0;0;1;19;1
536538203;155 779 801;B01;2;7;0;0;0;2;1
536538204;155 779 799;A01;3;7;12;0;1;15;1
536538205;155 779 798;A01;2;17;0;1;3;1;1
536538206;155 779 797;A01;1;7;0;1;3;1;1
536538207;155 779 794;A01;2;7;0;2;1;2;1
536538207;155 779 795;B01;2;7;0;2;4;2;2
536538208;155 779 796;A01;1;7;13;0;1;1;1
536538209;155 779 792;B01;2;80;0;2;1;1;3
536538209;155 779 793;A01;1;7;0;2;7;15;1
536538210;155 779 791;A01;1;2;1;1;1;2;1
536538211;155 779 787;A01;1;7;0;1;1;15;1
536538212;155 779 786;A01;3;31;0;2;1;1;1
536538212;155 779 788;B01;3;7;0;2;6;1;1
536538213;155 779 785;A01;2;7;0;2;1;13;1
536538213;155 779 789;B01;1;7;0;2;8;1;1
536538213;155 779 790;C01;1;7;0;2;3;1;1
536538214;155 779 782;A01;2;31;0;2;1;2;1
536538214;155 779 784;B01;2;7;0;2;6;23;1
536538215;155 779 783;A01;1;0;0;1;2;0;0
536538216;155 779 778;A01;1;10;0;1;8;15;3
536538217;155 779 780;B01;3;31;0;2;3;1;1
536538217;155 779 781;A01;3;7;0;2;3;15;1
536538218;155 779 779;A01;1;33;0;0;0;1;1
536538219;155 779 776;A01;1;50;0;1;8;1;3
536538220;155 779 775;B01;2;2;0;2;8;0;1
536538220;155 779 777;A01;2;7;0;2;0;0;0
536538221;155 779 774;A01;2;1;0;1;1;3;5
536538222;155 779 771;A01;3;7;0;2;1;1;2
536538222;155 779 773;B01;3;7;0;2;8;1;1
536538223;155 779 770;B01;2;33;0;2;8;1;1
536538223;155 779 772;A01;2;7;0;2;3;13;1
536538224;155 779 769;A01;1;43;2;0;1;13;1
536538225;155 779 768;A01;3;7;1;0;6;14;1
536538226;155 779 767;A01;2;80;0;0;1;2;3
536538227;155 779 765;A01;3;80;14;0;1;15;3
536538228;155 779 763;B01;3;7;0;9;3;1;2
536538228;155 779 766;A01;3;80;0;2;1;1;3
536538229;155 779 764;A01;1;7;6;0;1;1;1
536538230;155 779 760;A01;3;7;0;9;3;9;1
536538230;155 779 762;B01;3;50;0;2;4;0;3
536538231;155 779 758;A01;2;7;0;6;1;1;1
536538232;155 779 757;C01;0;38;0;2;1;1;1
536538232;155 779 759;B01;0;7;0;2;4;1;2
536538232;155 779 761;A01;0;7;0;0;8;15;2
536538233;155 779 755;A01;3;7;0;2;1;2;1
536538233;155 779 756;B01;3;7;0;2;4;2;1
536538234;155 779 754;A01;2;2;15;0;2;1;0
536538235;155 779 751;B01;1;7;0;2;1;1;1
536538235;155 779 753;A01;2;7;0;2;1;15;1
536538236;155 779 748;A01;1;32;0;0;8;1;1
536538237;155 779 746;A01;;7;0;0;6;0;1
536538237;155 779 749;B01;;7;0;0;1;1;1
536538238;155 779 743;A01;2;7;0;2;4;16;1
536538238;155 779 744;B01;2;10;0;2;1;1;1
536538239;155 779 739;A01;0;7;0;2;1;1;1
536538239;155 779 742;B01;0;33;0;2;8;15;1
536538240;155 779 740;B01;1;7;0;0;3;26;1
536538240;155 779 741;A01;2;2;0;0;8;1;1
536538241;155 779 738;A01;1;7;1;0;0;0;1
536538242;155 779 735;A01;3;7;0;2;0;0;1
536538242;155 779 736;B01;3;7;0;2;0;0;1
536538243;155 779 734;A01;3;7;0;2;1;13;1
536538243;155 779 737;B01;3;33;0;2;1;2;1
536538244;155 779 732;A01;3;7;6;0;3;21;1
536538245;155 779 730;A01;1;31;0;1;1;1;1
536538246;155 779 731;A01;2;7;0;2;7;13;1
536538246;155 779 733;B01;1;10;0;2;1;1;1
536538247;155 779 728;A01;2;30;0;2;2;17;1
536538247;155 779 729;B01;2;10;0;2;3;15;1
536538248;155 779 727;A01;1;10;0;1;3;26;1
536538249;155 779 724;A01;3;7;0;1;3;1;1
536538250;155 779 725;A01;2;7;0;9;2;12;1
536538250;155 779 726;B01;1;1;0;2;1;1;5
536538251;155 779 723;A01;3;30;6;0;1;19;1
536538252;155 779 722;A01;3;7;2;0;2;1;1
536538253;155 779 721;A01;0;7;0;1;3;19;1
536538254;155 779 719;B01;1;33;0;2;8;1;1
536538254;155 779 720;A01;3;7;0;2;3;16;3
536538255;155 779 717;A01;1;7;13;0;2;1;1
536538256;155 779 716;A01;1;7;0;2;1;13;1
536538256;155 779 718;B01;2;15;0;2;1;1;1
536538257;155 779 714;A01;0;7;0;2;1;1;3
536538257;155 779 715;B01;0;10;0;2;8;19;1
536538258;155 779 707;A01;1;2;0;2;1;1;1
536538258;155 779 710;B01;2;14;0;2;6;15;1
536538259;155 779 708;B01;2;7;3;2;4;1;1
536538259;155 779 711;C01;2;7;0;0;6;1;1
536538259;155 779 712;A01;2;7;0;2;1;2;2
536538260;155 779 706;B01;1;7;0;2;1;1;1
536538260;155 779 709;A01;2;2;0;2;1;5;1
536538261;155 779 703;A01;1;33;0;1;7;1;1
536538262;155 779 702;A01;3;10;0;2;3;19;1
536538262;155 779 705;B01;3;33;0;2;1;1;1
536538263;155 779 701;A01;1;33;0;2;1;1;1
536538263;155 779 704;B01;1;7;0;2;4;1;1
536538264;155 779 699;A01;1;31;0;2;1;13;1
536538264;155 779 700;B01;2;7;0;2;1;1;1
536538265;155 779 695;A01;2;10;0;2;1;26;1
536538265;155 779 698;B01;2;33;0;2;4;2;1
536538266;155 779 696;A01;2;32;0;1;8;1;1
536538267;155 779 692;A01;2;7;0;2;2;12;1
536538267;155 779 694;B01;2;33;0;2;3;3;1
536538268;155 779 690;A01;1;7;3;0;8;13;1
536538268;155 779 693;B01;1;7;1;1;3;1;1
536538269;155 779 689;A01;1;10;3;0;4;2;1
536538269;155 779 691;B01;1;10;3;2;1;2;1
536538270;155 779 688;A01;1;7;0;0;9;12;1
536538271;155 779 686;A01;2;10;0;1;2;2;1
536538272;155 779 685;A01;2;7;0;2;3;15;2
536538272;155 779 687;B01;2;32;0;2;2;17;1
536538273;155 779 683;A01;1;7;0;2;6;2;1
536538273;155 779 684;B01;1;33;0;2;2;17;1
536538274;155 779 680;A01;1;7;0;2;2;12;1
536538274;155 779 682;B01;1;30;0;2;8;7;1
536538275;155 779 677;A01;1;7;4;2;2;17;2
536538275;155 779 678;B01;1;15;0;2;6;1;1
536538276;155 779 679;A01;1;7;8;2;2;16;1
536538276;155 779 681;B01;1;34;0;2;1;1;1
536538277;155 779 675;B01;1;2;0;2;7;17;3
536538277;155 779 676;A01;1;7;0;2;3;15;2
536538278;155 779 674;A01;2;15;0;0;7;14;1
536538279;155 779 673;A01;3;7;0;0;1;0;1
536538280;155 779 672;A01;1;7;0;1;1;1;2
536538281;155 779 669;A01;3;31;0;0;0;1;1
536538282;155 779 668;A01;1;7;0;1;3;1;1
536538283;155 779 667;A01;1;7;0;1;1;21;1
536538283;155 779 670;C01;2;7;0;2;1;1;1
536538283;155 779 671;B01;2;7;0;2;2;1;1
536538284;155 779 663;B01;2;7;0;2;4;1;1
536538284;155 779 666;Z01;2;7;0;2;1;2;2
536538285;155 779 665;A01;2;7;13;0;3;1;2
536538286;155 779 660;B01;2;1;0;2;1;1;5
536538286;155 779 661;A01;2;60;0;2;8;19;5
536538287;155 779 657;A01;2;7;0;2;1;13;1
536538287;155 779 658;B01;1;7;0;2;3;1;1
536538288;155 779 656;B01;1;10;0;2;3;15;0
536538288;155 779 659;A01;1;32;0;2;1;17;1
536538289;155 779 654;A01;1;1;0;2;1;1;5
536538289;155 779 655;Z01;2;50;0;2;1;1;3
536538290;155 779 653;A01;2;7;0;1;1;1;1
536538291;155 779 652;A01;2;7;4;0;1;1;1
536538292;155 779 650;A01;2;32;0;1;8;1;3
536538293;155 779 649;B01;1;7;0;0;7;15;1
536538293;155 779 651;A01;1;38;0;2;1;2;1
536538294;155 779 647;A01;2;7;0;2;2;15;1
536538294;155 779 648;B01;1;1;0;2;1;1;5
536538295;155 779 645;A01;2;7;0;2;3;9;1
536538295;155 779 646;B01;2;43;0;2;1;5;1
536538296;155 779 643;A01;3;10;0;1;1;1;1
536538297;155 779 641;A01;2;17;0;2;8;13;1
536538297;155 779 644;B01;2;7;5;2;7;17;1
536538298;155 779 640;B01;1;7;0;2;1;26;1
536538298;155 779 642;A01;2;2;0;2;1;26;1
536538299;155 779 639;A01;1;33;0;1;1;1;1
536538300;155 779 637;A01;2;34;0;2;1;1;1
536538300;155 779 638;B01;2;7;0;2;3;9;1
536538301;155 779 636;A01;3;1;0;0;0;1;5
536538302;155 779 635;A01;1;7;13;0;1;1;1
536538303;155 779 634;A01;1;7;1;0;1;13;1
536538304;155 779 633;A01;3;80;1;0;0;14;3
536538305;155 779 632;A01;0;2;1;0;1;1;1
536538306;155 779 629;A01;3;10;0;0;8;1;1
536538307;155 779 627;B01;1;31;0;2;4;0;1
536538307;155 779 630;A01;1;7;0;2;2;14;1
536538308;155 779 625;A01;2;7;13;0;6;1;1
536538309;155 779 623;B01;1;7;0;2;3;1;1
536538309;155 779 624;C01;1;7;0;2;1;1;1
536538309;155 779 626;A01;1;7;0;2;6;19;1
536538310;155 779 622;A01;2;7;0;1;1;1;1
536538311;155 779 621;A01;1;7;6;0;2;15;1
536538312;155 779 620;A01;3;37;0;1;2;1;1
536538313;155 779 619;A01;2;7;0;1;1;16;1
536538314;155 779 618;A01;2;7;16;0;8;1;1
536538315;155 779 616;A01;2;10;0;2;2;15;1
536538315;155 779 617;B01;1;7;0;2;1;1;1
536538316;155 779 613;A01;2;7;7;0;0;17;1