Num_Acc;id_vehicule;num_veh;senc;catv;obs;obsm;choc;manv;motor
536538316;155 779 615;B01;2;7;0;0;0;21;1
536538317;155 779 612;A01;1;7;6;2;2;1;1
536538317;155 779 614;B01;2;7;0;2;3;15;1
536538318;155 779 609;A01;2;7;0;1;1;1;2
536538319;155 779 610;A01;1;7;0;2;1;1;1
536538319;155 779 611;B01;1;13;0;0;4;9;1
536538320;155 779 607;A01;2;7;8;0;1;1;3
536538321;155 779 606;A01;2;7;0;2;7;2;1
536538321;155 779 608;B01;2;33;0;2;7;1;1
536538322;155 779 604;A01;1;7;0;2;1;1;1
536538322;155 779 605;B01;2;7;3;2;8;13;1
536538323;155 779 602;A01;0;10;0;1;1;1;1
536538324;155 779 600;A01;2;7;2;0;1;1;1
536538325;155 779 599;B01;1;7;0;2;1;1;1
536538325;155 779 601;A01;2;10;17;2;1;17;3
536538326;155 779 597;B01;1;80;0;2;2;2;3
536538326;155 779 598;A01;1;7;0;2;1;2;1
536538327;155 779 596;A01;2;16;0;0;9;1;1
536538328;155 779 595;A01;2;7;0;1;3;5;0
536538329;155 779 592;B01;1;7;0;2;3;1;1
536538329;155 779 594;A01;1;7;0;2;1;26;1
536538330;155 779 591;A01;1;7;0;2;2;14;1
536538330;155 779 593;B01;1;7;0;2;6;1;1
536538331;155 779 590;A01;1;7;0;1;1;15;1
536538332;155 779 588;A01;1;7;1;0;2;26;1
536538333;155 779 585;A01;1;7;0;2;1;15;1
536538333;155 779 587;B01;2;7;0;2;8;1;1
536538334;155 779 586;B01;2;7;0;2;4;2;2
536538334;155 779 589;A01;2;7;0;2;1;2;1
536538335;155 779 583;B01;0;1;0;2;7;2;5
536538335;155 779 584;A01;0;99;0;2;8;18;0
536538336;155 779 582;A01;3;33;0;6;3;1;1
536538337;155 779 579;A01;1;33;0;2;3;1;1
536538337;155 779 581;B01;1;7;0;2;2;15;1
536538338;155 779 577;A01;1;7;0;1;1;1;2
536538339;155 779 578;A01;0;7;0;2;1;2;1
536538339;155 779 580;B01;0;7;0;2;4;2;2
536538340;155 779 574;B01;2;2;0;2;3;1;1
536538340;155 779 575;A01;1;0;0;2;0;17;0
536538341;155 779 572;B01;1;7;0;2;8;0;1
536538341;155 779 576;A01;1;10;0;2;3;1;1
536538342;155 779 571;B01;2;7;0;2;4;2;1
536538342;155 779 573;A01;2;33;0;2;1;2;1
536538343;155 779 570;A01;0;7;0;0;5;1;1
536538344;155 779 569;A01;1;10;0;1;2;1;1
536538345;155 779 565;A01;1;7;0;2;1;12;1
536538345;155 779 567;B01;1;13;0;2;6;1;1
536538346;155 779 566;A01;2;7;0;2;3;1;1
536538346;155 779 568;B01;1;1;0;2;0;1;5
536538347;155 779 563;A01;2;7;13;0;0;0;1
536538348;155 779 562;A01;1;7;0;2;3;15;2
536538348;155 779 564;B01;1;1;0;2;1;1;5
536538349;155 779 561;A01;2;7;12;1;1;0;1
536538350;155 779 559;A01;1;10;0;1;1;15;1
536538351;155 779 558;A01;2;7;0;2;4;2;1
536538351;155 779 560;B01;2;7;0;2;1;2;0
536538352;155 779 556;A01;2;7;0;2;4;1;1
536538352;155 779 557;B01;2;7;0;2;1;1;1
536538353;155 779 555;A01;1;1;0;1;2;1;5
536538354;155 779 553;A01;1;7;0;2;1;2;2
536538354;155 779 554;B01;1;7;0;2;1;2;2
536538355;155 779 552;A01;2;7;13;0;2;14;1
536538356;155 779 550;A01;1;33;0;0;0;0;1
536538356;155 779 551;B01;1;7;0;0;0;0;1
536538357;155 779 547;A01;2;7;0;2;4;23;1
536538357;155 779 548;B01;2;7;14;0;1;1;1
536538358;155 779 545;A01;1;10;0;1;2;9;1
536538359;155 779 546;B01;2;17;0;2;4;2;6
536538359;155 779 549;A01;2;10;0;2;1;1;1
536538360;155 779 541;A01;1;50;0;2;1;1;3
536538360;155 779 543;B01;1;10;0;2;4;23;1
536538361;155 779 540;A01;1;7;0;2;2;12;2
536538361;155 779 542;B01;1;31;0;2;8;0;1
536538362;155 779 539;A01;2;7;0;2;4;1;1
536538362;155 779 544;B01;2;7;0;2;1;17;1
536538363;155 779 532;B01;2;32;0;2;1;1;1
536538363;155 779 535;A01;2;7;3;0;1;1;1
536538364;155 779 534;B01;1;10;0;2;4;0;1
536538364;155 779 537;A01;1;33;0;2;1;0;1
536538365;155 779 531;B01;2;7;0;2;4;2;1
536538365;155 779 533;C01;2;7;0;2;4;2;2
536538365;155 779 536;D01;2;7;0;2;4;2;1
536538365;155 779 538;A01;2;10;0;2;1;2;1
536538366;155 779 527;A01;2;7;5;0;1;18;1
536538366;155 779 529;B01;2;7;0;2;1;1;1
536538367;155 779 526;B01;2;7;0;2;4;0;2
536538367;155 779 528;A01;2;7;0;2;1;0;2
536538367;155 779 530;C01;2;7;0;2;4;0;2
536538368;155 779 524;B01;3;1;0;2;7;19;5
536538368;155 779 525;A01;3;7;0;9;1;1;2
536538369;155 779 522;Z01;1;0;0;1;0;2;0
536538370;155 779 521;A01;1;7;0;2;2;0;0
536538370;155 779 523;B01;1;33;0;2;0;0;1
536538371;155 779 520;A01;1;7;13;0;9;13;1
536538372;155 779 519;A01;2;7;0;0;1;1;1
536538373;155 779 517;A01;0;7;11;0;3;1;1
536538374;155 779 514;B01;1;7;0;2;4;1;1
536538374;155 779 516;A01;1;7;0;2;1;1;1
536538374;155 779 518;C01;1;33;0;2;1;1;1
536538375;155 779 512;B01;3;7;3;2;1;1;1
536538375;155 779 515;A01;3;7;3;2;1;6;1
536538376;155 779 511;A01;3;7;0;2;3;1;1
536538376;155 779 513;B01;3;7;0;2;3;1;1
536538377;155 779 509;A01;2;7;4;0;1;1;1
536538378;155 779 508;B01;1;7;0;2;9;1;1
536538378;155 779 510;A01;1;15;0;2;0;14;1
536538379;155 779 505;B01;2;7;0;2;3;1;1
536538379;155 779 507;A01;2;33;0;2;1;17;1
536538380;155 779 504;A01;1;7;0;2;1;2;1
536538380;155 779 506;B01;1;7;0;2;4;2;1
536538381;155 779 502;A01;2;7;0;2;1;11;1
536538381;155 779 503;B01;2;33;0;2;2;3;1
536538382;155 779 500;B01;1;7;0;9;3;1;1
536538382;155 779 501;A01;2;33;0;2;3;13;1
536538383;155 779 497;A01;2;7;0;2;1;1;1
536538383;155 779 499;B01;2;7;0;2;4;1;1
536538384;155 779 496;A01;1;33;4;2;1;17;1
536538384;155 779 498;B01;1;7;0;2;6;2;3
536538385;155 779 493;B01;1;7;0;9;4;1;1
536538385;155 779 495;A01;1;10;0;2;2;2;1
536538386;155 779 490;B01;2;7;0;2;4;1;1
536538386;155 779 492;A01;2;7;0;2;1;1;1
536538387;155 779 491;B01;1;7;0;2;6;2;1
536538387;155 779 494;A01;1;7;0;2;1;2;1
536538388;155 779 487;A01;1;7;0;2;1;9;1
536538388;155 779 489;B01;1;33;0;2;7;1;1
536538389;155 779 485;A01;2;33;0;2;1;2;1
536538389;155 779 488;B01;2;10;0;2;4;1;1
536538390;155 779 483;C01;1;7;1;0;1;2;1
536538390;155 779 484;A01;1;7;0;2;6;23;1
536538390;155 779 486;B01;1;7;1;2;4;23;1
536538391;155 779 482;A01;1;33;0;0;1;1;1
536538392;155 779 480;A01;2;7;2;0;1;1;1
536538393;155 779 478;A01;1;7;0;2;3;2;1
536538393;155 779 481;B01;1;7;0;2;5;2;1
536538394;155 779 476;A01;1;7;0;2;2;14;1
536538394;155 779 477;B01;1;7;0;2;6;1;1
536538394;155 779 479;C01;1;7;0;2;0;0;1
536538395;155 779 475;A01;1;7;7;0;0;0;1
536538396;155 779 474;A01;3;50;12;0;1;1;3
536538397;155 779 472;A01;1;33;0;0;2;0;1
536538398;155 779 471;A01;1;7;0;1;8;19;0
536538399;155 779 470;A01;1;7;3;2;1;1;2
536538399;155 779 473;B01;1;7;0;2;7;21;2
536538400;155 779 468;A01;1;7;0;2;2;15;1
536538400;155 779 469;B01;2;33;0;2;1;1;1
536538401;155 779 467;A01;2;7;4;0;1;1;1
536538402;155 779 466;A01;1;7;1;1;3;14;1
536538403;155 779 462;A01;2;7;0;2;7;9;1
536538403;155 779 464;B01;2;7;0;2;1;1;1
536538404;155 779 459;A01;1;10;0;2;1;1;0
536538404;155 779 461;B01;1;7;0;2;4;1;1
536538404;155 779 465;C01;1;7;0;2;4;1;1
536538405;155 779 458;A01;3;7;13;0;4;0;1
536538406;155 779 453;A01;1;7;4;0;1;1;1
536538406;155 779 456;B01;1;7;0;2;4;1;1
536538407;155 779 452;A01;0;7;0;9;2;2;1
536538407;155 779 454;B01;0;1;0;2;1;1;5
536538408;155 779 449;A01;1;7;8;0;1;14;1
536538409;155 779 446;A01;2;7;0;2;2;15;1
536538409;155 779 447;B01;1;33;0;2;1;1;1
536538410;155 779 445;B01;1;7;0;2;3;1;1
536538410;155 779 448;A01;1;2;0;2;1;9;1
536538411;155 779 443;A01;1;7;0;2;1;1;1
536538411;155 779 444;B01;1;13;0;2;4;0;0
536538412;155 779 441;A01;2;7;0;2;1;5;1
536538412;155 779 442;B01;2;7;0;2;1;9;1
536538413;155 779 439;B01;1;21;0;2;3;14;1
536538413;155 779 440;A01;2;7;0;2;1;1;1
536538414;155 779 438;A01;2;7;0;1;2;16;1
536538415;155 779 435;A01;1;33;0;2;2;17;1
536538415;155 779 436;B01;1;7;0;0;6;1;1
536538415;155 779 437;C01;1;7;0;0;1;1;1
536538416;155 779 433;A01;1;33;13;0;1;2;1
536538417;155 779 434;A01;2;30;0;0;0;1;1
536538418;155 779 430;B01;1;7;0;2;2;1;1
536538418;155 779 432;A01;1;7;0;2;8;15;1
536538419;155 779 429;A01;1;30;0;2;1;1;1
536538419;155 779 431;B01;1;7;0;9;4;1;0
536538420;155 779 427;B01;1;33;0;2;2;17;1
536538420;155 779 428;A01;1;7;0;2;3;2;1
536538421;155 779 425;B01;2;80;0;2;3;16;3
536538421;155 779 426;A01;2;50;0;2;1;1;3
536538422;155 779 424;A01;1;7;10;0;3;1;1
536538423;155 779 423;A01;1;1;14;0;1;1;5
536538424;155 779 421;B01;1;7;0;2;1;1;1
536538424;155 779 422;A01;0;7;0;2;8;19;1
536538425;155 779 420;A01;1;32;0;1;7;1;1
536538426;155 779 419;A01;;2;6;0;1;0;1
536538427;155 779 416;B01;1;7;0;2;7;1;1
536538427;155 779 418;A01;1;7;0;2;1;15;1
536538428;155 779 411;A01;1;7;0;2;4;1;1
536538428;155 779 413;B01;1;7;0;2;1;1;1
536538429;155 779 408;A01;1;33;0;0;8;1;1
536538430;155 779 406;A01;2;7;7;0;1;1;1
536538431;155 779 407;A01;1;7;0;2;3;15;3
536538431;155 779 409;B01;2;7;0;2;1;1;1
536538432;155 779 405;A01;3;33;0;0;9;1;1
536538433;155 779 404;A01;2;1;0;0;7;1;5
536538434;155 779 403;A01;3;7;6;0;3;13;1
536538435;155 779 402;A01;2;10;0;1;1;1;1
536538436;155 779 401;A01;1;33;13;0;0;1;1
536538437;155 779 399;A01;1;1;0;2;1;19;5
536538437;155 779 400;B01;2;7;0;2;2;23;1
536538438;155 779 397;A01;2;7;0;1;3;1;1
536538439;155 779 396;B01;3;10;0;2;3;15;1
536538439;155 779 398;A01;3;33;6;2;2;17;1
536538440;155 779 393;B01;2;33;0;2;2;1;1
536538440;155 779 394;A01;1;7;0;2;5;16;1
536538441;155 779 392;B01;1;10;0;2;4;15;1
536538441;155 779 395;A01;1;7;0;2;1;2;1
536538442;155 779 390;A01;0;7;0;1;1;1;1
536538443;155 779 389;A01;2;7;0;2;1;0;1
536538443;155 779 391;B01;1;7;0;2;1;0;1
536538444;155 779 386;A01;3;7;0;2;1;0;1
536538444;155 779 388;B01;0;7;0;2;8;0;1
536538445;155 779 385;A01;2;50;0;2;1;26;3
536538445;155 779 387;B01;1;7;6;9;3;15;1
536538446;155 779 380;A01;1;7;0;2;1;16;1
536538446;155 779 382;B01;1;7;0;2;6;16;1
536538447;155 779 379;A01;1;33;0;2;1;1;1
536538447;155 779 381;B01;1;7;0;2;3;9;0
536538448;155 779 376;A01;2;7;0;2;1;15;1
536538448;155 779 377;B01;1;7;0;2;7;1;1
536538449;155 779 374;A01;1;7;2;2;1;13;1
536538449;155 779 375;B01;2;32;0;2;1;1;1
536538450;155 779 373;A01;1;7;0;1;1;1;1
536538451;155 779 369;A01;1;32;6;0;1;0;1
536538452;155 779 368;B01;0;7;0;2;2;1;1
536538452;155 779 370;A01;0;7;0;2;6;15;1
536538453;155 779 367;A01;3;7;13;0;1;1;1
536538454;155 779 366;A01;0;7;0;1;1;15;1
536538455;155 779 364;A01;1;7;0;2;3;15;1
536538455;155 779 365;B01;1;7;0;2;2;17;1
536538456;155 779 361;A01;2;43;4;0;7;12;1
536538457;155 779 362;B01;3;7;0;2;2;16;1
536538457;155 779 363;A01;2;1;0;2;1;19;5
536538458;155 779 360;A01;1;33;6;0;7;17;1
536538459;155 779 358;A01;1;7;5;0;2;1;1
536538460;155 779 359;A01;1;7;0;1;1;1;3
536538461;155 779 356;A01;1;7;0;2;0;11;1
536538461;155 779 357;B01;1;7;4;2;8;1;1
536538462;155 779 352;A01;2;50;0;2;1;25;3
536538462;155 779 355;B01;2;7;0;2;7;1;1
536538463;155 779 351;A01;2;7;0;0;1;26;1
536538464;155 779 349;A01;1;33;0;0;0;1;1
536538465;155 779 348;B01;3;7;0;2;1;1;1
536538465;155 779 350;A01;3;34;0;2;3;1;1
536538466;155 779 346;A01;2;7;3;2;1;2;1
536538466;155 779 347;B01;2;7;0;0;4;2;1
536538467;155 779 344;A01;1;7;0;2;4;16;1
536538467;155 779 345;B01;1;50;0;2;1;1;3
536538468;155 779 343;A01;1;33;0;0;1;0;1
536538469;155 779 342;A01;2;33;3;0;2;1;1
536538470;155 779 340;A01;1;30;0;2;1;1;1
536538470;155 779 341;B01;2;10;0;2;6;1;1
536538471;155 779 339;A01;3;7;0;1;1;1;1
536538472;155 779 335;A01;1;7;0;2;3;13;1
536538472;155 779 337;B01;2;7;0;2;3;1;1
536538473;155 779 336;A01;1;7;0;2;2;15;1
536538473;155 779 338;B01;2;33;0;2;1;0;1
536538474;155 779 334;A01;2;33;2;0;1;1;0
536538475;155 779 332;A01;2;33;0;2;1;17;1
536538475;155 779 333;B01;2;7;0;2;6;15;1
536538476;155 779 331;A01;2;7;17;0;1;17;1
536538477;155 779 329;A01;1;7;0;2;3;13;1
536538477;155 779 330;B01;2;10;0;2;3;1;1
536538478;155 779 327;A01;0;7;0;1;1;1;1
536538479;155 779 325;A01;3;7;0;0;9;1;1
536538480;155 779 324;B01;1;7;0;2;4;0;1
536538480;155 779 326;C01;1;7;0;2;4;1;1
536538480;155 779 328;A01;1;7;0;2;1;0;1
536538481;155 779 323;A01;1;7;0;1;5;1;1
536538482;155 779 320;B01;2;17;0;0;5;2;1
536538482;155 779 322;A01;2;7;0;2;1;2;1
536538483;155 779 318;A01;1;33;0;2;1;1;1
536538483;155 779 321;B01;2;33;0;0;1;1;1
536538484;155 779 315;A01;1;7;0;2;1;2;1
536538484;155 779 316;B01;2;7;0;2;1;2;2
536538485;155 779 311;B01;1;7;0;2;4;23;1
536538485;155 779 313;A01;1;7;0;2;1;2;2
536538486;155 779 310;C01;0;7;0;2;3;1;1
536538486;155 779 312;A01;3;7;0;2;1;21;1
536538486;155 779 314;B01;0;7;0;0;0;5;1
536538487;155 779 308;B01;1;7;3;2;1;2;2
536538487;155 779 309;A01;1;7;0;6;4;2;1
536538488;155 779 305;B01;3;50;0;2;7;1;3
536538488;155 779 307;A01;3;7;0;2;1;1;1
536538489;155 779 304;A01;1;7;0;1;2;2;1
536538490;155 779 303;A01;2;7;0;2;1;2;1
536538490;155 779 306;B01;2;7;0;2;4;1;1
536538491;155 779 301;A01;2;7;0;2;9;14;1
536538492;155 779 300;A01;1;7;0;2;1;13;1
536538492;155 779 302;B01;2;7;0;2;1;1;1
536538493;155 779 299;A01;1;7;1;1;2;25;3
536538494;155 779 296;A01;2;80;0;0;0;0;3
536538495;155 779 295;A01;1;7;4;2;1;2;1
536538495;155 779 298;B01;1;7;4;0;4;2;1
536538496;155 779 293;A01;1;7;16;0;0;13;1
536538497;155 779 294;A01;1;7;16;2;1;26;1
536538497;155 779 297;B01;2;7;0;0;0;0;3
536538498;155 779 291;A01;3;7;0;2;1;1;1
536538498;155 779 292;B01;3;7;0;2;1;1;1
536538499;155 779 290;A01;3;50;0;1;1;1;3
536538500;155 779 287;B01;2;7;0;2;2;1;1
536538500;155 779 289;A01;1;2;0;2;1;5;1
536538501;155 779 286;A01;1;7;0;2;2;13;1
536538501;155 779 288;B01;2;7;0;2;2;1;1
536538502;155 779 284;B01;2;7;0;2;4;1;3
536538502;155 779 285;A01;2;7;0;2;1;1;1
536538503;155 779 281;A01;3;7;0;2;3;13;1
536538503;155 779 282;B01;1;10;0;2;2;1;1
536538504;155 779 279;A01;2;50;8;0;1;1;3
536538505;155 779 278;A01;2;7;0;0;9;17;1
536538506;155 779 276;A01;2;7;0;2;4;1;2
536538506;155 779 277;B01;2;7;0;2;1;1;1
536538507;155 779 273;A01;2;10;0;2;2;1;1
536538507;155 779 274;B01;2;1;0;2;4;1;5
536538508;155 779 272;A01;0;50;0;0;0;0;3
536538509;155 779 271;A01;0;7;8;0;1;1;1
536538509;155 779 275;B01;0;7;8;0;1;1;1
536538510;155 779 270;A01;1;7;13;0;1;13;1
536538511;155 779 268;A01;3;7;0;2;2;1;6
536538511;155 779 269;B01;3;2;0;2;1;13;1
536538512;155 779 267;A01;0;7;2;0;9;1;1
536538513;155 779 264;A01;1;10;4;0;1;1;1
536538514;155 779 262;A01;2;7;0;1;1;1;1
536538515;155 779 259;A01;1;7;6;0;1;14;1
536538516;155 779 260;A01;1;10;0;2;4;1;1
536538516;155 779 263;B01;1;7;0;2;1;1;2
536538516;155 779 265;C01;1;7;0;2;2;0;6
536538516;155 779 266;D01;1;7;0;2;1;1;1
536538517;155 779 258;A01;2;7;0;0;3;15;1
536538517;155 779 261;B01;2;2;0;0;1;17;1
536538518;155 779 254;B01;1;7;0;2;1;1;1
536538518;155 779 257;A01;2;10;0;2;1;13;1
536538519;155 779 253;B01;1;7;0;2;3;0;1
536538519;155 779 255;A01;1;33;1;0;1;0;1
536538520;155 779 252;A01;2;7;0;2;4;1;1
536538520;155 779 256;B01;2;7;0;2;1;1;1
536538521;155 779 248;B01;2;7;0;2;3;13;1
536538521;155 779 251;A01;1;10;0;2;3;1;1
536538522;155 779 247;A01;1;7;0;2;1;2;1
536538522;155 779 249;B01;1;10;0;2;4;23;1
536538523;155 779 246;A01;1;7;13;0;1;1;1
536538524;155 779 245;A01;2;7;8;2;1;2;1
536538524;155 779 250;B01;2;1;0;2;4;1;5
536538525;155 779 243;A01;2;33;0;2;1;5;1
536538525;155 779 244;B01;1;7;0;2;3;2;1
536538526;155 779 242;A01;1;7;0;1;6;10;1
536538527;155 779 239;B01;1;50;0;2;1;1;3
536538527;155 779 241;A01;2;7;0;2;8;15;1
536538528;155 779 237;A01;2;10;13;0;1;0;1
536538529;155 779 234;A01;2;7;0;2;0;1;1
536538529;155 779 236;B01;2;7;0;2;0;1;1
536538529;155 779 238;C01;2;7;0;2;0;1;1
536538529;155 779 240;D01;2;7;0;2;0;0;1
536538530;155 779 233;B01;2;7;0;2;1;16;1
536538530;155 779 235;A01;1;50;0;2;1;5;3
536538531;155 779 231;B01;1;33;0;2;7;3;1
536538531;155 779 232;A01;1;7;0;2;3;11;1
536538532;155 779 225;D01;2;7;0;2;2;23;1
536538532;155 779 227;B01;2;33;0;2;4;23;1
536538532;155 779 229;C01;2;7;0;2;4;23;1
536538532;155 779 230;A01;2;2;0;2;1;1;1
536538533;155 779 224;A01;2;7;0;2;8;11;1
536538533;155 779 226;B01;2;33;0;2;8;3;1
536538533;155 779 228;C01;2;7;0;2;4;1;2
536538534;155 779 222;B01;0;7;0;2;8;1;1
536538534;155 779 223;A01;3;31;0;2;1;19;1
536538535;155 779 221;A01;3;40;0;1;3;1;3
536538536;155 779 219;A01;2;33;0;2;3;18;1
536538536;155 779 220;B01;1;10;0;2;1;15;1
536538537;155 779 217;A01;0;7;0;2;1;1;1
536538537;155 779 218;B01;0;7;6;2;4;23;1
536538538;155 779 215;A01;2;50;0;2;1;1;3
536538538;155 779 216;B01;2;7;0;2;3;9;2
536538539;155 779 213;A01;0;7;0;2;1;1;1
536538539;155 779 214;B01;0;7;0;2;8;1;1
536538540;155 779 212;A01;0;7;1;0;1;1;1
536538541;155 779 208;B01;1;7;0;2;1;2;1
536538541;155 779 209;C01;1;10;0;2;1;2;1
536538541;155 779 210;D01;1;7;0;2;2;2;1
536538541;155 779 211;A01;2;7;0;2;1;5;1
536538542;155 779 206;A01;2;2;0;2;1;2;1
536538542;155 779 207;B01;2;7;8;2;4;2;1
536538543;155 779 205;A01;1;7;0;1;1;26;1
536538544;155 779 202;A01;1;7;12;2;1;11;1
536538544;155 779 203;B01;1;7;0;2;6;2;1
536538544;155 779 204;C01;1;7;0;2;3;1;1
536538545;155 779 200;A01;3;7;0;2;1;1;1
536538545;155 779 201;B01;3;7;0;2;5;15;1
536538546;155 779 198;C01;2;7;1;0;4;24;1
536538546;155 779 199;A01;2;7;1;0;2;16;1
536538547;155 779 195;C01;2;7;0;2;4;2;1
536538547;155 779 196;A01;2;7;0;2;1;2;1
536538547;155 779 197;B01;2;7;0;2;4;2;1
536538548;155 779 193;A01;1;43;0;2;6;1;1
536538548;155 779 194;Z01;1;10;0;2;1;1;1
536538549;155 779 191;B01;2;32;0;2;2;1;1
536538549;155 779 192;A01;2;7;0;2;8;13;1
536538550;155 779 189;A01;2;32;0;2;1;5;1
536538550;155 779 190;B01;2;7;0;2;3;15;2
536538551;155 779 188;A01;1;10;1;1;1;24;1
536538552;155 779 186;B01;1;33;0;2;4;1;1
536538552;155 779 187;A01;1;32;0;2;1;1;1
536538553;155 779 185;Z01;0;1;0;1;2;25;5
536538554;155 779 183;B01;1;7;0;2;1;1;1
536538554;155 779 184;A01;2;43;0;2;7;15;1
536538555;155 779 182;A01;1;7;0;1;2;1;2
536538556;155 779 180;A01;1;1;0;2;1;1;5
536538556;155 779 181;B01;2;1;0;2;1;1;5
536538557;155 779 178;A01;1;7;0;2;2;15;2
536538557;155 779 179;B01;1;30;0;2;3;1;3
536538558;155 779 177;Z01;1;7;0;1;1;15;3
536538559;155 779 176;A01;1;50;12;0;1;21;3
536538560;155 779 175;A01;1;7;0;1;2;1;1
536538561;155 779 174;A01;2;1;0;1;1;1;5
536538562;155 779 173;A01;1;32;0;0;1;21;1
536538563;155 779 171;A01;1;32;0;2;1;5;1
536538563;155 779 172;B01;2;7;0;2;1;1;1
536538564;155 779 169;A01;3;30;0;2;8;18;1
536538564;155 779 170;B01;3;7;0;2;5;2;1
536538565;155 779 167;A01;2;7;0;2;1;1;1
536538565;155 779 168;B01;2;33;0;2;4;23;1
536538566;155 779 166;A01;3;7;13;0;1;26;1
536538567;155 779 164;A01;0;34;0;2;4;12;1
536538567;155 779 165;B01;0;3;0;0;0;0;0
536538568;155 779 163;A01;1;7;0;1;1;12;0
536538569;155 779 161;A01;3;30;0;2;2;0;0
536538569;155 779 162;B01;3;50;0;2;3;0;3
536538570;155 779 159;B01;1;10;0;2;5;11;1
536538570;155 779 160;A01;1;37;0;2;3;1;4
536538571;155 779 158;A01;0;10;0;1;1;15;1
536538572;155 779 156;B01;3;7;0;2;3;1;1
536538572;155 779 157;A01;1;7;0;2;1;26;1
536538573;155 779 155;A01;1;7;2;1;2;9;1
536538574;155 779 154;A01;1;7;0;1;1;1;1
536538575;155 779 152;A01;2;7;0;9;3;15;1
536538575;155 779 153;B01;2;60;0;2;2;1;5
536538576;155 779 150;A01;0;32;0;2;2;15;1
536538576;155 779 151;B01;1;0;0;2;0;0;0
536538577;155 779 149;A01;0;7;0;1;3;15;1
536538578;155 779 147;A01;1;32;0;0;8;24;1
536538578;155 779 148;B01;1;99;1;0;1;1;0
536538579;155 779 146;A01;3;32;0;1;7;1;1
536538580;155 779 145;A01;3;43;1;0;2;14;1
536538581;155 779 143;B01;0;99;0;2;8;15;1
536538581;155 779 144;A01;0;32;0;2;2;17;1
536538582;155 779 141;A01;2;7;0;2;1;2;1
536538582;155 779 142;B01;2;7;0;2;4;2;1
536538583;155 779 140;A01;0;80;1;2;1;22;3
536538584;155 779 138;B01;2;32;0;2;3;1;1
536538584;155 779 139;A01;2;7;0;2;2;9;2
536538585;155 779 136;A01;2;7;0;2;1;1;1
536538585;155 779 137;B01;2;7;14;0;4;23;1
536538586;155 779 134;A01;1;7;0;2;1;2;1
536538586;155 779 135;B01;1;7;0;2;4;2;1
536538587;155 779 132;Y01;3;1;0;2;0;0;5
536538587;155 779 133;A01;3;7;0;1;1;9;1
536538588;155 779 130;A01;1;7;0;2;3;15;1
536538588;155 779 131;B01;1;33;0;2;1;3;1
536538589;155 779 128;A01;1;7;0;2;3;1;1
536538589;155 779 129;B01;1;31;0;2;2;1;1
536538590;155 779 126;A01;1;3;0;9;1;1;1
536538590;155 779 127;B01;1;1;0;2;8;1;5
536538591;155 779 125;A01;3;7;2;0;3;0;1
536538592;155 779 123;A01;0;10;0;2;8;9;1
536538592;155 779 124;B01;0;15;0;2;1;1;1
536538593;155 779 122;A01;0;7;0;1;3;15;1
536538594;155 779 121;A01;1;7;0;1;7;15;6
536538595;155 779 120;A01;0;50;0;1;0;0;3
536538596;155 779 118;B01;2;7;0;2;1;13;1
536538596;155 779 119;A01;1;7;0;2;1;1;1
536538597;155 779 117;A01;1;7;6;9;3;1;1
536538598;155 779 115;A01;3;10;0;2;1;16;1
536538598;155 779 116;B01;3;7;0;2;8;1;1
536538599;155 779 113;B01;1;7;0;2;7;17;1
536538599;155 779 114;A01;1;21;0;2;3;15;1
536538600;155 779 112;A01;2;7;7;0;1;1;1
536538601;155 779 110;A01;1;7;0;0;3;15;1
536538601;155 779 111;B01;1;33;0;2;1;17;1
536538602;155 779 108;A01;2;7;0;2;3;1;1
536538602;155 779 109;B01;1;10;0;2;2;0;1
536538603;155 779 104;A01;1;7;0;2;1;13;1
536538603;155 779 105;B01;2;10;0;2;1;1;1
536538604;155 779 102;B01;2;33;0;0;9;21;1
536538604;155 779 103;A01;1;7;0;0;2;19;1
536538605;155 779 101;A01;1;14;0;1;2;1;1
536538606;155 779 100;A01;1;7;16;0;2;1;1
536538607;155 779 098;A01;1;2;0;2;1;1;1
536538607;155 779 099;B01;2;21;0;2;1;15;1
536538608;155 779 097;A01;1;7;13;0;3;13;1
536538609;155 779 094;A01;1;2;0;9;8;0;1
536538609;155 779 095;B01;2;10;0;0;0;0;1
536538610;155 779 092;B01;2;7;0;2;3;15;1
536538610;155 779 093;A01;1;33;0;2;1;17;1
536538611;155 779 091;A01;1;7;2;0;2;14;1
536538612;155 779 089;A01;1;33;0;2;1;17;1
536538612;155 779 090;B01;1;7;0;2;3;15;1
536538613;155 779 086;A01;2;7;0;2;1;1;1
536538613;155 779 087;B01;2;7;0;2;4;15;1
536538613;155 779 088;C01;1;10;13;0;1;1;1
536538614;155 779 084;B01;1;2;0;2;2;1;1
536538614;155 779 085;A01;1;7;0;2;3;9;1
536538615;155 779 083;A01;2;10;0;5;1;0;1
536538616;155 779 082;A01;3;15;0;1;5;9;1
536538617;155 779 081;A01;1;31;12;0;1;1;1
536538618;155 779 080;A01;1;7;13;0;1;1;1
536538619;155 779 078;A01;3;33;0;2;1;1;1
536538619;155 779 079;B01;3;7;0;2;4;1;1
536538620;155 779 076;B01;0;33;0;2;1;1;1
536538620;155 779 077;A01;3;7;0;2;2;15;1
536538621;155 779 074;A01;1;10;0;2;2;15;1
536538621;155 779 075;B01;2;33;0;2;1;1;1
536538622;155 779 072;A01;2;33;0;2;1;2;1
536538622;155 779 073;B01;2;7;0;2;6;2;1