Num_Acc;id_vehicule;num_veh;senc;catv;obs;obsm;choc;manv;motor
536538929;155 778 527;A01;1;1;0;0;0;1;5
536538930;155 778 524;C01;2;1;1;2;1;2;5
536538930;155 778 525;A01;2;7;1;9;1;20;1
536538930;155 778 526;D01;2;7;0;9;0;1;2
536538931;155 778 522;A01;1;7;0;2;2;15;1
536538931;155 778 523;B01;2;32;0;2;1;1;1
536538932;155 778 520;B01;1;7;0;2;2;23;3
536538932;155 778 521;A01;1;2;0;2;1;18;3
536538933;155 778 517;B01;2;10;0;2;1;1;1
536538933;155 778 519;A01;1;10;0;2;1;13;1
536538934;155 778 516;A01;3;1;14;0;0;1;5
536538935;155 778 514;A01;2;1;0;2;1;2;5
536538935;155 778 515;B01;3;1;0;2;8;19;5
536538936;155 778 513;A01;2;33;0;1;1;7;1
536538937;155 778 511;A01;1;7;0;2;3;0;1
536538937;155 778 512;B01;2;7;0;2;5;1;1
536538938;155 778 510;A01;2;7;0;0;1;1;1
536538939;155 778 508;A01;2;7;0;2;3;9;1
536538939;155 778 509;B01;3;30;0;2;1;0;1
536538940;155 778 506;A01;2;7;5;2;1;1;1
536538940;155 778 507;B01;1;7;0;2;1;1;1
536538941;155 778 504;B01;2;7;0;2;2;17;1
536538941;155 778 505;A01;2;10;0;2;3;11;1
536538942;155 778 502;B01;2;31;0;2;8;1;1
536538942;155 778 503;A01;2;7;0;2;2;10;1
536538943;155 778 501;A01;1;7;0;0;9;14;1
536538944;155 778 500;A01;3;10;0;1;1;1;1
536538945;155 778 498;B01;2;7;0;2;1;1;2
536538945;155 778 499;A01;2;30;0;2;7;19;1
536538946;155 778 496;B01;1;2;0;2;5;17;1
536538946;155 778 497;A01;1;7;0;0;0;0;2
536538947;155 778 495;Z01;0;0;0;1;0;0;0
536538948;155 778 493;A01;2;50;0;2;1;1;3
536538948;155 778 494;B01;1;10;0;2;8;1;1
536538949;155 778 492;A01;3;32;0;1;1;1;1
536538950;155 778 491;A01;3;7;0;1;2;1;1
536538951;155 778 490;A01;0;31;0;0;0;1;1
536538952;155 778 488;B01;2;33;0;2;1;2;1
536538952;155 778 489;A01;2;7;0;2;6;2;1
536538953;155 778 487;A01;3;7;6;0;1;26;1
536538954;155 778 485;B01;1;1;0;2;1;1;5
536538954;155 778 486;A01;1;7;0;9;3;9;1
536538955;155 778 482;A01;2;33;0;2;1;1;1
536538955;155 778 483;B01;2;7;0;2;6;23;1
536538955;155 778 484;C01;1;7;0;2;3;1;1
536538956;155 778 480;A01;2;32;6;0;1;1;1
536538957;155 778 477;B01;3;99;0;2;1;0;6
536538957;155 778 478;A01;3;7;0;9;1;0;1
536538958;155 778 476;A01;1;7;0;0;0;1;1
536538958;155 778 481;B01;2;1;0;0;0;0;5
536538959;155 778 479;A01;2;1;0;0;0;0;5
536538960;155 778 474;A01;3;7;0;4;5;15;1
536538960;155 778 475;B01;3;40;0;2;1;1;3
536538961;155 778 471;A01;1;7;0;2;3;13;1
536538961;155 778 473;B01;2;7;0;2;3;1;1
536538962;155 778 470;A01;2;7;0;0;1;16;1
536538963;155 778 469;A01;2;7;0;2;7;16;1
536538963;155 778 472;B01;3;1;0;2;1;2;5
536538964;155 778 467;A01;0;36;0;5;1;1;1
536538965;155 778 466;B01;1;33;0;2;1;3;1
536538965;155 778 468;A01;1;7;0;2;2;12;1
536538966;155 778 464;BZ01;1;7;0;1;1;1;1
536538967;155 778 463;A01;2;17;0;2;1;1;1
536538967;155 778 465;B01;1;7;0;2;1;1;1
536538969;155 778 459;A01;3;33;0;1;0;0;0
536538970;155 778 458;B01;1;7;0;2;4;2;1
536538970;155 778 461;C01;1;7;0;2;4;2;2
536538970;155 778 462;A01;1;7;0;2;1;2;1
536538971;155 778 456;B01;0;7;0;2;1;1;1
536538971;155 778 457;A01;;50;0;2;3;15;3
536538972;155 778 454;A01;3;30;0;2;1;17;1
536538972;155 778 455;B01;3;7;0;2;6;15;1
536538973;155 778 452;A01;3;33;0;0;0;1;1
536538974;155 778 451;A01;3;7;0;1;1;1;1
536538975;155 778 449;B01;3;40;0;2;1;1;3
536538975;155 778 450;A01;1;37;0;4;5;19;2
536538976;155 778 446;B01;1;1;0;2;1;1;5
536538976;155 778 448;A01;2;7;0;9;3;15;1
536538977;155 778 447;A01;0;7;0;1;3;15;1
536538978;155 778 445;A01;1;7;0;1;2;1;2
536538979;155 778 444;A01;3;7;0;1;1;1;1
536538980;155 778 442;A01;3;7;0;2;2;1;1
536538980;155 778 443;B01;3;60;0;2;1;2;5
536538981;155 778 439;A01;1;7;0;2;8;22;1
536538981;155 778 441;B01;1;80;1;0;1;0;3
536538982;155 778 438;A01;2;33;0;2;3;1;1
536538982;155 778 440;B01;1;21;0;2;3;15;1
536538983;155 778 437;A01;2;10;0;1;1;18;0
536538984;155 778 436;A01;2;7;2;0;1;1;1
536538985;155 778 435;Z01;1;50;0;1;4;25;3
536538986;155 778 434;A01;0;17;0;1;2;4;0
536538987;155 778 433;A01;2;37;0;1;1;2;1
536538988;155 778 430;B01;1;33;0;2;1;17;1
536538988;155 778 432;A01;1;7;0;2;3;10;1
536538989;155 778 428;A01;2;7;0;2;3;23;1
536538989;155 778 431;B01;1;7;0;2;1;1;1
536538990;155 778 427;B01;0;50;0;2;1;5;3
536538990;155 778 429;A01;0;7;0;2;3;9;1
536538991;155 778 423;A01;3;7;0;0;3;15;1
536538991;155 778 425;B01;3;33;0;0;1;0;1
536538992;155 778 424;B01;2;33;0;2;1;2;1
536538992;155 778 426;A01;2;7;0;2;3;10;1
536538993;155 778 422;A01;2;7;0;1;3;1;1
536538994;155 778 420;A01;2;14;0;1;2;1;1
536538995;155 778 419;A01;1;1;0;2;1;1;5
536538995;155 778 421;B01;1;10;0;2;8;15;1
536538996;155 778 416;B01;2;1;0;2;0;0;5
536538996;155 778 417;A01;2;7;0;2;0;0;1
536538997;155 778 414;A01;2;43;0;9;2;1;1
536538997;155 778 418;B01;2;1;0;2;3;11;5
536538998;155 778 413;A01;3;33;0;2;3;18;1
536538998;155 778 415;B01;3;1;0;2;7;14;5
536538999;155 778 412;A01;2;10;2;0;0;1;1
536539000;155 778 407;B01;1;50;0;2;1;1;3
536539000;155 778 411;A01;1;7;0;2;7;26;1
536539001;155 778 409;A01;2;7;0;2;3;17;1
536539001;155 778 410;B01;1;1;0;2;2;17;5
536539002;155 778 406;B01;1;30;0;2;8;1;0
536539002;155 778 408;A01;2;7;0;2;1;15;1
536539003;155 778 404;A01;1;10;0;1;2;16;1
536539004;155 778 403;A01;2;30;0;0;0;26;1
536539005;155 778 402;A01;0;7;0;2;1;9;2
536539005;155 778 405;B01;0;1;0;2;4;12;5
536539006;155 778 398;B01;2;33;0;2;8;1;1
536539006;155 778 401;A01;2;7;0;2;1;1;2
536539007;155 778 399;A01;1;50;0;1;1;25;3
536539008;155 778 397;A01;1;43;0;2;1;2;1
536539008;155 778 400;B01;1;7;0;2;4;2;1
536539009;155 778 393;A01;1;7;0;2;3;15;1
536539009;155 778 395;B01;2;30;0;2;0;1;1
536539010;155 778 392;A01;3;33;0;2;1;12;1
536539010;155 778 396;B01;3;7;0;2;3;1;1
536539011;155 778 391;A01;1;33;0;2;1;1;1
536539011;155 778 394;B01;1;7;0;2;2;9;1
536539012;155 778 389;A01;1;30;0;2;0;9;1
536539012;155 778 390;B01;1;7;0;2;0;1;1
536539013;155 778 387;B01;2;1;0;2;3;1;5
536539013;155 778 388;A01;2;1;0;2;2;14;5
536539014;155 778 386;A01;2;7;0;1;2;1;1
536539015;155 778 383;A01;1;7;0;2;5;14;2
536539015;155 778 385;B01;1;1;0;2;8;1;5
536539016;155 778 382;Z01;3;7;0;2;1;1;1
536539016;155 778 384;B01;3;7;0;2;2;15;1
536539017;155 778 381;A01;2;50;0;1;1;5;3
536539018;155 778 379;A01;1;33;0;1;1;3;1
536539019;155 778 378;B01;1;7;0;2;4;15;1
536539019;155 778 380;A01;1;7;0;2;1;1;1
536539020;155 778 375;Z01;2;7;0;0;0;18;1
536539020;155 778 377;A01;2;30;0;0;0;2;3
536539021;155 778 376;A01;1;50;0;0;1;1;3
536539022;155 778 374;A01;1;1;12;2;3;6;5
536539023;155 778 373;A01;1;7;0;1;0;14;0
536539025;155 778 370;B01;2;7;0;2;9;1;1
536539025;155 778 371;A01;1;7;0;2;2;19;1
536539026;155 778 369;A01;1;7;0;1;2;26;1
536539027;155 778 367;A01;2;42;0;1;8;15;0
536539028;155 778 365;A01;2;1;0;1;1;1;5
536539029;155 778 363;B01;3;2;0;2;1;1;1
536539029;155 778 364;A01;3;7;0;2;1;1;1
536539030;155 778 361;B01;0;7;0;2;1;1;1
536539030;155 778 362;A01;3;7;0;2;5;15;1
536539031;155 778 360;A01;2;15;4;0;1;0;1
536539032;155 778 358;A01;1;7;0;2;5;23;1
536539032;155 778 359;B01;1;1;0;2;1;2;5
536539033;155 778 354;A01;0;7;0;2;2;1;1
536539033;155 778 355;B01;0;32;0;2;1;25;1
536539034;155 778 351;A01;2;7;0;1;2;1;1
536539035;155 778 352;B01;2;60;0;2;1;1;5
536539035;155 778 353;A01;1;7;0;2;1;13;1
536539036;155 778 346;A01;1;7;13;2;8;13;1
536539036;155 778 349;B01;2;7;0;2;1;1;1
536539037;155 778 345;C01;1;7;0;2;4;1;1
536539037;155 778 347;D01;1;7;0;2;4;1;1
536539037;155 778 348;A01;1;7;0;2;1;1;1
536539037;155 778 350;B01;1;7;0;2;4;1;1
536539038;155 778 341;A01;1;7;1;0;2;14;1
536539038;155 778 343;B01;1;7;1;2;6;0;1
536539039;155 778 342;B01;1;31;0;2;7;17;1
536539039;155 778 344;A01;1;7;0;2;8;17;1
536539040;155 778 339;A01;3;33;14;0;1;0;1
536539041;155 778 338;B01;3;1;0;2;1;1;5
536539041;155 778 340;A01;1;7;14;2;2;0;1
536539042;155 778 337;A01;2;10;0;2;2;2;1
536539043;155 778 336;A01;3;10;0;1;2;2;1
536539044;155 778 332;A01;1;10;0;2;1;12;1
536539044;155 778 334;B01;1;7;0;0;4;23;1
536539044;155 778 335;C01;1;7;0;0;4;0;1
536539045;155 778 331;B01;1;7;0;2;1;1;1
536539045;155 778 333;A01;0;7;0;2;1;0;1
536539046;155 778 329;B01;3;50;0;2;1;0;3
536539046;155 778 330;Z01;3;7;0;9;1;0;0
536539047;155 778 327;A01;1;7;0;0;7;15;2
536539047;155 778 328;B01;2;33;0;2;1;1;1
536539048;155 778 326;A01;1;33;12;0;3;16;1
536539049;155 778 323;B01;2;33;0;2;1;1;0
536539049;155 778 324;A01;2;0;0;2;4;18;0
536539050;155 778 320;B01;1;7;0;2;4;2;1
536539050;155 778 321;A01;1;7;0;2;1;2;1
536539051;155 778 319;B01;1;7;0;2;3;1;1
536539051;155 778 322;A01;2;7;0;2;2;15;1
536539051;155 778 325;C01;1;7;0;0;1;23;3
536539052;155 778 317;B01;1;7;0;2;8;15;1
536539052;155 778 318;A01;2;7;0;2;3;1;1
536539053;155 778 315;A01;3;10;0;0;2;1;1
536539053;155 778 316;B01;3;10;0;2;3;1;1
536539054;155 778 313;A01;2;7;0;2;7;15;1
536539054;155 778 314;B01;1;33;0;2;1;1;1
536539055;155 778 311;A01;1;7;0;2;1;17;1
536539055;155 778 312;B01;2;7;0;2;1;1;1
536539056;155 778 310;A01;2;7;0;1;3;1;1
536539057;155 778 309;A01;3;7;0;1;3;9;1
536539058;155 778 308;A01;1;32;0;1;1;1;1
536539059;155 778 306;A01;1;36;13;0;2;14;1
536539060;155 778 304;A01;2;10;0;2;4;2;1
536539060;155 778 305;B01;2;10;0;2;4;2;3
536539060;155 778 307;C01;2;10;0;2;1;2;1
536539061;155 778 302;A01;3;10;0;2;2;5;1
536539061;155 778 303;B01;3;43;0;2;1;0;1
536539062;155 778 300;A01;2;7;5;0;0;1;1
536539063;155 778 299;A01;2;14;0;2;2;17;1
536539063;155 778 301;B01;2;1;0;2;8;1;5
536539064;155 778 298;A01;2;33;0;0;0;2;1
536539065;155 778 295;A01;1;7;15;9;2;13;1
536539066;155 778 296;A01;1;7;0;2;8;19;1
536539066;155 778 297;B01;2;43;0;2;1;1;1
536539067;155 778 294;A01;3;33;0;0;7;15;1
536539068;155 778 292;A01;3;31;0;0;0;1;1
536539069;155 778 289;A01;1;7;0;2;2;15;1
536539069;155 778 291;B01;2;33;0;2;1;1;1
536539070;155 778 288;A01;1;7;0;2;2;26;2
536539070;155 778 290;B01;1;7;0;2;1;1;1
536539071;155 778 287;A01;1;1;0;0;0;1;5
536539072;155 778 285;A01;1;1;0;2;1;1;5
536539072;155 778 286;B01;2;34;0;2;1;1;1
536539073;155 778 283;B01;1;7;0;0;3;9;1
536539073;155 778 284;A01;2;2;0;0;1;1;1
536539074;155 778 282;A01;1;15;0;1;4;4;1
536539075;155 778 280;A01;1;7;0;2;1;1;1
536539075;155 778 281;B01;1;7;0;2;4;1;1
536539076;155 778 279;A01;2;10;0;1;3;1;1
536539077;155 778 277;A01;2;7;0;2;3;13;1
536539077;155 778 278;B01;1;7;0;2;3;1;1
536539078;155 778 275;B01;2;1;0;2;7;0;5
536539078;155 778 276;A01;1;7;0;9;1;0;1
536539079;155 778 274;A01;2;2;0;1;2;17;1
536539080;155 778 272;A01;1;33;0;2;1;17;1
536539080;155 778 273;B01;1;32;0;2;8;15;1
536539081;155 778 270;A01;2;7;0;2;2;12;1
536539081;155 778 271;B01;2;33;0;2;8;0;1
536539082;155 778 267;A01;1;10;0;2;1;19;1
536539082;155 778 268;B01;1;7;0;2;1;1;1
536539082;155 778 269;C01;2;7;0;2;7;1;1
536539083;155 778 266;A01;1;7;0;1;3;1;1
536539084;155 778 264;A01;1;7;0;2;2;15;1
536539084;155 778 265;B01;2;7;0;2;1;1;1
536539085;155 778 263;A01;2;33;6;0;2;17;1
536539086;155 778 262;A01;1;7;6;0;1;1;1
536539087;155 778 261;A01;1;1;0;0;9;0;5
536539088;155 778 260;A01;3;7;13;0;3;1;1
536539089;155 778 258;A01;2;7;0;2;7;17;1
536539089;155 778 259;B01;1;7;0;2;1;1;1
536539090;155 778 256;B01;3;10;0;0;3;19;1
536539090;155 778 257;A01;3;7;0;2;1;1;1
536539091;155 778 253;A01;2;7;0;2;3;5;1
536539091;155 778 254;B01;1;7;0;2;1;1;1
536539092;155 778 252;A01;2;7;0;2;7;17;1
536539092;155 778 255;B01;2;1;0;2;8;1;5
536539093;155 778 251;A01;1;7;0;1;3;2;1
536539094;155 778 250;A01;1;7;2;0;7;1;1
536539095;155 778 248;A01;0;7;2;0;1;1;1
536539096;155 778 247;A01;0;50;0;2;3;5;3
536539096;155 778 249;B01;3;7;0;2;2;1;1
536539097;155 778 243;A01;2;7;0;2;3;13;1
536539097;155 778 244;B01;1;7;0;2;3;1;1
536539098;155 778 242;A01;1;7;0;2;1;5;1
536539098;155 778 245;B01;2;33;0;2;3;1;1
536539098;155 778 246;C01;2;7;0;2;1;1;1
536539099;155 778 240;A01;2;7;1;0;3;10;1
536539099;155 778 241;B01;2;31;0;0;1;17;1
536539100;155 778 239;A01;1;1;0;1;1;1;5
536539101;155 778 235;B01;1;7;0;9;7;1;1
536539101;155 778 237;A01;1;50;0;2;1;19;3
536539102;155 778 234;C01;1;7;0;2;6;1;1
536539102;155 778 236;A01;2;7;3;2;1;5;1
536539102;155 778 238;B01;1;7;0;2;1;1;2
536539103;155 778 232;A01;2;7;0;2;1;1;1
536539103;155 778 233;B01;1;10;0;2;3;15;1
536539104;155 778 228;A01;1;33;0;2;1;13;1
536539104;155 778 230;B01;2;7;0;2;3;1;1
536539105;155 778 229;A01;1;31;7;0;1;14;1
536539106;155 778 226;A01;1;7;13;0;1;0;1
536539107;155 778 222;A01;1;34;0;2;3;26;1
536539107;155 778 224;B01;1;10;0;2;1;26;1
536539108;155 778 221;A01;2;7;0;2;4;2;1
536539108;155 778 223;B01;2;7;0;2;4;2;1
536539108;155 778 225;C01;2;7;0;2;4;2;1
536539108;155 778 227;D01;2;7;0;2;4;2;2
536539109;155 778 220;A01;1;7;2;0;8;14;1
536539110;155 778 219;A01;0;33;0;0;8;0;1
536539111;155 778 218;A01;1;7;0;2;1;13;1
536539112;155 778 215;A01;0;7;0;0;6;15;1
536539112;155 778 217;B01;0;33;0;2;1;11;1
536539113;155 778 214;A01;2;7;0;2;2;2;0
536539113;155 778 216;B01;2;33;0;2;1;3;1
536539114;155 778 213;A01;2;7;16;6;1;0;1
536539115;155 778 212;A01;2;7;4;0;1;13;1
536539116;155 778 209;B01;0;7;0;2;1;2;1
536539116;155 778 211;A01;3;7;0;0;6;2;1
536539117;155 778 207;A01;1;10;0;2;1;2;1
536539117;155 778 208;B01;1;7;0;2;4;2;1
536539117;155 778 210;C01;1;7;0;2;1;21;1
536539118;155 778 206;A01;1;7;15;0;1;1;1
536539119;155 778 204;A01;2;2;1;0;1;1;1
536539120;155 778 201;A01;2;7;3;0;8;13;1
536539121;155 778 202;A01;2;43;0;2;1;3;1
536539121;155 778 203;C01;2;7;0;2;7;1;1
536539121;155 778 205;B01;2;7;0;2;5;14;3
536539122;155 778 200;A01;1;7;2;0;1;1;1
536539123;155 778 199;A01;1;33;3;0;8;1;1
536539124;155 778 196;A01;1;7;0;2;1;1;1
536539124;155 778 198;B01;1;7;0;0;4;1;1
536539125;155 778 195;A01;1;7;0;2;1;1;1
536539125;155 778 197;B01;1;7;0;2;4;1;1
536539126;155 778 194;A01;3;7;0;1;2;1;1
536539127;155 778 192;B01;2;7;0;2;6;0;1
536539127;155 778 193;A01;2;43;0;2;3;1;1
536539128;155 778 190;A01;2;33;0;2;1;2;1
536539128;155 778 191;B01;2;7;0;2;4;2;1
536539129;155 778 189;A01;1;30;0;0;3;1;1
536539130;155 778 188;A01;1;31;0;1;1;26;3
536539131;155 778 185;A01;2;43;0;2;1;11;1
536539131;155 778 186;B01;2;10;0;2;6;23;1
536539131;155 778 187;C01;2;7;0;2;6;23;1
536539132;155 778 184;A01;1;31;0;1;7;14;1
536539133;155 778 179;B01;1;7;0;2;3;2;1
536539133;155 778 181;A01;1;7;0;2;5;2;1
536539133;155 778 182;C01;1;7;0;2;1;2;1
536539133;155 778 183;Z01;0;7;0;0;0;0;0
536539134;155 778 178;A01;1;10;0;2;7;23;1
536539134;155 778 180;B01;1;2;0;2;2;18;1
536539135;155 778 175;B01;1;10;0;1;3;19;0
536539136;155 778 174;C01;1;7;0;2;4;23;1
536539136;155 778 176;A01;1;7;0;2;1;1;1
536539136;155 778 177;B01;1;7;1;0;4;23;1
536539137;155 778 171;B01;1;7;0;2;1;1;1
536539137;155 778 173;A01;1;7;0;2;4;1;2
536539138;155 778 172;A01;1;7;0;1;3;26;1
536539139;155 778 167;B01;1;7;0;2;4;23;1
536539139;155 778 168;C01;1;10;0;2;4;23;1
536539139;155 778 170;A01;1;7;0;2;1;1;1
536539140;155 778 166;A01;2;7;0;2;1;1;1
536539140;155 778 169;B01;1;7;0;2;2;9;1
536539141;155 778 164;A01;2;33;0;2;7;12;1
536539141;155 778 165;B01;2;7;0;2;6;1;1
536539142;155 778 162;B01;3;33;0;2;8;9;1
536539142;155 778 163;A01;1;32;0;2;1;17;1
536539143;155 778 157;A01;2;7;0;2;3;1;1
536539143;155 778 159;B01;2;7;0;2;4;1;1
536539143;155 778 160;C01;2;7;0;2;4;1;1
536539143;155 778 161;D01;2;7;0;2;4;1;1
536539144;155 778 155;C01;2;7;0;2;3;2;1
536539144;155 778 156;A01;2;34;0;2;1;3;1
536539144;155 778 158;B01;1;7;0;2;3;9;2
536539145;155 778 153;A01;1;7;0;2;1;1;1
536539145;155 778 154;B01;1;7;0;2;4;1;2
536539146;155 778 152;A01;2;7;0;1;2;1;1
536539147;155 778 150;A01;1;7;0;2;2;12;2
536539147;155 778 151;B01;1;7;0;2;6;1;2
536539148;155 778 149;A01;2;38;0;1;3;1;1
536539149;155 778 147;A01;1;10;0;2;5;21;1
536539149;155 778 148;B01;1;33;0;2;1;1;1
536539150;155 778 145;A01;2;7;3;0;3;1;1
536539151;155 778 144;B01;2;3;0;9;1;1;0
536539151;155 778 146;A01;2;7;0;9;2;14;1
536539152;155 778 142;B01;2;7;0;2;6;1;1
536539152;155 778 143;A01;2;33;0;2;1;11;1
536539153;155 778 141;A01;3;10;0;1;7;26;3
536539154;155 778 138;A01;1;10;0;1;2;14;1
536539155;155 778 139;A01;1;31;0;2;1;3;1
536539155;155 778 140;B01;1;7;0;2;8;0;3
536539156;155 778 137;A01;2;43;1;1;0;20;1
536539157;155 778 135;Z01;1;7;0;2;1;2;1
536539157;155 778 136;A01;1;7;0;2;4;2;2
536539158;155 778 133;A01;2;7;0;1;1;1;1
536539159;155 778 131;A01;2;7;0;2;3;11;1
536539159;155 778 132;B01;2;33;0;2;0;1;1
536539159;155 778 134;C01;2;7;0;2;4;1;1
536539160;155 778 127;B01;1;15;0;2;1;1;1
536539160;155 778 129;A01;1;7;0;2;6;11;3
536539161;155 778 128;A01;1;7;0;9;3;1;1
536539161;155 778 130;B01;2;50;0;2;1;5;3
536539162;155 778 125;A01;3;10;1;0;1;1;3
536539163;155 778 124;A01;2;15;0;2;3;2;1
536539163;155 778 126;B01;2;1;0;2;0;0;5
536539164;155 778 122;A01;2;31;12;0;0;14;1
536539165;155 778 123;A01;2;7;0;2;3;17;1
536539166;155 778 120;A01;3;7;8;0;0;16;1
536539167;155 778 119;A01;1;30;0;2;1;17;1
536539167;155 778 121;B01;2;7;0;2;3;1;1
536539168;155 778 116;A01;1;7;16;2;9;13;1
536539168;155 778 118;B01;2;7;0;2;1;1;1
536539169;155 778 115;A01;3;50;0;2;1;8;3
536539169;155 778 117;B01;1;33;0;2;3;0;0
536539170;155 778 112;A01;3;30;0;2;0;0;1
536539170;155 778 114;B01;3;10;0;2;0;0;1
536539171;155 778 111;B01;1;2;0;2;7;1;1
536539171;155 778 113;A01;3;7;0;2;1;15;1
536539172;155 778 109;B01;1;7;0;2;4;1;1
536539172;155 778 110;A01;1;7;0;2;1;2;2
536539173;155 778 108;A01;1;30;0;1;1;13;0
536539174;155 778 105;A01;0;80;1;2;2;26;3
536539174;155 778 107;B01;3;7;0;9;3;23;2
536539175;155 778 104;B01;0;7;0;2;1;0;1
536539175;155 778 106;A01;0;7;0;2;0;26;2
536539176;155 778 102;A01;3;7;0;1;1;1;1
536539177;155 778 101;B01;2;7;0;2;0;0;1
536539177;155 778 103;A01;1;31;0;2;1;1;1
536539178;155 778 097;A01;2;7;0;1;1;1;1
536539179;155 778 096;A01;1;7;0;2;1;2;1
536539179;155 778 098;B01;1;7;0;2;4;2;1
536539179;155 778 099;C01;1;7;0;2;4;2;1
536539179;155 778 100;D01;1;7;0;2;4;2;2
536539180;155 778 092;A01;2;32;0;2;1;1;1
536539180;155 778 093;B01;2;7;0;2;2;16;1
536539181;155 778 094;A01;1;10;0;2;7;22;1
536539181;155 778 095;B01;1;50;0;2;1;1;3
536539182;155 778 091;A01;0;7;8;0;1;14;1
536539183;155 778 089;A01;1;7;0;1;2;26;1
536539184;155 778 088;A01;1;7;0;2;1;1;1
536539184;155 778 090;B01;2;7;0;2;3;1;1
536539185;155 778 086;A01;3;7;0;1;2;9;1
536539186;155 778 085;A01;2;30;0;2;3;13;1
536539186;155 778 087;B01;1;10;0;2;8;1;1
536539187;155 778 084;A01;2;7;0;1;2;1;2
536539188;155 778 082;B01;3;37;0;2;3;0;1
536539188;155 778 083;A01;3;10;0;2;2;2;1
536539189;155 778 077;Z01;2;7;0;1;1;1;0
536539190;155 778 076;A01;1;7;0;0;0;0;1
536539190;155 778 079;B01;1;7;0;0;0;0;1
536539190;155 778 081;C01;1;7;0;0;0;0;1
536539191;155 778 078;A01;2;7;0;2;3;15;2
536539191;155 778 080;B01;2;33;0;2;7;1;1
536539192;155 778 075;A01;1;7;0;9;3;9;1
536539193;155 778 072;B01;2;7;0;2;1;0;0
536539193;155 778 074;A01;1;7;0;2;1;13;0
536539194;155 778 071;B01;3;7;0;2;1;1;1
536539194;155 778 073;A01;3;7;0;2;2;1;1
536539195;155 778 070;A01;1;7;2;0;1;2;0
536539196;155 778 069;A01;3;7;0;1;3;1;2
536539197;155 778 068;A01;1;7;0;1;2;1;2
536539198;155 778 066;Z01;2;7;0;1;1;1;0
536539199;155 778 067;A01;1;3;0;1;0;26;1
536539200;155 778 064;A01;2;33;0;2;2;3;1
536539200;155 778 065;B01;2;10;0;2;3;10;1
536539201;155 778 062;A01;3;7;0;1;1;1;1
536539202;155 778 060;B01;0;14;0;2;2;1;1
536539202;155 778 063;A01;0;7;0;2;6;1;1
536539203;155 778 059;A01;2;10;0;2;7;2;1
536539203;155 778 061;B01;2;13;0;2;8;2;1
536539204;155 778 058;A01;3;7;0;1;1;0;1
536539205;155 778 055;A01;2;30;0;2;1;2;1
536539205;155 778 056;B01;2;7;0;2;5;1;1
536539206;155 778 054;A01;1;7;9;1;2;1;1
536539207;155 778 053;A01;1;7;0;2;7;1;1
536539207;155 778 057;B01;3;1;0;2;1;19;5
536539208;155 778 052;A01;1;34;6;0;1;26;1
536539209;155 778 049;A01;1;7;0;2;1;2;0
536539209;155 778 050;B01;1;7;0;2;4;1;1
536539210;155 778 048;C01;0;7;0;2;1;1;1
536539210;155 778 051;A01;0;7;1;2;0;13;1
536539211;155 778 044;A01;2;7;0;2;2;1;1
536539211;155 778 046;B01;1;33;0;2;1;1;1
536539212;155 778 045;B01;0;7;0;2;4;2;0
536539212;155 778 047;A01;3;34;0;2;1;2;0
536539213;155 778 039;A01;1;7;0;2;6;20;1
536539213;155 778 041;B01;2;7;0;2;3;2;1
536539214;155 778 040;A01;3;7;0;2;3;19;1
536539214;155 778 043;B01;1;33;0;2;1;1;1
536539215;155 778 038;B01;0;7;8;2;3;1;1
536539215;155 778 042;A01;0;7;0;2;1;15;1
536539216;155 778 035;Z01;2;7;0;2;2;16;2
536539216;155 778 037;A01;1;50;0;2;7;5;3
536539217;155 778 034;B01;3;50;0;2;3;1;3
536539217;155 778 036;A01;3;7;0;2;3;9;1
536539218;155 778 032;A01;1;32;0;2;1;1;1
536539218;155 778 033;B01;1;7;0;2;2;0;1
536539219;155 778 030;A01;1;1;0;1;1;0;5
536539220;155 778 031;A01;2;7;0;1;1;1;1
536539221;155 778 028;A01;1;2;0;2;1;2;1
536539221;155 778 029;B01;1;7;0;2;6;2;1
536539222;155 778 025;A01;2;10;0;2;1;15;1
536539222;155 778 027;B01;2;10;12;0;3;2;1
536539223;155 778 026;A01;0;10;0;1;3;1;1
536539224;155 778 024;A01;1;50;0;1;1;1;3
536539225;155 778 021;A01;0;7;0;1;1;14;3
536539226;155 778 020;A01;2;2;0;2;1;21;1
536539226;155 778 023;B01;3;7;0;2;1;1;0
536539227;155 778 019;A01;1;7;0;2;3;13;1
536539227;155 778 022;B01;2;7;0;2;3;1;1
536539228;155 778 015;B01;2;7;0;2;4;15;1
536539228;155 778 017;A01;2;32;0;2;1;2;1
536539229;155 778 010;A01;2;7;0;2;1;2;1
536539229;155 778 013;B01;2;7;0;2;2;14;1
536539230;155 778 009;A01;2;7;0;2;3;16;1
536539230;155 778 012;B01;3;1;0;2;1;19;5
536539231;155 778 008;B01;3;1;0;2;1;14;5
536539231;155 778 011;A01;2;7;0;2;3;13;1
536539232;155 778 006;A01;3;2;0;2;1;14;1
536539232;155 778 007;B01;3;7;0;2;7;23;1
536539233;155 778 004;A01;1;7;0;1;2;15;1
536539234;155 778 001;A01;1;50;0;2;1;13;3
536539234;155 778 003;B01;2;7;0;2;3;1;1
536539234;155 778 005;C01;1;7;0;2;3;1;1
536539235;155 777 999;A01;3;10;0;1;1;1;1
536539236;155 777 998;A01;1;7;0;1;3;1;1
536539237;155 777 996;B01;2;7;0;2;1;1;1