Num_Acc;id_vehicule;num_veh;senc;catv;obs;obsm;choc;manv;motor
536539237;155 777 997;A01;1;7;0;2;7;17;1
536539238;155 777 994;A01;1;1;0;0;0;1;5
536539239;155 777 993;B01;2;10;0;2;8;15;1
536539239;155 777 995;A01;1;33;0;2;1;17;1
536539240;155 777 991;A01;1;7;0;2;2;1;1
536539240;155 777 992;B01;1;50;0;2;2;19;3
536539241;155 777 988;A01;3;7;0;1;1;18;1
536539242;155 777 989;A01;2;7;2;0;1;14;1
536539243;155 777 987;A01;2;30;0;2;3;17;1
536539243;155 777 990;B01;2;30;0;2;8;1;1
536539244;155 777 984;A01;2;7;0;2;0;0;1
536539244;155 777 986;B01;1;2;0;0;0;1;1
536539245;155 777 980;A01;0;50;14;0;1;1;3
536539246;155 777 979;A01;3;10;0;2;1;2;3
536539246;155 777 982;C01;3;10;0;2;4;2;1
536539246;155 777 983;B01;3;7;0;2;1;2;1
536539247;155 777 977;A01;0;7;1;0;1;1;1
536539248;155 777 976;A01;2;7;0;2;3;13;1
536539248;155 777 978;B01;1;7;0;2;3;1;1
536539248;155 777 981;C01;1;7;0;2;6;1;1
536539248;155 777 985;D01;1;33;0;2;1;1;1
536539249;155 777 975;A01;1;7;0;1;1;26;1
536539250;155 777 974;A01;2;33;12;0;1;15;1
536539251;155 777 972;A01;3;34;0;5;1;1;1
536539252;155 777 970;B01;1;7;0;2;1;1;1
536539253;155 777 968;A01;2;7;0;2;2;19;1
536539253;155 777 969;B01;2;33;0;2;1;1;1
536539254;155 777 967;A01;3;80;14;0;1;1;3
536539255;155 777 966;A01;0;7;12;2;1;21;1
536539256;155 777 965;A01;2;7;0;1;2;26;0
536539257;155 777 963;A01;3;7;0;1;1;1;1
536539258;155 777 962;A01;1;7;0;4;2;0;1
536539258;155 777 964;B01;3;39;0;2;3;1;3
536539259;155 777 960;A01;1;7;0;1;2;2;1
536539260;155 777 959;B01;1;33;0;2;1;2;1
536539260;155 777 961;A01;1;7;0;2;8;15;2
536539261;155 777 958;A01;1;2;0;5;1;1;1
536539262;155 777 956;A01;1;30;0;2;1;13;1
536539262;155 777 957;B01;2;7;0;2;1;13;1
536539263;155 777 954;A01;2;7;2;0;2;14;1
536539264;155 777 951;B01;1;7;0;2;6;15;1
536539264;155 777 953;C01;2;7;0;2;1;9;1
536539264;155 777 955;A01;1;3;0;2;1;9;1
536539265;155 777 949;A01;1;1;0;2;8;19;5
536539265;155 777 952;B01;1;7;0;2;1;1;1
536539266;155 777 950;A01;1;7;8;0;0;1;1
536539267;155 777 947;B01;3;1;0;2;3;9;5
536539267;155 777 948;A01;3;7;0;9;1;9;0
536539268;155 777 944;A01;3;7;0;1;3;14;1
536539269;155 777 943;C01;0;7;0;2;4;2;1
536539269;155 777 945;A01;0;7;0;2;1;2;1
536539269;155 777 946;B01;0;7;0;2;4;2;1
536539270;155 777 941;A01;2;50;0;2;4;1;3
536539270;155 777 942;B01;2;1;0;2;4;17;5
536539271;155 777 937;A01;3;7;0;1;1;16;1
536539272;155 777 935;B01;3;1;0;2;8;16;5
536539272;155 777 938;A01;3;37;0;2;2;16;1
536539273;155 777 936;A01;2;10;0;0;4;23;1
536539273;155 777 939;B01;2;7;0;0;4;23;3
536539273;155 777 940;C01;2;7;0;2;1;1;1
536539274;155 777 933;A01;1;7;0;2;2;1;1
536539274;155 777 934;B01;1;7;0;2;6;1;1
536539275;155 777 931;A01;2;7;3;0;2;1;1
536539276;155 777 930;B01;2;30;0;2;1;1;1
536539276;155 777 932;A01;1;7;0;2;2;15;1
536539277;155 777 926;A01;1;7;0;2;8;15;1
536539277;155 777 929;B01;1;33;0;2;1;1;1
536539278;155 777 925;A01;3;7;0;2;7;14;1
536539278;155 777 927;B01;3;80;0;2;8;1;2
536539279;155 777 924;B01;2;7;0;2;8;19;1
536539279;155 777 928;A01;1;7;0;2;1;1;1
536539280;155 777 921;A01;3;10;0;1;4;4;1
536539281;155 777 922;A01;1;7;1;2;2;1;1
536539281;155 777 923;D01;2;7;0;2;3;1;1
536539282;155 777 919;B01;1;80;0;2;1;1;3
536539282;155 777 920;A01;1;7;0;2;6;9;1
536539283;155 777 914;C01;2;7;0;2;4;23;4
536539283;155 777 916;B01;2;7;0;2;4;23;1
536539283;155 777 918;A01;2;7;0;2;1;2;1
536539284;155 777 915;A01;0;7;0;2;2;15;1
536539284;155 777 917;B01;0;1;0;2;1;1;5
536539285;155 777 912;A01;1;7;0;2;1;5;1
536539285;155 777 913;B01;2;7;0;2;3;1;1
536539286;155 777 911;A01;1;7;0;0;4;13;1
536539287;155 777 909;A01;1;7;0;2;7;15;1
536539287;155 777 910;B01;1;2;0;2;1;18;1
536539288;155 777 907;A01;1;7;6;0;1;1;1
536539289;155 777 905;B01;2;7;0;2;3;15;1
536539289;155 777 908;A01;1;10;0;2;2;9;1
536539290;155 777 903;A01;2;33;13;0;1;1;1
536539291;155 777 904;B01;2;7;0;2;0;1;1
536539291;155 777 906;A01;3;7;0;2;7;19;1
536539292;155 777 900;B01;2;1;0;2;8;1;5
536539292;155 777 902;A01;1;7;0;2;2;1;2
536539293;155 777 899;B01;1;7;0;2;1;1;0
536539293;155 777 901;A01;1;10;8;2;3;1;1
536539294;155 777 898;A01;3;7;1;0;2;14;1
536539295;155 777 896;A01;1;7;0;2;4;4;1
536539295;155 777 897;B01;1;7;0;2;1;23;1
536539296;155 777 894;A01;2;7;0;1;1;26;1
536539297;155 777 893;A01;0;7;0;1;1;15;1
536539298;155 777 890;A01;1;7;0;2;1;2;0
536539298;155 777 892;B01;1;2;0;2;4;2;1
536539299;155 777 888;A01;1;7;0;0;1;1;1
536539299;155 777 891;B01;2;50;0;2;8;1;3
536539300;155 777 887;B01;1;1;0;2;4;1;5
536539300;155 777 889;A01;1;7;0;2;0;1;0
536539301;155 777 884;B01;3;7;0;2;3;9;1
536539301;155 777 886;A01;3;2;12;2;7;9;1
536539302;155 777 885;A01;3;7;0;1;1;26;1
536539303;155 777 883;A01;2;7;0;1;2;16;1
536539304;155 777 882;A01;3;2;0;0;8;1;1
536539305;155 777 879;A01;1;7;0;0;1;1;1
536539306;155 777 878;B01;3;50;0;2;1;1;3
536539306;155 777 881;A01;3;7;0;2;2;16;1
536539307;155 777 877;A01;1;7;0;2;1;1;1
536539307;155 777 880;B01;1;7;0;2;4;1;1
536539308;155 777 874;A01;2;7;0;2;3;5;1
536539308;155 777 876;B01;1;10;0;2;3;2;1
536539309;155 777 873;A01;1;7;0;1;1;1;1
536539310;155 777 872;A01;2;7;0;2;1;1;1
536539310;155 777 875;B01;2;1;0;2;8;1;5
536539311;155 777 870;B01;2;7;0;2;1;1;1
536539311;155 777 871;A01;2;7;2;0;4;11;1
536539312;155 777 869;A01;1;7;1;0;8;1;1
536539313;155 777 867;B01;1;30;0;2;1;1;1
536539313;155 777 868;A01;1;7;0;2;3;9;1
536539314;155 777 866;A01;2;7;13;0;1;26;1
536539315;155 777 864;A01;0;3;0;9;1;17;0
536539315;155 777 865;B01;0;60;0;2;1;1;0
536539316;155 777 863;A01;3;7;0;1;1;15;1
536539317;155 777 860;A01;1;2;8;2;2;2;1
536539317;155 777 862;B01;1;7;0;2;3;15;1
536539318;155 777 859;A01;2;50;0;2;1;1;3
536539318;155 777 861;B01;2;7;0;2;3;1;1
536539319;155 777 857;A01;2;7;2;0;2;26;1
536539320;155 777 854;A01;2;14;0;2;3;15;1
536539320;155 777 856;B01;3;7;0;2;8;1;1
536539321;155 777 851;B01;1;7;0;2;2;1;1
536539321;155 777 853;A01;3;7;0;2;2;9;1
536539321;155 777 855;C01;1;7;0;2;1;1;2
536539322;155 777 848;A01;3;7;0;2;3;13;2
536539322;155 777 850;B01;3;7;0;2;3;1;1
536539322;155 777 852;C01;3;7;0;2;1;2;1
536539323;155 777 847;A01;1;30;0;2;7;26;1
536539323;155 777 849;Z01;0;7;0;2;1;11;0
536539324;155 777 846;A01;1;3;0;1;1;15;1
536539325;155 777 842;A01;3;1;0;2;1;1;5
536539325;155 777 844;B01;3;1;0;2;1;1;5
536539326;155 777 838;A01;1;7;0;2;1;2;1
536539326;155 777 840;C01;1;7;0;2;4;2;1
536539326;155 777 841;B01;1;10;0;2;1;2;1
536539327;155 777 837;D01;2;10;0;2;6;1;0
536539327;155 777 839;A01;1;7;0;2;1;5;1
536539327;155 777 843;B01;2;10;0;2;1;1;1
536539327;155 777 845;C01;2;7;0;2;1;1;1
536539328;155 777 835;A01;2;7;0;2;5;15;1
536539328;155 777 836;B01;1;2;0;2;1;1;3
536539329;155 777 833;A01;1;7;14;0;1;26;1
536539330;155 777 832;A01;1;7;2;0;0;0;1
536539330;155 777 834;B01;2;7;2;0;0;0;1
536539331;155 777 831;A01;3;7;12;0;2;9;1
536539332;155 777 829;A01;3;10;0;1;3;1;1
536539333;155 777 828;B01;0;7;0;2;3;1;1
536539333;155 777 830;A01;0;32;0;2;1;17;1
536539334;155 777 826;A01;3;7;0;2;4;1;1
536539334;155 777 827;B01;3;32;0;2;1;1;1
536539335;155 777 823;B01;1;7;0;2;6;2;1
536539335;155 777 825;A01;1;7;0;2;2;2;1
536539336;155 777 822;B01;2;7;0;2;3;1;1
536539336;155 777 824;A01;1;10;0;2;1;5;1
536539337;155 777 820;A01;2;2;0;2;1;2;1
536539338;155 777 818;A01;1;7;0;2;1;9;1
536539338;155 777 821;B01;0;10;0;2;7;1;1
536539339;155 777 816;B01;1;7;0;2;4;1;1
536539339;155 777 817;C01;1;7;0;2;4;1;1
536539339;155 777 819;A01;1;7;0;2;1;1;1
536539340;155 777 815;A01;0;2;9;0;2;14;1
536539341;155 777 813;A01;0;7;0;2;1;2;1
536539341;155 777 814;B01;0;7;0;2;4;2;1
536539342;155 777 812;A01;1;1;0;0;0;1;5
536539343;155 777 809;A01;2;10;0;2;6;0;1
536539343;155 777 811;B01;2;7;0;2;2;0;1
536539344;155 777 808;A01;1;15;0;2;5;12;1
536539344;155 777 810;B01;1;7;0;2;3;1;1
536539345;155 777 805;A01;1;13;0;2;1;15;1
536539345;155 777 806;B01;1;33;0;2;2;1;1
536539345;155 777 807;C01;1;33;0;2;8;1;1
536539346;155 777 804;A01;2;34;4;0;7;2;1
536539347;155 777 800;A01;2;7;4;0;1;26;1
536539348;155 777 799;A01;1;7;0;2;1;2;1
536539348;155 777 801;B01;1;7;0;2;4;1;1
536539349;155 777 797;A01;3;7;0;2;6;10;1
536539349;155 777 798;B01;3;33;0;2;1;2;1
536539350;155 777 792;A01;1;7;0;2;1;1;1
536539350;155 777 794;B01;1;7;0;2;9;12;1
536539350;155 777 796;C01;1;7;0;2;4;23;6
536539351;155 777 791;A01;2;7;0;2;7;15;1
536539351;155 777 795;B01;1;10;0;2;2;1;1
536539352;155 777 790;A01;1;7;0;2;2;16;1
536539352;155 777 793;B01;2;1;0;2;1;1;5
536539353;155 777 789;A01;2;7;0;0;9;1;1
536539354;155 777 786;A01;1;10;0;2;3;15;3
536539354;155 777 787;B01;2;32;0;2;6;15;1
536539355;155 777 785;A01;2;7;0;2;0;1;1
536539355;155 777 788;B01;2;15;0;2;0;0;1
536539356;155 777 783;A01;3;7;0;2;3;15;1
536539356;155 777 784;B01;2;2;0;2;7;17;1
536539357;155 777 782;A01;1;7;4;0;1;0;1
536539358;155 777 779;A01;1;7;0;1;3;1;1
536539359;155 777 776;Z01;1;7;0;2;3;11;1
536539359;155 777 778;A01;1;7;0;2;5;1;2
536539359;155 777 780;B01;1;10;0;2;6;1;1
536539359;155 777 781;C01;1;43;0;2;0;3;1
536539360;155 777 774;A01;2;7;0;2;1;19;1
536539360;155 777 775;B01;3;1;0;2;5;19;5
536539361;155 777 773;A01;3;7;1;0;1;1;1
536539362;155 777 771;A01;2;33;0;2;8;3;1
536539362;155 777 772;B01;2;7;0;2;2;12;1
536539363;155 777 769;B01;1;1;0;2;1;1;5
536539363;155 777 770;A01;1;7;0;9;3;15;1
536539364;155 777 768;A01;0;30;0;1;1;16;3
536539365;155 777 766;A01;1;7;0;2;5;12;1
536539365;155 777 767;B01;1;33;0;2;5;0;1
536539366;155 777 764;A01;1;37;0;1;2;1;1
536539367;155 777 763;B01;3;7;0;2;3;9;0
536539367;155 777 765;A01;3;32;0;2;7;15;1
536539368;155 777 761;A01;2;43;0;2;8;13;1
536539368;155 777 762;B01;2;14;0;2;7;2;1
536539369;155 777 759;B01;1;7;0;9;5;16;1
536539369;155 777 760;A01;1;50;0;2;1;1;3
536539370;155 777 756;A01;1;7;0;2;2;17;1
536539370;155 777 758;B01;1;7;0;2;3;15;1
536539371;155 777 755;A01;2;33;0;2;3;3;1
536539371;155 777 757;B01;2;7;0;2;5;1;1
536539372;155 777 753;A01;1;7;0;2;2;2;1
536539372;155 777 754;B01;1;7;0;2;6;2;1
536539373;155 777 752;A01;3;50;0;1;1;5;3
536539374;155 777 750;B01;2;33;0;2;8;3;1
536539374;155 777 751;A01;2;7;0;2;2;12;1
536539375;155 777 748;A01;1;7;0;2;3;13;1
536539375;155 777 749;B01;2;7;0;2;3;0;1
536539376;155 777 747;A01;3;7;0;1;1;1;1
536539377;155 777 744;B01;1;7;0;2;4;1;1
536539377;155 777 746;A01;1;33;0;2;1;3;1
536539378;155 777 743;A01;1;10;0;1;1;1;1
536539379;155 777 742;A01;3;7;0;2;1;15;1
536539379;155 777 745;B01;3;7;0;2;1;1;1
536539380;155 777 740;A01;1;7;3;0;2;1;1
536539381;155 777 738;B01;2;2;0;2;2;0;1
536539381;155 777 741;A01;2;32;0;2;1;0;1
536539382;155 777 737;B01;3;10;0;2;1;16;1
536539382;155 777 739;A01;3;10;0;2;1;1;1
536539383;155 777 735;A01;1;30;0;0;7;26;1
536539384;155 777 734;A01;1;7;0;2;5;1;1
536539384;155 777 736;B01;1;33;0;2;1;3;1
536539385;155 777 732;A01;1;10;0;2;7;17;1
536539385;155 777 733;B01;1;7;0;2;3;1;1
536539386;155 777 731;A01;1;1;8;0;1;2;5
536539387;155 777 730;A01;0;10;0;1;1;0;1
536539388;155 777 728;A01;2;7;0;2;1;2;1
536539388;155 777 729;B01;2;10;0;2;4;1;3
536539389;155 777 726;A01;1;10;0;2;2;0;1
536539389;155 777 727;B01;1;7;0;2;4;2;1
536539390;155 777 721;A01;2;10;0;2;1;15;1
536539390;155 777 723;B01;1;2;0;2;8;1;1
536539391;155 777 720;A01;1;33;0;2;1;1;1
536539391;155 777 722;B01;1;7;0;2;4;1;1
536539392;155 777 716;B01;1;80;0;2;3;11;3
536539392;155 777 717;A01;1;7;0;9;2;17;1
536539393;155 777 715;A01;1;7;9;1;1;14;2
536539394;155 777 710;A01;1;10;0;2;1;15;1
536539394;155 777 712;B01;2;1;0;2;1;1;5
536539395;155 777 711;C01;1;10;0;2;5;23;2
536539395;155 777 713;B01;1;10;0;2;6;23;1
536539395;155 777 714;A01;1;2;0;2;1;1;3
536539396;155 777 709;A01;1;37;0;1;1;1;2
536539397;155 777 705;B01;3;7;0;2;3;1;1
536539397;155 777 708;A01;3;7;0;2;1;14;1
536539398;155 777 703;B01;2;7;0;2;8;26;1
536539398;155 777 706;A01;2;7;0;2;7;12;1
536539399;155 777 701;A01;2;34;0;2;2;17;1
536539399;155 777 704;B01;2;7;0;2;3;15;1
536539400;155 777 700;B01;3;33;0;2;1;2;1
536539400;155 777 702;A01;3;7;0;2;2;15;1
536539401;155 777 696;A01;2;1;0;2;1;5;5
536539401;155 777 698;B01;1;1;0;2;1;1;5
536539402;155 777 697;A01;1;33;0;2;2;17;1
536539402;155 777 699;B01;2;7;0;2;1;15;1
536539403;155 777 693;C01;1;7;0;2;4;2;1
536539403;155 777 694;A01;1;7;0;2;1;2;1
536539403;155 777 695;B01;1;7;0;2;4;2;1
536539404;155 777 691;A01;1;33;0;1;1;1;1
536539405;155 777 690;B01;1;33;0;2;4;0;1
536539405;155 777 692;A01;1;7;0;2;1;26;1
536539406;155 777 689;A01;2;10;1;2;2;14;1
536539407;155 777 687;Z01;2;10;0;1;1;1;1
536539408;155 777 688;A01;1;2;0;0;3;26;1
536539409;155 777 685;B01;2;50;0;2;1;2;3
536539409;155 777 686;A01;2;7;0;9;2;16;1
536539410;155 777 682;B01;2;80;0;2;2;10;3
536539410;155 777 684;A01;2;32;0;2;1;1;3
536539411;155 777 681;B01;1;7;0;2;4;0;1
536539411;155 777 683;A01;1;33;0;2;1;2;1
536539412;155 777 680;A01;3;37;0;1;7;16;2
536539413;155 777 674;B01;2;7;0;2;7;17;1
536539413;155 777 677;A01;2;7;0;2;8;1;1
536539414;155 777 675;B01;1;1;0;2;1;1;5
536539414;155 777 679;A01;2;50;0;2;8;15;3
536539415;155 777 672;C01;1;7;0;2;4;2;1
536539415;155 777 676;A01;1;13;1;0;1;2;1
536539415;155 777 678;B01;1;7;0;2;4;2;1
536539416;155 777 671;B01;2;7;0;2;3;15;2
536539416;155 777 673;A01;2;30;0;2;0;0;1
536539417;155 777 668;A01;1;10;0;2;1;2;1
536539417;155 777 670;B01;1;7;0;2;4;2;1
536539418;155 777 669;Z01;1;1;0;1;6;9;5
536539419;155 777 667;A01;1;7;0;1;7;1;1
536539420;155 777 666;A01;2;7;4;0;1;13;1
536539421;155 777 661;C01;1;7;0;2;6;1;2
536539421;155 777 663;A01;1;7;0;2;7;12;2
536539421;155 777 665;B01;1;34;0;2;1;3;1
536539422;155 777 662;A01;1;1;0;2;6;12;5
536539422;155 777 664;B01;1;32;0;0;6;1;1
536539423;155 777 659;A01;2;7;0;1;2;1;2
536539424;155 777 658;B01;2;7;0;2;6;11;1
536539424;155 777 660;A01;2;7;0;2;2;12;1
536539425;155 777 656;A01;1;30;0;0;1;3;2
536539426;155 777 657;A01;2;10;0;1;2;1;1
536539427;155 777 654;A01;1;7;0;2;7;15;2
536539427;155 777 655;B01;2;80;0;2;3;1;3
536539428;155 777 649;A01;2;7;0;2;2;15;1
536539428;155 777 653;B01;1;2;0;2;1;1;1
536539429;155 777 647;A01;1;50;0;2;4;1;3
536539429;155 777 652;Z01;1;7;0;2;1;1;1
536539430;155 777 645;A01;1;7;0;2;3;15;3
536539430;155 777 648;B01;1;31;0;2;3;15;1
536539431;155 777 646;B01;2;33;0;2;1;1;1
536539431;155 777 650;C01;2;33;0;2;1;1;1
536539431;155 777 651;A01;2;37;0;2;6;1;0
536539432;155 777 644;A01;2;33;4;0;3;1;1
536539433;155 777 642;A01;0;10;0;2;1;15;0
536539433;155 777 643;B01;0;10;0;2;3;1;0
536539434;155 777 640;B01;3;50;0;2;8;19;3
536539434;155 777 641;A01;3;7;0;2;2;1;2
536539435;155 777 639;A01;3;10;0;1;1;1;1
536539436;155 777 638;Z01;1;1;0;1;1;19;5
536539437;155 777 635;A01;2;10;0;2;2;15;1
536539437;155 777 637;B01;1;1;0;2;3;1;5
536539438;155 777 631;A01;1;7;0;2;1;15;1
536539438;155 777 636;B01;1;10;0;2;5;1;1
536539439;155 777 630;A01;3;34;0;2;4;2;1
536539439;155 777 633;B01;3;7;0;2;0;0;0
536539440;155 777 632;B01;2;7;0;2;2;15;1
536539440;155 777 634;A01;1;7;0;2;1;1;1
536539441;155 777 627;A01;1;1;2;0;1;14;5
536539442;155 777 625;A01;1;33;0;2;4;12;1
536539442;155 777 628;B01;1;7;0;2;1;2;1
536539443;155 777 624;B01;3;10;12;2;4;2;1
536539443;155 777 626;A01;3;7;12;2;1;2;1
536539444;155 777 623;B01;1;31;0;2;3;23;1
536539444;155 777 629;A01;2;1;0;2;1;1;5
536539445;155 777 622;A01;1;7;1;0;1;14;1
536539446;155 777 621;A01;2;7;0;1;3;26;3
536539447;155 777 620;A01;1;7;10;0;4;10;1
536539448;155 777 617;B01;0;33;0;2;1;1;1
536539448;155 777 619;A01;0;10;0;2;5;15;3
536539449;155 777 616;B01;2;33;0;2;2;1;1
536539449;155 777 618;A01;2;7;0;2;3;23;1
536539450;155 777 613;A01;3;37;0;2;5;16;6
536539450;155 777 615;B01;3;7;0;2;3;0;1
536539451;155 777 610;A01;0;7;0;2;1;15;1
536539451;155 777 614;B01;0;7;0;2;1;1;3
536539452;155 777 611;A01;1;32;4;0;3;17;1
536539453;155 777 609;B01;3;7;0;2;1;21;1
536539453;155 777 612;A01;3;10;0;2;6;24;1
536539454;155 777 608;A01;0;7;0;1;2;19;1
536539455;155 777 604;B01;0;7;0;2;3;15;1
536539455;155 777 607;A01;2;80;0;2;1;1;3
536539456;155 777 605;A01;1;1;0;1;1;1;5
536539457;155 777 602;A01;1;7;0;2;3;22;0
536539457;155 777 603;B01;1;1;1;2;2;1;5
536539458;155 777 601;A01;2;7;0;2;8;10;2
536539458;155 777 606;B01;2;7;0;2;1;0;2
536539459;155 777 599;A01;1;7;6;0;1;1;1
536539460;155 777 597;Z01;1;7;0;1;4;4;1
536539461;155 777 598;A01;2;80;0;2;1;5;3
536539461;155 777 600;B01;1;33;0;2;5;4;1
536539462;155 777 596;A01;3;10;1;0;1;1;3
536539463;155 777 593;B01;3;7;0;2;5;15;1
536539463;155 777 595;A01;3;32;0;2;1;1;1
536539464;155 777 594;A01;3;10;0;1;2;16;1
536539465;155 777 591;A01;2;7;0;1;1;1;2
536539466;155 777 590;B01;1;1;0;2;5;2;5
536539466;155 777 592;A01;1;10;0;2;0;1;0
536539467;155 777 589;A01;1;7;1;0;1;1;1
536539468;155 777 588;A01;1;1;0;0;0;1;5
536539469;155 777 586;A01;3;7;0;1;1;15;1
536539470;155 777 583;B01;1;33;1;2;7;1;0
536539470;155 777 585;A01;1;7;0;2;7;1;2
536539470;155 777 587;C01;2;7;0;2;1;0;1
536539471;155 777 582;B01;1;2;0;2;9;1;1
536539471;155 777 584;A01;2;7;0;2;3;15;1
536539472;155 777 580;A01;1;50;0;0;0;1;3
536539473;155 777 579;A01;3;1;0;2;8;19;5
536539473;155 777 581;B01;1;10;0;2;1;1;1
536539474;155 777 578;A01;1;7;0;1;2;2;1
536539475;155 777 576;A01;2;7;0;2;1;1;1
536539475;155 777 577;B01;2;1;0;2;1;1;5
536539476;155 777 573;A01;2;7;0;2;1;13;1
536539476;155 777 575;B01;1;7;0;2;1;1;1
536539477;155 777 572;A01;0;7;0;0;1;1;0
536539477;155 777 574;B01;0;1;0;0;7;19;5
536539478;155 777 570;A01;1;10;0;1;4;4;1
536539479;155 777 569;B01;2;1;0;2;3;15;5
536539479;155 777 571;A01;1;7;0;2;2;1;1
536539480;155 777 564;A01;2;7;0;2;3;15;1
536539480;155 777 566;B01;1;33;6;2;3;1;1
536539481;155 777 563;B01;1;50;0;2;2;1;3
536539481;155 777 568;A01;1;7;0;2;3;10;1
536539482;155 777 565;B01;1;7;0;2;4;1;1
536539482;155 777 567;A01;1;30;0;2;1;2;1
536539483;155 777 562;A01;2;7;2;0;1;1;1
536539484;155 777 560;A01;2;50;0;1;1;1;3
536539486;155 777 557;A01;3;1;0;0;0;1;5
536539487;155 777 559;A01;1;7;13;0;0;0;1
536539488;155 777 555;A01;2;7;0;2;1;1;1
536539488;155 777 558;B01;1;7;0;2;3;9;1
536539489;155 777 554;A01;1;50;0;2;1;1;3
536539489;155 777 556;B01;1;7;0;2;5;1;1
536539490;155 777 553;A01;3;7;0;0;9;0;1
536539491;155 777 552;A01;3;7;0;1;1;1;1
536539492;155 777 549;A01;2;33;15;0;3;1;1
536539493;155 777 550;A01;0;7;0;2;1;1;1
536539493;155 777 551;B01;0;7;0;0;4;1;1
536539494;155 777 547;A01;1;7;0;2;1;4;1
536539494;155 777 548;B01;2;32;0;2;1;0;1
536539495;155 777 544;A01;2;7;0;2;1;9;1
536539495;155 777 546;B01;1;1;0;2;1;1;5
536539496;155 777 545;A01;1;33;0;0;0;1;1
536539497;155 777 542;B01;3;50;0;2;7;19;3
536539497;155 777 543;A01;3;7;0;2;1;1;2
536539498;155 777 539;A01;2;7;1;2;1;1;1
536539498;155 777 540;D01;2;7;0;2;4;1;1
536539498;155 777 541;B01;2;7;1;2;4;1;1
536539499;155 777 538;A01;2;7;13;0;0;16;1
536539500;155 777 537;A01;1;7;0;1;3;15;1
536539501;155 777 533;B01;1;1;0;9;1;1;5
536539501;155 777 534;A01;2;50;12;9;1;13;3
536539502;155 777 532;A01;1;7;0;2;8;14;1
536539502;155 777 535;B01;2;33;0;2;8;13;1
536539503;155 777 531;A01;2;7;0;1;1;1;0
536539504;155 777 528;A01;1;7;0;2;1;15;1
536539504;155 777 530;B01;2;1;0;2;1;1;5
536539505;155 777 526;B01;1;39;0;2;3;1;6
536539505;155 777 529;A01;1;7;8;4;2;16;1
536539506;155 777 525;A01;2;7;0;2;3;1;1
536539506;155 777 527;B01;2;7;0;2;5;1;1
536539507;155 777 520;Z01;1;1;0;1;2;1;0
536539508;155 777 522;B01;3;7;0;2;4;1;2
536539508;155 777 524;A01;3;7;0;2;1;2;1
536539509;155 777 521;A01;2;32;0;2;8;1;1
536539509;155 777 523;B01;1;10;0;2;8;1;1
536539510;155 777 519;A01;2;50;0;0;0;2;3
536539511;155 777 518;A01;1;7;8;0;2;14;1
536539512;155 777 516;A01;2;7;0;9;2;10;1
536539512;155 777 517;B01;1;1;0;2;3;1;5
536539513;155 777 513;A01;2;7;0;2;7;1;1
536539513;155 777 515;B01;1;43;0;2;1;1;1
536539514;155 777 512;A01;1;10;13;0;2;0;1
536539515;155 777 511;B01;3;60;0;2;8;1;5
536539515;155 777 514;A01;2;7;0;9;1;9;1
536539516;155 777 510;A01;1;33;0;1;1;1;1
536539517;155 777 508;B01;2;33;0;2;1;1;1
536539517;155 777 509;A01;1;7;0;2;3;13;1
536539518;155 777 506;Z01;2;7;0;2;2;16;0
536539518;155 777 507;B01;2;33;0;2;8;18;1
536539519;155 777 504;A01;1;7;0;1;2;16;0
536539520;155 777 502;A01;1;7;0;2;1;13;1
536539520;155 777 505;B01;2;7;0;2;1;1;1
536539521;155 777 503;A01;1;7;0;1;0;1;1
536539522;155 777 499;A01;3;10;0;1;2;0;0
536539523;155 777 498;B01;1;7;0;2;5;15;1
536539523;155 777 500;A01;2;33;0;2;1;1;1
536539524;155 777 497;A01;1;10;0;2;6;22;1
536539524;155 777 501;B01;1;33;1;0;1;1;1
536539525;155 777 495;A01;3;7;2;0;1;14;1
536539526;155 777 494;B01;1;7;0;0;4;1;1
536539526;155 777 496;A01;1;7;0;2;1;1;1
536539527;155 777 492;B01;1;60;0;2;3;0;5
536539527;155 777 493;A01;1;10;0;2;2;16;2
536539528;155 777 490;A01;1;7;1;1;2;1;1
536539529;155 777 487;A01;2;7;0;2;1;2;1
536539529;155 777 489;B01;2;7;0;2;1;2;1
536539529;155 777 491;Z01;2;7;0;2;4;2;0
536539530;155 777 486;A01;3;10;0;2;1;1;1
536539530;155 777 488;B01;3;7;0;2;1;1;1
536539531;155 777 484;B01;3;2;13;2;8;15;1
536539531;155 777 485;A01;1;7;13;2;1;1;1
536539532;155 777 482;A01;1;7;6;0;3;11;1
536539533;155 777 479;A01;1;7;0;0;6;23;1
536539533;155 777 481;B01;1;7;1;0;2;1;1
536539533;155 777 483;C01;1;7;13;0;4;2;1
536539534;155 777 478;A01;2;7;0;2;1;1;1
536539534;155 777 480;B01;1;2;0;2;1;1;1
536539535;155 777 476;A01;1;50;0;2;1;21;3
536539535;155 777 477;B01;0;7;0;2;2;15;1
536539536;155 777 475;A01;0;7;8;0;0;1;1
536539537;155 777 474;A01;2;7;0;1;2;16;1
536539538;155 777 472;A01;2;30;0;2;1;3;1
536539538;155 777 473;B01;1;10;0;2;1;1;1
536539539;155 777 469;B01;2;7;0;2;8;15;1
536539539;155 777 470;A01;2;33;0;2;1;17;1
536539540;155 777 467;B01;3;7;0;2;8;1;1
536539540;155 777 471;A01;3;7;0;2;1;1;1
536539541;155 777 466;A01;1;10;0;2;1;15;1