Num_Acc;id_vehicule;num_veh;senc;catv;obs;obsm;choc;manv;motor
536541678;155 773 747;B01;1;10;0;2;3;1;1
536541679;155 773 745;A01;3;7;0;1;1;15;1
536541680;155 773 743;A01;1;33;0;0;1;26;6
536541680;155 773 744;B01;1;33;0;0;4;2;1
536541681;155 773 741;A01;2;7;9;2;8;9;0
536541681;155 773 742;B01;1;33;9;2;1;9;1
536541682;155 773 739;B01;1;7;0;2;7;0;1
536541682;155 773 740;A01;1;7;0;2;1;8;2
536541683;155 773 737;B01;1;7;0;2;8;15;1
536541683;155 773 738;A01;1;33;8;2;1;17;1
536541684;155 773 735;A01;1;32;0;2;1;3;1
536541684;155 773 736;B01;1;7;0;2;4;2;1
536541685;155 773 734;Z01;1;50;0;1;1;5;3
536541686;155 773 732;B01;1;34;0;2;8;1;1
536541686;155 773 733;A01;3;7;0;2;1;5;1
536541687;155 773 730;B01;2;1;1;0;1;2;5
536541687;155 773 731;A01;1;7;0;2;5;22;2
536541688;155 773 729;A01;2;50;0;1;1;1;3
536541689;155 773 727;A01;2;1;0;2;8;13;5
536541689;155 773 728;B01;1;7;0;2;8;21;1
536541690;155 773 725;B01;2;7;0;2;3;15;1
536541690;155 773 726;A01;1;7;0;2;2;5;1
536541691;155 773 724;Z01;2;7;0;1;1;1;1
536541692;155 773 723;A01;1;7;1;0;2;1;1
536541693;155 773 722;A01;1;7;1;0;1;15;1
536541694;155 773 720;A01;2;34;0;2;2;1;1
536541694;155 773 721;B01;1;1;0;2;1;16;5
536541695;155 773 719;A01;1;30;12;0;0;1;1
536541696;155 773 716;C01;0;7;0;2;4;1;1
536541696;155 773 717;B01;0;7;0;2;4;1;3
536541696;155 773 718;A01;0;7;0;2;1;0;0
536541697;155 773 714;A01;0;7;0;2;0;26;0
536541697;155 773 715;B01;0;7;0;0;0;26;3
536541698;155 773 712;A01;1;7;0;2;5;20;1
536541698;155 773 713;B01;1;30;0;2;1;1;1
536541699;155 773 711;A01;1;7;2;0;1;13;1
536541700;155 773 709;A01;1;7;17;0;1;6;1
536541701;155 773 708;A01;2;7;0;9;3;9;3
536541701;155 773 710;B01;1;80;0;2;7;9;3
536541702;155 773 705;B01;1;7;0;2;3;1;1
536541702;155 773 707;A01;1;7;0;2;1;9;1
536541703;155 773 704;A01;2;10;0;2;1;1;0
536541703;155 773 706;B01;1;7;0;2;3;1;1
536541704;155 773 701;A01;1;7;0;2;1;5;1
536541704;155 773 703;B01;2;7;0;2;1;5;1
536541705;155 773 700;A01;2;10;0;2;1;1;0
536541705;155 773 702;B01;2;10;0;2;2;1;0
536541706;155 773 697;A01;1;7;3;0;2;14;1
536541706;155 773 699;B01;1;7;1;0;7;13;1
536541707;155 773 696;A01;3;50;0;2;1;26;3
536541707;155 773 698;B01;3;7;0;2;2;9;3
536541708;155 773 693;A01;3;7;0;2;7;19;0
536541708;155 773 695;B01;3;7;0;2;1;1;1
536541709;155 773 692;B01;1;7;0;2;3;1;1
536541709;155 773 694;A01;1;7;2;2;1;0;1
536541710;155 773 691;A01;1;7;0;0;0;21;1
536541711;155 773 690;A01;3;2;14;0;1;1;1
536541712;155 773 687;A01;1;7;0;2;2;13;1
536541712;155 773 689;B01;2;7;0;2;1;1;1
536541713;155 773 686;B01;2;50;0;2;7;16;3
536541713;155 773 688;A01;2;7;0;9;3;9;1
536541714;155 773 684;A01;2;7;6;0;1;0;2
536541715;155 773 683;A01;3;7;0;9;1;1;1
536541715;155 773 685;B01;1;50;0;2;0;0;3
536541716;155 773 681;A01;1;7;0;1;7;9;1
536541717;155 773 680;A01;1;10;0;0;6;15;1
536541717;155 773 682;B01;1;2;0;2;1;17;1
536541718;155 773 679;A01;3;7;1;1;4;20;1
536541719;155 773 677;B01;1;33;0;2;1;1;1
536541719;155 773 678;A01;2;10;0;2;2;15;1
536541720;155 773 673;B01;1;7;0;2;3;11;1
536541720;155 773 675;A01;1;7;0;2;1;1;2
536541721;155 773 674;A01;2;7;0;9;1;15;1
536541721;155 773 676;B01;2;1;0;0;1;1;5
536541722;155 773 671;A01;3;7;0;2;1;15;0
536541722;155 773 672;B01;3;32;0;2;1;2;1
536541723;155 773 669;A01;2;7;13;0;2;14;1
536541724;155 773 668;A01;1;7;0;2;5;15;1
536541724;155 773 670;B01;1;7;0;2;3;1;1
536541725;155 773 665;A01;2;33;3;0;0;0;1
536541726;155 773 664;A01;3;7;0;2;1;13;1
536541726;155 773 666;B01;2;33;0;2;1;1;1
536541726;155 773 667;C01;2;7;0;2;1;1;1
536541727;155 773 662;A01;2;15;0;2;4;23;1
536541727;155 773 663;B01;2;10;0;2;1;2;1
536541728;155 773 661;A01;1;7;6;0;1;1;1
536541729;155 773 660;A01;1;10;0;1;1;16;1
536541730;155 773 658;B01;1;37;0;0;4;23;0
536541730;155 773 659;A01;1;37;14;0;1;1;1
536541731;155 773 654;B01;2;7;0;2;1;1;1
536541731;155 773 656;C01;2;33;0;2;1;1;1
536541731;155 773 657;A01;2;7;0;0;4;1;1
536541732;155 773 653;B01;2;7;0;2;3;1;1
536541732;155 773 655;A01;1;7;0;2;2;1;1
536541733;155 773 651;A01;2;1;0;2;2;19;5
536541733;155 773 652;B01;0;7;0;2;1;15;1
536541734;155 773 650;B01;1;10;0;1;1;9;1
536541735;155 773 646;A01;0;50;0;2;1;19;3
536541735;155 773 648;B01;0;7;0;0;3;0;1
536541736;155 773 645;A01;1;7;0;1;3;16;1
536541737;155 773 642;A01;1;10;0;2;5;16;1
536541737;155 773 644;B01;1;7;0;2;3;18;1
536541738;155 773 640;A01;1;7;0;2;1;19;1
536541738;155 773 643;B01;2;7;0;2;8;1;3
536541739;155 773 639;B01;2;7;0;0;4;23;1
536541739;155 773 641;A01;2;7;0;2;1;2;1
536541740;155 773 638;A01;2;33;3;0;2;14;1
536541741;155 773 637;A01;1;7;1;0;3;1;1
536541742;155 773 636;A01;3;7;0;1;1;1;1
536541743;155 773 634;A01;1;7;1;0;2;14;1
536541744;155 773 633;B01;2;7;0;2;1;1;1
536541744;155 773 635;A01;1;30;0;2;1;13;1
536541745;155 773 630;A01;1;7;13;0;8;13;2
536541746;155 773 629;A01;3;7;0;2;6;26;1
536541746;155 773 632;B01;3;0;0;2;0;14;0
536541747;155 773 628;A01;3;7;0;9;2;16;0
536541747;155 773 631;B01;1;60;0;2;0;0;5
536541748;155 773 626;A01;2;7;2;0;3;1;1
536541749;155 773 623;B01;2;7;0;2;1;15;1
536541749;155 773 627;A01;1;7;0;2;1;17;1
536541750;155 773 622;C01;1;7;0;2;6;2;1
536541750;155 773 624;A01;1;7;0;2;3;2;1
536541750;155 773 625;B01;1;2;0;2;4;2;1
536541751;155 773 617;A01;3;7;14;0;2;13;4
536541751;155 773 620;B01;3;1;0;2;1;1;5
536541752;155 773 616;A01;1;50;0;2;6;2;3
536541752;155 773 619;B01;1;7;0;2;1;2;1
536541753;155 773 618;B01;1;7;0;2;1;1;1
536541753;155 773 621;A01;1;7;0;2;8;15;1
536541754;155 773 613;A01;1;7;2;0;1;1;1
536541755;155 773 614;A01;3;7;0;2;1;19;1
536541755;155 773 615;B01;3;7;0;2;3;14;1
536541756;155 773 612;A01;1;7;13;0;1;14;1
536541757;155 773 611;A01;1;7;3;0;9;1;1
536541758;155 773 608;B01;1;10;0;2;3;9;1
536541758;155 773 610;A01;1;1;0;2;3;0;5
536541759;155 773 606;A01;3;39;0;1;2;0;0
536541760;155 773 607;B01;0;39;1;0;1;1;0
536541760;155 773 609;A01;0;7;0;4;8;23;1
536541761;155 773 604;A01;1;7;0;1;1;1;1
536541762;155 773 603;A01;1;10;0;1;3;2;0
536541763;155 773 602;A01;1;7;0;2;3;1;1
536541763;155 773 605;B01;2;7;0;2;1;13;1
536541764;155 773 601;A01;1;7;0;1;7;1;1
536541765;155 773 598;A01;0;17;0;2;1;1;1
536541765;155 773 600;B01;0;7;0;2;1;1;1
536541766;155 773 597;B01;2;80;0;2;1;15;3
536541766;155 773 599;A01;2;7;0;2;2;17;1
536541767;155 773 596;A01;1;30;0;0;0;1;1
536541768;155 773 595;A01;3;7;0;1;2;16;1
536541769;155 773 593;A01;1;7;6;0;1;0;3
536541770;155 773 592;A01;1;7;0;2;2;21;1
536541770;155 773 594;B01;1;1;0;2;6;9;5
536541771;155 773 588;A01;3;33;0;2;1;17;1
536541771;155 773 591;B01;3;7;0;2;8;15;1
536541772;155 773 587;A01;0;7;0;2;0;13;1
536541772;155 773 590;B01;0;7;0;2;0;21;1
536541773;155 773 586;A01;1;3;0;2;6;2;1
536541773;155 773 589;B01;1;7;0;2;0;2;0
536541774;155 773 583;A01;2;33;0;2;1;17;1
536541774;155 773 585;B01;2;7;0;2;8;15;1
536541775;155 773 581;A01;2;7;0;2;8;15;1
536541775;155 773 584;B01;2;33;0;2;2;17;1
536541776;155 773 577;A01;2;7;0;2;1;13;1
536541776;155 773 578;B01;1;10;0;2;1;1;1
536541777;155 773 576;B01;3;33;0;2;1;17;1
536541777;155 773 580;A01;3;7;0;2;3;15;1
536541778;155 773 574;A01;1;10;0;1;2;1;1
536541779;155 773 573;A01;1;99;1;0;1;1;6
536541780;155 773 571;A01;1;7;0;2;3;13;1
536541780;155 773 572;B01;1;7;0;2;3;1;1
536541781;155 773 570;A01;1;7;9;0;1;1;1
536541782;155 773 569;A01;2;1;3;0;1;1;5
536541783;155 773 566;A01;1;33;0;2;1;17;1
536541783;155 773 568;B01;1;7;0;2;8;15;1
536541785;155 773 564;A01;2;50;6;0;1;13;3
536541786;155 773 562;A01;1;7;0;2;3;10;1
536541786;155 773 563;B01;1;33;0;2;2;17;1
536541787;155 773 561;A01;1;10;0;1;1;1;1
536541788;155 773 558;B01;2;33;0;2;3;1;0
536541788;155 773 560;A01;1;7;0;2;3;1;1
536541789;155 773 557;A01;1;50;0;2;1;1;3
536541789;155 773 559;B01;1;7;0;9;3;1;1
536541790;155 773 555;A01;2;7;0;2;1;2;1
536541790;155 773 556;B01;2;7;0;2;5;2;1
536541791;155 773 552;A01;3;7;0;2;8;15;3
536541791;155 773 553;B01;3;30;0;2;1;15;3
536541792;155 773 554;A01;3;7;0;1;1;1;3
536541793;155 773 550;A01;1;33;0;2;7;21;1
536541793;155 773 551;B01;1;7;0;2;4;1;1
536541794;155 773 549;A01;2;60;0;0;0;25;5
536541795;155 773 548;A01;2;33;0;0;1;1;1
536541796;155 773 544;B01;1;7;0;2;4;2;1
536541796;155 773 547;A01;1;7;0;2;1;1;1
536541797;155 773 543;A01;2;14;0;2;7;16;1
536541797;155 773 546;B01;2;1;0;2;1;1;5
536541798;155 773 542;A01;1;10;0;2;3;13;1
536541798;155 773 545;B01;2;1;0;2;1;1;5
536541799;155 773 541;A01;1;2;0;0;0;1;1
536541800;155 773 538;A01;1;7;0;2;6;13;1
536541800;155 773 540;B01;1;7;0;2;0;17;0
536541801;155 773 539;A01;0;33;0;0;8;1;1
536541802;155 773 534;A01;2;36;0;0;3;15;1
536541803;155 773 533;A01;1;33;0;2;1;13;1
536541803;155 773 536;B01;1;7;0;2;3;1;1
536541804;155 773 532;A01;2;7;0;2;3;9;2
536541804;155 773 535;B01;2;1;0;2;2;1;5
536541805;155 773 528;B01;1;7;0;2;4;2;1
536541805;155 773 530;A01;1;10;0;2;1;2;1
536541806;155 773 527;A01;1;7;0;2;3;13;1
536541806;155 773 529;B01;2;7;0;2;2;1;1
536541807;155 773 526;B01;3;7;0;9;3;1;1
536541807;155 773 531;A01;3;50;0;2;1;1;3
536541808;155 773 522;B01;2;1;0;0;6;1;5
536541808;155 773 523;A01;2;7;12;2;2;17;1
536541809;155 773 521;A01;1;7;0;2;3;1;1
536541809;155 773 525;B01;1;7;0;2;8;15;1
536541810;155 773 519;A01;2;7;0;2;3;13;1
536541810;155 773 520;B01;1;7;0;2;3;1;1
536541811;155 773 515;A01;2;7;0;2;3;1;1
536541811;155 773 518;B01;1;33;0;2;1;13;1
536541812;155 773 514;A01;2;7;0;2;1;2;1
536541812;155 773 516;B01;2;2;0;0;4;0;1
536541813;155 773 512;A01;1;7;0;2;4;9;2
536541813;155 773 513;B01;1;7;0;2;1;1;1
536541813;155 773 517;C01;1;7;0;2;4;1;1
536541814;155 773 510;A01;1;7;8;0;1;9;1
536541815;155 773 509;A01;3;7;0;2;2;9;1
536541815;155 773 511;B01;1;33;0;2;1;1;1
536541816;155 773 508;A01;3;7;0;2;9;13;1
536541817;155 773 507;A01;2;33;13;0;1;1;1
536541818;155 773 506;A01;3;7;0;1;2;1;1
536541819;155 773 504;B01;2;7;0;2;4;0;1
536541819;155 773 505;A01;2;7;1;0;1;26;1
536541820;155 773 503;A01;2;7;4;0;2;0;1
536541821;155 773 500;A01;1;7;4;2;1;17;1
536541821;155 773 502;B01;1;7;0;2;3;2;3
536541822;155 773 496;C01;1;15;0;2;3;1;1
536541822;155 773 499;A01;1;33;0;2;1;13;1
536541822;155 773 501;B01;1;7;0;2;5;1;1
536541823;155 773 495;A01;1;7;0;2;3;13;1
536541823;155 773 497;B01;2;7;0;0;3;1;1
536541823;155 773 498;C01;1;7;0;0;6;23;1
536541824;155 773 492;A01;1;7;0;2;7;15;1
536541824;155 773 494;B01;1;7;0;2;0;1;1
536541825;155 773 491;A01;2;7;2;0;2;14;1
536541826;155 773 490;A01;3;7;0;0;6;2;1
536541826;155 773 493;B01;3;7;0;2;1;2;1
536541827;155 773 488;A01;1;7;8;0;1;13;1
536541828;155 773 487;A01;1;7;8;0;7;1;1
536541829;155 773 485;A01;1;7;8;0;1;0;0
536541830;155 773 484;A01;1;15;0;0;4;2;1
536541830;155 773 486;B01;1;7;0;2;1;2;1
536541831;155 773 482;A01;2;7;6;2;4;1;1
536541831;155 773 483;B01;1;7;0;2;1;15;1
536541832;155 773 481;A01;2;7;2;0;2;1;2
536541833;155 773 476;A01;1;7;0;0;1;2;1
536541833;155 773 480;B01;1;7;0;0;4;2;1
536541834;155 773 475;A01;2;10;0;0;0;0;1
536541834;155 773 478;B01;0;33;0;2;1;1;1
536541835;155 773 477;B01;1;7;0;2;1;2;1
536541835;155 773 479;A01;1;7;0;2;4;23;1
536541836;155 773 472;A01;0;10;8;0;1;0;1
536541837;155 773 471;A01;1;33;0;2;1;2;1
536541837;155 773 473;B01;1;7;0;2;4;2;2
536541838;155 773 470;B01;2;0;0;2;8;1;1
536541838;155 773 474;A01;1;30;0;2;1;1;1
536541839;155 773 469;A01;0;7;0;1;2;1;1
536541840;155 773 467;A01;1;2;0;1;1;1;1
536541841;155 773 465;A01;2;7;0;2;3;5;1
536541841;155 773 468;B01;1;13;0;2;3;1;1
536541842;155 773 464;A01;2;33;0;2;8;1;1
536541842;155 773 466;B01;2;33;0;2;7;17;1
536541843;155 773 463;A01;3;1;2;0;1;15;5
536541844;155 773 459;A01;1;7;0;2;3;11;1
536541844;155 773 462;B01;2;7;0;2;3;13;2
536541845;155 773 460;A01;1;10;8;0;2;15;1
536541846;155 773 456;A01;3;17;0;1;5;20;1
536541847;155 773 454;A01;1;7;0;2;1;0;1
536541847;155 773 455;B01;2;7;0;2;1;0;1
536541848;155 773 453;B01;1;7;0;0;4;23;1
536541848;155 773 457;A01;1;31;0;2;1;1;1
536541849;155 773 452;A01;1;10;0;1;1;0;1
536541850;155 773 450;A01;2;7;0;2;7;15;1
536541850;155 773 451;B01;1;7;0;2;1;1;1
536541851;155 773 447;A01;2;33;0;2;1;17;1
536541851;155 773 449;B01;2;7;0;2;3;0;1
536541852;155 773 446;A01;3;30;0;2;1;19;1
536541852;155 773 448;C01;3;7;0;2;2;1;1
536541853;155 773 445;A01;1;7;2;0;1;0;1
536541854;155 773 444;A01;1;33;0;0;7;1;1
536541855;155 773 441;B01;3;80;0;2;1;1;3
536541855;155 773 443;A01;3;7;0;2;3;19;1
536541856;155 773 438;A01;2;2;0;2;1;1;1
536541856;155 773 439;B01;2;31;12;0;4;23;1
536541857;155 773 437;A01;1;7;3;6;1;1;1
536541858;155 773 435;A01;1;50;0;2;8;19;3
536541858;155 773 436;B01;1;7;0;2;1;1;0
536541859;155 773 433;A01;1;7;0;2;1;9;1
536541859;155 773 434;B01;2;50;0;2;7;15;3
536541860;155 773 429;A01;2;2;0;2;1;17;1
536541860;155 773 431;B01;1;7;0;2;7;15;1
536541861;155 773 424;A01;3;7;0;1;1;1;1
536541862;155 773 423;A01;2;7;0;2;0;21;1
536541862;155 773 425;B01;2;7;0;2;1;21;1
536541862;155 773 426;C01;2;7;14;0;3;21;1
536541862;155 773 428;D01;2;7;14;0;1;2;1
536541862;155 773 432;E01;2;7;0;0;4;2;1
536541863;155 773 422;A01;2;1;12;0;0;0;5
536541864;155 773 421;A01;2;10;0;1;7;1;1
536541865;155 773 418;B01;1;1;0;2;5;15;5
536541865;155 773 420;A01;1;7;0;2;1;9;1
536541866;155 773 417;A01;1;7;0;2;1;1;1
536541866;155 773 419;B01;1;7;0;2;7;1;1
536541867;155 773 415;A01;0;7;0;2;1;15;1
536541867;155 773 416;B01;3;30;0;2;8;1;1
536541868;155 773 414;A01;1;7;13;0;9;1;1
536541869;155 773 413;A01;2;7;2;0;7;0;1
536541870;155 773 411;A01;1;32;0;0;6;0;1
536541871;155 773 409;B01;3;50;0;2;4;1;3
536541871;155 773 412;A01;3;7;0;2;1;9;1
536541872;155 773 408;A01;1;33;16;2;7;17;1
536541872;155 773 410;B01;2;7;0;2;1;15;1
536541873;155 773 405;A01;0;7;0;1;0;20;1
536541874;155 773 404;B01;1;7;0;2;2;15;1
536541874;155 773 407;A01;2;7;9;2;1;1;3
536541875;155 773 402;A01;2;7;2;0;8;1;1
536541876;155 773 401;A01;3;7;0;1;1;26;1
536541877;155 773 400;B01;1;7;0;2;1;1;1
536541877;155 773 403;A01;2;7;0;2;7;1;1
536541877;155 773 406;C01;1;7;0;2;8;23;1
536541878;155 773 398;B01;2;7;0;9;3;1;2
536541878;155 773 399;A01;1;1;0;2;7;15;5
536541879;155 773 397;A01;1;7;0;1;1;15;1
536541880;155 773 396;A01;2;7;6;0;1;13;1
536541881;155 773 395;A01;2;7;0;1;9;26;1
536541882;155 773 394;A01;0;7;0;1;3;1;1
536541883;155 773 393;A01;2;7;13;0;3;1;1
536541884;155 773 392;A01;0;31;0;6;1;1;1
536541885;155 773 389;A01;2;7;0;2;7;13;1
536541885;155 773 391;B01;1;10;0;2;1;1;1
536541886;155 773 388;A01;3;7;0;2;2;15;1
536541886;155 773 390;B01;0;32;0;2;1;1;1
536541887;155 773 385;A01;1;7;3;0;1;0;1
536541887;155 773 387;B01;2;2;0;2;1;13;1
536541888;155 773 382;A01;1;33;0;2;1;26;1
536541889;155 773 381;A01;2;10;0;2;1;1;1
536541889;155 773 383;C01;1;10;0;2;8;1;1
536541889;155 773 384;D01;1;10;0;2;8;1;1
536541889;155 773 386;B01;1;7;0;2;8;1;1
536541890;155 773 378;A01;1;7;0;2;1;2;1
536541890;155 773 380;B01;1;7;0;2;4;1;1
536541891;155 773 377;A01;2;7;8;0;9;0;1
536541892;155 773 375;A01;1;7;0;2;7;12;1
536541892;155 773 376;B01;1;33;0;2;8;26;1
536541893;155 773 374;A01;3;39;0;1;2;19;3
536541894;155 773 373;A01;2;7;3;0;0;1;1
536541895;155 773 370;A01;1;7;13;2;2;26;1
536541895;155 773 371;B01;1;15;0;2;6;1;1
536541896;155 773 369;A01;2;7;0;5;1;1;1
536541897;155 773 366;B01;0;7;0;2;1;0;0
536541897;155 773 367;A01;0;7;0;2;1;0;1
536541898;155 773 365;A01;1;7;4;2;3;2;1
536541898;155 773 368;B01;1;14;0;2;2;2;1
536541899;155 773 364;A01;1;7;13;0;1;26;1
536541900;155 773 363;A01;1;7;3;0;3;1;1
536541901;155 773 360;B01;3;80;0;2;1;1;3
536541901;155 773 361;A01;0;7;0;2;2;15;1
536541902;155 773 359;B01;1;33;0;2;1;3;1
536541902;155 773 362;A01;1;10;0;2;5;12;1
536541903;155 773 356;A01;2;7;0;2;1;13;1
536541903;155 773 358;B01;1;7;0;2;3;23;1
536541904;155 773 353;B01;2;7;0;2;6;2;1
536541904;155 773 354;C01;2;33;0;2;1;2;1
536541904;155 773 355;D01;2;7;0;2;4;0;1
536541904;155 773 357;A01;2;7;0;2;1;2;1
536541905;155 773 351;A01;1;7;0;2;1;1;1
536541905;155 773 352;B01;2;7;0;2;1;1;1
536541906;155 773 350;A01;1;30;0;0;8;1;1
536541907;155 773 348;A01;1;7;0;0;0;0;1
536541908;155 773 345;B01;1;7;0;2;1;1;2
536541908;155 773 347;A01;2;7;0;2;7;1;1
536541908;155 773 349;C01;2;7;0;2;3;1;1
536541909;155 773 344;Z01;1;10;0;2;0;11;0
536541909;155 773 346;B01;1;7;4;2;9;1;1
536541910;155 773 343;A01;1;7;0;1;6;20;1
536541911;155 773 340;B01;2;33;0;2;6;3;1
536541911;155 773 341;C01;2;7;0;2;2;1;2
536541911;155 773 342;A01;2;7;0;2;3;11;3
536541912;155 773 339;A01;3;7;0;1;4;26;1
536541913;155 773 337;A01;2;32;0;2;4;3;1
536541913;155 773 338;B01;2;7;0;2;1;1;1
536541914;155 773 335;A01;2;7;0;2;1;13;1
536541914;155 773 336;B01;1;37;0;0;3;1;1
536541915;155 773 333;A01;1;7;1;1;1;15;6
536541916;155 773 331;A01;1;33;0;2;1;2;1
536541916;155 773 334;B01;1;7;0;2;4;2;2
536541917;155 773 329;A01;2;7;0;2;3;17;1
536541917;155 773 330;B01;1;10;0;2;3;0;1
536541917;155 773 332;C01;1;10;0;2;8;0;1
536541918;155 773 327;A01;1;7;0;2;3;10;1
536541918;155 773 328;B01;1;2;0;2;1;2;1
536541919;155 773 326;A01;0;2;0;0;3;1;1
536541920;155 773 324;A01;1;7;0;2;1;2;1
536541920;155 773 325;B01;1;14;0;2;6;2;1
536541921;155 773 323;A01;1;7;12;0;1;1;1
536541922;155 773 321;B01;3;32;0;2;7;14;1
536541922;155 773 322;A01;3;10;0;2;3;16;3
536541923;155 773 317;A01;2;7;0;2;1;5;1
536541923;155 773 319;B01;1;14;0;0;1;1;1
536541924;155 773 315;C01;1;10;0;2;6;1;1
536541924;155 773 316;Z01;1;0;0;2;0;0;0
536541924;155 773 318;B01;1;7;0;2;8;1;1
536541924;155 773 320;A01;1;7;0;2;6;1;1
536541925;155 773 313;B01;2;33;0;2;2;17;1
536541925;155 773 314;A01;1;7;0;2;6;5;0
536541926;155 773 309;D01;1;7;0;2;4;2;1
536541926;155 773 310;A01;1;10;0;2;1;1;1
536541926;155 773 311;C01;1;10;0;2;4;1;1
536541926;155 773 312;B01;1;10;0;2;1;2;1
536541927;155 773 306;A01;1;7;3;0;1;2;1
536541928;155 773 305;A01;3;7;0;2;3;1;1
536541928;155 773 307;B01;3;50;0;2;4;1;3
536541929;155 773 303;A01;2;10;0;2;1;1;1
536541929;155 773 304;B01;2;7;0;2;4;1;1
536541930;155 773 301;A01;2;15;0;2;7;1;1
536541930;155 773 302;B01;2;7;0;2;9;1;1
536541931;155 773 299;A01;1;7;3;0;0;0;1
536541932;155 773 298;A01;3;7;0;2;1;1;1
536541932;155 773 300;B01;3;7;0;2;8;1;1
536541933;155 773 297;A01;3;33;0;0;0;1;1
536541934;155 773 295;A01;3;7;0;2;3;15;1
536541934;155 773 296;B01;3;1;0;2;8;1;5
536541935;155 773 294;A01;3;1;0;0;8;1;5
536541936;155 773 292;B01;1;2;0;2;7;1;0
536541936;155 773 293;A01;2;2;0;2;1;16;0
536541937;155 773 290;A01;1;7;0;1;3;1;1
536541937;155 773 291;B01;1;50;0;0;7;1;3
536541938;155 773 289;A01;1;7;0;1;2;1;2
536541939;155 773 288;A01;1;30;8;0;0;0;1
536541940;155 773 287;A01;3;7;0;1;1;1;1
536541941;155 773 286;A01;2;30;14;0;0;0;1
536541942;155 773 284;A01;2;7;4;0;0;0;1
536541943;155 773 285;A01;1;7;8;0;1;1;1
536541944;155 773 283;A01;2;31;4;0;0;1;1
536541945;155 773 281;A01;1;7;0;2;1;2;1
536541945;155 773 282;B01;1;7;0;2;4;2;1
536541946;155 773 277;A01;1;7;0;2;1;15;1
536541946;155 773 278;Y01;2;1;0;2;8;19;5
536541947;155 773 276;B01;2;7;0;2;1;1;2
536541947;155 773 279;C01;2;7;0;2;3;1;1
536541947;155 773 280;A01;1;7;16;2;3;13;1
536541948;155 773 272;A01;1;7;4;0;1;1;1
536541948;155 773 274;B01;1;17;0;2;8;0;1
536541949;155 773 271;B01;3;7;0;2;4;23;1
536541949;155 773 273;D01;3;7;0;2;4;23;1
536541949;155 773 275;A01;3;7;0;2;1;1;1
536541950;155 773 269;A01;1;7;0;2;2;14;0
536541950;155 773 270;B01;1;17;0;2;3;1;0
536541951;155 773 267;A01;3;30;0;2;0;5;1
536541951;155 773 268;B01;3;10;0;2;1;1;1
536541952;155 773 266;A01;2;7;3;0;7;1;0
536541953;155 773 263;A01;1;50;0;2;1;25;3
536541953;155 773 265;B01;3;10;0;2;2;16;1
536541954;155 773 262;A01;2;15;0;2;8;1;1
536541954;155 773 264;B01;2;7;0;2;1;1;1
536541955;155 773 260;A01;1;7;0;2;2;15;1
536541955;155 773 261;B01;1;33;0;2;1;1;1
536541956;155 773 256;A01;2;10;0;2;4;11;1
536541956;155 773 257;B01;2;31;0;2;1;3;1
536541957;155 773 255;A01;1;7;3;0;7;1;1
536541958;155 773 254;A01;1;31;0;1;7;1;0
536541959;155 773 251;A01;1;7;0;1;2;1;1
536541960;155 773 250;A01;1;7;0;2;1;1;1
536541960;155 773 252;B01;1;7;0;2;4;1;1
536541960;155 773 253;C01;1;7;0;2;4;1;1
536541961;155 773 248;A01;2;31;0;2;1;17;1
536541961;155 773 249;B01;1;10;0;2;8;1;1
536541962;155 773 245;A01;2;2;0;0;3;2;1
536541963;155 773 246;A01;0;7;0;2;1;1;1
536541963;155 773 247;B01;0;7;0;2;3;1;1
536541964;155 773 244;A01;2;33;13;0;3;1;1
536541965;155 773 242;A01;1;7;0;2;1;1;1
536541965;155 773 243;B01;2;7;0;2;1;1;1
536541966;155 773 240;A01;1;7;0;2;2;0;1
536541966;155 773 241;B01;1;7;0;2;6;2;1
536541967;155 773 238;A01;2;33;0;2;2;1;1
536541967;155 773 239;B01;2;7;0;2;1;9;1
536541968;155 773 237;A01;1;7;3;0;1;26;1
536541969;155 773 234;A01;1;7;0;2;2;1;1
536541969;155 773 236;B01;3;7;0;2;1;26;1
536541970;155 773 233;A01;1;7;0;2;3;11;1
536541970;155 773 235;B01;1;33;0;2;1;1;1
536541971;155 773 230;A01;1;7;0;2;0;0;1
536541971;155 773 231;B01;1;1;0;2;0;0;5
536541972;155 773 229;A01;1;7;0;2;5;9;0
536541972;155 773 232;B01;0;7;0;2;1;1;0
536541973;155 773 227;A01;1;7;0;2;2;1;1
536541973;155 773 228;B01;1;1;0;2;5;19;5
536541974;155 773 226;A01;2;7;0;1;4;20;1
536541975;155 773 225;A01;1;7;13;0;0;0;1
536541976;155 773 223;A01;2;7;4;0;1;1;1
536541977;155 773 222;A01;1;7;1;2;2;1;1
536541977;155 773 224;B01;1;7;0;2;1;15;1
536541978;155 773 221;A01;1;7;0;0;0;0;1
536541979;155 773 219;A01;2;10;0;2;8;15;1
536541979;155 773 220;B01;2;7;0;2;2;17;1
536541980;155 773 218;A01;2;7;6;0;1;1;1
536541981;155 773 217;Z01;1;10;0;1;1;1;1
536541982;155 773 216;A01;1;1;0;0;0;21;5
536541983;155 773 215;A01;1;40;0;1;7;1;3
536541984;155 773 213;B01;2;1;0;2;0;1;5
536541984;155 773 214;A01;1;7;0;2;2;15;1
536541985;155 773 211;A01;1;60;1;0;0;0;5
536541986;155 773 210;B01;3;7;0;0;4;1;1
536541986;155 773 212;A01;3;7;0;2;1;2;1
536541987;155 773 208;A01;1;7;0;2;7;17;1