Num_Acc;id_vehicule;num_veh;senc;catv;obs;obsm;choc;manv;motor
536542299;155 772 661;B01;2;99;0;2;1;1;1
536542300;155 772 657;A01;1;7;0;1;4;26;0
536542301;155 772 656;B01;2;7;0;2;7;1;1
536542301;155 772 658;A01;1;7;0;2;2;15;1
536542302;155 772 652;A01;2;7;7;2;2;15;3
536542302;155 772 653;B01;1;7;0;2;1;1;1
536542303;155 772 650;A01;1;7;0;2;1;1;1
536542303;155 772 651;B01;1;7;0;2;4;1;1
536542304;155 772 648;A01;2;7;0;2;2;2;1
536542304;155 772 649;B01;2;17;0;2;6;2;1
536542305;155 772 644;A01;1;7;0;2;3;13;1
536542305;155 772 645;B01;2;10;0;2;1;1;1
536542306;155 772 643;C01;1;7;0;2;4;2;1
536542306;155 772 646;B01;1;7;0;2;1;2;1
536542306;155 772 647;A01;1;10;0;2;1;9;1
536542307;155 772 641;A01;0;1;0;0;4;26;5
536542308;155 772 637;B01;3;30;0;0;4;2;1
536542308;155 772 639;A01;3;30;0;0;1;2;1
536542309;155 772 635;A01;0;7;0;1;3;19;1
536542310;155 772 634;A01;1;7;0;0;8;0;1
536542310;155 772 636;B01;1;2;0;2;1;0;1
536542311;155 772 630;A01;0;7;0;2;3;16;2
536542311;155 772 633;B01;0;7;0;2;6;1;1
536542312;155 772 631;B01;2;21;0;2;8;15;1
536542312;155 772 632;A01;1;33;0;2;3;13;1
536542313;155 772 627;A01;3;7;0;9;2;1;1
536542313;155 772 629;B01;3;60;0;2;1;26;5
536542314;155 772 626;A01;2;1;0;2;4;2;5
536542314;155 772 628;B01;2;10;0;9;2;2;1
536542315;155 772 624;A01;1;50;0;0;0;1;3
536542316;155 772 623;B01;1;2;0;2;0;1;1
536542316;155 772 625;A01;2;7;0;2;1;11;1
536542317;155 772 620;B01;2;7;0;2;1;9;1
536542317;155 772 622;A01;1;31;0;2;1;0;1
536542318;155 772 619;B01;1;33;0;2;7;21;1
536542318;155 772 621;A01;2;7;0;2;1;19;1
536542319;155 772 618;A01;2;10;0;1;3;1;1
536542320;155 772 616;A01;2;1;1;2;7;1;5
536542320;155 772 617;B01;3;10;0;2;8;24;1
536542321;155 772 614;B01;1;30;0;2;1;14;1
536542321;155 772 615;A01;2;7;0;2;2;9;1
536542322;155 772 613;A01;3;33;16;0;1;1;1
536542323;155 772 612;A01;1;33;13;0;1;1;1
536542324;155 772 611;A01;1;7;0;1;3;15;2
536542325;155 772 610;A01;1;7;0;1;1;1;1
536542326;155 772 608;A01;3;80;0;2;8;1;3
536542326;155 772 609;B01;3;32;0;2;1;1;3
536542327;155 772 607;A01;2;33;0;0;7;1;1
536542328;155 772 606;A01;3;1;0;0;0;1;5
536542329;155 772 605;A01;3;2;0;0;0;0;1
536542330;155 772 603;A01;2;7;0;2;3;10;1
536542330;155 772 604;B01;2;33;0;2;7;1;1
536542331;155 772 602;A01;1;1;0;0;9;1;5
536542332;155 772 600;A01;1;7;0;1;3;14;1
536542333;155 772 599;B01;1;50;0;2;7;1;3
536542333;155 772 601;A01;1;7;0;9;1;19;1
536542334;155 772 596;A01;1;7;0;2;1;26;1
536542334;155 772 598;B01;2;50;0;2;7;25;3
536542335;155 772 594;A01;2;10;0;0;4;2;1
536542335;155 772 595;B01;2;7;0;2;1;2;1
536542335;155 772 597;C01;2;7;0;2;1;2;1
536542336;155 772 592;A01;1;7;0;1;1;15;1
536542337;155 772 591;A01;2;7;0;2;7;1;1
536542337;155 772 593;B01;2;7;0;0;1;9;1
536542338;155 772 588;A01;1;15;0;2;7;14;1
536542338;155 772 590;B01;1;1;0;2;8;1;5
536542339;155 772 587;B01;1;10;0;2;1;9;1
536542339;155 772 589;A01;1;7;15;0;3;1;1
536542340;155 772 586;A01;2;33;9;0;1;1;1
536542341;155 772 585;A01;1;2;11;0;1;6;1
536542342;155 772 582;A01;2;7;2;0;1;1;1
536542343;155 772 583;A01;3;7;0;0;8;19;1
536542343;155 772 584;B01;3;7;0;2;1;1;1
536542344;155 772 580;A01;3;15;1;2;1;14;1
536542344;155 772 581;B01;0;17;0;2;4;24;1
536542345;155 772 579;A01;2;7;0;1;3;1;1
536542346;155 772 576;A01;1;7;0;2;8;9;1
536542346;155 772 578;B01;2;31;0;2;1;1;1
536542347;155 772 575;A01;2;7;0;2;1;1;1
536542347;155 772 577;B01;1;7;0;2;1;1;1
536542348;155 772 572;A01;1;10;0;2;2;15;1
536542348;155 772 574;B01;1;2;0;2;8;1;1
536542349;155 772 571;A01;2;31;0;2;2;1;1
536542349;155 772 573;B01;2;7;0;2;6;9;1
536542350;155 772 569;A01;2;7;13;0;1;0;1
536542351;155 772 568;B01;1;7;0;0;1;1;1
536542351;155 772 570;A01;2;7;0;2;1;13;0
536542352;155 772 565;A01;3;7;0;1;3;20;1
536542353;155 772 566;B01;1;7;0;2;3;9;2
536542353;155 772 567;A01;1;2;0;2;1;1;1
536542354;155 772 562;A01;2;7;0;2;8;1;1
536542354;155 772 564;B01;1;21;0;2;8;1;1
536542355;155 772 561;A01;2;7;0;2;3;19;1
536542355;155 772 563;B01;1;33;0;2;7;1;1
536542356;155 772 560;A01;2;7;3;0;2;0;1
536542357;155 772 558;A01;1;21;0;2;3;15;1
536542357;155 772 559;B01;1;33;0;2;1;17;1
536542358;155 772 556;A01;1;7;2;0;1;6;1
536542359;155 772 555;A01;3;7;0;2;2;0;1
536542359;155 772 557;B01;0;50;0;2;3;19;3
536542360;155 772 551;B01;2;7;0;2;4;1;1
536542360;155 772 553;A01;2;7;0;2;1;2;1
536542361;155 772 550;A01;2;10;0;2;1;2;1
536542361;155 772 552;B01;2;7;0;2;4;2;2
536542361;155 772 554;C01;2;7;0;2;1;1;1
536542362;155 772 547;A01;2;7;0;2;3;5;1
536542362;155 772 548;B01;1;15;0;2;8;1;1
536542363;155 772 540;C01;1;7;0;2;5;0;1
536542363;155 772 541;D01;1;7;0;0;4;0;1
536542363;155 772 543;A01;1;10;0;2;2;0;1
536542363;155 772 545;B01;1;7;0;2;9;0;1
536542364;155 772 537;A01;2;7;0;2;1;19;1
536542364;155 772 539;B01;2;2;0;2;1;1;1
536542365;155 772 536;A01;1;10;0;9;7;2;1
536542365;155 772 538;B01;2;1;12;2;0;1;5
536542366;155 772 534;A01;1;33;0;0;0;2;1
536542367;155 772 535;A01;1;2;12;0;0;16;1
536542368;155 772 531;A01;3;7;0;2;1;13;1
536542368;155 772 533;B01;3;7;0;2;1;1;1
536542369;155 772 530;B01;2;7;0;2;3;1;1
536542369;155 772 532;A01;1;20;0;2;5;26;1
536542370;155 772 527;A01;3;7;0;2;3;15;1
536542370;155 772 529;B01;3;33;0;2;1;17;1
536542371;155 772 526;B01;1;7;0;0;1;1;1
536542371;155 772 528;A01;2;7;0;0;1;0;1
536542372;155 772 523;A01;1;7;0;2;6;19;1
536542372;155 772 524;B01;1;3;0;2;1;1;1
536542373;155 772 522;A01;1;7;0;2;6;1;1
536542373;155 772 525;B01;1;14;0;0;2;2;1
536542374;155 772 520;A01;2;7;0;2;2;15;1
536542374;155 772 521;B01;2;7;13;2;3;1;1
536542375;155 772 519;A01;2;7;13;0;1;1;1
536542376;155 772 516;A01;2;7;0;2;2;2;1
536542376;155 772 517;B01;1;2;0;0;6;15;1
536542377;155 772 515;B01;2;1;0;2;4;2;5
536542377;155 772 518;A01;2;7;0;2;2;2;1
536542378;155 772 512;A01;3;31;0;2;1;1;1
536542378;155 772 514;B01;3;1;0;2;8;15;5
536542379;155 772 511;A01;2;7;0;9;2;19;1
536542379;155 772 513;B01;1;33;0;2;1;21;1
536542380;155 772 509;A01;2;7;13;0;0;2;1
536542381;155 772 508;A01;1;7;0;2;2;2;1
536542381;155 772 510;B01;1;7;0;0;6;1;1
536542382;155 772 505;B01;1;7;0;2;5;15;1
536542382;155 772 506;A01;1;7;0;2;3;1;1
536542382;155 772 507;C01;2;7;0;2;8;1;1
536542383;155 772 503;A01;1;2;0;2;1;3;1
536542383;155 772 504;B01;2;0;0;2;1;3;1
536542384;155 772 502;A01;1;33;15;0;8;1;1
536542385;155 772 500;A01;0;7;5;2;3;13;1
536542385;155 772 501;B01;0;13;0;2;3;1;1
536542386;155 772 499;A01;2;7;3;0;3;1;1
536542387;155 772 497;A01;1;7;0;1;3;1;1
536542388;155 772 495;C01;1;33;14;2;7;17;1
536542388;155 772 496;A01;1;10;0;2;3;1;1
536542388;155 772 498;B01;1;3;14;2;4;12;1
536542389;155 772 493;A01;2;7;0;2;3;1;1
536542389;155 772 494;B01;1;7;0;2;3;1;1
536542390;155 772 491;A01;1;7;0;2;3;1;1
536542390;155 772 492;B01;1;2;0;2;3;13;1
536542391;155 772 489;B01;0;1;0;2;1;13;5
536542391;155 772 490;A01;0;7;0;9;1;1;1
536542392;155 772 488;A01;2;7;2;0;1;1;1
536542393;155 772 485;A01;2;33;0;2;1;1;1
536542393;155 772 487;B01;2;7;0;2;8;15;1
536542394;155 772 483;A01;2;2;0;0;1;14;1
536542395;155 772 482;A01;1;7;0;2;1;2;1
536542395;155 772 484;B01;1;7;0;2;4;2;2
536542395;155 772 486;C01;1;7;0;0;4;2;1
536542396;155 772 480;A01;1;33;11;0;1;17;1
536542397;155 772 479;B01;1;33;0;2;3;1;1
536542397;155 772 481;A01;2;7;0;2;1;15;1
536542398;155 772 478;A01;2;7;14;0;9;17;1
536542399;155 772 476;A01;1;7;0;2;2;9;3
536542399;155 772 477;B01;1;33;0;2;1;1;1
536542400;155 772 474;A01;1;2;6;0;1;14;1
536542400;155 772 475;B01;2;7;0;0;0;1;1
536542401;155 772 470;A01;1;1;0;2;4;0;5
536542401;155 772 472;B01;1;30;0;2;1;0;0
536542402;155 772 469;C01;1;7;0;2;1;1;1
536542402;155 772 471;A01;2;7;0;2;1;5;3
536542402;155 772 473;B01;2;7;0;2;8;1;3
536542403;155 772 467;A01;1;15;0;2;1;1;1
536542403;155 772 468;B01;1;7;0;0;8;0;1
536542404;155 772 465;B01;0;1;0;2;0;19;5
536542404;155 772 466;A01;3;7;0;9;1;1;1
536542405;155 772 463;B01;0;13;0;2;1;2;1
536542405;155 772 464;A01;0;7;0;2;1;9;1
536542406;155 772 461;A01;2;33;0;2;1;1;1
536542407;155 772 460;B01;1;7;0;0;7;1;2
536542407;155 772 462;A01;3;7;0;2;1;19;1
536542408;155 772 456;A01;1;7;0;2;1;9;1
536542408;155 772 458;B01;1;33;0;2;7;1;1
536542409;155 772 455;B01;1;34;0;2;1;1;1
536542409;155 772 457;A01;3;7;0;2;8;16;1
536542410;155 772 454;A01;2;2;12;1;1;9;1
536542411;155 772 453;A01;2;10;0;1;2;1;3
536542412;155 772 451;A01;3;7;13;0;1;14;3
536542413;155 772 449;A01;2;33;13;0;1;1;1
536542414;155 772 450;A01;3;7;0;2;2;15;2
536542414;155 772 452;B01;3;7;0;2;3;15;1
536542415;155 772 448;A01;2;7;6;9;3;2;1
536542416;155 772 447;A01;1;7;13;0;2;1;1
536542417;155 772 444;A01;3;7;0;0;8;1;2
536542417;155 772 445;B01;3;7;0;2;3;1;1
536542418;155 772 443;A01;1;3;3;0;1;14;1
536542419;155 772 440;B01;3;7;0;0;3;15;3
536542419;155 772 442;A01;1;43;0;0;1;1;1
536542420;155 772 439;A01;1;7;0;2;1;13;1
536542420;155 772 441;B01;2;7;0;2;1;1;1
536542421;155 772 436;A01;2;7;0;2;2;15;1
536542421;155 772 438;B01;1;7;0;2;1;1;1
536542422;155 772 435;B01;2;7;0;0;3;1;0
536542422;155 772 437;A01;1;7;0;0;3;17;1
536542423;155 772 432;B01;2;33;0;2;1;1;1
536542423;155 772 434;A01;1;14;0;2;3;15;1
536542424;155 772 426;A01;2;15;0;2;8;11;1
536542424;155 772 428;B01;2;33;0;2;7;1;1
536542425;155 772 425;A01;1;7;0;2;1;2;1
536542425;155 772 427;B01;1;7;0;2;4;26;1
536542425;155 772 429;D01;1;7;0;2;4;26;1
536542425;155 772 430;E01;1;7;0;0;4;26;1
536542425;155 772 431;F01;1;15;0;0;4;26;1
536542425;155 772 433;C01;1;7;0;2;4;26;2
536542426;155 772 424;A01;1;7;4;0;1;0;1
536542427;155 772 420;A01;1;7;4;2;8;21;1
536542427;155 772 422;B01;1;7;0;2;3;13;1
536542428;155 772 419;A01;2;43;0;2;1;17;1
536542428;155 772 421;B01;2;7;0;2;1;1;1
536542428;155 772 423;C01;2;7;0;2;4;23;1
536542429;155 772 417;A01;1;7;0;2;7;12;1
536542429;155 772 418;B01;1;33;0;2;8;1;1
536542430;155 772 414;A01;1;7;0;2;1;5;1
536542430;155 772 416;B01;2;7;0;2;1;1;1
536542431;155 772 413;B01;2;17;0;2;2;1;1
536542431;155 772 415;A01;2;7;0;2;5;9;3
536542432;155 772 410;B01;2;33;0;2;8;2;1
536542432;155 772 412;A01;2;7;0;2;7;12;1
536542433;155 772 409;B01;1;7;0;2;2;2;1
536542433;155 772 411;A01;1;7;0;2;6;26;3
536542434;155 772 406;B01;1;7;0;2;4;2;1
536542434;155 772 408;A01;1;7;0;2;1;2;1
536542435;155 772 404;B01;2;10;0;2;4;2;1
536542435;155 772 405;A01;2;10;0;0;0;0;1
536542435;155 772 407;C01;2;7;0;2;4;2;2
536542436;155 772 401;A01;1;33;0;0;0;13;1
536542436;155 772 402;B01;2;7;0;0;0;0;1
536542436;155 772 403;C01;2;7;0;0;0;0;1
536542437;155 772 399;A01;1;7;0;2;2;3;1
536542437;155 772 400;B01;1;43;0;2;3;3;1
536542438;155 772 398;A01;3;7;3;0;8;21;1
536542439;155 772 394;A01;1;7;0;2;1;2;1
536542439;155 772 396;B01;1;10;0;2;4;2;1
536542440;155 772 393;B01;2;7;0;2;9;1;1
536542440;155 772 395;C01;2;7;0;2;6;1;1
536542440;155 772 397;A01;2;7;0;2;9;1;1
536542441;155 772 391;A01;3;30;0;2;1;2;1
536542441;155 772 392;B01;3;7;0;2;3;15;0
536542442;155 772 390;A01;1;7;4;0;1;0;1
536542443;155 772 389;Z01;2;0;0;1;1;0;0
536542444;155 772 385;B01;1;1;0;2;1;1;5
536542444;155 772 387;A01;1;7;0;9;3;16;1
536542445;155 772 386;A01;2;10;0;2;1;2;1
536542445;155 772 388;B01;2;7;0;2;4;2;1
536542446;155 772 384;A01;1;7;0;1;3;1;2
536542447;155 772 382;A01;1;33;0;2;1;3;1
536542447;155 772 383;B01;1;7;0;2;6;11;1
536542448;155 772 381;A01;2;80;9;0;2;1;3
536542449;155 772 378;A01;2;7;0;2;7;15;1
536542449;155 772 380;B01;1;2;14;2;2;0;1
536542450;155 772 377;A01;1;7;0;2;1;9;2
536542450;155 772 379;B01;2;37;0;2;3;1;1
536542451;155 772 374;A01;1;2;0;2;0;1;1
536542451;155 772 376;B01;2;7;0;2;0;15;1
536542452;155 772 372;C01;2;7;0;2;4;2;1
536542452;155 772 373;B01;2;7;0;2;4;0;1
536542452;155 772 375;A01;2;7;0;2;1;2;1
536542453;155 772 370;B01;2;3;0;2;1;1;3
536542453;155 772 371;A01;3;50;0;2;7;12;3
536542454;155 772 367;B01;2;7;0;2;8;1;1
536542454;155 772 369;A01;2;7;0;2;3;13;1
536542455;155 772 366;A01;2;2;0;2;8;15;1
536542455;155 772 368;B01;2;10;0;2;2;16;1
536542456;155 772 364;B01;1;7;0;2;3;1;2
536542456;155 772 365;A01;2;32;0;2;3;17;0
536542457;155 772 362;A01;1;7;0;2;2;1;1
536542457;155 772 363;B01;1;7;0;2;6;1;1
536542458;155 772 360;A01;3;37;14;0;3;1;1
536542458;155 772 361;B01;3;1;14;0;0;26;5
536542459;155 772 358;B01;1;7;0;0;0;15;1
536542459;155 772 359;A01;1;32;0;0;0;0;1
536542460;155 772 356;A01;2;7;0;2;1;2;1
536542460;155 772 357;B01;1;7;0;2;2;15;1
536542461;155 772 355;A01;2;7;0;1;2;1;1
536542462;155 772 353;B01;3;1;0;2;4;0;5
536542462;155 772 354;A01;3;7;0;2;1;0;1
536542463;155 772 351;A01;0;30;0;2;1;1;1
536542463;155 772 352;B01;0;7;0;2;3;20;1
536542464;155 772 349;A01;2;7;0;2;8;10;1
536542464;155 772 350;B01;1;2;0;2;1;1;1
536542465;155 772 348;A01;1;7;13;0;1;14;1
536542466;155 772 344;A01;2;7;0;2;1;15;1
536542466;155 772 345;B01;2;7;0;2;8;1;1
536542467;155 772 342;A01;0;7;13;0;1;1;1
536542468;155 772 341;A01;1;7;3;0;0;1;3
536542469;155 772 339;A01;3;7;0;2;5;17;1
536542469;155 772 340;B01;3;7;0;2;3;11;1
536542470;155 772 337;A01;1;7;0;2;7;13;1
536542470;155 772 338;B01;1;10;0;2;1;1;1
536542471;155 772 334;A01;1;7;0;2;1;1;1
536542471;155 772 335;B01;1;33;0;2;4;1;1
536542471;155 772 336;C01;1;7;0;2;4;23;1
536542472;155 772 332;A01;2;7;0;2;2;1;0
536542472;155 772 333;B01;2;33;0;2;3;19;6
536542473;155 772 331;A01;1;7;0;0;9;14;1
536542474;155 772 329;A01;1;7;0;2;1;1;1
536542474;155 772 330;B01;2;7;0;2;3;1;1
536542475;155 772 328;A01;2;7;6;0;1;0;1
536542476;155 772 326;A01;1;7;0;2;1;0;1
536542476;155 772 327;B01;3;1;0;2;1;1;5
536542477;155 772 324;A01;1;7;0;2;1;9;1
536542477;155 772 325;B01;0;31;0;2;4;23;0
536542478;155 772 322;B01;1;7;0;2;3;1;1
536542478;155 772 323;A01;1;7;0;2;1;1;1
536542479;155 772 321;A01;1;33;0;0;8;9;1
536542480;155 772 319;A01;2;3;0;2;2;2;1
536542480;155 772 320;B01;2;7;0;2;6;23;1
536542481;155 772 318;A01;1;7;8;0;1;17;1
536542482;155 772 316;A01;2;7;0;2;1;11;1
536542482;155 772 317;B01;1;7;0;2;1;1;1
536542483;155 772 314;B01;3;7;0;2;5;15;1
536542483;155 772 315;A01;3;7;0;2;1;1;1
536542484;155 772 313;A01;0;7;6;0;3;1;1
536542485;155 772 312;A01;3;7;14;0;1;1;1
536542486;155 772 310;B01;1;7;0;2;8;2;1
536542486;155 772 311;A01;2;7;0;2;3;15;1
536542487;155 772 308;A01;2;7;0;2;1;15;3
536542487;155 772 309;B01;1;33;0;2;1;1;1
536542488;155 772 307;A01;1;7;15;0;1;6;1
536542489;155 772 306;A01;0;7;0;1;1;1;1
536542490;155 772 304;A01;3;7;0;2;1;2;0
536542490;155 772 305;B01;3;7;0;2;4;2;0
536542491;155 772 303;A01;0;7;0;1;3;1;1
536542492;155 772 302;A01;1;7;0;1;2;18;1
536542493;155 772 300;A01;3;7;0;2;1;13;1
536542493;155 772 301;B01;1;3;0;2;1;1;1
536542494;155 772 297;A01;2;7;0;2;1;9;1
536542494;155 772 298;C01;2;7;0;2;8;1;1
536542494;155 772 299;B01;2;7;0;2;4;2;1
536542495;155 772 296;A01;0;34;0;0;7;1;1
536542496;155 772 295;A01;1;7;0;1;2;1;1
536542497;155 772 293;A01;2;7;0;2;1;14;1
536542497;155 772 294;B01;1;7;0;2;1;1;1
536542498;155 772 290;B01;2;50;0;2;7;0;3
536542498;155 772 291;A01;3;7;0;2;1;9;1
536542499;155 772 288;A01;1;7;0;2;3;10;1
536542499;155 772 289;B01;1;33;0;2;1;1;1
536542500;155 772 287;A01;0;10;2;0;1;13;1
536542501;155 772 285;Z01;3;7;0;2;0;0;0
536542501;155 772 286;B01;3;1;0;2;4;0;5
536542502;155 772 284;A01;1;33;0;1;1;0;1
536542503;155 772 282;A01;1;40;0;2;7;1;3
536542503;155 772 283;B01;1;1;0;4;2;1;5
536542504;155 772 281;Z01;0;30;0;1;1;1;1
536542505;155 772 280;Z01;0;0;0;1;1;1;0
536542506;155 772 278;B01;3;7;0;2;8;1;1
536542506;155 772 279;A01;0;7;0;2;1;15;1
536542507;155 772 277;A01;1;3;2;0;1;1;1
536542508;155 772 275;B01;1;1;0;2;5;18;5
536542508;155 772 276;A01;1;14;0;2;2;16;1
536542509;155 772 273;B01;2;50;0;2;1;15;3
536542509;155 772 274;A01;1;7;0;2;3;9;3
536542510;155 772 272;A01;2;7;0;1;3;15;1
536542511;155 772 269;C01;1;7;0;2;4;23;1
536542511;155 772 270;B01;1;7;0;2;4;23;2
536542511;155 772 271;A01;1;7;0;2;1;2;1
536542512;155 772 267;A01;2;7;0;2;2;2;1
536542512;155 772 268;B01;2;7;0;2;4;2;1
536542513;155 772 265;A01;1;7;0;2;1;2;1
536542513;155 772 266;B01;1;7;0;2;4;2;1
536542514;155 772 263;Z01;3;7;0;0;2;15;0
536542514;155 772 264;A01;3;2;0;2;7;1;3
536542515;155 772 262;Z01;1;7;0;1;1;10;2
536542516;155 772 260;A01;2;43;0;2;2;15;1
536542516;155 772 261;B01;2;2;0;2;1;1;1
536542517;155 772 258;A01;2;10;0;0;2;12;1
536542517;155 772 259;B01;2;50;0;0;8;1;3
536542518;155 772 256;B01;3;1;0;2;7;1;5
536542518;155 772 257;A01;1;7;0;9;2;2;2
536542519;155 772 255;A01;2;31;0;2;1;17;1
536542520;155 772 254;Z01;2;7;0;1;1;9;2
536542521;155 772 253;A01;3;7;0;1;1;1;3
536542522;155 772 252;A01;1;7;17;0;3;5;0
536542523;155 772 250;B01;3;14;0;2;2;9;1
536542523;155 772 251;A01;2;7;0;2;3;1;1
536542524;155 772 247;A01;2;7;0;2;7;9;1
536542524;155 772 248;B01;2;1;0;2;8;2;5
536542524;155 772 249;C01;2;1;0;2;8;2;5
536542525;155 772 245;B01;1;33;0;2;1;1;1
536542525;155 772 246;A01;3;7;0;2;3;16;1
536542526;155 772 243;B01;1;15;0;2;1;1;1
536542526;155 772 244;A01;2;7;0;2;1;5;1
536542527;155 772 241;A01;1;7;0;2;5;15;1
536542527;155 772 242;B01;1;10;0;2;3;2;1
536542528;155 772 239;A01;1;2;14;0;1;1;1
536542528;155 772 240;B01;1;7;0;0;4;23;1
536542529;155 772 237;A01;0;3;0;9;7;2;0
536542529;155 772 238;B01;0;1;0;2;8;2;5
536542530;155 772 236;A01;2;33;0;0;1;14;1
536542531;155 772 234;A01;2;7;1;0;1;16;1
536542531;155 772 235;B01;2;14;1;0;4;24;1
536542532;155 772 232;A01;1;15;0;2;3;13;1
536542532;155 772 233;B01;2;32;0;9;1;0;1
536542533;155 772 229;A01;1;7;0;2;1;13;1
536542533;155 772 230;B01;2;7;0;2;1;1;2
536542534;155 772 227;B01;1;7;0;2;1;1;1
536542534;155 772 228;A01;1;10;0;2;8;15;1
536542535;155 772 225;A01;1;7;0;2;2;0;1
536542535;155 772 226;B01;3;7;0;2;3;0;1
536542536;155 772 220;B01;2;7;3;0;4;23;1
536542536;155 772 221;C01;2;10;0;2;4;2;1
536542536;155 772 222;D01;2;7;0;0;4;2;1
536542536;155 772 223;A01;2;7;0;2;4;2;1
536542536;155 772 224;E01;2;7;0;0;4;2;2
536542537;155 772 217;A01;1;7;0;2;1;1;1
536542537;155 772 218;B01;1;7;0;2;4;1;2
536542537;155 772 219;C01;1;7;0;0;4;1;1
536542538;155 772 215;A01;2;7;0;2;3;1;1
536542538;155 772 216;B01;1;21;0;2;2;15;1
536542539;155 772 214;A01;1;33;16;0;0;1;1
536542540;155 772 213;A01;0;10;15;0;3;26;1
536542541;155 772 212;A01;1;33;2;0;1;14;1
536542542;155 772 210;A01;2;2;0;2;1;9;0
536542542;155 772 211;B01;1;10;0;2;6;9;1
536542543;155 772 207;A01;1;7;0;2;4;23;1
536542543;155 772 208;B01;1;7;0;2;4;23;1
536542543;155 772 209;C01;1;7;0;2;1;1;1
536542544;155 772 206;A01;1;7;13;0;3;1;1
536542545;155 772 205;A01;2;7;6;0;1;14;1
536542546;155 772 203;A01;1;7;0;2;3;5;1
536542546;155 772 204;B01;2;7;0;2;7;1;1
536542547;155 772 202;A01;1;1;14;0;2;1;5
536542548;155 772 200;A01;1;7;0;2;1;13;1
536542548;155 772 201;B01;2;32;0;2;1;1;1
536542549;155 772 198;A01;2;7;0;2;3;1;1
536542549;155 772 199;B01;1;10;0;2;3;1;1
536542550;155 772 196;B01;1;1;0;2;7;1;5
536542550;155 772 197;A01;2;7;0;2;2;15;1
536542551;155 772 194;A01;2;7;0;2;3;15;1
536542551;155 772 195;B01;1;33;0;2;1;1;1
536542552;155 772 193;A01;2;1;0;0;0;1;5
536542553;155 772 191;B01;2;14;0;2;3;1;1
536542553;155 772 192;A01;1;7;0;2;3;13;1
536542554;155 772 189;A01;1;10;0;2;2;21;1
536542554;155 772 190;B01;2;7;0;2;1;11;1
536542555;155 772 185;A01;3;7;0;2;8;2;3
536542555;155 772 186;B01;3;30;0;2;7;12;1
536542556;155 772 183;B01;1;0;0;0;0;2;0
536542556;155 772 184;A01;1;7;0;0;3;0;1
536542557;155 772 182;A01;2;31;13;0;2;1;1
536542558;155 772 181;A01;2;7;8;0;0;0;1
536542559;155 772 178;A01;1;7;0;2;3;26;1
536542559;155 772 179;B01;1;2;7;2;1;1;1
536542560;155 772 177;A01;2;7;3;0;8;13;1
536542561;155 772 175;A01;2;7;0;2;3;11;1
536542561;155 772 176;B01;1;14;0;2;3;21;1
536542562;155 772 173;A01;3;7;0;2;3;13;1
536542562;155 772 174;B01;3;7;0;2;3;1;1
536542563;155 772 169;A01;1;7;0;2;1;13;1
536542563;155 772 170;B01;2;15;0;2;3;21;1
536542564;155 772 162;D01;2;1;16;2;4;1;5
536542564;155 772 163;B01;2;1;16;2;4;1;5
536542564;155 772 164;A01;2;7;8;2;1;1;1
536542564;155 772 165;C01;2;1;16;2;4;1;5
536542565;155 772 161;A01;3;7;0;1;1;1;1
536542566;155 772 159;A01;1;7;0;2;1;0;1
536542566;155 772 160;B01;1;15;0;2;4;1;1
536542567;155 772 158;A01;1;14;13;0;1;13;1
536542568;155 772 156;A01;0;7;0;2;1;5;1
536542568;155 772 157;B01;0;7;0;2;1;0;1
536542569;155 772 154;A01;1;7;0;2;3;13;1
536542569;155 772 155;B01;2;7;0;2;3;0;3
536542570;155 772 152;A01;1;1;0;2;1;1;5
536542570;155 772 153;B01;1;1;0;2;4;1;5
536542571;155 772 150;B01;1;33;0;0;8;1;1
536542571;155 772 151;A01;2;7;0;2;1;15;1
536542572;155 772 148;A01;0;7;0;9;3;9;1
536542572;155 772 149;B01;0;1;0;2;7;1;5
536542573;155 772 146;A01;3;7;0;2;1;1;1
536542573;155 772 147;B01;3;7;0;2;1;1;1
536542574;155 772 144;A01;2;7;0;2;3;1;2
536542574;155 772 145;B01;1;33;0;2;1;1;1
536542575;155 772 143;A01;1;7;0;1;1;1;1
536542576;155 772 141;A01;2;10;0;2;8;9;1
536542576;155 772 142;B01;2;33;0;2;7;1;3
536542577;155 772 140;A01;2;33;0;0;8;1;1
536542578;155 772 139;A01;2;7;2;0;2;1;1
536542579;155 772 138;A01;2;2;6;0;0;0;1
536542580;155 772 136;A01;2;3;0;2;8;15;1
536542580;155 772 137;B01;2;15;0;2;2;1;1
536542581;155 772 135;A01;3;7;0;0;3;1;1
536542582;155 772 134;A01;3;14;0;1;4;4;1
536542583;155 772 132;A01;1;7;0;2;3;13;1
536542583;155 772 133;B01;1;7;0;2;7;1;1
536542584;155 772 130;B01;2;7;0;2;3;13;1
536542584;155 772 131;A01;2;7;3;2;2;21;1
536542585;155 772 128;A01;2;33;0;2;8;16;1
536542585;155 772 129;B01;2;10;0;2;1;1;1
536542586;155 772 127;A01;1;33;16;0;1;26;1
536542587;155 772 126;A01;1;17;0;1;1;1;1
536542588;155 772 124;B01;1;15;0;2;4;11;1
536542588;155 772 125;A01;1;15;0;2;1;1;1
536542589;155 772 121;A01;2;10;0;2;3;2;1
536542589;155 772 122;B01;2;7;0;2;5;2;1
536542589;155 772 123;C01;2;7;0;2;6;0;1
536542590;155 772 119;A01;1;7;0;2;1;1;2
536542590;155 772 120;B01;1;7;0;2;4;1;1