Num_Acc;id_vehicule;num_veh;senc;catv;obs;obsm;choc;manv;motor
536542591;155 772 118;A01;1;7;3;0;1;1;0
536542592;155 772 114;A01;2;7;0;2;1;11;1
536542592;155 772 115;B01;2;33;0;2;8;3;1
536542592;155 772 116;D01;2;10;0;2;0;1;1
536542592;155 772 117;C01;2;7;0;2;6;1;1
536542593;155 772 112;A01;1;7;0;2;1;1;1
536542593;155 772 113;B01;1;10;0;2;4;9;1
536542594;155 772 110;A01;2;7;0;2;1;1;1
536542594;155 772 111;B01;2;7;0;2;4;11;3
536542595;155 772 109;A01;1;7;3;0;1;1;1
536542596;155 772 108;A01;2;32;0;0;0;3;1
536542597;155 772 105;B01;2;32;0;2;7;14;1
536542597;155 772 106;A01;2;33;0;2;8;26;1
536542597;155 772 107;C01;2;7;0;2;7;1;1
536542598;155 772 104;A01;1;33;12;0;1;13;1
536542599;155 772 100;A01;2;10;0;2;1;2;1
536542599;155 772 101;B01;2;17;0;2;4;2;1
536542599;155 772 102;C01;2;7;0;2;1;2;1
536542599;155 772 103;D01;2;7;0;2;1;2;1
536542600;155 772 098;A01;1;7;0;2;5;12;1
536542600;155 772 099;B01;1;33;0;2;1;1;1
536542601;155 772 096;A01;1;33;0;2;1;1;1
536542601;155 772 097;B01;1;7;0;2;4;1;2
536542602;155 772 094;A01;1;10;0;2;1;2;1
536542602;155 772 095;B01;1;7;0;2;4;2;3
536542603;155 772 091;B01;1;7;0;2;3;11;2
536542603;155 772 092;C01;1;7;0;2;5;1;1
536542603;155 772 093;A01;1;33;0;2;1;3;1
536542604;155 772 089;B01;1;7;0;2;6;16;1
536542604;155 772 090;A01;1;33;0;2;2;16;1
536542605;155 772 087;B01;1;30;0;2;4;23;1
536542605;155 772 088;A01;1;7;0;2;1;2;1
536542606;155 772 085;B01;2;60;0;2;0;1;5
536542606;155 772 086;A01;2;7;0;2;7;16;1
536542607;155 772 083;A01;1;7;0;2;0;1;1
536542607;155 772 084;B01;1;7;0;2;0;0;1
536542608;155 772 080;A01;3;7;0;2;1;3;1
536542608;155 772 081;C01;3;7;0;2;4;23;1
536542608;155 772 082;B01;3;7;0;2;4;23;1
536542609;155 772 079;A01;1;7;0;1;1;1;1
536542610;155 772 077;A01;1;10;0;2;1;2;1
536542610;155 772 078;B01;1;7;0;2;4;2;1
536542611;155 772 076;A01;3;7;0;1;2;15;3
536542612;155 772 075;A01;2;33;0;1;1;3;1
536542613;155 772 074;A01;1;7;0;1;1;15;2
536542614;155 772 072;A01;1;33;0;2;3;8;1
536542614;155 772 073;B01;2;7;0;2;1;15;1
536542615;155 772 066;D01;2;7;0;2;2;1;3
536542615;155 772 067;A01;2;7;0;2;7;12;1
536542615;155 772 069;B01;2;33;0;2;3;3;1
536542615;155 772 071;C01;2;10;0;2;3;1;1
536542616;155 772 065;B01;2;10;0;2;4;1;0
536542616;155 772 068;A01;2;7;0;2;1;1;1
536542616;155 772 070;C01;2;7;0;2;4;1;1
536542617;155 772 063;A01;0;15;0;1;1;19;1
536542618;155 772 062;B01;2;7;0;2;4;2;1
536542618;155 772 064;A01;2;7;0;2;1;2;1
536542619;155 772 061;A01;1;32;0;0;8;1;1
536542620;155 772 059;A01;1;7;1;0;8;24;0
536542620;155 772 060;B01;1;37;1;0;7;24;0
536542621;155 772 058;A01;1;7;0;0;0;0;1
536542622;155 772 056;B01;1;7;0;2;3;15;1
536542622;155 772 057;A01;2;2;0;2;1;1;1
536542623;155 772 054;A01;2;7;0;2;4;2;1
536542623;155 772 055;B01;2;7;0;2;1;2;1
536542624;155 772 050;A01;2;7;0;2;7;1;1
536542624;155 772 053;B01;1;7;0;2;1;1;1
536542625;155 772 051;A01;1;7;0;2;1;18;1
536542625;155 772 052;B01;1;10;0;2;0;0;1
536542626;155 772 047;A01;1;7;0;2;1;15;1
536542626;155 772 049;B01;2;30;0;2;1;1;1
536542627;155 772 046;A01;2;31;0;2;8;2;1
536542627;155 772 048;B01;2;7;0;2;7;12;1
536542628;155 772 044;A01;1;30;0;2;1;2;1
536542628;155 772 045;B01;1;7;0;2;4;23;1
536542629;155 772 042;A01;3;7;0;2;1;2;1
536542629;155 772 043;B01;0;7;0;2;4;23;1
536542630;155 772 039;A01;2;1;0;2;2;1;5
536542630;155 772 041;B01;1;7;0;2;8;1;1
536542631;155 772 040;A01;1;7;4;0;4;2;1
536542632;155 772 038;A01;2;7;0;1;1;26;1
536542633;155 772 037;A01;2;33;0;0;0;26;1
536542634;155 772 034;B01;2;7;0;2;8;1;1
536542634;155 772 035;A01;3;31;0;2;1;19;1
536542635;155 772 036;A01;1;7;4;0;8;11;1
536542636;155 772 033;A01;3;7;9;0;1;1;0
536542637;155 772 032;A01;3;1;12;0;0;1;5
536542638;155 772 028;B01;1;7;0;2;2;0;1
536542638;155 772 030;A01;2;7;0;2;3;1;1
536542639;155 772 026;A01;3;33;8;0;1;0;1
536542640;155 772 023;A01;1;7;0;2;1;11;1
536542640;155 772 025;B01;2;7;0;2;3;1;1
536542641;155 772 024;A01;1;33;0;2;3;21;1
536542641;155 772 027;C01;1;33;0;2;3;21;1
536542641;155 772 029;B01;1;7;0;2;7;14;1
536542641;155 772 031;D01;1;10;0;2;7;14;1
536542642;155 772 020;A01;0;7;0;2;3;26;3
536542642;155 772 021;B01;0;34;0;2;1;1;1
536542643;155 772 022;A01;2;33;0;0;9;2;1
536542644;155 772 018;A01;2;7;1;0;2;1;1
536542645;155 772 017;A01;3;7;0;2;2;15;1
536542645;155 772 019;B01;3;1;0;2;3;26;0
536542646;155 772 016;A01;1;30;0;9;1;1;1
536542647;155 772 014;A01;1;7;0;2;8;19;1
536542647;155 772 015;B01;1;7;0;2;2;1;1
536542648;155 772 012;B01;1;50;0;2;8;19;3
536542648;155 772 013;A01;1;7;0;2;1;19;0
536542649;155 772 010;A01;1;10;0;2;7;15;1
536542649;155 772 011;B01;2;33;0;2;1;1;1
536542650;155 772 008;A01;1;7;0;2;1;17;1
536542650;155 772 009;B01;1;7;0;2;6;23;1
536542651;155 772 007;A01;1;7;0;1;1;1;1
536542652;155 772 005;A01;1;7;0;2;1;5;1
536542652;155 772 006;B01;2;7;0;2;1;1;1
536542653;155 772 003;A01;2;7;0;2;2;15;1
536542653;155 772 004;B01;1;80;0;2;1;25;3
536542654;155 771 999;A01;1;7;0;2;1;26;1
536542654;155 772 001;B01;2;7;14;0;1;5;1
536542655;155 772 000;A01;1;30;0;2;1;17;1
536542655;155 772 002;B01;1;7;0;2;3;15;1
536542656;155 771 998;A01;2;1;0;1;0;1;5
536542657;155 771 996;B01;3;7;0;2;4;1;1
536542657;155 771 997;A01;3;31;0;2;1;1;1
536542658;155 771 994;A01;2;7;1;0;1;14;1
536542659;155 771 991;A01;3;7;0;2;1;15;1
536542659;155 771 993;B01;3;31;0;2;7;17;1
536542660;155 771 992;A01;1;7;0;2;3;13;1
536542660;155 771 995;B01;1;33;0;2;3;1;1
536542661;155 771 989;A01;3;1;0;2;4;1;5
536542661;155 771 990;B01;3;50;0;2;1;13;3
536542662;155 771 987;A01;3;1;0;2;8;15;5
536542662;155 771 988;B01;3;2;0;9;8;1;1
536542663;155 771 984;A01;2;14;0;2;7;16;1
536542663;155 771 986;B01;2;1;0;2;8;26;5
536542664;155 771 983;A01;1;7;0;2;4;1;1
536542664;155 771 985;B01;1;33;0;2;1;1;1
536542665;155 771 981;A01;3;7;0;1;3;13;0
536542666;155 771 979;B01;3;7;0;2;3;19;1
536542666;155 771 980;A01;3;7;0;2;1;23;1
536542666;155 771 982;C01;1;7;0;2;3;23;1
536542667;155 771 977;A01;1;7;0;1;2;1;1
536542668;155 771 973;A01;2;30;0;2;7;9;1
536542668;155 771 974;B01;2;7;0;2;6;1;2
536542669;155 771 970;A01;2;7;0;1;3;1;2
536542670;155 771 967;B01;1;2;0;2;1;1;1
536542670;155 771 969;A01;2;7;0;2;2;15;1
536542671;155 771 966;A01;1;7;0;2;3;15;1
536542671;155 771 968;B01;2;33;0;2;1;1;1
536542672;155 771 964;A01;0;1;0;0;0;0;5
536542673;155 771 963;B01;1;7;0;2;6;1;1
536542673;155 771 965;A01;2;7;0;2;3;0;1
536542674;155 771 961;A01;2;7;12;2;2;15;1
536542674;155 771 962;B01;1;10;12;2;1;1;1
536542675;155 771 960;A01;2;7;3;0;3;13;1
536542676;155 771 957;A01;3;7;0;2;1;0;1
536542676;155 771 959;B01;3;1;0;2;1;0;5
536542677;155 771 956;A01;1;7;0;2;1;9;1
536542677;155 771 958;B01;1;10;0;2;2;1;1
536542678;155 771 955;A01;3;3;8;0;1;16;3
536542679;155 771 953;B01;1;30;0;2;1;1;1
536542679;155 771 954;A01;1;7;0;2;3;6;1
536542680;155 771 951;B01;2;7;0;2;3;1;1
536542680;155 771 952;A01;1;7;0;2;1;15;1
536542681;155 771 948;B01;1;1;0;2;1;19;5
536542681;155 771 950;A01;3;7;0;2;3;23;1
536542682;155 771 947;A01;2;7;0;2;2;15;1
536542682;155 771 949;B01;1;10;0;2;3;1;1
536542683;155 771 946;A01;0;31;0;0;8;1;1
536542684;155 771 945;A01;1;7;13;0;1;14;1
536542685;155 771 943;A01;2;7;0;2;1;19;1
536542685;155 771 944;B01;1;7;0;2;8;1;1
536542686;155 771 941;A01;1;7;0;2;3;10;1
536542686;155 771 942;B01;1;33;0;2;1;1;1
536542687;155 771 939;B01;2;1;0;2;3;13;5
536542687;155 771 940;A01;1;10;0;2;2;7;1
536542688;155 771 937;B01;3;7;0;2;5;1;1
536542688;155 771 938;A01;3;7;0;2;1;1;1
536542689;155 771 935;B01;1;10;0;2;1;1;1
536542689;155 771 936;A01;3;7;0;2;8;15;1
536542690;155 771 933;B01;1;7;0;2;6;1;1
536542690;155 771 934;A01;2;7;0;2;3;1;1
536542691;155 771 931;B01;1;32;0;2;0;1;1
536542691;155 771 932;A01;1;7;0;2;1;20;1
536542692;155 771 929;B01;2;33;0;9;3;3;1
536542692;155 771 930;A01;1;7;0;9;3;15;1
536542693;155 771 927;A01;2;10;0;2;0;0;1
536542693;155 771 928;B01;2;33;0;2;0;0;1
536542694;155 771 926;A01;1;7;0;1;1;1;1
536542695;155 771 925;A01;1;7;0;1;3;17;1
536542696;155 771 924;A01;3;1;14;0;0;1;5
536542697;155 771 923;A01;1;43;1;0;1;1;1
536542698;155 771 920;A01;3;7;0;2;1;21;1
536542698;155 771 922;B01;0;50;0;2;1;1;3
536542699;155 771 917;A01;1;30;0;2;1;1;1
536542700;155 771 915;A01;3;7;0;1;2;1;1
536542701;155 771 914;A01;2;7;0;2;1;2;1
536542701;155 771 916;B01;2;10;0;0;4;2;1
536542702;155 771 911;A01;1;10;0;2;2;13;1
536542702;155 771 913;B01;2;10;0;2;1;1;1
536542703;155 771 910;A01;1;14;0;2;3;13;1
536542703;155 771 912;B01;2;10;0;2;0;0;1
536542704;155 771 908;A01;1;7;0;2;4;4;1
536542704;155 771 909;B01;2;7;0;9;2;2;1
536542705;155 771 907;A01;1;10;0;1;1;1;1
536542706;155 771 905;B01;1;7;0;2;3;2;1
536542706;155 771 906;A01;1;30;0;2;1;2;1
536542707;155 771 902;B01;1;7;0;2;1;1;1
536542707;155 771 904;A01;2;7;0;2;7;15;1
536542708;155 771 901;A01;0;37;0;2;3;13;1
536542708;155 771 903;B01;2;7;0;2;3;0;1
536542709;155 771 900;A01;2;50;0;0;0;2;3
536542710;155 771 898;A01;3;50;0;2;5;1;3
536542710;155 771 899;B01;2;34;0;2;5;1;1
536542711;155 771 896;B01;2;33;0;2;1;1;1
536542711;155 771 897;A01;1;7;0;2;3;15;1
536542712;155 771 894;A01;3;1;0;2;1;1;5
536542712;155 771 895;B01;1;1;0;2;1;1;5
536542713;155 771 892;A01;1;33;0;2;8;13;1
536542713;155 771 893;B01;1;33;0;2;7;2;1
536542714;155 771 891;A01;3;1;0;1;1;13;5
536542715;155 771 888;A01;1;20;0;2;1;2;1
536542715;155 771 889;C01;1;33;0;2;4;2;1
536542715;155 771 890;B01;1;7;0;2;4;2;2
536542716;155 771 887;A01;1;7;0;1;1;1;2
536542717;155 771 884;B01;1;33;1;2;2;1;1
536542717;155 771 886;A01;1;7;0;2;3;15;2
536542718;155 771 883;A01;2;32;0;2;6;15;1
536542718;155 771 885;Z01;2;31;0;2;0;0;0
536542719;155 771 881;A01;2;37;0;0;0;24;1
536542720;155 771 879;A01;1;31;0;2;1;3;1
536542720;155 771 880;C01;1;7;0;2;4;1;1
536542720;155 771 882;B01;1;7;0;2;6;1;1
536542721;155 771 877;B01;2;1;0;2;1;1;5
536542721;155 771 878;A01;1;1;0;2;1;13;5
536542722;155 771 874;A01;1;7;8;0;1;14;1
536542723;155 771 875;A01;1;7;0;2;8;22;2
536542723;155 771 876;Y01;1;1;0;2;3;1;5
536542724;155 771 873;A01;0;7;0;1;3;26;2
536542725;155 771 871;A01;1;1;0;2;7;15;5
536542725;155 771 872;B01;3;1;0;2;1;1;5
536542726;155 771 870;A01;1;80;0;1;1;1;3
536542727;155 771 867;A01;3;7;0;2;8;9;1
536542727;155 771 869;B01;1;33;0;2;1;17;1
536542728;155 771 866;A01;3;7;0;2;3;15;1
536542728;155 771 868;B01;1;43;0;2;3;15;1
536542729;155 771 865;A01;2;1;0;0;0;21;5
536542730;155 771 863;B01;3;7;6;0;4;26;1
536542730;155 771 864;A01;2;7;1;0;1;26;1
536542731;155 771 861;A01;3;1;0;2;3;13;5
536542731;155 771 862;B01;3;1;0;2;3;1;5
536542732;155 771 860;A01;2;30;0;2;1;1;3
536542733;155 771 858;B01;3;1;0;0;0;0;5
536542733;155 771 859;A01;3;33;0;0;0;2;1
536542734;155 771 857;A01;1;43;14;0;8;1;1
536542735;155 771 856;A01;2;33;11;0;1;1;1
536542736;155 771 853;A01;1;43;0;2;1;7;1
536542736;155 771 855;B01;3;7;0;2;2;15;3
536542737;155 771 854;A01;1;32;11;0;1;12;3
536542738;155 771 851;B01;1;2;1;0;1;2;1
536542738;155 771 852;A01;1;7;0;2;8;22;1
536542739;155 771 849;A01;3;7;0;2;1;2;1
536542739;155 771 850;B01;3;7;0;2;4;23;1
536542740;155 771 848;A01;3;50;0;0;1;1;3
536542741;155 771 847;A01;0;50;11;0;1;26;3
536542742;155 771 843;A01;2;7;0;2;1;1;1
536542742;155 771 844;B01;2;7;0;2;9;23;2
536542742;155 771 846;C01;2;7;0;2;4;23;1
536542743;155 771 842;A01;1;7;0;2;1;1;1
536542743;155 771 845;B01;3;50;0;2;3;19;3
536542744;155 771 840;A01;2;33;0;2;7;17;1
536542744;155 771 841;B01;2;7;0;2;3;15;1
536542745;155 771 839;A01;3;7;0;1;2;26;1
536542746;155 771 836;A01;3;7;14;1;1;1;1
536542747;155 771 837;A01;3;7;0;2;1;15;1
536542747;155 771 838;B01;3;33;0;2;3;2;1
536542748;155 771 833;A01;1;33;0;2;4;14;1
536542748;155 771 835;B01;1;7;0;2;1;1;1
536542749;155 771 832;A01;3;7;0;2;3;26;1
536542749;155 771 834;B01;3;32;0;2;3;1;0
536542750;155 771 830;B01;2;30;0;2;1;19;1
536542750;155 771 831;A01;2;7;0;2;3;12;1
536542751;155 771 825;A01;2;10;0;2;1;2;1
536542751;155 771 826;B01;2;7;0;2;9;2;1
536542751;155 771 827;C01;2;7;0;2;4;2;1
536542752;155 771 824;A01;1;30;0;0;0;1;1
536542753;155 771 822;A01;1;31;0;0;0;0;1
536542754;155 771 821;B01;2;50;0;0;0;0;3
536542754;155 771 823;A01;3;7;0;0;1;26;1
536542755;155 771 820;A01;0;1;0;0;0;0;5
536542756;155 771 818;B01;3;7;0;2;2;14;1
536542756;155 771 819;A01;3;33;0;2;8;2;1
536542757;155 771 815;A01;1;50;0;2;3;18;3
536542757;155 771 816;B01;1;7;0;9;7;16;1
536542758;155 771 814;B01;0;7;0;2;8;19;3
536542758;155 771 817;A01;1;7;8;2;1;1;1
536542759;155 771 812;A01;1;7;8;0;1;1;1
536542760;155 771 810;A01;3;33;0;2;1;3;1
536542760;155 771 811;C01;3;7;0;2;3;23;1
536542760;155 771 813;B01;3;30;0;2;8;13;3
536542761;155 771 807;A01;1;7;0;2;3;13;0
536542761;155 771 809;B01;2;33;0;2;8;1;1
536542762;155 771 806;A01;1;30;0;2;4;20;1
536542762;155 771 808;B01;1;7;0;2;4;13;1
536542763;155 771 805;A01;0;33;0;0;9;16;1
536542764;155 771 804;A01;1;33;2;0;1;1;1
536542765;155 771 802;A01;2;7;4;0;3;1;1
536542766;155 771 801;B01;2;33;0;2;1;1;1
536542766;155 771 803;A01;1;7;0;2;5;15;1
536542767;155 771 800;A01;1;7;14;0;3;21;1
536542768;155 771 798;A01;1;33;0;2;1;17;1
536542768;155 771 799;B01;2;7;0;2;1;1;1
536542769;155 771 797;A01;3;33;1;0;2;16;1
536542770;155 771 793;A01;1;10;0;2;7;15;1
536542770;155 771 795;B01;2;33;0;2;1;1;1
536542771;155 771 791;C01;3;7;0;2;4;2;1
536542771;155 771 792;A01;0;10;0;2;1;2;1
536542771;155 771 794;B01;3;7;0;2;4;2;1
536542771;155 771 796;D01;3;7;0;0;4;2;1
536542772;155 771 788;A01;2;7;2;0;8;1;1
536542773;155 771 789;A01;2;7;0;2;3;15;3
536542773;155 771 790;B01;2;32;0;2;2;17;1
536542774;155 771 786;A01;2;33;16;0;9;26;1
536542775;155 771 785;A01;1;38;1;1;4;23;1
536542775;155 771 787;B01;1;14;0;0;1;1;1
536542776;155 771 781;A01;2;10;0;2;3;19;1
536542776;155 771 783;B01;1;2;0;2;1;1;1
536542777;155 771 780;A01;2;10;0;0;9;26;1
536542778;155 771 779;A01;1;7;13;0;2;0;1
536542779;155 771 776;A01;1;7;3;0;9;1;1
536542780;155 771 774;B01;1;7;0;2;4;1;1
536542780;155 771 775;C01;1;7;0;2;1;1;1
536542780;155 771 777;D01;1;7;0;2;1;21;1
536542780;155 771 778;A01;2;7;0;2;9;21;1
536542781;155 771 773;A01;1;7;13;0;1;1;2
536542782;155 771 771;B01;2;7;8;2;1;1;2
536542782;155 771 772;A01;1;7;0;2;3;1;1
536542783;155 771 769;A01;1;7;2;0;1;14;1
536542784;155 771 768;A01;2;7;8;2;3;1;1
536542784;155 771 770;B01;2;7;1;2;1;1;1
536542785;155 771 766;A01;2;7;13;0;2;0;6
536542786;155 771 764;A01;1;7;0;2;1;15;1
536542786;155 771 765;B01;2;33;0;2;1;1;1
536542786;155 771 767;C01;1;7;0;2;1;1;1
536542787;155 771 762;A01;1;7;0;9;2;1;1
536542787;155 771 763;B01;2;1;0;2;3;15;5
536542788;155 771 760;B01;1;33;0;0;1;1;1
536542788;155 771 761;A01;1;7;0;0;3;9;1
536542789;155 771 758;A01;2;7;16;0;9;1;1
536542790;155 771 757;A01;2;7;0;2;1;2;1
536542790;155 771 759;B01;2;10;0;2;4;2;1
536542791;155 771 756;A01;1;7;0;1;3;1;1
536542792;155 771 754;B01;2;0;0;2;1;13;0
536542792;155 771 755;A01;1;1;0;2;1;26;5
536542793;155 771 750;A01;1;7;0;2;3;13;1
536542793;155 771 753;B01;2;7;0;2;3;1;1
536542794;155 771 749;A01;2;7;0;2;3;17;1
536542794;155 771 751;C01;1;7;0;0;4;15;1
536542794;155 771 752;B01;1;7;0;2;3;1;1
536542795;155 771 746;B01;2;7;0;2;2;12;1
536542795;155 771 748;A01;1;2;0;2;8;1;0
536542796;155 771 745;B01;2;1;0;2;8;1;5
536542796;155 771 747;A01;3;21;0;2;3;16;1
536542797;155 771 744;A01;1;7;9;0;3;1;1
536542798;155 771 738;A01;2;7;0;0;0;1;2
536542799;155 771 739;A01;2;7;2;0;1;1;1
536542800;155 771 737;A01;2;33;13;0;7;1;0
536542801;155 771 736;A01;1;3;1;0;1;1;3
536542802;155 771 735;A01;1;33;0;0;0;1;1
536542803;155 771 732;A01;2;7;13;0;2;1;1
536542804;155 771 731;B01;1;1;0;2;1;1;5
536542804;155 771 733;A01;2;7;0;9;2;15;3
536542804;155 771 734;C01;1;1;0;2;1;1;5
536542805;155 771 730;A01;1;1;0;0;1;1;5
536542806;155 771 728;B01;2;33;0;2;1;1;1
536542806;155 771 729;A01;1;21;0;2;2;19;1
536542807;155 771 726;A01;1;7;0;0;7;15;1
536542807;155 771 727;B01;2;33;0;2;1;1;1
536542808;155 771 724;A01;2;7;0;2;1;1;1
536542808;155 771 725;B01;2;7;0;2;3;9;1
536542809;155 771 722;A01;2;13;0;2;5;2;1
536542809;155 771 723;B01;2;1;0;2;0;2;5
536542810;155 771 720;A01;1;7;0;2;1;13;1
536542810;155 771 721;B01;3;10;0;2;3;1;1
536542811;155 771 718;A01;3;7;0;2;3;1;1
536542811;155 771 719;B01;3;7;0;2;3;1;1
536542812;155 771 717;A01;3;7;0;1;4;4;1
536542813;155 771 715;A01;1;7;0;2;2;9;1
536542813;155 771 716;B01;1;3;0;2;1;1;1
536542814;155 771 713;A01;1;7;0;2;3;17;1
536542814;155 771 714;B01;2;7;0;2;3;1;1
536542815;155 771 711;B01;2;2;0;0;4;10;1
536542815;155 771 712;A01;2;33;0;2;1;2;1
536542816;155 771 708;C01;1;7;0;9;2;17;1
536542816;155 771 709;A01;1;17;0;0;6;24;6
536542816;155 771 710;B01;1;17;1;0;2;1;1
536542817;155 771 706;B01;1;7;0;2;4;23;2
536542817;155 771 707;A01;2;33;1;2;1;3;1
536542818;155 771 704;A01;1;7;13;2;3;13;1
536542818;155 771 705;B01;2;7;3;2;3;1;1
536542819;155 771 703;A01;2;7;8;0;1;14;1
536542820;155 771 701;B01;2;7;0;2;3;1;1
536542820;155 771 702;A01;1;7;0;2;3;13;1
536542821;155 771 699;A01;3;33;0;2;8;17;1
536542821;155 771 700;B01;3;7;0;2;3;1;1
536542822;155 771 696;A01;1;10;13;0;9;1;1
536542823;155 771 694;A01;1;33;0;2;3;0;1
536542823;155 771 695;B01;1;10;0;2;7;0;1
536542824;155 771 693;A01;2;7;12;0;1;13;1
536542825;155 771 689;A01;2;7;0;2;8;2;1
536542825;155 771 690;B01;2;33;0;2;1;2;1
536542826;155 771 688;A01;1;50;2;0;2;25;3
536542827;155 771 687;A01;1;7;6;0;1;1;1
536542828;155 771 686;A01;2;2;16;0;9;14;1
536542829;155 771 685;A01;2;10;8;0;2;17;1
536542830;155 771 684;A01;1;10;6;0;2;1;1
536542831;155 771 683;A01;1;7;0;1;2;15;1
536542832;155 771 681;A01;1;7;0;2;7;19;1
536542832;155 771 682;B01;1;1;0;2;1;1;5
536542833;155 771 679;B01;2;7;0;2;3;1;1
536542833;155 771 680;A01;1;7;0;2;3;1;1
536542834;155 771 678;A01;1;7;2;0;1;14;1
536542835;155 771 677;A01;0;7;0;0;1;1;0
536542836;155 771 674;B01;2;33;0;2;5;2;0
536542836;155 771 676;A01;2;7;0;2;3;9;1
536542837;155 771 673;B01;2;7;0;2;4;1;1
536542837;155 771 675;A01;2;7;0;2;1;2;1
536542838;155 771 669;B01;1;7;4;2;6;1;1
536542838;155 771 671;Z01;1;7;0;2;1;3;1
536542839;155 771 668;C01;2;7;4;2;2;1;1
536542839;155 771 670;A01;1;7;0;2;1;13;1
536542839;155 771 672;B01;2;7;4;2;1;1;1
536542840;155 771 667;A01;1;7;4;0;8;0;1
536542841;155 771 665;A01;2;7;0;0;1;0;1
536542841;155 771 666;B01;1;7;0;2;1;1;1
536542842;155 771 660;A01;2;7;0;2;1;2;2
536542842;155 771 662;B01;2;7;0;2;4;2;1
536542842;155 771 663;C01;2;7;0;2;4;2;1
536542842;155 771 664;D01;2;7;0;2;5;2;1
536542843;155 771 661;A01;3;7;0;1;0;1;1
536542844;155 771 656;B01;2;7;0;2;6;1;0
536542844;155 771 657;C01;2;7;0;2;7;1;0
536542844;155 771 659;A01;2;7;0;2;2;13;0
536542845;155 771 655;A01;2;7;0;2;6;1;1
536542845;155 771 658;B01;2;33;0;2;1;1;1
536542846;155 771 654;A01;2;7;11;0;1;1;0
536542847;155 771 651;A01;2;7;2;2;1;13;1
536542848;155 771 652;A01;1;33;0;2;9;0;1
536542848;155 771 653;B01;1;10;0;0;4;1;1
536542849;155 771 648;A01;2;33;0;2;1;2;1
536542849;155 771 649;B01;2;33;0;2;8;1;1
536542850;155 771 647;B01;2;13;3;2;8;1;1
536542850;155 771 650;A01;2;7;3;2;5;14;1
536542851;155 771 643;A01;1;7;0;2;1;2;1
536542851;155 771 645;B01;1;7;0;2;4;23;1
536542852;155 771 642;A01;1;7;0;2;1;1;1
536542852;155 771 644;B01;1;7;0;2;0;2;1
536542852;155 771 646;C01;1;7;0;2;0;2;1
536542853;155 771 638;A01;1;7;0;2;1;2;1
536542853;155 771 640;B01;1;7;0;2;4;2;1
536542854;155 771 637;A01;1;7;0;2;1;2;1
536542854;155 771 639;B01;1;7;0;2;4;2;1
536542854;155 771 641;C01;1;7;0;2;4;2;1
536542855;155 771 635;A01;1;7;0;2;3;11;1
536542855;155 771 636;B01;1;33;0;2;3;1;1
536542856;155 771 632;A01;2;7;0;2;3;1;1
536542856;155 771 633;C01;2;7;0;2;3;1;1
536542856;155 771 634;B01;2;15;0;2;2;0;1
536542857;155 771 631;A01;2;7;4;0;3;17;1
536542858;155 771 625;A01;2;7;0;2;1;1;1
536542858;155 771 627;B01;2;7;0;2;6;21;1
536542858;155 771 629;C01;2;7;0;2;8;1;1
536542858;155 771 630;D01;2;7;0;2;8;1;1
536542859;155 771 626;A01;2;33;3;2;1;2;1
536542859;155 771 628;B01;2;7;3;2;4;1;2
536542860;155 771 623;A01;1;33;0;2;0;1;1
536542861;155 771 622;B01;2;7;0;2;6;2;2
536542861;155 771 624;A01;2;33;0;2;1;3;1
536542862;155 771 620;A01;1;7;0;2;1;1;1
536542862;155 771 621;B01;1;7;0;2;4;1;1
536542863;155 771 619;A01;2;7;0;2;1;1;1
536542864;155 771 615;B01;2;7;0;2;4;1;1
536542864;155 771 617;A01;2;7;0;2;2;1;1
536542865;155 771 613;C01;1;7;0;2;4;2;1
536542865;155 771 614;A01;1;7;0;2;1;2;1
536542865;155 771 616;D01;1;7;0;2;4;2;2
536542865;155 771 618;B01;1;7;0;2;4;2;1
536542866;155 771 611;A01;2;7;0;2;1;2;1
536542866;155 771 612;B01;2;7;0;2;4;2;1
536542867;155 771 609;A01;2;7;0;2;3;11;1
536542867;155 771 610;B01;2;33;0;2;7;3;1
536542868;155 771 608;A01;1;7;0;2;1;2;4
536542869;155 771 606;B01;2;7;0;2;6;0;1
536542869;155 771 607;A01;2;7;0;2;3;0;1
536542870;155 771 604;A01;3;33;0;2;7;10;1
536542870;155 771 605;B01;3;7;0;2;1;26;1
536542871;155 771 601;B01;1;7;0;2;4;2;1
536542871;155 771 602;C01;1;7;0;2;4;2;1
536542871;155 771 603;A01;1;7;0;2;1;2;1
536542872;155 771 599;A01;1;33;0;2;7;1;1
536542872;155 771 600;B01;1;7;0;2;8;13;1
536542873;155 771 596;B01;3;50;0;2;0;1;3
536542873;155 771 598;A01;1;50;0;2;1;26;3
536542874;155 771 595;A01;3;7;0;2;1;15;1
536542874;155 771 597;B01;3;1;0;2;1;25;5
536542875;155 771 594;A01;1;30;0;1;1;1;1
536542876;155 771 591;A01;1;34;0;2;1;1;3
536542876;155 771 593;B01;2;7;0;2;1;15;1
536542877;155 771 592;A01;2;1;0;0;0;0;5
536542878;155 771 589;A01;3;7;13;0;1;20;2
536542879;155 771 588;A01;3;7;0;2;7;2;1
536542879;155 771 590;B01;3;7;0;2;3;24;1
536542880;155 771 587;A01;2;7;0;1;1;1;1
536542881;155 771 584;B01;2;2;0;2;0;0;1
536542881;155 771 586;A01;0;7;0;2;1;9;2
536542882;155 771 583;A01;1;7;0;2;8;1;1
536542882;155 771 585;B01;1;32;0;2;1;21;1