Num_Acc;id_vehicule;num_veh;senc;catv;obs;obsm;choc;manv;motor
536542883;155 771 582;A01;1;33;0;0;0;0;1
536542884;155 771 581;Z01;3;99;0;1;4;21;0
536542885;155 771 578;A01;1;7;0;2;3;11;1
536542885;155 771 580;B01;2;2;0;2;8;2;1
536542886;155 771 577;B01;0;7;0;2;2;0;1
536542886;155 771 579;A01;1;7;0;2;0;0;1
536542887;155 771 574;A01;2;30;0;2;3;18;3
536542887;155 771 576;B01;2;7;0;2;7;2;1
536542888;155 771 573;A01;1;7;0;2;1;1;1
536542888;155 771 575;B01;1;50;0;0;7;1;3
536542889;155 771 572;A01;2;7;1;0;1;26;1
536542890;155 771 568;A01;1;30;0;2;1;1;1
536542890;155 771 570;B01;2;7;0;2;8;16;2
536542891;155 771 569;B01;0;10;0;2;4;1;1
536542891;155 771 571;A01;0;32;0;2;1;1;1
536542892;155 771 567;A01;1;33;0;0;0;0;1
536542893;155 771 565;B01;1;34;0;2;7;2;1
536542893;155 771 566;A01;1;7;0;2;3;11;1
536542894;155 771 563;A01;2;10;0;2;1;2;1
536542894;155 771 564;B01;2;7;0;2;4;1;1
536542895;155 771 560;A01;1;34;12;2;8;1;1
536542895;155 771 561;B01;3;7;0;9;8;1;1
536542896;155 771 559;B01;2;2;0;2;1;1;1
536542896;155 771 562;A01;1;7;0;2;7;15;1
536542897;155 771 557;A01;1;7;0;2;8;16;1
536542897;155 771 558;B01;1;99;0;2;7;16;3
536542898;155 771 554;A01;2;7;0;1;2;1;1
536542899;155 771 555;A01;1;10;0;2;2;1;1
536542899;155 771 556;B01;0;1;0;2;8;25;5
536542900;155 771 550;B01;1;33;0;2;4;23;1
536542900;155 771 553;A01;1;7;0;2;1;0;1
536542901;155 771 549;C01;1;17;0;0;0;24;1
536542901;155 771 551;A01;2;37;1;0;0;12;0
536542901;155 771 552;B01;2;50;1;2;3;3;3
536542902;155 771 548;A01;3;7;0;1;3;15;1
536542903;155 771 547;A01;1;43;0;2;1;19;1
536542904;155 771 545;A01;1;7;0;1;4;4;1
536542905;155 771 544;A01;1;7;0;2;6;1;1
536542905;155 771 546;B01;3;10;0;2;1;2;1
536542906;155 771 542;A01;1;7;0;2;0;13;1
536542907;155 771 541;A01;1;30;1;0;6;11;1
536542907;155 771 543;B01;1;10;1;0;6;11;1
536542908;155 771 540;A01;3;7;0;1;1;1;1
536542909;155 771 538;A01;1;7;1;2;3;16;1
536542909;155 771 539;B01;1;30;0;0;2;0;1
536542910;155 771 536;A01;2;10;0;2;3;21;1
536542910;155 771 537;B01;1;30;0;2;9;0;1
536542911;155 771 533;A01;3;7;0;1;2;1;2
536542912;155 771 534;B01;0;7;0;2;6;15;1
536542912;155 771 535;A01;0;7;0;2;3;15;1
536542913;155 771 529;B01;1;10;0;2;4;1;1
536542913;155 771 532;A01;1;10;0;2;1;1;1
536542914;155 771 530;A01;1;15;0;2;3;15;1
536542914;155 771 531;B01;1;7;0;2;2;17;1
536542915;155 771 525;A01;1;10;0;2;8;1;1
536542915;155 771 528;B01;2;10;0;2;6;1;1
536542916;155 771 526;A01;1;7;0;2;1;2;1
536542916;155 771 527;B01;1;7;15;0;4;0;1
536542917;155 771 522;B01;0;50;0;2;1;0;3
536542917;155 771 523;A01;0;7;9;2;1;26;1
536542918;155 771 521;B01;1;10;0;2;7;23;3
536542918;155 771 524;A01;1;1;0;2;1;3;5
536542919;155 771 519;A01;1;7;8;0;1;19;1
536542920;155 771 518;A01;2;7;0;2;3;1;1
536542920;155 771 520;B01;2;33;0;2;8;16;1
536542921;155 771 517;A01;0;31;0;2;4;1;1
536542922;155 771 516;Z01;1;10;0;1;0;26;0
536542923;155 771 514;A01;1;7;0;2;3;9;2
536542923;155 771 515;B01;1;50;0;2;7;1;3
536542924;155 771 512;A01;2;7;0;2;1;2;1
536542924;155 771 513;B01;2;80;0;0;4;2;3
536542925;155 771 510;A01;1;7;0;2;3;11;3
536542925;155 771 511;B01;1;2;0;2;9;2;1
536542926;155 771 509;A01;1;7;0;1;1;1;2
536542927;155 771 507;A01;2;7;0;2;1;9;1
536542927;155 771 508;B01;1;2;0;2;1;1;1
536542928;155 771 506;A01;1;7;1;0;7;4;1
536542929;155 771 502;A01;2;33;1;0;1;1;1
536542930;155 771 503;B01;2;10;0;2;0;15;0
536542930;155 771 504;A01;1;7;0;2;2;0;1
536542931;155 771 500;A01;2;7;0;2;3;15;1
536542931;155 771 501;B01;2;2;0;2;2;17;1
536542932;155 771 499;A01;1;7;0;1;1;1;1
536542933;155 771 497;A01;1;7;12;0;1;1;1
536542934;155 771 496;A01;1;7;6;2;1;1;1
536542934;155 771 498;B01;1;7;0;2;2;1;1
536542935;155 771 495;A01;1;7;0;1;4;20;1
536542936;155 771 494;A01;3;50;12;0;1;16;3
536542937;155 771 493;A01;2;13;6;0;1;1;1
536542938;155 771 490;A01;3;7;0;2;1;15;1
536542938;155 771 492;B01;3;7;0;2;1;1;1
536542939;155 771 489;B01;1;7;0;2;1;1;1
536542939;155 771 491;A01;1;7;0;2;3;1;1
536542940;155 771 486;B01;2;7;0;2;3;15;1
536542940;155 771 488;A01;1;7;0;2;7;16;1
536542941;155 771 484;A01;1;7;0;2;1;0;1
536542941;155 771 485;B01;1;2;0;0;4;0;1
536542941;155 771 487;C01;1;10;0;2;4;0;1
536542942;155 771 479;A01;3;37;0;2;7;1;1
536542942;155 771 482;B01;3;10;0;2;4;4;1
536542943;155 771 476;A01;2;7;0;2;2;15;1
536542943;155 771 478;B01;2;43;0;2;1;1;1
536542944;155 771 475;A01;1;7;0;2;5;15;1
536542944;155 771 477;B01;2;33;0;2;1;1;1
536542945;155 771 472;B01;3;1;0;2;4;19;5
536542945;155 771 474;A01;3;7;0;2;1;23;1
536542946;155 771 473;A01;3;7;0;1;3;1;1
536542947;155 771 469;A01;1;7;0;2;1;2;1
536542947;155 771 471;B01;1;7;0;2;4;2;1
536542948;155 771 466;A01;1;7;0;2;1;2;1
536542948;155 771 468;B01;1;1;0;2;4;1;5
536542949;155 771 465;B01;3;50;0;2;5;1;3
536542949;155 771 467;A01;3;7;0;2;1;0;1
536542950;155 771 463;A01;2;33;0;2;1;2;1
536542950;155 771 464;B01;2;33;0;2;4;1;1
536542951;155 771 461;A01;2;30;0;2;7;1;1
536542951;155 771 462;B01;1;7;0;2;2;1;1
536542952;155 771 459;A01;3;33;0;2;0;1;1
536542952;155 771 460;B01;3;7;0;2;5;9;1
536542953;155 771 457;A01;1;7;0;2;1;1;1
536542953;155 771 458;B01;1;7;0;2;4;1;1
536542954;155 771 452;D01;1;7;0;2;1;2;1
536542954;155 771 453;C01;1;7;0;2;4;2;1
536542954;155 771 455;A01;1;7;0;2;6;21;1
536542954;155 771 456;B01;1;7;0;2;2;2;1
536542955;155 771 451;B01;1;7;0;2;1;1;1
536542955;155 771 454;A01;1;7;14;2;1;1;1
536542956;155 771 449;A01;1;33;0;2;9;14;1
536542956;155 771 450;B01;1;7;0;2;6;1;1
536542957;155 771 446;A01;3;7;2;0;1;1;1
536542958;155 771 447;A01;1;7;0;2;2;1;1
536542958;155 771 448;B01;2;7;0;2;5;15;2
536542959;155 771 443;A01;0;7;0;2;1;1;1
536542959;155 771 445;B01;0;7;0;2;8;1;1
536542960;155 771 442;A01;3;7;0;2;3;15;1
536542960;155 771 444;B01;3;33;0;2;8;1;1
536542961;155 771 438;A01;2;7;0;2;2;9;1
536542961;155 771 439;B01;1;33;0;2;1;1;1
536542962;155 771 437;A01;3;50;0;1;1;21;3
536542963;155 771 436;A01;2;7;13;0;3;1;1
536542964;155 771 434;B01;1;80;0;2;3;19;3
536542964;155 771 435;A01;1;31;0;2;1;17;1
536542965;155 771 433;A01;3;7;8;0;3;1;1
536542966;155 771 432;A01;3;10;0;1;3;15;1
536542967;155 771 428;A01;2;7;0;2;3;13;1
536542967;155 771 430;B01;1;33;0;2;8;1;1
536542967;155 771 431;C01;1;7;0;2;6;1;1
536542968;155 771 427;A01;2;7;0;1;1;9;1
536542969;155 771 426;A01;1;7;0;2;2;2;1
536542969;155 771 429;B01;1;7;0;2;8;15;1
536542970;155 771 423;A01;1;7;0;2;1;1;1
536542970;155 771 424;B01;1;7;0;0;2;1;1
536542970;155 771 425;C01;2;7;0;0;3;1;1
536542971;155 771 420;A01;3;7;0;9;1;9;1
536542971;155 771 421;B01;3;1;0;2;7;1;5
536542972;155 771 416;A01;2;2;0;2;3;13;1
536542972;155 771 419;B01;1;10;0;2;8;1;1
536542973;155 771 415;A01;1;7;8;0;8;1;1
536542974;155 771 414;C01;1;7;0;2;2;2;1
536542974;155 771 417;B01;1;7;0;2;4;1;1
536542974;155 771 418;A01;1;7;0;2;1;11;1
536542975;155 771 413;A01;3;7;0;1;2;1;1
536542976;155 771 408;A01;2;7;0;2;1;21;1
536542976;155 771 411;B01;2;7;0;2;1;16;1
536542976;155 771 412;C01;1;7;0;2;1;13;2
536542977;155 771 406;A01;1;7;0;2;4;2;1
536542977;155 771 407;B01;1;7;0;2;1;0;1
536542978;155 771 405;A01;3;7;0;1;2;1;3
536542979;155 771 403;A01;2;7;3;2;1;26;1
536542979;155 771 404;B01;2;7;0;2;4;2;1
536542980;155 771 401;A01;2;7;1;2;3;1;1
536542980;155 771 402;B01;1;7;12;2;3;1;1
536542981;155 771 399;A01;2;7;0;2;2;26;2
536542981;155 771 400;B01;2;33;0;2;1;2;1
536542982;155 771 398;A01;1;7;0;0;1;0;1
536542983;155 771 395;A01;3;7;15;0;4;4;1
536542984;155 771 394;A01;1;7;0;2;1;12;1
536542984;155 771 396;B01;1;7;0;2;4;1;1
536542984;155 771 397;C01;1;10;0;2;4;0;1
536542985;155 771 392;B01;2;7;0;2;6;11;1
536542985;155 771 393;A01;2;33;4;2;7;21;1
536542986;155 771 390;A01;2;7;0;2;0;1;1
536542986;155 771 391;B01;1;50;0;2;1;1;3
536542987;155 771 388;A01;1;33;0;2;1;2;1
536542987;155 771 389;B01;1;14;0;2;4;2;1
536542988;155 771 386;A01;2;7;0;2;1;2;1
536542988;155 771 387;B01;2;7;0;2;4;23;1
536542989;155 771 385;A01;2;14;0;1;0;1;1
536542990;155 771 382;A01;2;7;0;2;2;12;1
536542990;155 771 384;B01;2;43;0;2;3;3;1
536542991;155 771 381;A01;3;50;0;2;0;1;3
536542991;155 771 383;B01;3;10;0;2;1;1;1
536542992;155 771 377;A01;1;7;0;2;4;2;1
536542992;155 771 379;B01;1;7;0;2;4;2;1
536542992;155 771 380;C01;1;7;0;2;1;2;3
536542993;155 771 374;A01;2;7;0;2;4;12;1
536542993;155 771 375;B01;2;7;0;2;1;1;3
536542994;155 771 372;A01;1;32;0;2;1;1;1
536542994;155 771 373;B01;1;7;0;2;5;1;1
536542995;155 771 370;B01;1;30;0;2;1;1;1
536542995;155 771 371;A01;0;10;0;2;7;15;1
536542996;155 771 368;A01;1;7;0;2;1;21;1
536542996;155 771 369;B01;1;7;0;2;4;1;3
536542997;155 771 365;B01;1;7;0;2;4;1;1
536542997;155 771 367;A01;1;33;0;2;1;3;1
536542998;155 771 363;B01;1;7;9;2;3;1;1
536542998;155 771 366;A01;2;7;0;2;1;15;1
536542999;155 771 362;A01;1;17;0;2;2;14;1
536542999;155 771 364;B01;1;7;0;2;8;1;1
536543000;155 771 358;A01;1;7;0;2;1;2;1
536543000;155 771 360;B01;1;7;0;2;4;2;1
536543001;155 771 359;A01;3;7;1;0;3;13;1
536543001;155 771 361;B01;0;7;0;0;3;24;1
536543002;155 771 354;B01;1;32;0;2;4;1;1
536543002;155 771 356;Z01;1;7;0;2;1;2;0
536543003;155 771 353;B01;2;7;0;2;1;2;1
536543003;155 771 355;C01;2;10;0;2;1;2;1
536543003;155 771 357;A01;2;10;0;2;4;2;1
536543004;155 771 352;A01;1;1;14;0;1;15;5
536543005;155 771 350;A01;1;7;1;0;1;1;1
536543005;155 771 351;B01;1;13;0;2;4;23;1
536543006;155 771 348;A01;1;31;0;2;1;17;1
536543006;155 771 349;B01;1;10;0;2;3;15;1
536543007;155 771 344;A01;1;7;0;2;1;1;1
536543007;155 771 346;B01;1;7;0;2;4;1;1
536543007;155 771 347;C01;1;7;0;2;4;1;1
536543008;155 771 343;A01;1;10;4;0;2;15;1
536543009;155 771 342;A01;1;14;0;1;2;5;6
536543010;155 771 340;B01;3;7;0;2;8;23;1
536543010;155 771 341;A01;3;7;0;2;1;14;1
536543011;155 771 337;A01;0;7;4;2;1;1;1
536543011;155 771 339;B01;0;3;4;2;9;13;1
536543012;155 771 336;B01;3;7;0;2;2;23;1
536543012;155 771 338;A01;3;7;1;2;3;1;1
536543013;155 771 335;A01;2;33;1;0;3;0;1
536543014;155 771 334;A01;3;36;8;0;1;25;1
536543015;155 771 331;B01;2;60;0;2;1;1;5
536543015;155 771 333;A01;1;7;0;2;7;15;1
536543016;155 771 328;A01;1;7;0;9;0;9;1
536543016;155 771 329;B01;1;50;0;2;0;9;3
536543017;155 771 330;A01;1;30;14;2;1;9;1
536543017;155 771 332;B01;1;7;0;2;3;1;1
536543018;155 771 325;A01;3;30;0;2;1;3;1
536543018;155 771 326;C01;3;7;0;2;7;1;1
536543018;155 771 327;B01;3;7;0;2;3;1;2
536543019;155 771 322;A01;1;7;0;2;4;1;1
536543019;155 771 323;B01;1;7;0;2;1;1;1
536543020;155 771 320;A01;3;30;0;2;8;15;3
536543020;155 771 321;B01;3;7;0;2;7;1;1
536543021;155 771 319;A01;1;7;0;2;8;21;0
536543021;155 771 324;B01;1;33;0;2;2;17;1
536543022;155 771 317;A01;2;1;0;1;1;1;5
536543022;155 771 318;B01;2;1;0;2;4;23;5
536543023;155 771 316;A01;1;10;0;1;1;1;1
536543024;155 771 313;A01;2;1;0;2;1;1;5
536543024;155 771 314;B01;2;1;0;2;8;9;5
536543025;155 771 312;A01;1;7;0;2;6;1;1
536543025;155 771 315;B01;1;1;0;2;1;19;5
536543026;155 771 310;A01;2;7;0;2;2;16;1
536543026;155 771 311;B01;2;80;0;2;8;16;3
536543027;155 771 307;A01;3;7;0;2;3;1;1
536543027;155 771 309;B01;3;36;0;2;2;1;3
536543028;155 771 308;A01;3;7;0;1;3;9;2
536543029;155 771 305;B01;2;1;0;2;8;1;5
536543029;155 771 306;A01;2;7;0;2;7;22;2
536543030;155 771 303;B01;1;7;0;2;4;1;1
536543030;155 771 304;A01;1;7;0;2;1;1;1
536543031;155 771 302;A01;1;1;12;0;2;13;5
536543032;155 771 299;B01;2;7;0;2;3;9;1
536543032;155 771 301;A01;2;33;0;2;7;1;1
536543033;155 771 297;A01;3;10;0;2;3;9;1
536543033;155 771 300;B01;3;31;0;2;1;1;3
536543034;155 771 294;A01;3;50;0;0;0;1;3
536543035;155 771 293;A01;2;7;2;0;2;1;1
536543036;155 771 292;D01;0;10;0;0;0;0;0
536543036;155 771 295;B01;3;10;0;0;0;0;0
536543036;155 771 296;C01;3;10;0;0;0;0;0
536543036;155 771 298;A01;3;10;0;0;0;0;0
536543037;155 771 290;A01;2;2;2;0;3;14;1
536543038;155 771 288;A01;3;7;0;2;0;1;0
536543038;155 771 289;B01;3;7;0;2;0;1;1
536543039;155 771 287;A01;1;7;0;2;2;1;1
536543039;155 771 291;B01;2;7;0;2;1;16;1
536543040;155 771 285;A01;1;2;0;2;7;1;1
536543040;155 771 286;B01;1;7;0;2;1;1;1
536543041;155 771 282;B01;3;30;0;2;1;1;1
536543041;155 771 284;A01;3;7;0;2;6;13;1
536543042;155 771 283;A01;1;7;0;1;2;15;1
536543043;155 771 279;A01;3;50;0;1;0;1;3
536543044;155 771 280;A01;2;7;0;2;3;13;1
536543044;155 771 281;B01;2;7;0;2;3;1;1
536543045;155 771 278;A01;1;7;3;0;2;9;1
536543046;155 771 276;A01;1;7;0;2;1;1;1
536543046;155 771 277;B01;3;50;0;2;8;19;3
536543047;155 771 275;A01;0;7;0;1;1;1;1
536543048;155 771 274;A01;0;7;2;0;3;1;3
536543049;155 771 271;A01;3;1;0;2;1;16;5
536543049;155 771 273;B01;0;1;0;2;4;16;5
536543050;155 771 270;B01;1;1;0;2;0;1;5
536543050;155 771 272;A01;1;1;0;2;1;15;5
536543051;155 771 268;A01;1;7;13;0;1;1;1
536543052;155 771 267;B01;3;50;0;2;7;19;3
536543052;155 771 269;A01;1;7;0;2;1;1;2
536543053;155 771 264;B01;2;43;0;2;1;3;1
536543053;155 771 265;C01;2;7;0;2;8;23;1
536543053;155 771 266;A01;1;99;0;2;1;26;1
536543054;155 771 262;A01;1;50;1;2;0;0;3
536543054;155 771 263;B01;1;7;1;0;0;0;0
536543055;155 771 261;A01;2;7;17;0;1;0;1
536543056;155 771 259;A01;2;10;0;2;1;15;1
536543056;155 771 260;B01;1;31;0;2;8;1;1
536543057;155 771 257;B01;3;1;0;2;0;0;5
536543057;155 771 258;A01;2;7;1;0;8;22;1
536543058;155 771 255;A01;1;7;3;0;8;1;1
536543059;155 771 256;A01;3;7;16;0;0;14;1
536543060;155 771 253;A01;3;7;0;2;3;15;1
536543060;155 771 254;B01;3;33;0;2;1;1;1
536543061;155 771 252;Z01;0;32;0;1;1;26;0
536543062;155 771 249;A01;2;7;0;2;1;1;1
536543062;155 771 251;B01;2;7;0;2;1;0;1
536543063;155 771 246;A01;3;50;0;2;1;1;3
536543063;155 771 248;B01;3;15;0;2;8;19;1
536543064;155 771 245;A01;1;33;3;0;1;2;1
536543065;155 771 244;C01;3;7;0;2;1;26;1
536543065;155 771 247;B01;2;33;0;2;8;1;1
536543065;155 771 250;A01;1;7;0;2;1;15;1
536543066;155 771 241;A01;2;33;0;5;1;1;1
536543067;155 771 243;A01;0;33;0;0;3;14;1
536543068;155 771 242;A01;2;80;1;0;1;13;3
536543069;155 771 240;A01;2;50;1;0;1;1;3
536543070;155 771 239;A01;1;7;2;0;1;14;1
536543071;155 771 235;A01;0;10;3;0;1;1;1
536543072;155 771 232;A01;2;7;13;0;3;1;1
536543073;155 771 231;A01;3;10;0;2;2;5;1
536543073;155 771 233;C01;3;7;0;0;3;26;1
536543073;155 771 234;B01;3;7;0;0;6;2;3
536543073;155 771 236;D01;3;7;0;0;8;26;2
536543074;155 771 229;A01;1;7;8;0;3;1;1
536543075;155 771 225;A01;2;7;2;0;1;1;1
536543076;155 771 226;A01;3;14;0;2;1;1;1
536543076;155 771 228;B01;3;7;0;2;1;13;1
536543076;155 771 230;C01;3;7;0;2;1;2;3
536543077;155 771 224;B01;1;33;0;2;4;23;1
536543077;155 771 227;A01;1;7;0;2;1;1;1
536543078;155 771 222;A01;1;2;0;0;8;1;1
536543079;155 771 220;A01;3;7;13;0;1;1;1
536543080;155 771 219;A01;1;7;0;2;1;1;1
536543080;155 771 221;B01;1;7;0;2;2;1;1
536543080;155 771 223;C01;1;7;0;2;4;0;2
536543081;155 771 218;A01;2;7;4;0;0;1;1
536543082;155 771 215;A01;2;7;0;1;2;1;1
536543083;155 771 214;A01;1;7;0;0;0;1;1
536543084;155 771 211;A01;1;7;8;0;1;2;1
536543085;155 771 210;A01;3;7;0;1;2;16;1
536543086;155 771 209;A01;3;33;0;2;3;1;1
536543086;155 771 212;B01;3;7;0;2;3;1;1
536543087;155 771 208;A01;2;7;2;0;1;13;1
536543088;155 771 205;A01;2;7;0;2;1;2;1
536543088;155 771 206;B01;2;7;0;0;4;2;1
536543089;155 771 204;A01;1;7;0;0;9;2;1
536543090;155 771 203;A01;3;7;0;2;3;9;1
536543090;155 771 207;B01;3;50;0;2;2;1;3
536543091;155 771 202;A01;1;10;0;0;1;26;1
536543092;155 771 201;A01;2;7;8;0;1;1;1
536543093;155 771 199;A01;1;7;2;0;2;14;1
536543094;155 771 200;A01;3;36;0;0;9;0;1
536543095;155 771 198;A01;2;7;0;1;1;16;1
536543096;155 771 197;A01;2;7;6;0;3;1;1
536543097;155 771 193;A01;3;7;6;0;2;1;1
536543098;155 771 194;A01;1;7;0;0;8;15;1
536543098;155 771 196;B01;2;33;0;2;1;1;1
536543099;155 771 191;A01;0;36;2;0;2;2;0
536543100;155 771 189;A01;1;7;4;0;2;1;1
536543101;155 771 186;A01;1;7;13;0;1;0;1
536543102;155 771 185;B01;2;1;0;0;4;2;5
536543102;155 771 188;A01;2;7;0;2;2;2;1
536543103;155 771 184;B01;2;1;0;0;0;0;5
536543103;155 771 187;A01;2;7;0;9;1;16;1
536543104;155 771 183;A01;2;7;3;0;3;1;1
536543105;155 771 181;A01;1;32;0;0;8;1;1
536543106;155 771 179;A01;3;7;0;2;1;1;1
536543106;155 771 182;B01;3;10;0;2;1;1;1
536543107;155 771 178;B01;1;2;0;2;1;17;1
536543107;155 771 180;A01;2;2;0;2;1;17;1
536543108;155 771 175;A01;2;34;4;0;8;1;1
536543109;155 771 176;A01;1;1;0;2;4;11;5
536543109;155 771 177;B01;1;10;0;2;1;1;1
536543110;155 771 171;A01;2;7;0;0;9;17;3
536543111;155 771 169;B01;1;7;0;2;3;1;1
536543111;155 771 172;A01;2;7;0;2;3;5;1
536543111;155 771 173;C01;1;10;6;2;8;1;1
536543111;155 771 174;D01;1;10;0;2;3;1;1
536543112;155 771 168;A01;1;7;0;2;7;2;1
536543112;155 771 170;B01;1;50;0;2;8;2;3
536543113;155 771 167;A01;1;7;4;0;0;0;1
536543115;155 771 163;B01;2;30;0;2;2;17;1
536543115;155 771 166;A01;2;7;0;2;3;1;1
536543116;155 771 162;A01;1;7;7;0;7;1;2
536543116;155 771 165;B01;1;7;0;0;1;1;1
536543117;155 771 160;A01;1;7;0;2;1;13;1
536543117;155 771 161;B01;2;10;0;2;1;1;1
536543118;155 771 158;A01;1;33;13;0;1;1;1
536543119;155 771 157;A01;2;7;0;2;1;17;1
536543119;155 771 159;B01;2;31;0;2;4;13;1
536543120;155 771 153;B01;2;7;0;2;1;2;1
536543120;155 771 156;A01;2;7;0;0;4;2;2
536543121;155 771 154;A01;1;7;0;2;2;15;1
536543121;155 771 155;B01;2;33;0;2;1;1;1
536543122;155 771 150;B01;3;7;0;2;2;9;1
536543122;155 771 152;A01;3;50;0;2;8;19;3
536543123;155 771 148;B01;1;14;0;2;1;0;0
536543123;155 771 151;A01;2;7;0;2;1;0;1
536543124;155 771 147;A01;1;7;0;0;2;15;1
536543124;155 771 149;B01;2;7;0;2;1;1;1
536543125;155 771 144;A01;2;7;13;0;3;13;1
536543126;155 771 143;A01;2;7;0;2;3;15;1
536543126;155 771 146;B01;1;60;0;2;1;1;5
536543127;155 771 142;B01;3;1;0;2;8;15;5
536543127;155 771 145;A01;1;7;0;2;2;0;1
536543128;155 771 141;A01;3;7;0;0;9;16;1
536543129;155 771 140;A01;1;7;11;0;1;1;1
536543130;155 771 138;A01;2;7;0;2;1;15;1
536543130;155 771 139;B01;1;33;0;2;1;1;1
536543131;155 771 136;A01;1;7;0;9;2;17;1
536543131;155 771 137;B01;1;1;0;2;0;2;5
536543132;155 771 135;A01;1;7;15;0;1;2;1
536543133;155 771 132;A01;2;7;0;0;0;11;1
536543133;155 771 134;B01;1;33;0;0;3;1;1
536543134;155 771 131;B01;1;7;0;2;3;1;1
536543134;155 771 133;A01;2;7;3;2;3;1;1
536543135;155 771 128;B01;1;7;13;0;2;17;1
536543135;155 771 130;A01;1;33;0;2;3;17;1
536543136;155 771 126;B01;3;33;0;2;7;17;1
536543136;155 771 129;A01;3;7;0;2;8;3;1
536543137;155 771 127;A01;1;7;0;0;9;0;1
536543138;155 771 122;A01;2;30;0;2;0;17;1
536543138;155 771 125;B01;2;7;0;2;8;15;1
536543139;155 771 121;A01;2;7;0;2;3;1;1
536543139;155 771 124;B01;1;7;0;2;3;1;1
536543140;155 771 120;A01;2;7;0;0;3;17;1
536543140;155 771 123;B01;1;7;0;0;3;1;2
536543141;155 771 115;A01;2;0;0;0;1;1;0
536543141;155 771 117;B01;2;50;0;0;4;1;3
536543142;155 771 116;A01;0;1;0;2;4;2;5
536543142;155 771 118;B01;0;1;0;2;1;2;5
536543143;155 771 114;A01;1;10;0;2;7;0;1
536543143;155 771 119;B01;2;7;0;2;1;0;1
536543144;155 771 112;A01;0;7;8;0;1;1;1
536543145;155 771 109;Z01;3;7;0;2;1;17;0
536543145;155 771 111;A01;3;7;0;2;8;15;1
536543146;155 771 108;A01;3;7;13;0;4;4;1
536543147;155 771 107;A01;1;7;0;2;3;17;1
536543147;155 771 110;B01;2;7;0;2;3;1;1
536543147;155 771 113;C01;2;7;0;2;3;1;1
536543148;155 771 106;A01;3;30;16;0;8;1;1
536543149;155 771 103;A01;2;7;0;2;1;17;1
536543149;155 771 105;B01;1;2;0;2;1;1;1
536543150;155 771 100;B01;1;33;0;2;1;1;1
536543150;155 771 102;C01;1;7;0;2;8;1;1
536543150;155 771 104;A01;2;10;0;2;3;13;1
536543151;155 771 098;A01;2;7;0;2;1;2;1
536543151;155 771 099;B01;2;7;0;2;4;23;1
536543151;155 771 101;C01;2;7;0;2;4;23;1
536543152;155 771 097;A01;1;33;13;0;1;1;1
536543153;155 771 093;A01;2;7;0;2;1;1;1
536543153;155 771 096;B01;2;7;0;2;4;15;1
536543154;155 771 090;B01;1;33;0;2;1;1;1
536543154;155 771 092;A01;2;7;0;2;3;13;1
536543154;155 771 094;C01;2;10;0;2;1;1;1
536543155;155 771 091;B01;3;31;0;2;1;1;0
536543155;155 771 095;A01;3;7;0;2;7;15;1
536543156;155 771 084;C01;2;33;0;0;4;23;1
536543156;155 771 086;B01;2;33;0;2;4;2;1
536543156;155 771 088;A01;2;33;0;2;1;2;1
536543157;155 771 087;A01;2;7;11;0;1;1;1
536543158;155 771 083;A01;2;7;0;2;8;1;1
536543158;155 771 085;B01;1;2;0;2;2;1;1
536543159;155 771 082;A01;2;7;0;1;1;1;1
536543160;155 771 081;A01;1;33;0;0;8;1;1
536543161;155 771 080;A01;1;3;2;0;2;11;1
536543162;155 771 076;A01;1;33;6;0;3;13;1
536543163;155 771 073;A01;1;7;0;2;5;19;1
536543163;155 771 078;B01;2;7;0;2;1;1;1
536543164;155 771 074;B01;2;7;0;2;0;1;1
536543164;155 771 075;C01;2;7;0;2;0;0;1
536543164;155 771 077;A01;2;7;0;2;3;17;1
536543164;155 771 079;D01;2;7;0;2;0;0;1
536543165;155 771 072;A01;2;10;4;0;1;26;1
536543166;155 771 071;A01;1;7;0;1;2;2;1
536543167;155 771 070;A01;1;7;0;1;5;1;1
536543168;155 771 069;A01;2;7;4;0;1;2;1
536543169;155 771 066;B01;3;31;0;2;1;2;1
536543169;155 771 068;A01;3;7;0;2;1;0;1
536543170;155 771 064;B01;1;7;0;2;2;1;1
536543170;155 771 067;A01;1;7;10;2;8;19;1
536543171;155 771 063;A01;1;15;0;2;2;12;0
536543171;155 771 065;B01;1;10;0;2;3;1;0
536543172;155 771 062;A01;3;0;0;1;0;2;1
536543173;155 771 057;A01;1;7;0;2;3;1;1
536543173;155 771 061;B01;2;7;0;2;3;1;1
536543174;155 771 058;B01;2;33;0;2;8;2;1
536543174;155 771 060;A01;2;7;0;2;7;12;1
536543175;155 771 056;A01;2;7;0;2;1;9;1
536543175;155 771 059;B01;2;50;0;2;1;0;3
536543176;155 771 055;A01;1;33;13;0;1;0;1
536543177;155 771 053;A01;3;40;0;1;2;1;3
536543178;155 771 052;A01;1;7;0;2;1;13;1
536543178;155 771 054;B01;1;7;0;2;5;1;1
536543179;155 771 051;A01;3;38;0;1;7;26;1
536543180;155 771 050;A01;3;7;0;1;2;16;1
536543181;155 771 048;A01;1;7;0;2;1;1;1
536543181;155 771 049;B01;1;7;0;2;4;1;1
536543182;155 771 047;A01;1;33;0;6;1;1;1
536543183;155 771 045;A01;1;7;4;2;1;1;1
536543184;155 771 044;A01;2;33;0;2;1;26;1
536543184;155 771 046;B01;3;10;0;2;2;26;1