Num_Acc;id_vehicule;num_veh;senc;catv;obs;obsm;choc;manv;motor
536543185;155 771 042;A01;1;33;0;2;3;5;1
536543185;155 771 043;B01;2;13;0;2;8;1;1
536543186;155 771 038;A01;2;7;0;2;1;2;1
536543186;155 771 040;B01;2;7;0;2;4;2;1
536543186;155 771 041;C01;2;7;0;2;4;2;1
536543187;155 771 037;B01;1;7;0;2;1;1;1
536543187;155 771 039;A01;2;50;0;2;1;5;3
536543188;155 771 035;A01;1;7;0;2;3;9;1
536543188;155 771 036;B01;1;31;0;2;1;1;1
536543189;155 771 034;A01;2;7;4;0;4;1;1
536543190;155 771 032;A01;3;7;0;2;2;1;1
536543190;155 771 033;B01;3;50;0;2;4;1;3
536543191;155 771 031;A01;1;10;3;0;1;1;1
536543192;155 771 028;B01;2;33;0;2;2;1;1
536543192;155 771 030;A01;2;7;0;0;6;1;1
536543193;155 771 026;B01;3;7;0;2;6;23;1
536543193;155 771 029;A01;2;10;0;2;2;14;1
536543194;155 771 024;A01;1;33;13;0;9;1;1
536543195;155 771 022;A01;1;7;0;1;2;1;1
536543196;155 771 023;B01;1;7;0;2;4;2;1
536543196;155 771 025;A01;1;7;0;2;4;2;1
536543196;155 771 027;Z01;1;7;0;2;1;0;1
536543197;155 771 020;A01;3;2;0;2;1;1;0
536543197;155 771 021;B01;3;2;0;2;1;1;0
536543198;155 771 019;A01;2;7;0;1;1;1;1
536543199;155 771 016;A01;1;7;0;2;4;2;1
536543199;155 771 018;B01;1;33;0;2;1;2;1
536543200;155 771 015;A01;1;7;0;2;1;1;1
536543200;155 771 017;B01;2;7;0;2;3;1;1
536543201;155 771 013;B01;2;10;0;2;3;2;1
536543201;155 771 014;A01;1;33;0;2;2;2;1
536543202;155 771 010;B01;1;33;0;2;8;1;1
536543202;155 771 012;A01;1;7;0;2;7;14;1
536543203;155 771 008;A01;1;7;0;2;2;15;1
536543203;155 771 011;B01;1;7;16;2;1;1;1
536543204;155 771 006;A01;2;7;0;2;2;14;1
536543204;155 771 007;B01;2;33;0;2;3;3;1
536543204;155 771 009;C01;2;7;0;0;4;1;1
536543205;155 771 004;A01;1;14;0;1;1;1;1
536543206;155 771 003;A01;2;7;0;1;1;1;1
536543207;155 771 002;B01;1;7;0;2;2;1;1
536543207;155 771 005;A01;1;7;0;2;3;1;1
536543208;155 771 000;A01;1;7;2;0;2;1;1
536543209;155 770 997;C01;2;7;0;2;4;2;1
536543209;155 770 999;A01;2;7;0;2;1;2;1
536543209;155 771 001;B01;2;7;0;2;9;2;1
536543210;155 770 996;A01;3;7;0;2;1;9;1
536543210;155 770 998;B01;3;2;0;2;8;1;1
536543211;155 770 994;Z01;1;7;0;1;3;1;0
536543212;155 770 995;A01;1;7;3;0;2;1;1
536543213;155 770 993;A01;3;32;0;0;0;13;1
536543214;155 770 992;A01;1;7;0;1;1;1;1
536543215;155 770 989;A01;2;7;0;2;1;2;1
536543215;155 770 991;B01;2;7;0;1;4;2;1
536543216;155 770 987;B01;2;2;0;0;0;1;0
536543217;155 770 986;A01;1;2;0;2;1;17;1
536543217;155 770 988;B01;1;7;0;2;8;10;1
536543218;155 770 983;A01;1;33;0;1;8;1;0
536543219;155 770 982;A01;2;7;0;2;3;19;1
536543219;155 770 985;B01;1;33;0;2;1;1;1
536543220;155 770 981;B01;1;2;0;2;7;2;1
536543220;155 770 984;A01;2;7;0;2;1;16;1
536543221;155 770 979;A01;2;33;3;0;3;0;1
536543222;155 770 978;B01;3;7;0;2;6;2;1
536543222;155 770 980;A01;3;7;0;2;3;21;1
536543223;155 770 977;A01;1;33;14;0;1;17;1
536543224;155 770 975;B01;1;15;0;0;4;0;1
536543224;155 770 976;A01;1;7;0;2;1;0;1
536543225;155 770 972;A01;1;50;13;0;1;1;3
536543226;155 770 971;B01;2;7;0;2;4;1;1
536543226;155 770 973;A01;1;7;0;0;6;1;1
536543226;155 770 974;C01;1;7;0;2;1;2;1
536543227;155 770 967;A01;3;7;10;0;3;6;1
536543228;155 770 968;A01;1;7;0;2;4;1;1
536543228;155 770 970;B01;1;7;0;2;1;2;1
536543229;155 770 966;A01;1;7;0;2;1;1;1
536543229;155 770 969;B01;1;7;0;2;4;1;1
536543230;155 770 964;A01;3;7;0;1;2;1;1
536543231;155 770 962;A01;2;7;0;2;3;9;1
536543231;155 770 965;B01;1;1;0;2;4;1;5
536543232;155 770 961;A01;1;7;0;9;2;9;1
536543232;155 770 963;B01;1;60;0;2;4;9;5
536543233;155 770 959;A01;0;32;0;0;0;0;0
536543234;155 770 958;A01;2;7;0;2;2;15;1
536543234;155 770 960;B01;2;30;0;2;3;0;1
536543235;155 770 955;A01;1;1;0;2;5;2;5
536543235;155 770 957;B01;1;7;0;2;2;1;1
536543236;155 770 953;A01;1;33;0;2;1;17;1
536543236;155 770 956;B01;2;7;0;2;1;16;1
536543237;155 770 954;A01;2;37;0;1;2;15;1
536543238;155 770 950;B01;2;7;0;2;4;2;1
536543238;155 770 952;Z01;2;31;0;2;0;0;0
536543239;155 770 949;A01;1;33;0;2;8;13;1
536543239;155 770 951;B01;2;7;0;2;8;1;1
536543240;155 770 948;A01;1;10;8;0;1;13;1
536543241;155 770 947;A01;1;2;0;5;1;19;3
536543242;155 770 946;A01;1;7;0;1;1;1;1
536543243;155 770 945;A01;0;7;2;0;2;1;1
536543244;155 770 941;A01;1;33;3;0;3;17;1
536543245;155 770 943;A01;2;1;0;2;2;1;5
536543245;155 770 944;Z01;2;7;0;2;8;22;1
536543246;155 770 942;A01;0;34;0;1;2;1;3
536543247;155 770 936;A01;1;30;1;0;3;17;1
536543247;155 770 938;B01;1;30;1;0;5;18;1
536543248;155 770 937;B01;2;50;0;2;1;1;3
536543248;155 770 939;A01;2;10;0;2;1;1;6
536543249;155 770 932;B01;2;7;0;2;8;15;1
536543249;155 770 934;A01;2;43;0;2;2;17;1
536543250;155 770 931;B01;2;7;0;2;2;19;1
536543250;155 770 933;C01;1;7;0;2;1;21;1
536543250;155 770 935;A01;3;7;0;2;1;23;1
536543251;155 770 930;A01;1;7;0;1;3;1;1
536543252;155 770 929;A01;3;50;16;0;0;1;3
536543253;155 770 927;A01;2;37;0;1;2;1;2
536543254;155 770 925;A01;3;10;0;1;4;4;1
536543255;155 770 926;A01;1;7;0;2;2;1;1
536543255;155 770 928;B01;1;7;0;2;1;1;1
536543256;155 770 922;A01;1;7;0;2;3;1;3
536543257;155 770 923;B01;2;1;0;2;1;18;5
536543257;155 770 924;A01;2;10;0;2;7;20;1
536543258;155 770 920;B01;1;33;13;2;0;1;1
536543258;155 770 921;A01;1;10;0;2;3;15;1
536543259;155 770 918;A01;1;7;0;2;3;16;1
536543259;155 770 919;B01;1;1;0;2;6;25;5
536543260;155 770 917;A01;3;50;0;1;1;1;3
536543261;155 770 914;A01;1;31;0;2;1;1;1
536543261;155 770 916;B01;1;7;0;2;6;23;3
536543262;155 770 913;A01;0;13;0;2;2;16;1
536543262;155 770 915;B01;0;30;0;2;8;16;1
536543263;155 770 911;A01;2;50;0;2;1;5;3
536543263;155 770 912;B01;2;10;0;2;3;15;1
536543264;155 770 910;A01;3;31;0;6;3;1;1
536543265;155 770 908;A01;1;7;0;2;2;1;1
536543265;155 770 909;B01;1;99;0;2;1;1;3
536543266;155 770 905;A01;2;7;0;9;1;2;1
536543266;155 770 906;B01;2;1;0;0;4;2;5
536543267;155 770 904;A01;3;30;0;2;6;1;1
536543267;155 770 907;B01;3;7;0;0;6;15;1
536543268;155 770 903;A01;1;7;0;1;3;15;1
536543269;155 770 900;A01;2;1;12;0;3;1;5
536543270;155 770 898;A01;0;7;0;2;2;16;1
536543270;155 770 899;B01;0;50;0;2;1;5;3
536543271;155 770 896;A01;1;10;0;1;4;4;1
536543272;155 770 893;A01;3;7;13;0;8;1;1
536543272;155 770 895;B01;3;7;0;2;7;17;3
536543273;155 770 891;A01;1;7;0;2;3;16;1
536543273;155 770 892;B01;2;50;0;2;1;19;3
536543274;155 770 888;A01;1;7;0;2;7;12;1
536543274;155 770 890;B01;1;32;0;2;8;1;1
536543275;155 770 887;A01;1;7;16;0;4;6;1
536543275;155 770 889;B01;2;7;0;0;1;1;1
536543276;155 770 884;A01;2;80;12;2;1;13;3
536543276;155 770 886;B01;1;1;0;2;1;1;5
536543277;155 770 883;A01;2;10;0;2;4;2;1
536543277;155 770 885;B01;2;7;0;2;1;2;1
536543278;155 770 882;A01;3;7;1;0;1;1;0
536543279;155 770 881;Z01;1;32;0;1;1;5;1
536543280;155 770 879;A01;3;10;0;1;4;4;1
536543281;155 770 878;A01;2;7;0;2;4;2;1
536543281;155 770 880;B01;2;7;0;2;1;2;1
536543282;155 770 877;A01;1;1;0;1;1;1;5
536543283;155 770 872;B01;2;10;0;2;8;15;1
536543283;155 770 874;A01;1;33;0;2;3;1;1
536543284;155 770 870;A01;3;32;12;0;0;18;1
536543285;155 770 869;B01;1;7;0;2;4;1;1
536543285;155 770 871;C01;1;10;0;2;1;1;1
536543285;155 770 873;A01;1;7;0;2;4;1;2
536543286;155 770 865;B01;3;7;0;2;1;1;1
536543286;155 770 868;A01;0;2;0;2;1;1;1
536543287;155 770 864;A01;2;33;0;2;1;2;1
536543287;155 770 866;B01;2;10;0;2;4;2;1
536543288;155 770 861;A01;1;7;0;2;1;1;1
536543288;155 770 863;B01;1;7;0;2;7;0;1
536543289;155 770 859;A01;1;34;12;2;3;17;1
536543289;155 770 862;B01;2;7;12;2;3;1;1
536543290;155 770 858;A01;2;10;1;0;4;2;1
536543290;155 770 860;B01;2;10;0;2;1;2;1
536543291;155 770 855;A01;1;33;0;2;1;17;1
536543291;155 770 856;B01;2;7;0;2;3;9;1
536543292;155 770 853;A01;1;33;0;2;1;15;1
536543292;155 770 857;B01;2;7;0;2;3;1;1
536543293;155 770 852;A01;1;7;0;2;2;14;1
536543293;155 770 854;B01;1;7;0;2;6;1;1
536543294;155 770 849;B01;1;7;0;2;3;2;0
536543294;155 770 851;A01;1;2;0;2;1;16;1
536543295;155 770 848;A01;2;33;7;0;1;0;1
536543296;155 770 847;A01;1;7;0;2;1;2;1
536543296;155 770 850;B01;1;2;0;2;4;2;1
536543297;155 770 845;A01;3;7;0;2;2;15;2
536543297;155 770 846;B01;3;30;0;2;1;1;1
536543298;155 770 841;B01;1;33;0;2;1;3;1
536543298;155 770 843;A01;1;7;0;2;4;11;1
536543299;155 770 840;A01;2;33;0;2;1;2;1
536543299;155 770 842;B01;2;33;0;2;1;2;1
536543299;155 770 844;C01;2;33;0;2;4;0;1
536543300;155 770 839;A01;2;7;0;1;1;1;1
536543301;155 770 836;A01;1;7;0;2;5;15;1
536543301;155 770 838;B01;2;30;0;2;2;1;1
536543302;155 770 835;B01;1;7;0;0;0;2;2
536543302;155 770 837;A01;1;7;0;2;1;2;1
536543303;155 770 834;A01;2;7;0;1;2;15;1
536543304;155 770 833;A01;3;7;4;0;9;13;1
536543305;155 770 832;A01;1;7;6;0;8;13;1
536543306;155 770 830;A01;2;7;0;1;6;20;1
536543307;155 770 829;B01;3;7;0;2;3;1;1
536543307;155 770 831;A01;3;7;0;2;2;2;1
536543308;155 770 822;C01;1;7;1;0;1;1;1
536543308;155 770 826;B01;1;7;0;2;4;1;1
536543308;155 770 827;A01;1;7;0;2;1;0;1
536543308;155 770 828;D01;1;7;0;9;2;1;1
536543309;155 770 823;B01;3;7;0;2;2;15;3
536543309;155 770 825;A01;3;32;0;2;2;1;1
536543310;155 770 821;A01;1;7;0;2;1;1;1
536543310;155 770 824;B01;2;7;0;2;5;15;1
536543311;155 770 820;A01;1;7;6;0;0;1;1
536543312;155 770 816;A01;3;7;0;2;2;1;1
536543312;155 770 818;B01;3;7;0;2;7;1;1
536543312;155 770 819;C01;3;7;0;2;6;1;1
536543313;155 770 814;A01;1;2;0;2;2;13;1
536543313;155 770 817;B01;2;7;0;2;2;1;1
536543314;155 770 813;B01;1;33;0;2;1;1;1
536543314;155 770 815;A01;1;80;0;2;1;15;3
536543315;155 770 812;A01;1;7;0;1;1;13;1
536543316;155 770 810;A01;1;7;1;2;1;1;1
536543316;155 770 811;B01;1;7;0;2;5;1;1
536543317;155 770 809;A01;3;13;3;1;4;4;1
536543318;155 770 806;A01;2;50;0;2;1;5;3
536543318;155 770 808;B01;1;7;0;9;3;1;1
536543319;155 770 804;B01;1;33;0;2;7;1;1
536543319;155 770 807;A01;1;7;0;2;3;9;1
536543320;155 770 805;A01;3;7;12;0;1;1;1
536543321;155 770 803;A01;2;43;0;0;0;1;1
536543322;155 770 801;B01;3;32;0;2;5;1;0
536543322;155 770 802;A01;3;7;0;2;1;9;0
536543323;155 770 799;A01;1;7;0;0;0;21;1
536543324;155 770 798;A01;2;15;0;9;2;16;1
536543324;155 770 800;B01;2;1;0;2;4;19;5
536543325;155 770 794;B01;3;50;0;2;1;1;3
536543325;155 770 796;A01;1;7;0;2;8;1;1
536543326;155 770 795;B01;1;7;0;2;5;2;1
536543326;155 770 797;A01;1;7;0;2;3;2;2
536543327;155 770 793;A01;2;37;0;1;5;1;1
536543328;155 770 792;A01;2;7;0;1;1;15;1
536543329;155 770 791;A01;1;10;0;1;3;15;1
536543330;155 770 787;A01;2;7;0;1;4;4;1
536543331;155 770 788;B01;1;7;0;2;6;2;1
536543331;155 770 789;C01;2;7;0;2;1;1;1
536543331;155 770 790;A01;1;32;0;2;1;2;1
536543332;155 770 785;A01;1;10;0;2;1;2;1
536543332;155 770 786;B01;1;7;0;0;4;2;1
536543333;155 770 783;A01;2;7;0;2;3;15;1
536543333;155 770 784;B01;2;50;0;2;7;1;3
536543334;155 770 782;A01;1;10;3;0;1;2;1
536543335;155 770 780;B01;1;10;0;2;2;1;1
536543335;155 770 781;A01;1;10;0;2;3;10;1
536543336;155 770 777;A01;1;7;0;9;6;1;1
536543337;155 770 776;B01;3;7;0;2;2;15;1
536543337;155 770 778;C01;1;7;0;2;3;1;1
536543337;155 770 779;A01;2;33;0;2;1;1;1
536543338;155 770 774;B01;1;50;0;2;8;15;3
536543338;155 770 775;A01;1;7;0;9;1;19;1
536543339;155 770 770;A01;2;40;0;2;2;1;3
536543339;155 770 771;B01;3;50;0;4;3;1;3
536543340;155 770 772;B01;2;13;0;2;3;1;0
536543340;155 770 773;A01;1;3;0;2;3;21;1
536543341;155 770 768;A01;0;7;13;0;1;1;1
536543342;155 770 767;A01;1;50;0;2;1;1;3
536543342;155 770 769;B01;1;7;0;2;1;15;1
536543343;155 770 766;A01;1;7;13;0;1;1;2
536543344;155 770 764;A01;1;33;0;2;9;3;1
536543345;155 770 761;A01;2;7;0;2;1;2;1
536543345;155 770 763;B01;2;10;0;0;5;15;1
536543346;155 770 760;A01;0;7;0;2;1;1;1
536543346;155 770 762;B01;0;7;0;2;4;1;1
536543346;155 770 765;C01;0;7;0;2;4;1;1
536543347;155 770 758;A01;1;7;0;2;3;13;1
536543347;155 770 759;B01;2;7;0;2;3;1;1
536543348;155 770 755;A01;2;7;4;0;7;1;1
536543349;155 770 756;A01;2;7;0;2;1;1;1
536543349;155 770 757;B01;2;7;0;2;4;9;1
536543350;155 770 753;B01;0;7;0;2;7;1;1
536543350;155 770 754;A01;2;33;0;2;1;1;1
536543351;155 770 752;A01;1;7;13;0;9;17;1
536543352;155 770 750;A01;2;7;0;2;5;12;1
536543352;155 770 751;B01;1;7;0;2;2;1;1
536543353;155 770 748;A01;2;33;3;2;8;18;1
536543353;155 770 749;B01;2;7;0;2;5;1;1
536543354;155 770 746;A01;1;7;0;1;5;1;1
536543355;155 770 745;B01;2;2;0;2;1;1;1
536543355;155 770 747;A01;1;7;13;2;1;17;1
536543356;155 770 744;A01;1;7;4;0;2;6;1
536543357;155 770 741;B01;1;1;0;2;6;1;5
536543357;155 770 743;Z01;1;7;0;2;2;16;0
536543358;155 770 738;A01;1;10;0;9;2;26;1
536543358;155 770 742;B01;1;1;0;0;4;26;5
536543359;155 770 739;A01;2;7;0;2;1;2;1
536543359;155 770 740;B01;2;7;0;2;4;2;1
536543360;155 770 735;A01;0;33;1;2;1;1;1
536543360;155 770 737;B01;0;7;0;2;7;11;1
536543361;155 770 733;A01;1;10;0;2;1;1;1
536543361;155 770 734;B01;1;7;0;2;4;1;1
536543362;155 770 732;B01;2;7;0;0;4;23;1
536543362;155 770 736;A01;2;2;0;2;1;1;1
536543363;155 770 730;A01;1;10;0;0;0;16;1
536543363;155 770 731;B01;1;1;0;2;8;1;5
536543364;155 770 728;B01;1;1;0;2;8;15;5
536543364;155 770 729;A01;1;2;12;9;1;2;1
536543365;155 770 726;A01;1;1;12;0;1;15;5
536543366;155 770 725;A01;2;7;4;0;4;23;1
536543367;155 770 723;A01;2;7;0;2;1;2;1
536543367;155 770 724;B01;2;7;0;2;1;0;1
536543367;155 770 727;C01;2;7;0;2;4;0;2
536543368;155 770 720;A01;1;10;0;2;2;12;1
536543368;155 770 721;B01;1;7;0;0;6;1;1
536543369;155 770 718;A01;0;7;0;1;1;1;2
536543370;155 770 717;A01;2;2;5;0;3;21;1
536543371;155 770 716;A01;2;7;0;2;1;1;1
536543371;155 770 719;B01;2;7;0;2;4;1;1
536543372;155 770 714;A01;1;33;0;2;3;1;1
536543372;155 770 715;B01;1;99;0;2;3;1;0
536543373;155 770 711;A01;1;7;0;1;2;1;1
536543374;155 770 712;A01;2;7;4;0;3;0;1
536543375;155 770 709;A01;1;7;0;2;1;2;3
536543375;155 770 710;B01;1;21;13;2;3;2;1
536543376;155 770 706;A01;2;7;0;2;1;15;1
536543376;155 770 708;B01;1;2;0;2;1;1;1
536543377;155 770 703;B01;1;50;0;0;3;1;3
536543377;155 770 705;A01;2;7;0;2;3;15;1
536543378;155 770 701;B01;1;7;0;2;4;1;1
536543378;155 770 704;A01;1;7;0;2;1;1;1
536543378;155 770 707;C01;1;7;0;2;5;1;1
536543379;155 770 699;A01;1;7;0;1;1;1;1
536543380;155 770 698;A01;2;7;0;2;4;21;1
536543380;155 770 700;B01;0;7;0;2;1;26;1
536543381;155 770 694;A01;2;33;0;2;1;1;1
536543381;155 770 696;B01;2;7;0;2;0;0;1
536543382;155 770 695;A01;1;43;14;0;0;16;1
536543383;155 770 693;B01;1;7;0;2;9;0;1
536543383;155 770 697;A01;1;7;0;2;9;26;1
536543384;155 770 692;A01;2;50;0;0;0;0;3
536543385;155 770 691;A01;1;7;0;1;8;15;1
536543386;155 770 688;B01;1;2;0;2;2;17;1
536543386;155 770 690;A01;1;3;0;2;8;15;1
536543387;155 770 685;B01;1;7;0;2;4;15;1
536543387;155 770 686;A01;1;43;0;2;1;3;1
536543388;155 770 684;A01;0;7;0;2;3;19;1
536543388;155 770 687;B01;3;7;0;2;3;9;1
536543388;155 770 689;C01;3;13;0;2;1;9;0
536543389;155 770 681;A01;1;10;0;1;4;26;1
536543390;155 770 682;A01;2;10;0;9;1;1;1
536543390;155 770 683;B01;1;1;0;2;8;0;5
536543391;155 770 676;A01;1;7;0;2;3;15;1
536543391;155 770 678;B01;2;43;0;2;1;1;1
536543392;155 770 674;A01;1;10;0;2;2;15;1
536543392;155 770 677;B01;0;7;0;2;2;0;1
536543393;155 770 672;A01;3;1;0;2;8;15;5
536543393;155 770 675;B01;3;10;0;2;8;1;1
536543394;155 770 671;A01;1;99;0;2;4;2;1
536543394;155 770 673;C01;1;10;0;2;3;26;1
536543395;155 770 670;A01;1;7;0;1;7;1;1
536543396;155 770 669;A01;1;7;1;0;2;1;1
536543397;155 770 667;A01;1;30;0;2;0;0;1
536543397;155 770 668;B01;1;7;0;2;4;23;3
536543398;155 770 662;A01;1;33;12;0;1;1;1
536543399;155 770 663;A01;1;7;3;2;3;26;1
536543399;155 770 665;B01;1;7;3;0;4;2;1
536543400;155 770 664;A01;3;1;0;2;1;19;5
536543400;155 770 666;B01;1;7;0;2;7;1;1
536543401;155 770 661;A01;1;7;4;0;3;13;1
536543402;155 770 658;A01;3;7;0;2;1;1;1
536543402;155 770 660;B01;3;7;0;2;3;9;1
536543403;155 770 656;A01;1;7;3;0;2;1;1
536543404;155 770 657;A01;1;7;0;2;8;15;1
536543404;155 770 659;B01;1;2;0;2;0;0;0
536543405;155 770 654;A01;3;7;0;2;1;16;1
536543405;155 770 655;B01;1;80;0;2;3;0;3
536543406;155 770 651;A01;1;7;0;9;2;1;1
536543406;155 770 652;B01;1;1;0;2;7;9;5
536543407;155 770 647;A01;2;31;0;2;8;2;1
536543407;155 770 649;Z01;2;7;0;2;7;11;0
536543408;155 770 645;A01;1;38;0;2;1;2;1
536543408;155 770 648;B01;1;10;0;2;1;2;1
536543408;155 770 650;C01;1;7;0;0;0;0;2
536543408;155 770 653;D01;1;7;0;0;0;0;1
536543409;155 770 642;B01;1;7;0;2;8;1;1
536543409;155 770 646;A01;2;50;0;2;1;1;3
536543410;155 770 641;A01;2;7;0;2;2;2;2
536543410;155 770 643;C01;2;33;0;2;4;1;1
536543410;155 770 644;B01;2;7;0;2;6;2;1
536543411;155 770 637;A01;2;10;0;1;3;17;3
536543412;155 770 636;A01;2;7;0;2;4;1;2
536543412;155 770 639;B01;1;7;0;2;1;1;1
536543412;155 770 640;C01;1;15;0;2;1;1;1
536543413;155 770 635;B01;1;1;1;2;1;1;0
536543413;155 770 638;A01;1;7;0;2;8;22;1
536543414;155 770 632;A01;2;1;0;2;1;5;5
536543414;155 770 634;B01;1;2;0;2;1;1;1
536543415;155 770 631;A01;1;7;15;0;1;25;1
536543416;155 770 630;A01;2;32;0;2;1;3;1
536543416;155 770 633;B01;2;7;0;2;4;14;1
536543417;155 770 629;A01;0;50;0;1;1;7;3
536543418;155 770 625;A01;2;37;8;0;1;1;3
536543419;155 770 626;A01;1;31;3;0;1;16;1
536543420;155 770 624;B01;1;7;0;2;4;1;1
536543420;155 770 627;C01;1;7;0;2;4;1;1
536543420;155 770 628;A01;1;10;0;2;1;1;1
536543421;155 770 621;A01;3;7;0;2;6;13;1
536543421;155 770 623;B01;3;33;0;2;7;1;1
536543422;155 770 618;A01;1;7;0;2;1;1;1
536543422;155 770 620;B01;1;7;0;2;4;0;1
536543422;155 770 622;C01;1;7;0;2;4;1;1
536543423;155 770 617;A01;1;7;0;2;1;1;1
536543423;155 770 619;B01;1;7;0;2;4;1;1
536543424;155 770 615;B01;2;10;0;2;7;24;0
536543424;155 770 616;A01;2;1;1;0;1;1;5
536543425;155 770 614;A01;1;7;4;0;3;1;1
536543426;155 770 610;B01;1;7;0;2;4;1;1
536543426;155 770 612;A01;1;33;0;2;1;1;1
536543427;155 770 609;A01;2;7;0;1;1;15;2
536543428;155 770 606;A01;1;33;0;0;0;9;1
536543429;155 770 604;D01;2;7;0;2;9;1;1
536543429;155 770 607;E01;2;7;0;2;7;1;1
536543429;155 770 608;A01;2;33;0;2;1;1;1
536543429;155 770 611;B01;2;7;4;2;1;1;1
536543429;155 770 613;C01;2;10;0;2;3;1;1
536543430;155 770 603;A01;1;10;1;2;8;22;1
536543430;155 770 605;B01;1;1;1;2;1;1;5
536543431;155 770 601;A01;1;33;0;2;2;1;1
536543431;155 770 602;Z01;1;7;0;2;0;0;0
536543432;155 770 599;A01;1;7;0;1;3;16;1
536543433;155 770 597;B01;3;13;0;2;3;1;6
536543433;155 770 600;A01;3;30;0;2;1;1;1
536543434;155 770 595;B01;1;7;0;2;7;12;1
536543434;155 770 596;A01;1;33;0;2;1;3;1
536543434;155 770 598;C01;1;7;0;2;6;0;1
536543435;155 770 594;A01;3;7;0;0;9;0;1
536543436;155 770 591;A01;1;7;0;0;7;1;1
536543436;155 770 593;B01;2;7;0;0;1;1;2
536543437;155 770 590;A01;2;15;0;2;1;1;1
536543437;155 770 592;B01;2;7;0;2;8;9;1
536543438;155 770 589;A01;3;33;0;0;0;1;1
536543439;155 770 588;A01;3;10;1;1;4;4;1
536543440;155 770 586;A01;3;1;9;0;0;23;5
536543441;155 770 585;B01;1;7;0;2;5;14;1
536543441;155 770 587;A01;1;31;0;2;3;3;1
536543442;155 770 582;A01;2;7;0;0;9;1;1
536543443;155 770 580;B01;1;1;0;2;1;1;5
536543443;155 770 581;A01;2;7;0;2;5;15;1
536543444;155 770 583;B01;2;7;0;2;5;15;1
536543444;155 770 584;A01;1;1;0;2;1;19;5
536543445;155 770 579;B01;3;50;0;0;0;0;3
536543446;155 770 578;A01;1;50;14;0;1;5;3
536543447;155 770 576;A01;1;7;6;0;1;21;1
536543448;155 770 575;A01;1;33;0;2;1;9;1
536543448;155 770 577;B01;1;7;0;2;8;2;1
536543449;155 770 574;A01;2;10;0;1;1;1;1
536543450;155 770 573;A01;1;7;5;0;2;1;1
536543451;155 770 572;A01;1;7;9;0;1;1;2
536543452;155 770 570;A01;1;10;0;5;1;1;1
536543453;155 770 569;B01;1;31;0;2;3;1;1
536543453;155 770 571;A01;2;10;0;2;2;15;1
536543454;155 770 567;A01;2;33;14;0;1;17;1
536543455;155 770 566;A01;2;7;0;2;3;15;1
536543455;155 770 568;B01;2;10;0;2;2;1;1
536543456;155 770 565;A01;0;10;0;1;0;26;0
536543457;155 770 563;A01;1;10;4;0;1;15;1
536543458;155 770 562;A01;2;7;13;2;1;13;1
536543458;155 770 564;B01;1;7;0;2;1;1;1
536543459;155 770 560;B01;1;7;0;2;3;15;1
536543459;155 770 561;A01;2;32;0;2;1;17;1
536543460;155 770 558;Z01;3;33;0;1;1;26;0
536543461;155 770 556;A01;1;33;0;2;1;1;1
536543461;155 770 559;B01;1;7;0;2;4;9;1
536543462;155 770 557;A01;2;7;0;1;1;15;1
536543463;155 770 553;B01;1;1;0;2;1;1;5
536543463;155 770 555;A01;1;7;0;2;3;9;3
536543464;155 770 551;A01;2;7;0;2;3;1;1
536543464;155 770 554;B01;1;50;0;2;1;5;3
536543465;155 770 550;A01;3;7;0;2;1;1;1
536543465;155 770 552;B01;3;50;0;2;8;19;3
536543466;155 770 547;A01;0;33;0;2;7;26;1
536543466;155 770 549;B01;0;7;0;0;8;0;2
536543467;155 770 546;B01;2;7;0;2;2;1;1
536543467;155 770 548;A01;3;7;0;2;3;9;1
536543468;155 770 545;A01;3;7;1;1;1;26;1
536543469;155 770 544;A01;3;7;0;1;3;1;0
536543470;155 770 541;A01;2;43;1;1;1;1;1
536543471;155 770 542;A01;2;10;0;1;2;1;0
536543472;155 770 540;A01;3;7;0;2;1;2;1
536543472;155 770 543;B01;3;7;0;2;5;1;1
536543473;155 770 538;A01;3;7;0;2;1;1;1
536543473;155 770 539;B01;3;7;0;2;7;15;1
536543474;155 770 537;A01;1;7;0;1;2;1;1
536543475;155 770 536;A01;1;37;0;1;3;1;1
536543476;155 770 533;A01;1;7;0;2;1;1;1
536543476;155 770 535;B01;2;30;0;2;7;0;0
536543477;155 770 531;A01;0;7;0;2;7;26;0
536543477;155 770 534;B01;3;50;0;2;1;25;3
536543478;155 770 532;A01;1;7;0;1;3;0;1
536543479;155 770 529;A01;3;30;0;2;1;18;3
536543479;155 770 530;B01;3;10;0;2;2;16;1
536543480;155 770 527;A01;1;7;0;2;3;13;1
536543480;155 770 528;B01;2;30;0;2;1;1;1
536543481;155 770 526;A01;1;33;0;1;1;1;1
536543482;155 770 524;A01;1;7;0;2;1;19;1
536543482;155 770 525;B01;2;7;0;2;3;1;1
536543483;155 770 520;A01;2;7;0;2;4;1;1
536543483;155 770 522;B01;2;7;0;2;4;15;1
536543484;155 770 521;A01;1;7;0;2;1;1;1
536543484;155 770 523;B01;1;7;0;2;2;15;1
536543485;155 770 518;B01;1;7;0;2;3;16;2
536543485;155 770 519;A01;1;80;0;2;7;1;3
536543486;155 770 516;A01;3;7;0;2;7;16;1
536543486;155 770 517;B01;3;32;0;2;8;16;1
536543487;155 770 513;B01;2;33;8;2;3;1;1
536543487;155 770 514;A01;2;10;0;2;3;15;1
536543488;155 770 509;A01;1;33;0;1;3;1;1