Num_Acc;id_vehicule;num_veh;senc;catv;obs;obsm;choc;manv;motor
536543489;155 770 510;A01;2;50;0;9;8;2;3
536543489;155 770 512;Y01;1;60;0;2;0;26;5
536543490;155 770 511;B01;3;1;0;2;7;1;5
536543490;155 770 515;A01;3;7;0;2;3;9;2
536543491;155 770 506;A01;2;10;0;2;1;15;1
536543491;155 770 508;B01;2;33;0;2;1;1;1
536543492;155 770 507;A01;1;10;0;1;2;1;1
536543493;155 770 505;A01;2;7;0;1;2;1;1
536543494;155 770 502;A01;1;10;0;2;6;26;1
536543494;155 770 504;B01;1;32;0;2;1;2;1
536543495;155 770 503;A01;2;33;6;0;1;14;1
536543496;155 770 498;A01;3;32;0;2;3;11;1
536543496;155 770 501;B01;3;33;0;2;2;3;0
536543497;155 770 494;A01;1;31;0;0;1;1;6
536543498;155 770 496;B01;1;7;0;2;4;1;1
536543498;155 770 500;A01;1;7;0;2;1;2;1
536543499;155 770 495;C01;2;7;0;2;1;2;3
536543499;155 770 497;B01;2;7;0;2;4;2;1
536543499;155 770 499;A01;2;7;0;2;4;1;1
536543500;155 770 493;A01;1;33;0;0;0;1;1
536543501;155 770 492;A01;1;7;13;0;1;1;1
536543502;155 770 490;A01;1;7;0;1;1;1;1
536543503;155 770 489;B01;3;7;0;2;1;1;1
536543503;155 770 491;A01;3;10;0;2;3;10;1
536543504;155 770 488;A01;1;33;12;0;1;1;1
536543505;155 770 487;A01;1;7;4;0;3;13;1
536543506;155 770 484;A01;1;33;14;0;1;6;1
536543507;155 770 483;A01;1;7;0;2;7;19;1
536543507;155 770 486;B01;1;7;0;2;1;1;1
536543508;155 770 482;A01;1;7;0;2;4;2;1
536543508;155 770 485;B01;1;7;0;2;1;2;1
536543509;155 770 480;A01;2;7;6;2;8;9;1
536543509;155 770 481;B01;2;7;0;2;1;1;1
536543510;155 770 478;A01;3;7;13;0;2;17;1
536543511;155 770 475;A01;1;7;0;2;1;1;1
536543511;155 770 477;B01;1;7;0;2;4;23;1
536543512;155 770 476;A01;2;33;0;2;1;1;1
536543512;155 770 479;B01;1;13;0;2;8;15;1
536543513;155 770 474;A01;2;7;0;1;2;2;3
536543514;155 770 473;A01;2;7;13;0;9;1;1
536543515;155 770 472;A01;1;7;13;0;1;1;1
536543516;155 770 471;A01;1;7;0;1;2;1;1
536543517;155 770 470;A01;1;33;3;0;3;1;1
536543518;155 770 469;A01;1;7;13;0;1;1;1
536543519;155 770 465;A01;1;33;0;2;1;17;1
536543519;155 770 466;B01;1;10;0;2;8;15;1
536543520;155 770 467;B01;3;7;8;2;1;1;1
536543520;155 770 468;A01;3;7;0;2;1;15;1
536543521;155 770 462;A01;1;7;0;0;3;15;1
536543521;155 770 464;B01;1;7;0;0;1;1;1
536543522;155 770 461;A01;2;30;0;2;1;2;1
536543522;155 770 463;B01;2;7;0;2;6;16;2
536543523;155 770 459;A01;2;7;0;2;1;1;1
536543523;155 770 460;B01;1;7;0;2;1;1;1
536543524;155 770 457;A01;3;33;15;0;3;1;1
536543525;155 770 455;A01;1;7;0;2;3;1;1
536543525;155 770 458;B01;1;50;0;2;2;15;3
536543526;155 770 454;B01;1;14;0;0;1;1;1
536543526;155 770 456;A01;1;7;0;2;1;13;1
536543527;155 770 452;A01;1;43;0;2;1;13;1
536543527;155 770 453;B01;2;7;0;2;3;1;1
536543528;155 770 450;A01;3;10;0;1;5;4;1
536543529;155 770 451;A01;1;38;0;1;3;1;1
536543530;155 770 449;A01;2;7;6;0;2;1;1
536543531;155 770 446;B01;1;1;0;2;8;1;5
536543531;155 770 448;A01;2;14;15;2;3;13;1
536543532;155 770 445;A01;3;10;0;2;1;15;1
536543532;155 770 447;B01;3;32;0;2;1;1;1
536543533;155 770 443;A01;1;7;0;2;2;12;1
536543533;155 770 444;B01;1;7;0;2;6;1;1
536543534;155 770 442;A01;1;31;14;0;1;0;1
536543535;155 770 441;A01;1;7;1;0;2;1;1
536543536;155 770 439;A01;2;7;0;2;2;13;1
536543536;155 770 440;B01;1;7;0;2;2;1;1
536543537;155 770 437;A01;2;7;0;2;1;1;1
536543537;155 770 438;B01;1;7;2;2;7;1;1
536543538;155 770 436;A01;2;7;8;0;1;15;1
536543539;155 770 434;A01;2;7;0;2;2;9;1
536543539;155 770 435;B01;2;7;0;2;5;1;1
536543540;155 770 433;A01;1;32;1;0;1;17;1
536543541;155 770 431;A01;3;7;0;2;7;15;1
536543541;155 770 432;B01;3;1;0;2;1;1;5
536543542;155 770 430;A01;2;7;3;0;1;13;1
536543543;155 770 428;A01;2;7;0;2;1;2;1
536543543;155 770 429;B01;2;7;0;2;4;2;1
536543544;155 770 426;B01;3;7;0;2;8;9;1
536543544;155 770 427;A01;3;30;0;2;8;12;1
536543545;155 770 425;A01;3;7;0;1;2;1;1
536543546;155 770 423;A01;2;7;0;2;3;26;1
536543546;155 770 424;B01;0;0;0;9;1;1;0
536543547;155 770 422;A01;3;7;0;1;1;19;0
536543548;155 770 420;A01;3;33;0;2;6;14;1
536543548;155 770 421;B01;3;7;0;2;0;0;1
536543549;155 770 416;A01;1;7;0;9;2;15;1
536543549;155 770 417;B01;2;1;0;2;1;1;5
536543550;155 770 415;A01;1;50;0;0;0;1;3
536543551;155 770 413;B01;1;7;0;2;8;10;1
536543551;155 770 414;A01;1;7;0;2;1;10;3
536543552;155 770 412;A01;1;7;0;1;1;1;1
536543553;155 770 410;B01;1;7;8;0;1;2;1
536543553;155 770 411;A01;1;7;0;2;1;2;1
536543554;155 770 409;A01;2;50;0;1;1;26;3
536543555;155 770 407;A01;2;10;0;2;3;9;1
536543555;155 770 408;B01;2;50;0;2;2;1;3
536543556;155 770 406;A01;3;7;0;1;3;15;2
536543557;155 770 405;A01;1;10;8;0;1;26;1
536543558;155 770 401;A01;1;7;0;2;3;1;1
536543558;155 770 402;B01;2;30;0;2;1;1;1
536543559;155 770 400;A01;2;7;0;1;3;16;1
536543560;155 770 398;A01;3;33;0;0;3;15;1
536543561;155 770 399;A01;3;7;9;0;1;1;1
536543562;155 770 397;A01;1;7;4;0;2;1;1
536543563;155 770 394;A01;3;7;0;2;3;1;1
536543563;155 770 396;B01;3;7;0;2;3;1;1
536543564;155 770 391;A01;2;21;0;2;3;1;1
536543564;155 770 392;B01;1;7;0;2;3;13;1
536543565;155 770 393;B01;1;7;0;2;5;2;1
536543565;155 770 395;A01;1;33;0;2;1;1;1
536543566;155 770 390;A01;2;33;0;0;0;0;1
536543567;155 770 387;A01;2;7;0;2;1;5;1
536543567;155 770 388;B01;1;15;0;2;2;1;1
536543568;155 770 385;A01;1;7;4;0;3;0;1
536543569;155 770 386;A01;0;7;0;0;6;0;1
536543569;155 770 389;B01;0;33;0;2;1;15;1
536543570;155 770 383;A01;2;17;0;0;4;23;1
536543570;155 770 384;B01;2;17;1;0;1;2;1
536543571;155 770 382;A01;1;34;4;0;2;1;1
536543572;155 770 380;A01;2;10;2;0;1;0;1
536543573;155 770 378;A01;2;7;0;2;1;2;1
536543573;155 770 379;B01;2;7;0;0;4;1;1
536543574;155 770 377;A01;1;7;3;0;2;13;1
536543575;155 770 376;A01;1;7;0;2;3;9;1
536543575;155 770 381;B01;3;7;0;2;1;1;1
536543576;155 770 374;A01;1;7;13;2;5;17;1
536543576;155 770 375;B01;1;17;0;2;3;1;1
536543577;155 770 373;A01;2;50;5;0;1;1;3
536543578;155 770 372;A01;2;7;0;1;1;1;1
536543579;155 770 371;A01;2;7;0;1;1;15;1
536543580;155 770 368;A01;3;7;0;2;1;0;2
536543580;155 770 369;B01;3;7;0;2;1;0;1
536543580;155 770 370;C01;3;7;3;2;0;0;1
536543581;155 770 367;A01;2;30;11;0;1;1;3
536543582;155 770 363;A01;3;15;0;2;2;1;1
536543582;155 770 364;B01;3;7;0;2;8;19;1
536543583;155 770 361;A01;3;7;0;2;3;15;1
536543583;155 770 362;B01;1;7;0;2;2;1;1
536543584;155 770 359;A01;1;7;0;1;1;1;1
536543585;155 770 358;A01;1;14;2;0;3;13;1
536543586;155 770 356;A01;2;7;0;2;1;13;1
536543586;155 770 357;B01;1;7;0;2;1;1;1
536543587;155 770 354;A01;2;7;9;2;1;1;1
536543587;155 770 355;B01;1;7;0;2;7;15;1
536543588;155 770 351;A01;1;10;0;2;3;13;1
536543588;155 770 352;B01;2;17;0;2;3;1;1
536543589;155 770 353;A01;2;10;0;1;1;1;1
536543590;155 770 349;A01;1;7;0;2;3;13;1
536543590;155 770 350;B01;2;7;0;2;3;1;1
536543591;155 770 348;A01;1;7;4;0;1;16;1
536543592;155 770 345;A01;1;7;0;2;1;2;1
536543592;155 770 346;B01;1;7;0;2;4;23;1
536543593;155 770 344;A01;1;7;3;2;5;1;1
536543593;155 770 347;Z01;1;7;0;2;1;1;0
536543594;155 770 343;A01;3;32;4;0;8;1;1
536543595;155 770 338;A01;0;7;0;2;3;20;1
536543595;155 770 340;B01;0;1;0;2;1;25;5
536543596;155 770 337;A01;1;10;0;2;1;1;1
536543596;155 770 339;B01;1;7;0;2;4;23;1
536543596;155 770 341;C01;1;10;0;2;4;23;1
536543596;155 770 342;D01;1;7;0;2;3;21;1
536543597;155 770 334;A01;0;50;0;2;0;1;3
536543597;155 770 336;B01;0;7;0;2;1;1;1
536543598;155 770 333;B01;1;10;0;2;1;1;1
536543598;155 770 335;A01;1;10;0;2;4;1;1
536543599;155 770 329;B01;3;2;0;2;8;0;1
536543599;155 770 332;A01;2;7;0;2;1;2;1
536543600;155 770 327;A01;1;7;0;1;3;0;1
536543601;155 770 328;C01;2;7;0;2;6;1;1
536543601;155 770 330;B01;2;33;0;2;7;3;1
536543601;155 770 331;A01;2;10;0;2;3;12;1
536543602;155 770 325;A01;1;7;0;2;2;9;1
536543602;155 770 326;B01;2;1;0;2;5;1;5
536543603;155 770 324;A01;1;7;3;0;8;2;1
536543604;155 770 321;B01;1;7;0;2;0;1;1
536543604;155 770 323;A01;1;7;0;2;0;0;0
536543605;155 770 320;A01;2;33;0;2;1;3;1
536543605;155 770 322;B01;2;7;0;2;7;12;1
536543606;155 770 318;A01;0;10;0;1;2;0;0
536543607;155 770 317;A01;2;7;0;2;8;11;1
536543607;155 770 319;B01;2;33;0;2;2;3;1
536543608;155 770 315;A01;1;7;3;0;3;16;1
536543609;155 770 314;A01;1;7;0;2;2;15;1
536543609;155 770 316;B01;2;2;0;2;1;1;1
536543610;155 770 313;A01;3;10;0;1;4;26;1
536543611;155 770 312;A01;1;37;0;1;4;20;1
536543612;155 770 310;A01;3;7;13;0;1;1;1
536543613;155 770 308;A01;1;10;0;2;3;1;1
536543613;155 770 311;B01;2;7;0;2;3;1;1
536543614;155 770 307;A01;2;7;0;2;3;19;2
536543614;155 770 309;B01;1;33;0;2;1;3;1
536543615;155 770 306;A01;1;7;8;0;1;13;1
536543616;155 770 305;A01;1;7;13;0;9;21;1
536543617;155 770 302;A01;3;3;13;0;1;1;3
536543618;155 770 301;B01;1;7;0;2;6;26;1
536543618;155 770 304;A01;1;33;0;2;5;17;1
536543619;155 770 297;C01;2;7;0;2;8;1;2
536543619;155 770 299;A01;2;30;0;2;1;17;1
536543619;155 770 300;B01;1;7;0;2;1;1;2
536543619;155 770 303;Z01;2;34;0;2;5;17;0
536543620;155 770 296;B01;2;7;0;0;4;2;1
536543620;155 770 298;A01;2;7;0;2;1;2;1
536543621;155 770 294;B01;1;0;0;0;0;5;0
536543621;155 770 295;A01;2;31;0;2;0;1;1
536543622;155 770 291;B01;3;7;0;2;8;19;1
536543622;155 770 293;A01;3;7;0;2;3;19;1
536543623;155 770 292;A01;1;7;0;1;1;9;1
536543624;155 770 287;B01;1;7;0;9;3;1;1
536543624;155 770 289;A01;2;50;0;2;1;5;3
536543625;155 770 286;A01;1;7;0;2;3;18;1
536543625;155 770 288;B01;1;10;0;2;2;9;1
536543625;155 770 290;C01;1;37;0;2;8;0;1
536543626;155 770 285;A01;1;39;0;1;2;1;3
536543627;155 770 282;A01;3;33;0;2;1;5;1
536543627;155 770 283;B01;3;7;0;2;3;15;3
536543628;155 770 280;B01;3;7;0;2;1;1;1
536543628;155 770 284;A01;3;1;0;2;8;1;5
536543629;155 770 279;A01;2;7;0;2;8;1;1
536543629;155 770 281;B01;1;50;0;2;7;1;3
536543630;155 770 276;A01;1;30;0;0;0;0;3
536543631;155 770 275;A01;1;7;0;2;1;15;1
536543631;155 770 277;B01;1;1;0;2;1;23;5
536543632;155 770 274;B01;1;7;0;2;7;1;1
536543632;155 770 278;A01;0;1;0;2;8;15;5
536543633;155 770 271;A01;1;7;0;2;3;0;1
536543633;155 770 273;B01;1;33;0;2;7;1;1
536543634;155 770 270;A01;1;0;0;1;0;1;0
536543635;155 770 268;C01;2;7;0;2;2;13;1
536543635;155 770 269;A01;1;7;0;2;3;1;1
536543635;155 770 272;B01;2;7;0;2;1;1;2
536543636;155 770 267;A01;1;37;0;1;1;1;0
536543637;155 770 265;B01;1;31;0;2;1;1;1
536543637;155 770 266;A01;2;7;0;2;7;15;1
536543638;155 770 264;A01;2;7;1;0;0;0;1
536543639;155 770 263;A01;2;7;0;1;1;16;1
536543640;155 770 262;A01;3;7;0;1;2;16;1
536543641;155 770 259;B01;2;7;0;2;4;2;1
536543641;155 770 261;A01;2;7;0;2;1;2;1
536543642;155 770 258;A01;2;7;0;2;1;1;1
536543642;155 770 260;B01;2;7;0;2;1;2;2
536543643;155 770 256;A01;3;7;0;1;1;16;1
536543644;155 770 255;A01;2;7;0;2;1;2;1
536543644;155 770 257;B01;2;43;0;2;4;2;1
536543645;155 770 251;B01;2;7;0;2;3;1;1
536543645;155 770 252;A01;2;7;0;2;5;14;1
536543646;155 770 248;B01;1;37;0;2;3;1;0
536543646;155 770 250;A01;2;10;0;2;2;15;1
536543647;155 770 247;A01;0;7;0;2;2;10;1
536543647;155 770 249;B01;1;31;0;2;1;1;1
536543648;155 770 245;A01;1;31;0;2;1;1;1
536543648;155 770 246;B01;1;7;0;0;4;1;1
536543649;155 770 243;A01;1;7;0;2;3;0;2
536543649;155 770 244;B01;1;1;0;2;0;0;5
536543650;155 770 242;A01;1;7;6;0;1;16;1
536543651;155 770 240;A01;1;13;0;0;0;15;3
536543651;155 770 241;B01;2;1;0;0;0;26;5
536543652;155 770 235;A01;3;50;0;1;2;25;3
536543653;155 770 236;A01;1;7;0;2;1;0;1
536543653;155 770 238;B01;1;1;0;2;0;1;5
536543654;155 770 234;A01;1;7;6;0;0;0;1
536543655;155 770 232;A01;3;7;0;1;1;0;1
536543656;155 770 231;A01;3;7;1;0;2;1;3
536543656;155 770 233;D01;3;7;0;0;4;24;2
536543657;155 770 230;A01;1;7;0;1;0;26;1
536543658;155 770 227;A01;1;80;0;0;0;1;3
536543659;155 770 226;A01;2;33;0;0;0;24;1
536543660;155 770 224;A01;1;7;6;0;0;0;1
536543661;155 770 222;B01;2;7;0;2;5;17;1
536543661;155 770 225;A01;1;43;0;2;1;1;1
536543662;155 770 221;A01;1;7;0;0;0;0;1
536543663;155 770 220;B01;1;7;0;2;8;1;1
536543663;155 770 223;A01;1;7;0;2;1;1;1
536543664;155 770 218;A01;1;7;0;0;0;0;1
536543665;155 770 217;B01;2;14;1;2;8;1;1
536543665;155 770 219;A01;2;10;1;2;9;14;1
536543666;155 770 215;B01;3;20;0;2;1;26;6
536543666;155 770 216;A01;1;7;0;2;8;1;2
536543667;155 770 212;A01;1;33;0;2;1;0;1
536543667;155 770 214;B01;1;33;0;2;1;0;1
536543668;155 770 210;B01;2;7;0;2;1;1;1
536543668;155 770 213;A01;1;7;16;2;1;1;2
536543669;155 770 211;A01;1;7;0;1;2;1;1
536543670;155 770 209;A01;1;7;8;0;1;1;1
536543671;155 770 207;A01;2;1;0;1;1;1;5
536543672;155 770 206;A01;2;17;6;0;1;1;1
536543673;155 770 203;A01;1;7;1;1;3;15;1
536543674;155 770 202;B01;1;1;0;2;7;26;5
536543674;155 770 205;A01;1;7;1;2;1;19;1
536543675;155 770 204;A01;2;80;0;1;1;1;3
536543676;155 770 199;A01;3;7;0;2;8;15;1
536543676;155 770 201;B01;3;31;0;2;1;17;1
536543677;155 770 198;A01;1;10;0;2;3;10;1
536543677;155 770 200;B01;1;30;0;2;1;17;3
536543678;155 770 196;A01;2;7;0;2;1;13;1
536543678;155 770 197;B01;1;7;0;2;1;1;1
536543679;155 770 193;A01;3;7;0;0;3;1;1
536543679;155 770 194;B01;3;1;0;2;1;1;5
536543680;155 770 190;B01;3;7;0;2;1;1;1
536543680;155 770 192;A01;3;2;0;2;1;5;1
536543681;155 770 191;B01;1;7;0;2;1;1;2
536543681;155 770 195;A01;1;1;0;2;8;1;5
536543682;155 770 187;A01;2;10;0;0;9;13;1
536543683;155 770 188;A01;2;7;0;2;1;1;1
536543683;155 770 189;B01;2;7;9;2;4;23;1
536543684;155 770 185;A01;2;7;0;2;3;9;2
536543684;155 770 186;B01;2;32;0;2;7;1;1
536543685;155 770 184;A01;1;7;0;1;1;1;0
536543686;155 770 182;B01;1;7;0;2;3;1;2
536543686;155 770 183;A01;2;30;0;2;1;1;1
536543687;155 770 180;A01;2;7;8;0;1;1;1
536543687;155 770 181;B01;2;7;0;0;7;1;1
536543688;155 770 179;A01;1;7;0;1;1;1;1
536543689;155 770 178;A01;1;7;0;1;1;1;1
536543690;155 770 176;B01;1;50;0;4;6;1;3
536543690;155 770 177;A01;;39;0;2;7;1;3
536543691;155 770 174;A01;3;7;1;1;4;1;1
536543692;155 770 173;A01;0;7;0;1;6;15;1
536543693;155 770 172;B01;0;37;0;2;1;7;1
536543693;155 770 175;A01;0;7;0;2;8;9;1
536543694;155 770 170;B01;2;7;0;2;1;1;1
536543694;155 770 171;A01;1;50;0;2;1;15;3
536543695;155 770 169;A01;3;39;0;1;1;1;0
536543696;155 770 168;A01;1;7;6;0;1;0;1
536543697;155 770 167;A01;2;30;0;0;0;1;1
536543698;155 770 166;A01;3;7;0;1;1;12;1
536543699;155 770 164;A01;2;7;0;9;0;0;2
536543699;155 770 165;B01;2;1;0;9;0;0;5
536543700;155 770 161;A01;3;7;0;2;3;0;1
536543700;155 770 163;B01;3;2;0;2;1;1;1
536543701;155 770 160;A01;2;7;0;2;1;2;1
536543701;155 770 162;B01;2;33;0;2;4;2;1
536543702;155 770 158;A01;3;7;0;1;2;22;1
536543703;155 770 156;A01;3;7;0;0;1;0;1
536543704;155 770 157;A01;0;7;0;2;2;12;1
536543704;155 770 159;B01;0;1;0;2;3;1;5
536543705;155 770 155;A01;3;7;0;0;0;0;1
536543706;155 770 154;A01;1;7;0;1;3;1;1
536543707;155 770 152;B01;2;2;0;2;1;1;0
536543707;155 770 153;A01;2;7;0;2;2;16;0
536543708;155 770 151;A01;2;31;12;0;0;1;1
536543709;155 770 148;A01;1;3;0;0;3;1;1
536543710;155 770 149;A01;3;7;0;2;1;14;1
536543710;155 770 150;B01;3;7;0;2;4;1;1
536543711;155 770 146;A01;2;33;0;2;2;17;1
536543711;155 770 147;B01;2;7;0;2;3;1;1
536543712;155 770 144;A01;0;7;0;9;2;15;1
536543712;155 770 145;B01;0;1;0;2;1;1;5
536543713;155 770 143;A01;1;7;0;1;2;16;1
536543714;155 770 142;A01;1;7;0;1;2;1;1
536543715;155 770 138;B01;2;15;0;2;8;1;1
536543715;155 770 140;A01;2;30;0;2;7;12;1
536543716;155 770 137;A01;2;33;0;2;3;1;1
536543716;155 770 139;B01;2;7;0;2;2;0;1
536543717;155 770 136;B01;3;7;0;2;7;2;1
536543717;155 770 141;A01;1;50;0;2;1;1;3
536543718;155 770 134;A01;1;7;0;1;2;19;6
536543719;155 770 132;A01;1;7;0;2;4;20;1
536543719;155 770 135;B01;1;7;0;2;1;1;3
536543720;155 770 131;A01;2;7;0;2;1;1;1
536543720;155 770 133;B01;3;33;0;2;8;15;1
536543721;155 770 130;A01;2;7;0;1;1;1;1
536543722;155 770 128;A01;2;7;13;0;2;1;1
536543723;155 770 126;A01;1;37;0;2;2;15;1
536543723;155 770 129;B01;1;37;6;0;1;0;1
536543724;155 770 125;B01;1;2;0;2;8;13;1
536543724;155 770 127;A01;1;33;0;2;7;1;1
536543725;155 770 121;B01;1;1;0;2;1;0;5
536543725;155 770 124;A01;1;7;0;2;3;0;1
536543726;155 770 118;A01;3;7;0;2;3;15;1
536543726;155 770 120;B01;2;32;0;2;1;17;1
536543727;155 770 117;A01;2;10;0;2;1;2;1
536543727;155 770 119;B01;2;7;0;2;4;2;1
536543727;155 770 122;C01;2;10;0;2;4;2;1
536543727;155 770 123;D01;2;7;0;2;5;2;2
536543728;155 770 116;A01;2;50;0;0;0;1;3
536543729;155 770 114;A01;1;7;9;0;1;1;1
536543730;155 770 113;A01;3;7;0;2;7;14;1
536543730;155 770 115;B01;3;1;0;2;8;15;5
536543731;155 770 110;B01;2;14;0;2;3;1;1
536543731;155 770 112;A01;1;7;7;2;1;13;1
536543732;155 770 109;B01;2;21;0;2;4;2;0
536543732;155 770 111;A01;2;7;0;2;1;2;6
536543733;155 770 107;A01;1;7;0;1;1;26;1
536543734;155 770 105;A01;1;7;0;2;3;15;2
536543734;155 770 108;B01;3;32;0;2;1;0;1
536543735;155 770 104;A01;1;33;2;2;0;1;1
536543735;155 770 106;B01;2;10;0;2;2;15;1
536543736;155 770 102;T01;2;7;3;0;1;21;1
536543736;155 770 103;A01;2;7;0;1;2;1;1
536543737;155 770 101;A01;1;7;7;0;1;14;1
536543738;155 770 100;A01;2;7;0;1;1;1;1
536543739;155 770 099;A01;1;31;3;0;1;14;1
536543740;155 770 097;A01;2;10;4;0;1;2;1
536543741;155 770 096;A01;2;7;0;1;1;1;1
536543742;155 770 095;A01;2;7;0;2;6;1;1
536543742;155 770 098;B01;1;33;0;2;3;1;1
536543743;155 770 094;A01;2;7;0;2;6;2;1
536543744;155 770 091;A01;2;7;0;0;2;1;1
536543745;155 770 090;B01;2;7;0;2;7;1;1
536543745;155 770 093;A01;3;7;0;2;1;9;1
536543746;155 770 089;A01;3;7;0;1;3;15;1
536543747;155 770 086;A01;1;7;0;1;3;15;1
536543748;155 770 085;A01;2;7;0;2;3;13;0
536543748;155 770 088;B01;1;7;0;2;3;26;1
536543749;155 770 084;B01;2;7;16;2;6;9;1
536543749;155 770 087;A01;2;7;7;2;2;1;1
536543750;155 770 081;A01;0;7;0;0;0;1;1
536543751;155 770 080;B01;1;7;0;2;2;1;1
536543751;155 770 083;A01;3;10;0;2;1;1;1
536543752;155 770 079;B01;1;30;0;2;8;15;1
536543752;155 770 082;A01;1;7;0;2;2;15;1
536543753;155 770 075;A01;0;33;0;2;1;1;1
536543753;155 770 078;Z01;1;7;0;2;3;15;0
536543754;155 770 076;A01;2;7;0;2;5;1;1
536543754;155 770 077;B01;1;50;0;2;1;19;3
536543755;155 770 074;A01;2;7;15;0;2;19;1
536543756;155 770 070;A01;3;7;0;2;3;1;1
536543756;155 770 073;B01;3;50;0;2;4;19;3
536543757;155 770 069;B01;3;21;0;2;5;1;1
536543757;155 770 072;A01;3;1;0;2;0;1;5
536543758;155 770 067;A01;2;7;0;2;1;1;1
536543758;155 770 068;C01;0;7;0;9;4;1;1
536543758;155 770 071;B01;3;33;0;2;8;15;1
536543759;155 770 065;A01;2;80;0;0;0;0;3
536543760;155 770 064;A01;3;7;0;9;1;2;2
536543760;155 770 066;B01;3;60;0;2;8;2;5
536543761;155 770 061;A01;1;7;0;0;9;14;1
536543762;155 770 060;A01;1;7;0;2;2;15;2
536543762;155 770 063;B01;2;37;0;2;3;1;1
536543763;155 770 058;A01;3;7;0;1;2;1;2
536543764;155 770 057;A01;1;80;0;1;1;1;3
536543765;155 770 056;A01;2;7;2;0;1;13;1
536543766;155 770 054;A01;0;2;0;0;0;1;1
536543767;155 770 053;A01;3;30;0;2;1;9;1
536543767;155 770 055;B01;0;10;0;2;3;1;1
536543768;155 770 051;A01;1;7;0;1;2;1;1
536543769;155 770 048;A01;3;7;0;1;8;1;1
536543770;155 770 046;A01;2;7;0;2;1;2;1
536543770;155 770 049;B01;2;7;0;2;4;1;1
536543770;155 770 050;C01;2;7;1;0;3;3;1
536543770;155 770 052;D01;2;7;0;2;2;1;1
536543771;155 770 045;A01;2;7;0;2;2;19;1
536543771;155 770 047;B01;2;33;0;2;1;1;1
536543772;155 770 042;B01;2;33;0;2;2;0;1
536543772;155 770 044;A01;2;10;0;2;6;0;1
536543773;155 770 041;A01;1;7;0;1;3;1;1
536543773;155 770 043;B01;1;7;0;1;3;1;1
536543774;155 770 040;A01;2;7;13;0;1;21;1
536543775;155 770 036;A01;1;7;0;2;5;2;1
536543775;155 770 038;B01;1;33;0;2;1;11;1
536543776;155 770 033;B01;1;7;0;2;3;1;1
536543776;155 770 035;A01;2;32;0;2;1;13;1
536543777;155 770 032;B01;1;7;0;2;4;2;1
536543777;155 770 034;C01;1;7;0;2;4;2;1
536543777;155 770 037;D01;1;7;0;2;4;2;1
536543777;155 770 039;A01;1;7;0;2;1;2;1
536543778;155 770 031;A01;3;10;0;0;9;4;1
536543779;155 770 030;A01;3;7;0;1;3;1;1
536543780;155 770 027;A01;2;30;12;2;8;5;1
536543780;155 770 029;B01;1;7;0;2;1;1;1
536543781;155 770 026;A01;1;7;0;1;2;1;1
536543782;155 770 022;A01;2;32;1;0;0;1;1
536543783;155 770 020;A01;1;7;0;2;1;1;1
536543783;155 770 023;B01;1;7;0;2;4;1;1
536543783;155 770 025;C01;1;7;0;2;4;2;1
536543784;155 770 021;B01;1;7;0;2;3;15;1
536543784;155 770 024;A01;1;33;1;2;1;11;1
536543785;155 770 019;A01;1;30;8;0;0;1;1
536543786;155 770 016;B01;1;10;0;2;3;1;1
536543786;155 770 018;A01;2;2;0;2;1;26;1
536543787;155 770 014;A01;0;39;0;1;7;19;6
536543788;155 770 015;B01;1;10;0;0;7;15;1
536543788;155 770 017;A01;2;7;0;2;1;1;1
536543789;155 770 012;A01;1;7;0;2;1;17;1
536543789;155 770 013;B01;2;7;0;0;1;1;1
536543790;155 770 009;A01;3;31;0;2;1;1;1
536543790;155 770 011;B01;3;7;0;2;3;1;1
536543791;155 770 008;B01;1;7;0;2;8;15;1
536543791;155 770 010;A01;1;30;0;2;1;21;1
536543792;155 770 007;A01;1;31;2;0;0;2;1
536543793;155 770 004;A01;2;34;13;0;2;1;1
536543794;155 770 005;A01;2;7;0;2;1;2;1
536543794;155 770 006;B01;2;7;0;0;4;2;2
536543795;155 770 003;A01;2;33;0;0;2;17;1
536543796;155 770 001;A01;1;32;0;0;3;1;3
536543797;155 769 999;A01;3;7;0;2;3;9;1
536543797;155 770 002;B01;3;33;0;2;1;13;1
536543798;155 769 998;B01;2;1;0;2;6;1;5
536543798;155 770 000;A01;2;32;0;2;2;18;1
536543799;155 769 993;B01;2;15;0;2;1;19;1
536543799;155 769 996;A01;1;7;5;0;2;1;1
536543800;155 769 992;A01;2;7;0;2;3;13;1
536543800;155 769 995;B01;1;7;0;2;8;21;1
536543800;155 769 997;C01;1;7;0;2;1;1;1
536543801;155 769 994;A01;2;50;0;1;1;1;3
536543802;155 769 988;B01;1;7;0;2;1;9;1
536543802;155 769 990;A01;1;33;0;2;8;1;1
536543803;155 769 986;B01;1;7;0;2;3;1;1
536543803;155 769 991;A01;2;30;0;2;2;1;1
536543804;155 769 987;A01;1;10;0;2;2;15;1
536543804;155 769 989;B01;2;33;0;2;1;1;1
536543805;155 769 985;A01;1;33;1;0;1;2;1
536543806;155 769 984;A01;1;33;0;0;0;0;1
536543807;155 769 983;Z01;1;30;0;1;1;5;0
536543808;155 769 981;A01;1;7;0;0;7;13;1
536543808;155 769 982;B01;2;7;0;2;1;1;1
536543809;155 769 980;A01;2;33;6;0;3;13;1
536543810;155 769 977;B01;2;7;0;2;4;1;1