Num_Acc;id_vehicule;num_veh;senc;catv;obs;obsm;choc;manv;motor
536544119;155 769 450;B01;0;7;0;2;3;1;1
536544120;155 769 445;A01;2;7;0;2;1;7;1
536544120;155 769 446;B01;2;2;0;2;7;7;1
536544121;155 769 443;B01;3;10;0;2;1;1;1
536544121;155 769 444;A01;3;7;0;2;3;15;1
536544122;155 769 441;B01;3;33;0;2;8;9;1
536544122;155 769 442;A01;3;7;0;2;2;26;3
536544123;155 769 439;B01;2;7;0;2;4;2;0
536544123;155 769 440;A01;2;31;0;2;1;1;1
536544124;155 769 436;A01;1;10;0;2;4;2;1
536544124;155 769 437;B01;1;7;0;2;4;1;1
536544124;155 769 438;C01;1;7;0;2;0;2;1
536544125;155 769 434;B01;2;7;0;2;4;1;1
536544125;155 769 435;A01;1;7;0;2;1;2;1
536544126;155 769 432;A01;2;7;0;2;1;2;1
536544126;155 769 433;B01;2;15;0;2;4;2;1
536544127;155 769 430;A01;1;33;0;2;8;21;1
536544127;155 769 431;B01;1;7;0;2;6;1;2
536544128;155 769 428;A01;1;14;0;2;1;16;1
536544128;155 769 429;B01;1;1;0;2;8;1;5
536544129;155 769 427;A01;1;33;1;1;1;1;1
536544130;155 769 425;B01;1;7;0;2;1;1;2
536544130;155 769 426;A01;2;14;0;2;2;1;3
536544131;155 769 423;A01;2;33;0;2;4;11;1
536544131;155 769 424;B01;2;1;0;2;1;2;5
536544132;155 769 421;B01;2;1;0;2;3;13;5
536544132;155 769 422;A01;2;10;0;2;2;1;1
536544133;155 769 419;A01;3;33;0;0;7;3;1
536544133;155 769 420;B01;0;7;0;2;8;13;1
536544134;155 769 418;A01;2;7;0;1;7;16;1
536544135;155 769 416;B01;2;50;0;2;1;1;3
536544135;155 769 417;A01;3;31;0;2;1;5;1
536544136;155 769 413;A01;3;33;0;2;3;18;1
536544136;155 769 414;C01;3;10;0;2;5;1;1
536544136;155 769 415;B01;3;7;0;2;7;1;1
536544137;155 769 411;B01;2;33;0;2;1;1;1
536544137;155 769 412;A01;2;31;0;2;8;1;1
536544138;155 769 410;A01;1;50;0;1;1;1;3
536544139;155 769 408;A01;1;50;0;2;1;1;3
536544139;155 769 409;B01;1;1;0;2;4;15;5
536544140;155 769 406;B01;1;50;0;2;1;2;3
536544140;155 769 407;A01;1;30;0;2;5;2;3
536544141;155 769 404;A01;1;34;0;2;7;10;1
536544141;155 769 405;B01;2;33;0;2;1;1;1
536544142;155 769 402;B01;3;2;0;2;1;0;0
536544142;155 769 403;A01;3;7;0;2;2;5;1
536544143;155 769 400;B01;1;1;0;2;4;1;5
536544143;155 769 401;A01;1;1;0;2;1;2;5
536544144;155 769 398;A01;0;7;0;2;1;1;1
536544144;155 769 399;B01;0;7;0;2;1;1;1
536544145;155 769 396;A01;3;7;0;2;4;0;1
536544145;155 769 397;B01;3;7;0;2;1;1;1
536544146;155 769 394;A01;1;7;1;0;1;16;1
536544146;155 769 395;B01;1;7;1;0;8;24;1
536544147;155 769 392;A01;1;7;0;2;3;22;0
536544147;155 769 393;B01;1;80;1;0;3;22;3
536544148;155 769 390;A01;0;33;1;2;1;3;1
536544148;155 769 391;B01;0;7;0;2;3;15;1
536544149;155 769 388;B01;2;33;0;2;3;0;1
536544149;155 769 389;A01;1;7;0;2;2;15;1
536544150;155 769 386;A01;1;10;0;2;3;15;1
536544150;155 769 387;B01;1;32;0;2;1;3;1
536544151;155 769 383;B01;2;33;0;2;3;1;0
536544151;155 769 384;A01;1;7;0;2;3;15;1
536544152;155 769 382;Z01;1;7;0;9;1;1;0
536544152;155 769 385;A01;1;50;0;2;7;1;3
536544153;155 769 381;A01;0;7;0;2;1;1;1
536544154;155 769 380;A01;1;32;9;1;8;2;1
536544155;155 769 378;A01;1;7;0;2;3;15;1
536544155;155 769 379;B01;1;33;0;2;1;0;1
536544156;155 769 376;B01;1;7;0;9;1;20;1
536544156;155 769 377;A01;2;1;0;2;1;5;5
536544157;155 769 374;A01;1;30;0;2;8;0;1
536544157;155 769 375;B01;1;7;0;2;1;9;1
536544158;155 769 372;A01;3;7;3;0;3;1;1
536544159;155 769 373;A01;2;33;0;0;9;2;1
536544160;155 769 369;A01;2;7;0;2;2;1;1
536544160;155 769 370;B01;2;33;0;2;3;17;3
536544160;155 769 371;C01;1;7;0;2;0;0;2
536544161;155 769 366;B01;3;7;0;0;8;15;1
536544161;155 769 367;A01;1;33;0;2;1;1;1
536544162;155 769 365;A01;2;10;0;2;2;16;1
536544162;155 769 368;B01;2;1;0;2;8;1;5
536544163;155 769 363;B01;1;37;0;2;3;1;1
536544163;155 769 364;A01;1;7;0;2;2;15;2
536544164;155 769 362;A01;1;7;1;0;2;1;1
536544165;155 769 360;A01;1;14;0;2;1;2;6
536544165;155 769 361;B01;3;7;0;2;4;1;3
536544166;155 769 359;A01;1;7;1;0;1;21;2
536544167;155 769 357;A01;2;7;0;2;1;19;1
536544167;155 769 358;B01;1;7;0;2;1;1;1
536544168;155 769 355;A01;1;34;0;0;0;2;1
536544169;155 769 354;A01;1;7;0;2;3;1;1
536544169;155 769 356;B01;1;2;0;2;1;2;1
536544170;155 769 353;A01;1;7;0;1;7;1;1
536544171;155 769 351;A01;1;34;0;2;3;1;1
536544171;155 769 352;B01;2;7;0;2;3;1;1
536544172;155 769 347;B01;0;33;0;2;3;0;1
536544172;155 769 349;A01;0;10;0;2;3;0;1
536544173;155 769 348;A01;1;10;0;2;3;2;1
536544173;155 769 350;B01;1;37;0;2;2;2;3
536544174;155 769 345;B01;1;14;0;2;6;15;1
536544174;155 769 346;A01;1;33;0;2;1;17;1
536544175;155 769 343;A01;1;33;0;9;8;1;1
536544175;155 769 344;B01;1;1;0;2;1;16;5
536544176;155 769 341;A01;1;7;0;2;1;1;1
536544176;155 769 342;B01;2;2;0;0;8;1;1
536544177;155 769 339;A01;1;7;13;0;0;1;1
536544178;155 769 338;A01;2;7;0;2;1;0;0
536544178;155 769 340;B01;0;60;0;0;0;5;5
536544179;155 769 336;A01;1;30;0;2;3;1;1
536544179;155 769 337;B01;1;7;0;2;3;11;1
536544180;155 769 335;A01;1;7;0;1;0;1;2
536544181;155 769 333;B01;3;7;0;2;8;15;1
536544181;155 769 334;A01;1;7;0;2;1;1;1
536544182;155 769 331;A01;1;37;0;0;0;1;2
536544183;155 769 329;B01;1;10;0;2;2;19;1
536544183;155 769 330;A01;1;33;0;2;8;17;1
536544183;155 769 332;C01;1;7;0;9;4;2;1
536544184;155 769 327;A01;1;7;0;1;1;1;1
536544185;155 769 328;A01;3;60;0;0;0;0;5
536544186;155 769 326;A01;1;33;16;0;0;1;1
536544187;155 769 323;A01;1;7;0;2;3;13;1
536544187;155 769 324;B01;2;10;0;2;3;21;1
536544188;155 769 322;A01;1;7;0;2;1;2;1
536544188;155 769 325;B01;1;7;0;2;4;2;1
536544189;155 769 320;A01;3;7;15;0;1;14;1
536544190;155 769 321;A01;1;33;0;0;7;2;1
536544191;155 769 319;A01;3;7;0;2;2;17;1
536544192;155 769 315;A01;1;7;0;2;3;13;1
536544192;155 769 317;B01;2;33;0;2;3;1;1
536544193;155 769 316;B01;2;30;0;2;4;2;1
536544193;155 769 318;A01;2;7;0;2;2;2;1
536544194;155 769 312;A01;1;33;0;2;1;1;1
536544194;155 769 313;B01;1;7;0;0;3;19;1
536544195;155 769 310;A01;1;7;2;0;1;15;1
536544196;155 769 309;A01;1;10;2;0;1;1;1
536544197;155 769 308;A01;1;2;0;1;1;1;1
536544198;155 769 305;A01;1;14;0;2;1;1;1
536544198;155 769 307;B01;1;33;0;2;0;0;1
536544199;155 769 302;A01;2;33;0;0;0;1;1
536544200;155 769 301;B01;1;21;0;2;3;1;0
536544200;155 769 303;A01;2;33;0;2;1;0;1
536544201;155 769 299;A01;1;1;0;0;0;1;5
536544202;155 769 298;B01;1;1;0;0;6;1;5
536544202;155 769 300;A01;1;2;0;0;1;1;0
536544203;155 769 296;A01;0;7;0;2;3;13;1
536544203;155 769 297;B01;0;7;0;2;3;1;1
536544204;155 769 294;A01;1;7;3;0;1;14;1
536544205;155 769 291;B01;2;33;0;2;1;1;1
536544205;155 769 292;C01;1;33;0;2;3;1;1
536544205;155 769 293;D01;1;33;0;2;3;1;1
536544205;155 769 295;A01;1;7;0;2;8;1;1
536544206;155 769 288;A01;1;34;1;2;1;26;0
536544206;155 769 289;B01;2;7;0;2;3;1;1
536544207;155 769 285;A01;1;7;0;0;1;21;1
536544208;155 769 286;B01;1;7;0;2;1;1;1
536544208;155 769 287;C01;2;7;0;2;6;1;1
536544208;155 769 290;A01;2;10;0;2;1;17;1
536544209;155 769 282;B01;2;1;0;2;8;11;5
536544209;155 769 284;A01;2;7;0;2;7;17;1
536544210;155 769 283;A01;3;7;8;0;1;1;1
536544211;155 769 281;A01;2;1;0;0;0;2;5
536544212;155 769 280;A01;2;7;13;0;3;13;1
536544213;155 769 277;A01;1;7;0;2;1;13;1
536544213;155 769 279;B01;1;7;0;2;1;13;1
536544214;155 769 276;B01;1;7;0;2;1;1;1
536544214;155 769 278;A01;2;7;0;2;1;15;1
536544215;155 769 272;A01;1;7;0;2;4;15;1
536544215;155 769 274;B01;1;7;3;2;4;1;1
536544215;155 769 275;C01;2;7;13;2;3;1;1
536544216;155 769 271;A01;2;7;0;2;3;19;1
536544216;155 769 273;B01;2;33;0;2;7;1;1
536544217;155 769 270;A01;1;33;4;0;7;26;1
536544218;155 769 268;A01;2;7;13;0;3;13;1
536544219;155 769 264;B01;3;50;0;9;1;13;3
536544219;155 769 266;A01;3;2;0;2;1;25;1
536544220;155 769 263;A01;2;14;0;2;1;1;1
536544220;155 769 265;B01;2;7;0;2;4;23;1
536544220;155 769 267;C01;2;7;0;0;4;23;1
536544220;155 769 269;D01;1;10;0;0;1;23;1
536544221;155 769 262;A01;1;7;13;0;1;1;1
536544222;155 769 261;A01;2;7;9;0;1;1;1
536544223;155 769 259;A01;3;7;0;9;8;22;1
536544223;155 769 260;B01;2;1;0;9;1;22;5
536544224;155 769 258;A01;1;10;0;1;2;0;1
536544225;155 769 257;A01;1;33;7;0;1;1;1
536544226;155 769 254;A01;2;33;0;2;2;17;1
536544226;155 769 256;B01;2;7;0;2;6;1;1
536544227;155 769 255;A01;1;33;7;0;1;1;1
536544228;155 769 253;A01;1;33;0;0;0;0;1
536544229;155 769 252;A01;0;2;0;0;0;1;1
536544230;155 769 249;A01;2;21;0;1;2;1;1
536544231;155 769 247;D01;2;17;0;2;3;1;0
536544231;155 769 248;B01;1;7;0;2;1;1;1
536544231;155 769 250;C01;1;7;12;2;3;1;1
536544231;155 769 251;A01;1;7;0;2;3;1;1
536544232;155 769 246;A01;3;7;6;0;1;15;1
536544233;155 769 245;A01;2;7;3;0;3;1;1
536544234;155 769 241;A01;2;7;0;2;3;1;1
536544234;155 769 243;B01;1;10;0;2;3;1;1
536544235;155 769 242;A01;1;7;0;2;0;19;1
536544235;155 769 244;B01;2;33;0;2;1;1;1
536544236;155 769 238;B01;2;7;0;2;3;15;2
536544236;155 769 240;A01;1;31;0;2;2;21;1
536544237;155 769 237;A01;2;7;0;2;3;13;1
536544237;155 769 239;B01;1;15;0;2;3;1;1
536544238;155 769 236;A01;1;32;12;0;0;1;1
536544239;155 769 235;A01;3;2;0;0;0;26;1
536544240;155 769 233;A01;2;7;0;2;3;15;1
536544240;155 769 234;B01;1;2;0;2;1;0;1
536544241;155 769 231;A01;3;36;8;0;2;14;1
536544242;155 769 230;A01;1;31;0;2;1;1;1
536544242;155 769 232;B01;1;7;0;2;4;16;1
536544243;155 769 228;B01;2;33;0;2;1;1;1
536544243;155 769 229;A01;1;7;0;2;2;1;2
536544244;155 769 227;A01;1;10;13;0;7;1;1
536544245;155 769 226;A01;2;7;2;0;1;14;1
536544246;155 769 223;B01;2;7;0;2;4;2;1
536544246;155 769 225;A01;2;7;0;2;1;2;1
536544247;155 769 222;A01;2;33;0;2;8;9;1
536544247;155 769 224;B01;2;33;0;2;7;1;1
536544248;155 769 219;A01;1;7;0;2;3;13;1
536544248;155 769 221;B01;2;3;0;2;3;1;1
536544249;155 769 218;A01;1;10;0;2;3;9;1
536544249;155 769 220;B01;1;33;0;2;7;1;1
536544250;155 769 215;A01;1;33;0;2;4;2;1
536544250;155 769 217;B01;1;43;0;2;1;2;1
536544251;155 769 213;A01;1;7;0;2;3;13;1
536544251;155 769 214;B01;2;7;0;2;3;1;1
536544251;155 769 216;C01;2;7;0;2;2;1;1
536544252;155 769 211;A01;2;7;0;2;6;11;1
536544252;155 769 212;B01;2;33;0;2;2;3;1
536544253;155 769 210;A01;3;31;0;0;0;0;0
536544254;155 769 205;A01;3;7;0;9;1;1;1
536544254;155 769 207;B01;3;50;0;2;1;9;3
536544255;155 769 204;A01;1;7;0;2;4;1;1
536544255;155 769 206;B01;1;7;0;2;4;1;1
536544255;155 769 208;C01;1;7;0;2;4;1;1
536544255;155 769 209;D01;1;10;0;2;1;1;1
536544256;155 769 202;A01;1;7;0;2;8;18;1
536544256;155 769 203;B01;1;1;0;2;0;2;5
536544257;155 769 201;A01;2;7;4;0;3;1;1
536544258;155 769 199;B01;1;21;0;0;6;1;1
536544258;155 769 200;A01;1;7;15;2;1;2;1
536544259;155 769 198;A01;1;7;3;0;2;6;1
536544260;155 769 196;A01;1;33;0;0;8;1;1
536544261;155 769 193;A01;1;33;0;2;1;3;1
536544261;155 769 194;B01;1;7;0;2;7;1;1
536544261;155 769 195;C01;1;33;0;2;9;23;1
536544261;155 769 197;D01;1;7;0;2;7;1;1
536544262;155 769 191;A01;2;2;0;2;1;1;1
536544262;155 769 192;B01;2;7;0;2;1;1;1
536544263;155 769 189;A01;2;7;0;2;1;1;1
536544263;155 769 190;B01;2;7;0;2;4;23;3
536544264;155 769 188;A01;3;3;2;0;9;13;1
536544265;155 769 186;A01;2;7;0;2;1;1;1
536544265;155 769 187;B01;2;7;0;2;4;1;1
536544266;155 769 184;B01;;10;0;2;1;1;1
536544266;155 769 185;A01;;7;0;2;1;13;1
536544267;155 769 181;A01;1;33;4;2;1;3;1
536544267;155 769 183;B01;1;7;4;2;5;14;3
536544268;155 769 180;B01;1;7;0;2;1;1;1
536544268;155 769 182;A01;2;1;0;2;1;13;5
536544269;155 769 177;C01;2;7;0;2;4;1;1
536544269;155 769 178;A01;2;7;0;2;7;1;1
536544269;155 769 179;B01;2;33;0;2;8;1;1
536544270;155 769 176;A01;2;7;2;0;1;0;1
536544271;155 769 174;A01;2;7;0;2;1;2;1
536544271;155 769 175;B01;2;7;0;2;4;2;2
536544272;155 769 171;A01;3;80;0;2;0;6;3
536544272;155 769 173;B01;1;7;0;2;2;1;1
536544273;155 769 170;A01;2;10;0;2;1;2;1
536544273;155 769 172;B01;2;7;0;2;4;2;2
536544274;155 769 166;A01;2;7;0;2;7;17;1
536544274;155 769 168;B01;2;32;0;2;8;2;1
536544275;155 769 162;E01;2;7;0;2;6;1;1
536544275;155 769 164;A01;2;7;0;2;2;14;1
536544275;155 769 165;B01;2;7;0;2;2;1;1
536544275;155 769 167;C01;2;7;0;2;8;1;1
536544275;155 769 169;D01;2;7;0;2;2;1;1
536544276;155 769 161;A01;1;7;0;2;1;5;1
536544276;155 769 163;B01;2;7;0;2;8;1;1
536544277;155 769 158;A01;2;7;0;2;8;11;1
536544277;155 769 160;B01;2;33;0;2;2;0;1
536544278;155 769 157;B01;2;21;0;2;6;15;1
536544278;155 769 159;A01;2;33;0;2;1;17;1
536544279;155 769 155;A01;2;7;0;2;3;11;1
536544279;155 769 156;B01;2;33;0;2;7;3;1
536544280;155 769 152;A01;1;33;0;2;1;0;1
536544280;155 769 154;B01;1;7;0;2;5;12;2
536544281;155 769 151;A01;0;2;0;2;1;5;1
536544281;155 769 153;B01;0;7;0;2;1;5;1
536544282;155 769 150;A01;1;1;14;0;0;0;5
536544283;155 769 147;A01;1;7;0;1;1;1;1
536544284;155 769 146;A01;1;10;0;2;3;17;1
536544284;155 769 148;C01;1;2;0;2;1;1;1
536544284;155 769 149;B01;2;7;0;0;8;1;2
536544285;155 769 143;A01;2;7;0;2;8;21;1
536544285;155 769 145;B01;2;7;0;2;7;1;1
536544286;155 769 142;A01;2;7;0;2;3;5;1
536544286;155 769 144;B01;1;7;0;2;3;1;1
536544287;155 769 140;A01;1;7;13;0;1;1;1
536544288;155 769 139;A01;1;7;0;2;7;15;1
536544288;155 769 141;B01;2;1;0;2;0;1;5
536544289;155 769 137;A01;1;7;0;2;8;22;1
536544289;155 769 138;B01;1;1;1;0;0;1;5
536544290;155 769 135;A01;1;7;1;0;0;0;1
536544291;155 769 133;A01;1;7;0;2;2;26;1
536544291;155 769 134;B01;2;17;0;0;5;19;1
536544291;155 769 136;C01;2;99;0;2;1;1;1
536544292;155 769 132;A01;1;7;2;0;0;0;1
536544293;155 769 130;A01;1;7;0;1;0;0;1
536544294;155 769 129;B01;2;7;0;0;4;23;2
536544294;155 769 131;A01;2;7;0;2;1;1;1
536544295;155 769 127;B01;2;31;0;2;0;0;1
536544295;155 769 128;A01;1;7;0;2;1;0;1
536544296;155 769 124;A01;0;7;0;2;3;1;1
536544296;155 769 126;B01;0;7;0;2;3;5;1
536544297;155 769 123;B01;1;7;0;2;7;1;1
536544297;155 769 125;A01;1;60;0;2;8;13;5
536544298;155 769 122;A01;1;7;8;0;1;13;1
536544299;155 769 120;B01;2;7;0;2;1;2;1
536544299;155 769 121;A01;2;7;0;1;4;23;1
536544300;155 769 119;A01;1;7;8;0;0;0;1
536544301;155 769 117;A01;2;10;13;0;1;1;1
536544302;155 769 116;C01;1;7;0;2;5;15;1
536544302;155 769 118;B01;1;1;0;2;1;1;5
536544303;155 769 115;A01;1;7;0;0;0;2;1
536544304;155 769 113;A01;1;30;5;0;1;9;1
536544304;155 769 114;B01;1;13;0;2;4;0;1
536544305;155 769 110;A01;1;50;0;0;0;1;3
536544306;155 769 108;B01;2;10;0;2;0;0;1
536544306;155 769 109;A01;1;30;0;2;4;26;1
536544307;155 769 107;A01;1;2;0;0;7;1;1
536544308;155 769 105;A01;2;7;0;2;1;1;1
536544308;155 769 106;B01;2;7;0;2;4;23;2
536544309;155 769 104;A01;1;43;15;0;1;14;1
536544310;155 769 103;A01;1;31;0;1;1;3;3
536544311;155 769 102;A01;2;7;13;0;1;1;1
536544312;155 769 101;A01;1;30;0;0;0;0;3
536544313;155 769 100;A01;2;7;14;0;8;1;1
536544314;155 769 099;A01;1;7;0;1;2;0;1
536544315;155 769 096;A01;1;7;0;2;2;10;1
536544315;155 769 097;B01;1;32;0;2;2;1;1
536544316;155 769 095;A01;1;21;0;0;3;15;0
536544316;155 769 098;B01;1;33;0;2;3;17;1
536544317;155 769 093;A01;2;7;0;2;3;15;1
536544317;155 769 094;B01;1;33;0;2;1;26;1
536544318;155 769 091;A01;2;7;0;1;7;0;1
536544319;155 769 090;A01;2;2;0;2;3;0;1
536544319;155 769 092;B01;1;7;0;2;1;19;1
536544320;155 769 088;Y01;2;1;0;2;1;1;5
536544320;155 769 089;A01;1;7;0;2;1;1;1
536544321;155 769 086;A01;2;7;0;0;9;1;1
536544322;155 769 085;B01;2;7;0;2;4;23;1
536544322;155 769 087;A01;2;31;0;2;1;2;1
536544323;155 769 084;A01;2;7;6;0;2;0;1
536544324;155 769 082;B01;2;7;0;2;1;15;1
536544324;155 769 083;A01;1;43;0;2;3;0;1
536544325;155 769 080;A01;1;7;0;9;4;23;1
536544326;155 769 079;A01;1;7;0;2;8;1;1
536544326;155 769 081;B01;1;7;0;2;1;1;1
536544327;155 769 076;A01;1;7;0;2;5;1;1
536544327;155 769 078;B01;1;7;0;2;3;13;1
536544328;155 769 075;A01;0;7;0;2;1;1;1
536544328;155 769 077;B01;3;7;0;2;4;23;1
536544329;155 769 072;B01;2;7;0;2;7;1;1
536544329;155 769 074;A01;2;7;0;2;1;0;1
536544330;155 769 071;A01;2;7;0;2;1;2;1
536544330;155 769 073;B01;2;7;0;2;4;23;1
536544331;155 769 067;A01;2;33;0;1;3;1;1
536544332;155 769 066;A01;2;7;0;2;1;2;1
536544332;155 769 068;B01;2;7;0;2;4;2;2
536544332;155 769 069;C01;2;7;0;2;4;2;1
536544333;155 769 065;A01;2;7;4;0;9;2;1
536544334;155 769 063;B01;3;1;0;2;7;19;5
536544334;155 769 064;A01;3;10;0;2;1;1;1
536544335;155 769 062;A01;2;7;4;0;1;11;1
536544336;155 769 060;A01;0;7;0;2;7;14;1
536544336;155 769 061;B01;0;43;6;2;8;1;1
536544337;155 769 057;A01;2;2;0;1;2;17;1
536544338;155 769 058;B01;2;7;0;2;5;2;1
536544338;155 769 059;A01;2;7;0;2;3;2;1
536544339;155 769 055;A01;1;7;0;2;3;19;1
536544339;155 769 056;B01;1;31;0;2;1;17;1
536544340;155 769 052;A01;1;33;0;0;8;1;1
536544341;155 769 053;B01;2;7;0;2;1;2;1
536544341;155 769 054;A01;2;7;0;2;4;2;3
536544342;155 769 049;A01;1;34;0;0;0;0;1
536544343;155 769 044;A01;1;7;0;2;1;13;1
536544343;155 769 046;B01;2;7;0;2;1;1;2
536544343;155 769 048;C01;1;7;0;2;3;1;1
536544344;155 769 045;B01;3;7;0;2;3;0;1
536544344;155 769 047;A01;3;7;0;2;8;0;1
536544345;155 769 041;A01;0;7;0;2;3;1;1
536544345;155 769 043;B01;1;80;8;2;1;1;3
536544346;155 769 042;A01;2;1;16;0;0;1;5
536544347;155 769 039;B01;1;7;8;2;1;1;1
536544347;155 769 040;A01;2;7;0;2;1;1;1
536544348;155 769 038;A01;1;7;1;0;0;0;1
536544349;155 769 037;A01;1;10;0;1;1;26;1
536544350;155 769 036;A01;1;1;0;0;0;1;5
536544351;155 769 034;B01;2;10;0;2;5;23;1
536544351;155 769 035;A01;3;1;1;0;1;1;5
536544352;155 769 033;A01;3;10;0;1;1;26;0
536544353;155 769 031;A01;2;7;0;2;6;17;1
536544353;155 769 032;B01;2;31;0;2;7;17;1
536544354;155 769 029;A01;0;7;0;2;2;1;1
536544354;155 769 030;B01;0;50;0;2;8;1;3
536544355;155 769 027;A01;2;7;0;9;7;1;1
536544355;155 769 028;B01;2;1;0;2;8;19;5
536544356;155 769 025;A01;1;7;0;9;2;15;1
536544356;155 769 026;B01;2;1;0;2;1;1;5
536544357;155 769 023;A01;1;7;0;2;1;16;1
536544357;155 769 024;B01;2;50;0;2;0;0;3
536544358;155 769 022;A01;1;7;0;1;1;1;1
536544359;155 769 020;Z01;1;7;0;2;1;2;1
536544359;155 769 021;A01;1;7;0;2;5;23;1
536544360;155 769 017;C01;2;7;0;2;3;1;2
536544360;155 769 018;A01;1;7;0;2;1;1;2
536544360;155 769 019;B01;1;1;0;2;7;19;5
536544361;155 769 015;A01;1;7;0;2;2;15;3
536544361;155 769 016;B01;2;1;8;2;1;1;5
536544362;155 769 014;A01;3;7;14;0;2;1;1
536544363;155 769 013;A01;1;30;0;0;0;26;0
536544364;155 769 011;A01;1;7;0;2;0;0;1
536544364;155 769 012;B01;2;31;0;2;4;0;1
536544365;155 769 010;A01;1;7;0;1;3;0;1
536544366;155 769 008;A01;3;7;0;2;2;15;1
536544366;155 769 009;B01;2;32;0;2;1;18;1
536544367;155 769 006;A01;3;7;0;2;2;15;1
536544367;155 769 007;B01;3;7;0;2;2;1;1
536544368;155 769 004;A01;1;3;12;0;3;1;1
536544368;155 769 005;B01;2;3;5;0;3;13;1
536544369;155 769 002;A01;2;7;0;2;3;15;1
536544369;155 769 003;B01;1;33;0;2;3;1;1
536544370;155 769 000;A01;1;50;0;2;4;2;3
536544370;155 769 001;B01;1;13;0;2;2;1;3
536544371;155 768 998;B01;0;7;0;2;1;1;1
536544371;155 768 999;A01;0;7;0;2;1;13;3
536544372;155 768 996;A01;1;32;0;2;1;1;1
536544372;155 768 997;B01;3;1;0;2;7;19;5
536544373;155 768 993;B01;1;7;0;2;5;0;1
536544373;155 768 994;C01;1;7;0;2;6;0;1
536544373;155 768 995;A01;1;33;0;2;2;2;1
536544374;155 768 992;A01;0;50;0;1;1;1;3
536544375;155 768 991;A01;2;7;0;1;1;0;1
536544376;155 768 989;B01;1;1;0;2;4;1;5
536544376;155 768 990;A01;1;7;0;2;1;1;1
536544377;155 768 987;A01;1;30;0;2;2;2;1
536544377;155 768 988;B01;1;7;0;2;6;23;2
536544378;155 768 985;A01;1;7;0;2;3;11;1
536544378;155 768 986;B01;1;33;0;2;2;1;1
536544379;155 768 984;A01;1;10;0;1;2;2;1
536544380;155 768 983;A01;1;3;0;0;0;1;3
536544381;155 768 981;A01;2;50;0;2;1;15;3
536544381;155 768 982;B01;2;7;0;2;2;1;1
536544382;155 768 979;A01;1;3;0;2;3;13;1
536544382;155 768 980;B01;2;7;0;2;3;1;1
536544383;155 768 978;A01;1;7;0;1;3;1;1
536544384;155 768 976;A01;3;3;14;2;1;6;3
536544384;155 768 977;B01;3;7;0;2;2;1;3
536544385;155 768 974;A01;2;10;0;2;1;26;1
536544385;155 768 975;B01;2;7;0;2;0;1;1
536544386;155 768 972;A01;1;7;0;2;7;15;1
536544386;155 768 973;B01;1;7;0;2;1;1;1
536544387;155 768 971;A01;3;7;0;2;1;26;1
536544388;155 768 970;A01;3;60;1;0;6;15;5
536544389;155 768 969;A01;1;7;9;0;1;15;3
536544390;155 768 967;A01;1;7;0;2;1;9;1
536544390;155 768 968;B01;2;1;0;2;7;1;5
536544391;155 768 966;A01;3;7;0;1;2;1;1
536544392;155 768 965;A01;1;37;0;1;1;1;1
536544393;155 768 963;A01;2;7;0;2;3;13;1
536544393;155 768 964;B01;1;7;0;2;3;1;1
536544394;155 768 961;B01;1;7;0;2;1;1;1
536544394;155 768 962;A01;2;7;0;2;7;1;1
536544395;155 768 959;A01;3;7;0;2;1;15;1
536544395;155 768 960;B01;3;1;0;2;0;1;5
536544396;155 768 957;A01;1;7;0;2;5;15;1
536544396;155 768 958;B01;3;33;0;2;1;1;1
536544397;155 768 956;Z01;0;50;0;1;1;26;3
536544398;155 768 954;A01;2;7;0;9;2;16;1
536544398;155 768 955;B01;2;1;0;2;1;1;5
536544399;155 768 953;A01;3;30;0;0;8;0;1
536544400;155 768 952;A01;3;7;2;0;1;1;1
536544401;155 768 950;A01;1;7;0;2;1;19;1
536544401;155 768 951;B01;2;50;0;2;8;1;3
536544402;155 768 949;Y01;3;99;0;1;0;0;0
536544403;155 768 947;B01;2;7;0;2;3;1;1
536544403;155 768 948;A01;1;33;0;2;1;13;1
536544404;155 768 945;B01;2;50;0;2;5;5;3
536544404;155 768 946;A01;1;7;0;9;2;19;1
536544405;155 768 943;A01;3;7;0;2;2;15;1
536544405;155 768 944;B01;3;34;0;2;1;1;1
536544406;155 768 941;A01;2;7;1;0;2;11;1
536544406;155 768 942;B01;1;7;0;2;2;2;1
536544407;155 768 939;B01;2;10;0;2;3;13;1
536544407;155 768 940;A01;2;30;0;2;2;17;1
536544408;155 768 937;A01;0;2;0;2;1;13;1
536544408;155 768 938;B01;2;7;0;2;1;1;1
536544409;155 768 935;A01;1;34;0;2;3;3;1
536544409;155 768 936;B01;1;10;0;2;5;12;1
536544410;155 768 932;A01;2;7;0;2;1;1;2
536544410;155 768 933;C01;2;7;0;2;4;23;1
536544410;155 768 934;B01;2;7;0;2;9;23;2
536544411;155 768 931;A01;1;30;0;1;1;1;3
536544412;155 768 930;A01;2;7;0;1;7;1;1
536544413;155 768 928;A01;2;30;0;2;1;2;3
536544413;155 768 929;B01;2;7;0;2;4;2;2
536544414;155 768 926;B01;2;7;0;2;1;2;2
536544414;155 768 927;A01;2;7;0;2;5;23;2
536544415;155 768 925;A01;2;7;7;0;1;1;1
536544416;155 768 923;A01;1;30;0;0;0;11;1
536544416;155 768 924;B01;1;33;0;0;0;1;1