Num_Acc;id_vehicule;num_veh;senc;catv;obs;obsm;choc;manv;motor
536544417;155 768 921;B01;1;2;0;2;1;18;3
536544417;155 768 922;A01;1;10;0;2;7;16;1
536544418;155 768 919;A01;1;10;0;2;7;21;1
536544418;155 768 920;B01;2;7;0;2;7;5;1
536544419;155 768 917;A01;1;37;12;2;1;1;1
536544419;155 768 918;B01;2;7;12;0;5;15;1
536544420;155 768 916;A01;0;60;0;0;0;0;5
536544421;155 768 914;A01;3;7;0;2;3;1;1
536544421;155 768 915;B01;0;50;0;0;4;1;3
536544422;155 768 912;A01;3;7;0;2;0;0;1
536544422;155 768 913;B01;3;7;0;2;0;0;1
536544423;155 768 910;B01;1;33;1;2;2;1;1
536544423;155 768 911;A01;1;7;1;2;3;20;1
536544424;155 768 908;B01;1;32;4;2;8;1;1
536544424;155 768 909;A01;1;7;4;2;1;10;2
536544425;155 768 906;B01;1;50;0;2;1;0;3
536544425;155 768 907;A01;1;7;0;2;3;15;1
536544426;155 768 904;A01;2;7;0;2;1;13;1
536544426;155 768 905;B01;1;10;0;2;1;1;1
536544427;155 768 902;A01;3;7;0;9;1;16;1
536544427;155 768 903;B01;3;50;0;2;1;2;3
536544428;155 768 900;B01;3;32;0;2;1;0;3
536544428;155 768 901;A01;3;7;0;2;2;0;1
536544429;155 768 898;B01;3;33;0;2;1;2;1
536544429;155 768 899;A01;3;7;0;2;8;10;3
536544430;155 768 896;A01;2;7;0;2;2;2;1
536544430;155 768 897;B01;2;21;0;0;6;16;1
536544431;155 768 895;A01;1;7;1;0;2;1;1
536544432;155 768 893;A01;2;10;0;2;8;19;1
536544432;155 768 894;B01;1;7;0;2;1;1;1
536544433;155 768 892;A01;2;33;11;0;1;1;1
536544434;155 768 888;A01;1;7;7;2;1;2;2
536544434;155 768 889;B01;2;7;0;0;1;2;1
536544435;155 768 887;A01;2;7;2;0;3;1;1
536544436;155 768 885;A01;1;7;0;2;8;2;0
536544436;155 768 886;B01;1;7;0;2;1;11;1
536544437;155 768 883;A01;2;7;0;2;3;0;1
536544437;155 768 884;B01;1;7;0;2;3;0;1
536544438;155 768 881;A01;1;7;0;2;3;9;1
536544438;155 768 882;B01;1;7;0;2;2;1;1
536544439;155 768 880;A01;1;2;0;0;9;1;1
536544440;155 768 879;A01;1;7;0;1;1;1;1
536544441;155 768 877;A01;2;33;3;0;1;1;1
536544441;155 768 878;B01;2;33;0;9;1;2;1
536544442;155 768 876;A01;3;7;0;0;9;1;1
536544443;155 768 875;A01;2;7;2;0;5;1;1
536544444;155 768 874;A01;1;7;0;1;3;1;1
536544445;155 768 872;B01;1;7;0;2;7;1;1
536544445;155 768 873;A01;2;33;0;0;3;19;1
536544446;155 768 871;A01;1;7;0;1;2;1;1
536544447;155 768 870;A01;3;33;0;0;9;1;1
536544448;155 768 868;A01;3;7;2;2;1;1;1
536544448;155 768 869;B01;3;7;0;2;1;1;1
536544449;155 768 867;A01;1;10;0;1;7;1;1
536544450;155 768 866;A01;3;33;14;0;1;1;1
536544451;155 768 865;A01;1;33;0;0;9;26;1
536544452;155 768 864;A01;1;7;8;0;1;0;1
536544453;155 768 862;A01;1;7;0;2;3;15;1
536544453;155 768 863;B01;2;17;0;2;3;1;1
536544454;155 768 861;A01;1;7;0;0;0;13;0
536544455;155 768 859;A01;1;7;0;2;1;3;1
536544455;155 768 860;B01;2;7;9;2;7;2;0
536544456;155 768 858;A01;2;7;2;0;9;2;1
536544457;155 768 856;A01;1;7;0;2;3;13;1
536544457;155 768 857;B01;2;7;0;2;3;1;1
536544458;155 768 855;A01;2;7;5;0;1;17;1
536544459;155 768 853;A01;3;7;2;0;1;1;1
536544460;155 768 851;B01;3;7;0;0;6;15;1
536544460;155 768 852;A01;1;33;0;2;1;0;1
536544461;155 768 849;A01;2;1;0;2;1;13;5
536544461;155 768 850;B01;1;33;0;2;1;1;1
536544462;155 768 847;A01;1;7;8;2;7;9;1
536544462;155 768 848;B01;1;7;0;2;1;1;1
536544463;155 768 844;A01;1;7;0;2;1;1;1
536544463;155 768 845;B01;1;7;0;2;9;23;1
536544463;155 768 846;C01;2;14;0;2;1;1;1
536544464;155 768 843;A01;2;7;2;0;3;1;1
536544465;155 768 842;A01;1;7;0;0;6;0;1
536544466;155 768 841;A01;1;31;8;0;1;0;1
536544467;155 768 840;A01;1;7;0;1;2;19;1
536544468;155 768 832;B01;2;7;0;2;3;2;1
536544468;155 768 833;C01;2;7;0;2;1;2;1
536544468;155 768 834;D01;2;7;0;2;6;2;2
536544468;155 768 835;E01;2;7;0;2;7;2;1
536544468;155 768 836;G01;2;7;0;0;3;2;1
536544468;155 768 837;H01;2;7;0;0;8;2;1
536544468;155 768 838;F01;2;7;0;0;4;2;1
536544468;155 768 839;A01;2;7;0;2;1;2;1
536544469;155 768 830;A01;2;7;0;2;2;1;1
536544469;155 768 831;B01;2;1;0;2;1;1;5
536544470;155 768 828;B01;2;7;0;2;1;26;1
536544470;155 768 829;A01;2;7;0;0;8;9;3
536544471;155 768 826;B01;2;7;0;9;2;0;1
536544471;155 768 827;A01;1;1;0;2;0;1;5
536544472;155 768 824;A01;2;33;0;2;6;1;1
536544472;155 768 825;B01;1;7;0;2;3;15;3
536544473;155 768 822;B01;2;10;0;0;6;2;0
536544473;155 768 823;A01;2;7;0;2;2;2;2
536544474;155 768 821;A01;1;7;13;0;3;26;1
536544475;155 768 820;A01;1;15;3;0;2;1;1
536544476;155 768 818;B01;0;10;0;0;1;1;1
536544476;155 768 819;A01;0;7;0;9;1;13;1
536544477;155 768 817;A01;1;14;16;0;9;21;1
536544478;155 768 816;A01;3;99;0;0;9;1;6
536544479;155 768 815;A01;3;7;0;1;1;1;1
536544480;155 768 814;A01;2;0;0;1;1;0;0
536544481;155 768 811;A01;1;7;0;2;4;23;1
536544481;155 768 812;B01;1;7;0;2;4;23;1
536544481;155 768 813;C01;1;7;1;0;1;12;1
536544482;155 768 809;A01;1;7;0;2;2;17;3
536544482;155 768 810;B01;2;7;0;2;2;0;1
536544483;155 768 808;A01;0;33;8;0;1;17;1
536544484;155 768 804;A01;2;7;0;2;3;5;1
536544484;155 768 805;B01;2;7;0;2;2;1;1
536544485;155 768 803;A01;2;7;2;0;1;6;1
536544486;155 768 800;B01;1;1;0;2;1;1;5
536544486;155 768 801;A01;2;7;14;9;3;1;1
536544486;155 768 802;C01;1;1;0;2;1;1;5
536544487;155 768 799;A01;1;7;0;1;3;1;1
536544488;155 768 797;B01;3;7;0;2;8;1;1
536544488;155 768 798;A01;2;7;0;2;1;1;1
536544489;155 768 795;A01;2;1;0;2;4;15;5
536544489;155 768 796;B01;2;10;0;9;1;1;1
536544490;155 768 792;A01;1;7;0;2;6;11;1
536544490;155 768 793;B01;1;7;0;2;2;1;1
536544490;155 768 794;Z01;1;7;0;2;0;0;0
536544491;155 768 791;A01;2;33;13;0;2;1;1
536544492;155 768 788;B01;2;7;0;2;2;1;1
536544492;155 768 789;C01;2;7;0;2;6;0;1
536544492;155 768 790;A01;2;43;0;2;3;11;1
536544493;155 768 787;A01;1;33;0;2;1;1;1
536544494;155 768 785;B01;1;15;0;2;2;1;1
536544494;155 768 786;A01;1;7;0;2;6;1;2
536544495;155 768 784;A01;2;10;0;2;7;1;1
536544496;155 768 782;A01;2;7;0;2;1;1;1
536544496;155 768 783;B01;2;7;0;2;4;1;1
536544497;155 768 780;A01;1;13;0;2;5;2;1
536544497;155 768 781;B01;1;2;0;2;3;2;1
536544498;155 768 779;A01;2;32;0;5;0;21;1
536544499;155 768 778;A01;1;30;0;0;0;1;1
536544500;155 768 777;A01;2;7;6;0;1;14;1
536544501;155 768 776;A01;1;7;0;1;2;1;1
536544502;155 768 774;A01;1;33;0;2;1;7;1
536544502;155 768 775;B01;1;7;0;2;7;15;1
536544503;155 768 773;A01;2;7;1;1;6;24;1
536544504;155 768 769;C01;1;10;0;2;9;2;1
536544504;155 768 770;A01;1;13;0;2;1;2;1
536544504;155 768 771;B01;1;7;0;2;9;2;1
536544504;155 768 772;D01;1;7;0;0;4;2;1
536544505;155 768 768;A01;2;7;0;1;1;1;1
536544506;155 768 767;A01;1;7;0;1;2;1;1
536544507;155 768 765;B01;2;7;0;2;3;0;1
536544507;155 768 766;A01;1;7;0;2;3;26;1
536544508;155 768 764;A01;3;7;0;1;1;1;1
536544509;155 768 762;A01;1;41;0;2;1;6;1
536544509;155 768 763;B01;1;7;0;2;7;0;1
536544510;155 768 760;B01;3;7;0;2;2;1;1
536544510;155 768 761;A01;3;7;7;2;8;15;1
536544511;155 768 758;A01;1;30;0;2;7;17;1
536544511;155 768 759;B01;1;43;0;2;3;15;1
536544512;155 768 756;B01;2;2;0;2;1;2;1
536544512;155 768 757;A01;2;2;0;2;8;17;1
536544513;155 768 755;A01;1;7;0;1;2;1;1
536544514;155 768 754;A01;1;7;0;1;0;0;1
536544515;155 768 752;B01;0;33;0;0;0;0;0
536544515;155 768 753;A01;3;99;0;0;0;0;0
536544516;155 768 750;A01;0;7;0;2;1;1;1
536544516;155 768 751;B01;0;7;0;2;4;24;1
536544517;155 768 749;A01;0;7;0;0;0;0;1
536544518;155 768 748;A01;2;7;0;1;2;1;1
536544519;155 768 746;A01;2;10;0;2;8;17;1
536544519;155 768 747;B01;2;33;0;2;7;17;1
536544520;155 768 743;A01;3;7;0;1;1;1;1
536544521;155 768 741;B01;2;1;0;0;0;0;5
536544521;155 768 742;A01;2;7;0;0;7;16;1
536544522;155 768 739;A01;0;10;0;2;1;1;1
536544522;155 768 740;B01;0;7;0;2;1;15;1
536544523;155 768 737;A01;2;10;0;2;3;15;1
536544523;155 768 738;B01;2;33;0;2;5;17;1
536544524;155 768 735;A01;3;31;0;2;1;13;0
536544524;155 768 736;B01;3;7;0;2;3;1;1
536544525;155 768 733;A01;2;7;0;2;3;13;1
536544525;155 768 734;B01;1;1;0;2;7;1;5
536544526;155 768 731;B01;1;31;0;2;7;26;0
536544526;155 768 732;A01;1;7;0;2;8;15;1
536544527;155 768 729;A01;1;1;0;2;5;25;5
536544527;155 768 730;B01;3;7;0;2;1;9;1
536544528;155 768 728;A01;1;10;0;1;1;1;1
536544529;155 768 726;A01;3;7;0;2;1;15;1
536544529;155 768 727;B01;3;33;0;2;1;17;1
536544530;155 768 725;A01;1;30;0;0;8;26;1
536544531;155 768 723;A01;3;7;0;2;3;15;1
536544531;155 768 724;B01;3;50;0;2;1;1;3
536544532;155 768 721;A01;1;7;0;2;0;0;1
536544532;155 768 722;B01;1;50;0;2;0;0;3
536544533;155 768 719;B01;3;33;0;2;1;5;1
536544533;155 768 720;A01;3;7;0;2;3;1;1
536544534;155 768 718;A01;3;7;0;1;2;1;1
536544535;155 768 717;A01;3;7;0;1;2;19;3
536544536;155 768 716;A01;2;10;0;1;3;1;1
536544537;155 768 714;A01;3;50;0;2;2;1;3
536544537;155 768 715;B01;3;7;0;2;3;1;2
536544538;155 768 713;A01;3;1;0;0;7;16;5
536544539;155 768 712;A01;0;7;16;0;1;1;0
536544540;155 768 711;A01;1;31;0;2;2;1;1
536544541;155 768 709;A01;3;7;0;2;0;1;1
536544541;155 768 710;B01;3;7;0;2;0;1;1
536544542;155 768 707;B01;3;1;0;2;1;1;5
536544542;155 768 708;A01;3;7;0;2;8;16;1
536544543;155 768 706;A01;2;7;0;1;2;1;1
536544544;155 768 704;B01;2;7;0;2;1;1;1
536544544;155 768 705;A01;1;7;0;2;1;13;1
536544545;155 768 702;B01;2;10;0;2;2;1;1
536544545;155 768 703;A01;1;7;0;2;1;9;1
536544546;155 768 700;A01;2;7;0;2;1;1;1
536544546;155 768 701;B01;1;7;0;2;6;1;2
536544547;155 768 699;A01;1;7;0;1;1;1;1
536544548;155 768 698;A01;1;33;7;0;1;2;1
536544549;155 768 696;B01;3;1;0;2;2;1;5
536544549;155 768 697;A01;1;7;0;2;5;15;1
536544550;155 768 692;C01;1;10;0;2;4;23;1
536544550;155 768 694;A01;1;7;0;2;1;1;1
536544550;155 768 695;B01;1;7;0;2;1;1;1
536544551;155 768 689;A01;2;7;12;0;2;15;1
536544552;155 768 688;B01;3;7;0;2;6;1;2
536544552;155 768 690;A01;3;31;0;2;1;1;1
536544553;155 768 687;Z01;0;30;0;1;0;26;0
536544554;155 768 684;A01;2;10;0;2;3;1;1
536544554;155 768 685;B01;2;7;0;2;4;1;1
536544554;155 768 686;C01;2;7;0;2;4;1;1
536544555;155 768 683;A01;2;33;0;1;1;1;1
536544556;155 768 681;A01;0;7;0;1;1;1;1
536544557;155 768 680;B01;2;33;0;2;0;1;0
536544557;155 768 682;A01;1;7;0;2;7;15;1
536544558;155 768 678;A01;3;30;0;2;1;10;1
536544558;155 768 679;B01;3;7;0;2;8;1;1
536544559;155 768 677;A01;2;33;0;1;1;26;1
536544560;155 768 676;A01;2;1;0;0;1;0;5
536544561;155 768 675;A01;2;7;0;9;8;26;1
536544562;155 768 673;A01;1;7;0;1;1;1;1
536544563;155 768 672;A01;2;7;0;9;0;7;0
536544563;155 768 674;B01;1;1;0;2;0;7;5
536544564;155 768 670;A01;2;33;7;0;0;0;1
536544565;155 768 668;A01;1;33;0;2;1;1;1
536544565;155 768 669;B01;1;7;0;2;7;2;1
536544565;155 768 671;C01;1;10;0;2;4;1;1
536544566;155 768 667;A01;2;7;0;1;1;1;1
536544567;155 768 665;B01;1;33;0;2;0;0;1
536544567;155 768 666;A01;3;7;0;2;2;15;1
536544568;155 768 662;A01;3;7;0;0;8;1;1
536544569;155 768 661;B01;1;33;0;2;2;2;1
536544569;155 768 663;A01;1;7;0;2;8;11;1
536544570;155 768 660;A01;1;7;0;1;1;1;1
536544571;155 768 659;A01;1;7;3;0;1;14;1
536544572;155 768 656;A01;2;7;0;9;0;16;0
536544572;155 768 657;B01;2;50;0;2;1;1;3
536544573;155 768 655;A01;1;7;0;2;2;1;1
536544573;155 768 658;B01;2;1;0;2;6;19;5
536544574;155 768 653;A01;1;50;0;0;0;1;3
536544575;155 768 654;A01;1;7;0;1;4;4;1
536544576;155 768 650;B01;1;32;0;2;0;16;1
536544576;155 768 652;A01;1;7;0;2;7;16;1
536544577;155 768 649;A01;1;50;0;2;8;12;3
536544577;155 768 651;Z01;1;7;0;0;8;1;0
536544578;155 768 646;A01;0;7;0;2;3;15;2
536544578;155 768 648;B01;1;50;0;2;1;1;3
536544579;155 768 645;A01;1;7;0;1;2;1;2
536544580;155 768 644;B01;1;7;0;2;3;15;1
536544580;155 768 647;A01;1;33;0;2;1;17;1
536544581;155 768 640;A01;2;7;0;2;2;1;2
536544581;155 768 643;B01;2;80;12;0;8;9;3
536544582;155 768 641;B01;1;32;0;0;7;17;1
536544582;155 768 642;A01;3;7;0;2;1;16;1
536544583;155 768 639;A01;1;80;0;0;1;1;3
536544584;155 768 636;A01;0;30;0;2;1;0;0
536544584;155 768 638;B01;0;7;0;0;4;0;1
536544585;155 768 634;A01;3;43;1;0;1;13;1
536544586;155 768 630;A01;3;40;0;2;1;0;3
536544586;155 768 633;B01;3;40;0;2;4;0;3
536544587;155 768 631;A01;0;7;0;2;2;17;1
536544587;155 768 632;B01;0;1;0;2;1;1;5
536544588;155 768 628;A01;1;7;0;2;3;15;1
536544588;155 768 629;B01;1;2;0;2;1;1;1
536544589;155 768 627;A01;1;7;0;1;0;1;1
536544590;155 768 624;A01;1;10;0;2;1;2;1
536544590;155 768 626;B01;1;7;0;2;4;0;1
536544591;155 768 623;B01;3;33;0;2;3;1;1
536544591;155 768 625;A01;3;7;0;2;3;15;1
536544592;155 768 621;A01;0;33;0;2;8;1;1
536544592;155 768 622;B01;0;33;0;2;7;1;1
536544593;155 768 619;A01;2;7;0;2;1;2;1
536544593;155 768 620;B01;2;7;0;2;4;2;1
536544594;155 768 617;A01;1;7;0;2;1;15;1
536544594;155 768 618;B01;2;1;0;2;6;1;5
536544595;155 768 614;A01;1;31;0;0;0;1;1
536544596;155 768 615;A01;1;7;0;2;1;26;1
536544596;155 768 616;B01;1;80;0;2;4;0;3
536544597;155 768 613;A01;1;50;0;1;1;1;3
536544598;155 768 610;A01;1;7;0;2;1;2;1
536544598;155 768 612;B01;1;7;0;2;4;1;1
536544599;155 768 609;A01;3;7;0;2;2;1;1
536544599;155 768 611;B01;3;50;0;2;1;16;3
536544600;155 768 606;A01;1;1;0;2;8;1;5
536544600;155 768 607;B01;1;7;0;2;7;1;0
536544601;155 768 605;B01;1;10;0;2;2;0;1
536544601;155 768 608;A01;1;30;0;2;3;11;1
536544602;155 768 603;A01;1;33;0;1;1;1;1
536544603;155 768 602;A01;1;7;0;1;3;1;1
536544603;155 768 604;B01;2;10;0;1;3;1;1
536544604;155 768 599;A01;2;7;0;2;5;15;1
536544604;155 768 601;B01;1;33;0;2;1;1;1
536544605;155 768 598;A01;2;10;0;2;1;1;1
536544605;155 768 600;B01;2;15;0;2;4;1;1
536544606;155 768 595;A01;3;7;0;2;3;1;0
536544606;155 768 597;B01;0;13;0;0;4;1;0
536544607;155 768 594;A01;1;10;0;0;6;9;1
536544607;155 768 596;B01;2;2;0;2;1;1;1
536544608;155 768 592;A01;2;33;3;0;1;0;0
536544609;155 768 591;A01;2;7;0;2;3;11;1
536544609;155 768 593;B01;2;33;0;2;7;2;1
536544610;155 768 590;A01;1;7;1;0;9;21;1
536544611;155 768 588;A01;2;7;0;2;1;2;1
536544611;155 768 589;B01;2;10;0;2;4;2;1
536544612;155 768 587;A01;2;7;0;1;2;1;2
536544613;155 768 586;A01;2;33;0;0;0;26;1
536544614;155 768 583;A01;2;7;0;0;7;1;1
536544614;155 768 585;B01;1;33;0;2;1;1;1
536544615;155 768 584;A01;2;10;0;1;2;21;3
536544616;155 768 581;B01;2;33;0;2;4;2;1
536544616;155 768 582;A01;2;7;0;2;2;2;1
536544617;155 768 580;A01;1;7;0;1;3;1;2
536544618;155 768 578;A01;1;7;6;0;1;1;1
536544619;155 768 579;A01;1;10;0;1;1;26;3
536544620;155 768 577;A01;2;7;8;0;3;3;1
536544621;155 768 574;A01;1;33;0;2;1;1;1
536544621;155 768 576;B01;1;43;0;2;3;15;1
536544622;155 768 573;A01;1;33;4;0;7;17;1
536544622;155 768 575;B01;1;7;0;2;6;17;1
536544623;155 768 571;A01;1;7;13;0;1;1;1
536544624;155 768 570;A01;1;7;0;2;3;9;1
536544624;155 768 572;B01;2;60;0;2;2;1;5
536544625;155 768 569;A01;2;7;6;0;3;2;1
536544626;155 768 567;A01;1;7;2;0;1;0;1
536544627;155 768 568;A01;1;2;0;0;1;2;1
536544628;155 768 566;A01;2;7;6;0;9;1;2
536544629;155 768 565;Z01;1;34;0;1;0;0;1
536544630;155 768 562;A01;1;1;0;1;1;1;5
536544631;155 768 560;A01;3;1;12;0;1;2;5
536544632;155 768 559;A01;2;7;9;9;1;15;1
536544632;155 768 561;B01;2;1;0;0;6;15;5
536544633;155 768 558;A01;0;2;0;0;1;1;1
536544634;155 768 557;A01;2;1;0;1;1;1;5
536544635;155 768 556;A01;1;33;13;0;1;0;1
536544636;155 768 555;A01;1;50;14;0;1;2;3
536544637;155 768 554;A01;1;7;13;0;8;1;1
536544638;155 768 550;B01;3;43;0;2;1;2;1
536544638;155 768 552;C01;3;33;0;2;1;2;1
536544638;155 768 553;A01;3;7;0;2;4;2;1
536544639;155 768 551;A01;1;32;6;0;2;14;1
536544640;155 768 548;A01;2;31;12;0;3;14;1
536544641;155 768 547;A01;1;10;0;2;6;0;2
536544641;155 768 549;B01;1;1;0;2;3;2;5
536544642;155 768 545;B01;2;33;0;2;1;1;1
536544642;155 768 546;A01;1;7;0;2;3;15;1
536544643;155 768 544;A01;1;7;0;1;1;15;1
536544644;155 768 542;A01;2;33;16;2;1;17;1
536544644;155 768 543;B01;2;7;0;0;3;15;1
536544645;155 768 541;A01;1;7;0;1;1;15;3
536544646;155 768 540;A01;1;31;12;0;8;0;1
536544647;155 768 536;B01;2;7;0;2;7;0;1
536544647;155 768 538;A01;2;33;0;2;7;26;1
536544647;155 768 539;C01;2;10;0;2;8;0;1
536544648;155 768 535;A01;1;1;0;2;0;2;5
536544648;155 768 537;B01;1;1;0;2;0;2;5
536544649;155 768 534;A01;1;33;0;0;7;13;1
536544650;155 768 533;A01;2;7;0;1;2;17;3
536544651;155 768 532;A01;1;7;6;0;1;2;1
536544652;155 768 531;A01;3;7;0;1;6;4;2
536544653;155 768 530;A01;2;7;2;0;8;1;1
536544654;155 768 528;B01;3;7;0;2;1;1;1
536544654;155 768 529;A01;3;7;0;2;4;23;1
536544655;155 768 527;A01;1;7;8;0;1;13;1
536544656;155 768 525;B01;1;10;0;2;4;23;1
536544656;155 768 526;A01;1;7;0;2;1;1;1
536544657;155 768 524;A01;2;10;0;1;2;26;1
536544658;155 768 521;B01;1;50;0;2;2;1;3
536544658;155 768 522;SA01;1;7;0;2;3;15;1
536544659;155 768 517;A01;2;43;0;2;1;1;1
536544659;155 768 518;B01;2;1;0;2;8;10;5
536544660;155 768 516;A01;1;7;17;9;2;0;1
536544661;155 768 514;B01;1;10;0;2;6;2;0
536544661;155 768 515;A01;1;7;0;2;1;2;1
536544662;155 768 512;A01;1;33;0;2;1;1;1
536544662;155 768 513;B01;2;33;0;2;1;1;1
536544663;155 768 511;A01;2;7;0;1;1;26;1
536544664;155 768 509;A01;2;7;0;2;3;13;1
536544664;155 768 510;B01;1;7;0;2;3;1;1
536544665;155 768 508;A01;3;7;0;1;2;1;2
536544666;155 768 506;B01;2;7;0;2;2;0;1
536544666;155 768 507;A01;1;7;0;2;2;13;1
536544667;155 768 504;B01;3;34;0;2;3;2;1
536544667;155 768 505;A01;3;32;0;0;0;0;1
536544668;155 768 500;A01;1;10;0;2;2;15;1
536544668;155 768 501;B01;2;33;0;2;8;1;1
536544669;155 768 502;B01;1;1;0;2;1;1;5
536544669;155 768 503;A01;2;7;0;2;3;1;1
536544670;155 768 498;A01;2;31;0;2;8;1;1
536544670;155 768 499;B01;0;7;0;2;5;20;2
536544671;155 768 497;A01;1;7;2;0;1;1;1
536544672;155 768 496;A01;2;7;0;1;1;1;1
536544673;155 768 495;A01;0;7;2;0;3;1;1
536544674;155 768 492;A01;1;7;0;2;4;2;1
536544674;155 768 493;B01;1;7;1;2;6;2;0
536544674;155 768 494;C01;1;7;1;2;1;2;1
536544675;155 768 491;A01;1;7;6;0;1;0;1
536544676;155 768 489;A01;1;7;13;0;3;13;1
536544677;155 768 488;A01;3;7;0;2;4;1;1
536544677;155 768 490;B01;3;7;0;1;1;1;1
536544678;155 768 487;A01;1;7;0;0;0;1;1
536544679;155 768 486;Z01;2;7;0;1;2;1;1
536544680;155 768 484;A01;2;7;0;1;1;1;0
536544681;155 768 483;B01;1;33;0;2;1;13;1
536544681;155 768 485;A01;2;30;0;2;1;1;1
536544682;155 768 482;A01;1;10;3;0;2;1;1
536544683;155 768 481;A01;0;32;0;1;1;17;1
536544684;155 768 480;A01;1;17;1;0;2;1;1
536544685;155 768 479;A01;1;7;0;1;7;2;1
536544686;155 768 475;B01;1;7;0;2;3;19;1
536544686;155 768 478;A01;1;33;0;2;1;1;1
536544687;155 768 476;A01;1;10;0;2;3;26;1
536544687;155 768 477;B01;1;7;0;2;5;1;1
536544688;155 768 473;A01;2;33;0;0;0;1;1
536544689;155 768 468;B01;1;33;0;2;3;1;1
536544689;155 768 470;A01;2;7;0;2;1;15;1
536544690;155 768 466;A01;3;60;0;0;0;1;5
536544691;155 768 463;A01;1;7;0;2;3;2;1
536544691;155 768 465;B01;1;21;0;0;6;15;1
536544692;155 768 462;A01;1;7;0;2;1;9;1
536544692;155 768 464;B01;1;7;0;2;5;0;1
536544693;155 768 460;B01;2;7;0;2;2;1;0
536544693;155 768 461;A01;1;7;0;2;3;1;1
536544694;155 768 459;A01;3;7;0;0;9;21;1
536544695;155 768 457;A01;2;7;2;0;3;14;1
536544695;155 768 458;B01;1;10;0;2;5;17;1
536544696;155 768 456;A01;1;32;7;0;1;1;1
536544697;155 768 455;A01;2;7;9;1;1;0;1
536544698;155 768 453;A01;2;33;0;2;0;13;1
536544698;155 768 454;B01;1;10;0;2;1;1;1
536544699;155 768 451;A01;2;33;0;2;1;1;1
536544699;155 768 452;B01;2;7;0;2;6;15;1
536544700;155 768 449;B01;2;13;0;2;3;1;1
536544700;155 768 450;A01;1;7;0;2;3;1;1
536544701;155 768 448;A01;3;43;15;0;3;11;1
536544702;155 768 447;A01;1;7;16;0;0;1;1
536544703;155 768 446;A01;2;0;0;1;0;0;0
536544704;155 768 444;A01;1;7;0;2;3;1;1
536544704;155 768 445;B01;2;7;0;2;2;1;1
536544705;155 768 442;A01;2;7;0;2;1;13;1
536544705;155 768 443;B01;1;10;0;2;2;1;1
536544706;155 768 439;A01;1;7;0;0;3;15;1
536544706;155 768 441;B01;2;33;13;2;9;1;1
536544707;155 768 438;A01;2;33;0;2;1;1;1
536544707;155 768 440;B01;1;7;0;2;3;1;1
536544708;155 768 437;A01;1;33;7;0;1;1;1
536544709;155 768 436;A01;3;7;2;0;3;0;1
536544710;155 768 433;B01;2;14;0;2;1;1;1
536544710;155 768 435;A01;1;7;0;2;8;19;1
536544711;155 768 432;A01;1;7;0;9;2;21;1
536544712;155 768 430;A01;1;7;0;2;2;1;1
536544712;155 768 431;B01;1;33;0;0;4;23;1
536544713;155 768 428;A01;1;2;11;0;0;1;1
536544714;155 768 427;A01;2;33;0;2;1;13;1
536544714;155 768 429;B01;1;7;0;2;1;1;1
536544715;155 768 424;A01;2;7;0;2;1;1;3
536544715;155 768 426;B01;2;7;0;2;5;16;1
536544716;155 768 423;B01;1;7;0;2;1;1;1
536544716;155 768 425;A01;1;7;0;0;4;1;1
536544717;155 768 421;B01;1;1;0;2;7;1;5
536544717;155 768 422;A01;2;7;0;2;3;16;1
536544718;155 768 419;A01;2;31;0;2;1;17;1
536544718;155 768 420;B01;1;7;0;2;8;2;2
536544719;155 768 418;A01;1;15;0;1;2;9;1
536544720;155 768 417;A01;1;7;8;0;1;14;1
536544721;155 768 416;A01;0;7;13;0;3;21;1
536544722;155 768 415;A01;1;7;2;0;1;1;1
536544723;155 768 412;A01;2;31;0;2;6;11;1
536544723;155 768 414;B01;2;7;0;2;2;2;1
536544724;155 768 411;A01;1;7;0;0;4;15;1
536544724;155 768 413;B01;1;7;0;2;1;1;1
536544725;155 768 408;B01;2;7;0;2;1;11;1
536544725;155 768 410;A01;2;7;0;2;4;2;1
536544726;155 768 407;A01;1;7;0;2;3;13;1
536544726;155 768 409;B01;2;10;0;2;3;1;1
536544727;155 768 406;A01;1;33;0;0;4;2;1
536544728;155 768 404;A01;1;3;0;2;2;15;3
536544728;155 768 405;B01;1;7;0;2;1;1;1
536544729;155 768 401;A01;2;33;0;2;2;3;1
536544729;155 768 403;B01;2;7;0;0;6;1;1
536544730;155 768 397;A01;1;7;0;2;1;2;1
536544730;155 768 399;B01;1;7;0;2;4;2;2
536544730;155 768 400;C01;1;10;0;2;4;2;1
536544730;155 768 402;D01;1;10;0;0;4;2;3
536544731;155 768 396;B01;1;7;0;2;6;1;1
536544731;155 768 398;A01;1;33;0;2;1;1;1
536544732;155 768 394;A01;2;7;3;0;1;1;1
536544733;155 768 393;A01;1;7;3;2;2;17;1
536544733;155 768 395;B01;1;15;0;2;6;1;1
536544734;155 768 390;A01;1;7;0;2;2;11;1
536544734;155 768 392;B01;1;33;0;2;4;1;1
536544735;155 768 389;A01;2;7;0;2;1;5;1
536544735;155 768 391;B01;1;2;0;2;1;1;1
536544736;155 768 386;A01;1;10;0;0;6;24;1
536544736;155 768 388;B01;1;10;1;0;2;1;1
536544737;155 768 384;B01;1;33;0;2;3;1;1
536544737;155 768 385;C01;1;10;0;2;5;1;1
536544737;155 768 387;A01;1;7;0;2;0;11;1
536544738;155 768 383;A01;1;33;0;0;0;16;1