Num_Acc;id_vehicule;num_veh;senc;catv;obs;obsm;choc;manv;motor
536544739;155 768 381;A01;1;7;0;2;1;1;1
536544739;155 768 382;B01;1;7;0;2;4;11;1
536544740;155 768 380;A01;2;33;3;0;1;14;1
536544741;155 768 377;A01;1;33;0;2;5;3;1
536544741;155 768 379;B01;1;10;0;2;8;11;1
536544742;155 768 375;A01;2;32;4;0;1;16;1
536544743;155 768 376;A01;2;33;16;2;9;1;1
536544743;155 768 378;B01;1;7;0;2;2;2;1
536544744;155 768 374;A01;2;33;0;2;1;3;1
536544745;155 768 373;A01;2;33;12;0;1;1;1
536544746;155 768 371;A01;1;7;0;1;1;1;1
536544747;155 768 370;B01;2;7;0;2;1;1;1
536544747;155 768 372;A01;2;7;13;0;8;9;1
536544748;155 768 368;A01;1;7;0;2;5;2;1
536544748;155 768 369;B01;1;10;0;2;3;0;1
536544749;155 768 366;B01;3;7;0;2;8;15;1
536544749;155 768 367;A01;1;7;0;2;1;1;1
536544750;155 768 365;A01;3;7;0;1;2;26;1
536544751;155 768 363;B01;1;7;0;2;3;1;1
536544751;155 768 364;A01;2;2;0;2;3;13;1
536544752;155 768 361;B01;2;50;0;2;1;1;3
536544752;155 768 362;A01;2;7;0;2;2;16;1
536544753;155 768 354;B01;1;7;0;2;4;26;1
536544753;155 768 356;C01;1;7;0;2;4;0;1
536544753;155 768 358;A01;1;7;0;2;1;0;1
536544754;155 768 353;A01;2;99;0;2;1;17;1
536544754;155 768 355;B01;2;7;0;2;1;1;1
536544754;155 768 357;C01;1;7;0;2;1;1;1
536544755;155 768 352;A01;1;33;6;0;1;1;1
536544756;155 768 350;B01;1;33;0;2;5;23;1
536544756;155 768 351;A01;1;7;0;2;3;18;1
536544757;155 768 349;A01;1;32;14;0;1;9;1
536544758;155 768 348;A01;3;50;0;0;1;1;3
536544759;155 768 347;A01;1;7;3;0;2;1;1
536544760;155 768 346;A01;1;7;4;0;2;1;1
536544761;155 768 344;A01;2;17;0;2;1;21;1
536544761;155 768 345;B01;2;17;0;2;8;23;1
536544762;155 768 341;A01;1;7;0;2;5;2;1
536544762;155 768 343;B01;1;33;0;2;1;2;1
536544763;155 768 339;A01;2;17;1;2;5;1;1
536544763;155 768 340;B01;2;17;0;2;3;23;1
536544763;155 768 342;C01;2;7;0;2;8;1;1
536544764;155 768 337;A01;1;7;1;2;9;21;1
536544764;155 768 338;B01;1;7;0;2;1;15;1
536544765;155 768 336;A01;2;43;0;1;1;1;1
536544766;155 768 334;B01;3;7;0;2;3;1;1
536544766;155 768 335;A01;3;7;0;2;1;19;1
536544767;155 768 332;A01;3;7;0;2;7;19;1
536544767;155 768 333;B01;3;7;0;2;1;1;1
536544768;155 768 331;A01;2;7;0;1;8;1;1
536544769;155 768 329;A01;3;7;12;2;4;23;1
536544769;155 768 330;B01;3;7;0;2;1;2;1
536544770;155 768 327;A01;1;33;0;2;1;2;1
536544770;155 768 328;B01;1;7;0;2;4;1;1
536544771;155 768 325;B01;1;7;0;2;8;1;2
536544771;155 768 326;A01;1;7;0;2;3;15;1
536544772;155 768 323;A01;2;7;0;2;1;0;0
536544772;155 768 324;B01;3;7;0;2;4;1;0
536544773;155 768 321;A01;2;7;0;2;8;10;2
536544773;155 768 322;B01;2;33;0;2;2;2;1
536544774;155 768 320;A01;1;7;3;0;1;9;1
536544775;155 768 318;B01;2;7;0;2;2;1;1
536544775;155 768 319;A01;1;7;0;2;3;16;1
536544776;155 768 316;B01;1;7;0;2;4;1;1
536544776;155 768 317;A01;1;31;0;2;4;21;1
536544777;155 768 314;A01;3;7;0;2;4;1;1
536544777;155 768 315;B01;1;50;0;2;1;1;3
536544778;155 768 313;A01;3;7;0;1;2;21;1
536544779;155 768 311;A01;3;7;0;2;1;16;1
536544779;155 768 312;B01;3;1;0;2;1;1;5
536544780;155 768 310;A01;3;7;0;1;1;1;1
536544781;155 768 309;A01;2;7;7;0;1;26;1
536544782;155 768 308;A01;0;50;0;0;0;1;3
536544783;155 768 307;A01;0;7;0;1;1;16;1
536544784;155 768 304;A01;1;7;0;2;1;2;1
536544784;155 768 305;B01;1;7;0;2;1;2;1
536544784;155 768 306;C01;1;7;0;2;4;2;1
536544785;155 768 301;C01;2;7;0;2;0;0;1
536544785;155 768 302;B01;1;33;0;2;0;2;1
536544785;155 768 303;A01;1;7;0;2;2;9;1
536544786;155 768 298;A01;1;7;0;1;2;17;0
536544787;155 768 297;A01;1;0;0;1;0;26;0
536544788;155 768 295;B01;2;50;0;2;7;19;3
536544788;155 768 296;A01;1;10;0;2;1;16;1
536544789;155 768 293;B01;1;32;0;2;8;1;1
536544789;155 768 294;A01;3;7;0;2;3;15;1
536544790;155 768 291;B01;1;7;0;2;8;15;1
536544790;155 768 292;A01;2;7;0;2;1;1;1
536544791;155 768 290;A01;2;7;0;1;3;1;1
536544792;155 768 288;A01;3;7;0;9;5;16;1
536544792;155 768 289;B01;1;80;0;2;1;1;2
536544793;155 768 286;B01;2;7;0;2;1;1;1
536544793;155 768 287;A01;2;1;0;2;2;15;5
536544794;155 768 283;B01;2;7;0;0;0;0;1
536544794;155 768 284;A01;2;7;0;2;1;1;1
536544794;155 768 285;C01;2;7;0;2;4;1;2
536544795;155 768 281;A01;2;80;0;2;8;2;2
536544795;155 768 282;B01;2;80;0;2;2;2;2
536544796;155 768 279;A01;1;33;6;2;1;17;1
536544796;155 768 280;B01;1;7;0;2;8;15;1
536544797;155 768 277;B01;2;32;0;2;1;1;1
536544797;155 768 278;A01;1;7;0;2;7;15;1
536544798;155 768 276;A01;3;21;0;1;5;15;6
536544799;155 768 274;B01;1;7;0;2;2;1;3
536544799;155 768 275;A01;1;50;1;2;2;26;3
536544800;155 768 272;A01;3;7;0;2;0;0;1
536544800;155 768 273;B01;3;50;0;2;8;0;3
536544801;155 768 270;B01;1;7;0;2;1;1;1
536544801;155 768 271;A01;2;7;0;2;1;16;1
536544802;155 768 269;A01;1;1;12;0;1;14;5
536544803;155 768 267;B01;3;7;0;2;4;2;1
536544803;155 768 268;A01;3;30;0;2;1;2;3
536544804;155 768 265;A01;3;7;0;2;2;12;1
536544804;155 768 266;B01;3;7;0;2;4;23;1
536544805;155 768 263;A01;3;7;0;2;2;26;1
536544805;155 768 264;B01;3;7;0;2;5;1;1
536544806;155 768 261;B01;2;7;0;2;1;1;1
536544806;155 768 262;A01;2;10;0;2;3;15;1
536544807;155 768 259;A01;3;7;0;2;4;1;1
536544807;155 768 260;B01;3;7;0;2;1;1;1
536544808;155 768 257;B01;3;7;0;2;8;1;1
536544808;155 768 258;A01;3;50;0;2;3;19;3
536544809;155 768 255;A01;1;33;0;2;1;13;1
536544809;155 768 256;B01;2;10;0;2;3;1;1
536544810;155 768 254;A01;1;10;0;1;5;4;3
536544811;155 768 252;B01;2;32;0;2;9;15;1
536544811;155 768 253;A01;1;7;0;2;1;15;1
536544812;155 768 250;B01;0;33;0;2;1;1;1
536544812;155 768 251;A01;0;7;0;2;2;16;1
536544813;155 768 248;B01;1;33;0;2;1;1;1
536544813;155 768 249;A01;1;7;0;2;4;1;1
536544814;155 768 246;A01;2;2;0;9;1;3;1
536544814;155 768 247;B01;2;60;0;0;0;0;5
536544815;155 768 244;B01;1;10;0;0;3;20;1
536544815;155 768 245;A01;1;30;1;2;1;17;1
536544816;155 768 242;A01;2;10;0;2;2;16;1
536544816;155 768 243;B01;2;50;0;2;3;1;3
536544817;155 768 238;A01;1;15;0;2;1;1;1
536544817;155 768 239;B01;1;7;0;2;4;23;1
536544817;155 768 240;C01;1;7;0;2;4;23;1
536544817;155 768 241;D01;1;7;0;2;5;23;1
536544818;155 768 236;B01;2;7;0;2;5;17;1
536544818;155 768 237;A01;2;17;0;2;3;17;1
536544819;155 768 234;A01;1;7;0;2;4;4;1
536544819;155 768 235;B01;1;30;0;2;1;1;1
536544820;155 768 230;A01;1;7;0;2;1;1;1
536544820;155 768 231;B01;1;7;0;2;4;1;1
536544821;155 768 227;A01;1;7;0;1;1;1;1
536544822;155 768 224;A01;3;7;1;0;1;1;1
536544822;155 768 225;B01;3;7;0;2;1;24;1
536544822;155 768 226;C01;3;7;1;0;7;1;1
536544823;155 768 220;B01;0;10;0;2;1;1;1
536544823;155 768 221;A01;0;7;0;2;1;13;1
536544824;155 768 219;A01;1;7;0;0;0;1;1
536544825;155 768 217;B01;1;31;0;2;1;1;1
536544825;155 768 218;A01;1;7;0;2;9;1;1
536544826;155 768 216;A01;1;32;0;0;7;0;1
536544827;155 768 214;A01;1;7;0;2;0;15;1
536544827;155 768 215;B01;2;33;0;2;1;1;0
536544828;155 768 212;B01;0;7;1;0;1;1;1
536544828;155 768 213;A01;0;7;1;0;1;1;1
536544829;155 768 210;A01;1;33;0;2;1;1;1
536544829;155 768 211;B01;1;7;0;2;2;9;1
536544830;155 768 208;B01;2;33;0;2;3;17;1
536544830;155 768 209;A01;2;10;0;2;3;15;1
536544831;155 768 205;B01;2;7;0;2;3;1;2
536544831;155 768 206;C01;2;7;0;2;8;0;1
536544831;155 768 207;A01;1;7;0;2;3;13;1
536544832;155 768 203;A01;1;33;8;2;1;17;1
536544832;155 768 204;B01;1;7;0;2;8;15;1
536544833;155 768 201;A01;1;33;0;2;3;17;1
536544833;155 768 202;B01;1;7;1;0;3;13;1
536544834;155 768 200;A01;3;7;1;1;8;9;3
536544835;155 768 198;B01;1;1;0;2;4;1;5
536544835;155 768 199;Z01;3;7;0;2;1;26;0
536544836;155 768 197;A01;1;33;0;0;7;1;1
536544837;155 768 194;C01;1;33;0;2;2;3;1
536544837;155 768 195;A01;1;7;0;2;3;11;1
536544837;155 768 196;B01;1;33;0;2;7;3;1
536544838;155 768 192;B01;1;7;0;2;4;2;2
536544838;155 768 193;A01;1;7;0;2;1;2;1
536544839;155 768 190;A01;3;7;0;2;3;1;1
536544839;155 768 191;B01;3;1;0;2;2;2;5
536544840;155 768 188;A01;2;7;0;2;1;16;1
536544840;155 768 189;B01;1;80;0;2;1;1;3
536544841;155 768 186;A01;1;33;0;2;1;9;1
536544841;155 768 187;B01;1;7;0;2;8;15;2
536544842;155 768 185;A01;1;7;0;1;1;15;1
536544843;155 768 184;A01;3;7;2;0;3;1;1
536544844;155 768 182;B01;0;7;0;2;3;1;2
536544844;155 768 183;A01;0;7;0;2;3;15;1
536544845;155 768 180;A01;0;32;0;2;1;1;1
536544845;155 768 181;B01;0;2;0;2;1;1;3
536544846;155 768 178;A01;1;7;0;2;6;13;1
536544846;155 768 179;B01;1;7;0;2;6;1;1
536544847;155 768 176;A01;2;7;0;2;1;1;1
536544847;155 768 177;B01;2;7;0;2;4;1;2
536544848;155 768 174;A01;1;7;0;9;3;9;1
536544848;155 768 175;B01;1;2;0;2;2;1;1
536544849;155 768 172;A01;2;7;0;2;1;1;1
536544849;155 768 173;B01;2;7;0;2;1;15;1
536544850;155 768 171;Z01;2;7;0;1;0;0;0
536544851;155 768 170;A01;2;7;0;1;2;18;1
536544852;155 768 167;B01;1;7;0;2;4;1;1
536544852;155 768 168;A01;1;7;0;2;1;1;1
536544852;155 768 169;C01;1;7;0;0;0;0;1
536544853;155 768 165;B01;2;7;0;2;3;2;3
536544853;155 768 166;A01;1;7;0;2;3;11;1
536544854;155 768 163;A01;3;7;0;2;1;26;2
536544854;155 768 164;B01;0;33;8;2;7;1;1
536544855;155 768 162;A01;2;7;0;1;2;1;1
536544856;155 768 160;A01;3;1;0;2;1;1;5
536544856;155 768 161;B01;3;7;0;2;1;1;1
536544857;155 768 156;D01;2;7;0;2;4;23;1
536544857;155 768 157;C01;2;7;0;2;8;23;2
536544857;155 768 158;A01;2;7;9;2;1;17;1
536544857;155 768 159;B01;2;7;0;2;1;23;1
536544858;155 768 155;A01;2;7;0;1;3;1;1
536544859;155 768 148;A01;1;7;0;1;1;16;1
536544860;155 768 146;B01;2;7;0;2;0;0;1
536544860;155 768 147;A01;2;7;0;2;3;19;1
536544861;155 768 145;B01;2;80;0;1;5;12;3
536544862;155 768 144;A01;1;10;0;1;2;16;1
536544863;155 768 143;A01;3;7;0;1;2;2;1
536544864;155 768 142;A01;1;80;1;0;1;13;3
536544865;155 768 140;A01;1;3;0;2;1;2;1
536544865;155 768 141;B01;1;7;0;2;6;23;1
536544866;155 768 138;B01;1;50;0;9;4;1;3
536544866;155 768 139;A01;1;50;0;9;1;1;3
536544867;155 768 135;B01;1;7;0;2;4;2;1
536544867;155 768 136;A01;1;7;0;2;4;1;1
536544867;155 768 137;C01;1;33;0;2;1;2;1
536544868;155 768 133;A01;2;43;0;2;1;2;1
536544868;155 768 134;B01;2;7;0;2;6;26;1
536544869;155 768 129;A01;1;7;0;2;2;1;1
536544869;155 768 131;B01;1;80;0;2;4;19;3
536544870;155 768 128;A01;2;7;0;2;4;2;1
536544870;155 768 130;B01;2;7;0;2;4;2;1
536544870;155 768 132;Z01;2;7;0;2;1;2;1
536544871;155 768 127;A01;2;7;0;0;9;14;1
536544872;155 768 125;A01;3;30;0;2;1;16;1
536544872;155 768 126;B01;3;7;0;2;8;1;3
536544873;155 768 123;A01;2;33;0;2;7;1;1
536544873;155 768 124;B01;2;7;0;2;3;11;1
536544874;155 768 120;A01;1;31;0;2;8;23;1
536544874;155 768 122;B01;2;7;0;2;1;1;1
536544875;155 768 119;B01;1;33;0;2;1;3;1
536544875;155 768 121;A01;1;7;0;2;4;12;1
536544876;155 768 116;Z01;2;7;0;2;6;11;1
536544876;155 768 117;A01;2;33;0;2;2;1;1
536544877;155 768 115;B01;2;7;0;2;3;1;1
536544877;155 768 118;A01;1;33;0;2;1;13;1
536544878;155 768 113;B01;1;30;0;2;1;1;1
536544878;155 768 114;A01;2;7;0;2;1;26;1
536544879;155 768 109;A01;1;33;0;2;7;2;1
536544879;155 768 110;B01;1;10;0;2;5;16;1
536544880;155 768 111;B01;1;33;0;2;3;1;1
536544880;155 768 112;A01;1;10;0;2;0;15;1
536544881;155 768 107;A01;2;7;0;1;1;19;1
536544882;155 768 106;B01;1;2;0;2;0;1;1
536544882;155 768 108;Z01;1;7;0;9;0;14;0
536544883;155 768 105;A01;2;50;8;0;1;1;3
536544884;155 768 103;B01;2;7;0;2;5;1;1
536544884;155 768 104;A01;1;80;0;2;4;5;3
536544885;155 768 100;A01;3;33;0;2;1;2;1
536544885;155 768 102;B01;3;3;0;2;4;1;1
536544886;155 768 099;A01;1;7;0;2;2;15;1
536544886;155 768 101;B01;2;2;0;2;1;1;1
536544887;155 768 096;A01;1;7;0;2;1;15;1
536544887;155 768 098;B01;2;2;0;2;1;1;1
536544888;155 768 095;B01;2;31;1;2;4;2;1
536544889;155 768 092;A01;2;30;0;2;1;2;1
536544889;155 768 094;B01;2;7;0;2;4;2;1
536544890;155 768 090;B01;1;7;0;2;1;0;1
536544890;155 768 093;A01;2;7;0;2;1;0;1
536544891;155 768 089;B01;3;1;0;2;7;0;5
536544891;155 768 091;A01;1;7;0;2;1;1;0
536544892;155 768 087;A01;1;7;11;0;1;1;1
536544893;155 768 082;A01;2;10;0;2;2;11;1
536544893;155 768 085;B01;1;34;0;2;1;1;1
536544894;155 768 080;B01;2;7;1;2;4;23;1
536544894;155 768 083;C01;2;7;0;2;8;23;1
536544894;155 768 084;D01;2;7;14;2;4;23;1
536544894;155 768 086;E01;2;7;0;2;4;15;1
536544894;155 768 088;A01;2;10;14;2;1;2;1
536544895;155 768 079;A01;1;7;0;2;8;15;1
536544895;155 768 081;B01;1;2;0;2;1;17;1
536544896;155 768 077;A01;3;7;15;0;2;1;1
536544897;155 768 076;A01;3;7;0;2;0;0;1
536544897;155 768 078;B01;3;7;0;2;1;1;1
536544898;155 768 075;A01;1;7;16;0;1;14;1
536544899;155 768 072;A01;1;7;0;2;0;0;1
536544899;155 768 074;B01;1;50;0;2;0;0;3
536544900;155 768 070;A01;1;7;0;0;4;1;1
536544900;155 768 073;B01;1;7;0;2;1;1;1
536544901;155 768 068;A01;3;7;2;5;2;21;1
536544902;155 768 065;A01;2;7;0;2;2;20;1
536544902;155 768 067;B01;2;33;0;2;8;1;1
536544903;155 768 064;A01;0;37;0;2;2;16;1
536544903;155 768 066;B01;0;1;0;2;8;1;0
536544904;155 768 061;B01;1;7;0;2;4;2;1
536544904;155 768 063;A01;1;7;0;2;1;2;1
536544905;155 768 060;A01;3;1;12;2;1;2;5
536544905;155 768 062;C01;3;37;15;2;7;1;1
536544906;155 768 059;A01;0;7;0;1;1;15;1
536544907;155 768 058;A01;1;7;3;0;1;18;1
536544908;155 768 055;A01;1;7;0;2;2;2;1
536544908;155 768 057;B01;1;10;0;2;6;2;1
536544909;155 768 053;A01;3;7;0;2;1;1;1
536544909;155 768 056;B01;3;7;0;2;8;16;1
536544910;155 768 052;B01;2;7;0;2;1;1;1
536544910;155 768 054;A01;2;7;0;2;4;1;1
536544911;155 768 050;B01;2;7;0;2;4;1;1
536544911;155 768 051;A01;2;33;0;2;1;1;1
536544912;155 768 047;B01;3;33;0;2;1;2;1
536544912;155 768 049;A01;3;7;0;2;5;15;1
536544913;155 768 046;A01;3;7;13;2;1;21;1
536544913;155 768 048;B01;3;10;0;2;1;1;1
536544914;155 768 042;A01;1;7;10;0;1;1;1
536544915;155 768 041;B01;1;7;0;2;9;2;1
536544915;155 768 044;A01;1;7;0;2;1;2;1
536544915;155 768 045;C01;1;7;0;2;4;2;1
536544916;155 768 039;A01;2;7;0;2;1;2;1
536544916;155 768 040;B01;2;7;0;2;4;2;1
536544916;155 768 043;C01;2;7;0;2;4;2;1
536544917;155 768 035;B01;1;7;0;9;4;2;1
536544917;155 768 038;A01;1;99;0;2;1;2;1
536544918;155 768 034;A01;1;7;0;2;1;1;1
536544918;155 768 037;B01;1;7;0;2;7;1;1
536544919;155 768 033;B01;0;7;0;2;3;1;1
536544919;155 768 036;A01;2;34;0;2;1;0;1
536544920;155 768 030;A01;3;7;0;2;0;0;1
536544920;155 768 032;B01;3;7;0;2;1;26;1
536544921;155 768 027;A01;2;7;0;2;4;2;1
536544921;155 768 029;C01;2;7;0;2;1;1;1
536544921;155 768 031;B01;2;7;0;2;9;2;1
536544922;155 768 024;A01;3;7;0;2;2;10;1
536544922;155 768 026;B01;3;7;0;2;1;21;2
536544922;155 768 028;C01;3;7;0;2;4;2;1
536544923;155 768 023;A01;1;7;0;2;3;11;1
536544923;155 768 025;B01;1;32;0;2;1;0;1
536544924;155 768 022;A01;1;7;8;0;3;1;1
536544925;155 768 019;A01;2;7;13;0;1;0;1
536544926;155 768 017;A01;3;7;0;2;3;15;1
536544926;155 768 021;B01;3;7;0;2;3;1;1
536544927;155 768 016;C01;1;13;0;2;1;1;0
536544927;155 768 018;B01;1;7;0;2;4;1;0
536544927;155 768 020;A01;1;7;0;2;4;1;1
536544928;155 768 014;A01;3;7;0;9;2;1;1
536544928;155 768 015;B01;3;1;0;0;4;1;5
536544929;155 768 012;A01;1;33;0;2;1;21;1
536544929;155 768 013;B01;1;7;0;2;6;20;3
536544930;155 768 009;B01;2;7;0;0;4;1;1
536544930;155 768 011;A01;2;30;0;2;1;1;1
536544931;155 768 007;B01;1;37;0;2;8;13;0
536544931;155 768 010;A01;1;30;0;2;7;17;0
536544932;155 768 004;A01;1;2;0;2;1;3;1
536544932;155 768 006;B01;1;99;0;2;6;1;6
536544932;155 768 008;C01;2;7;0;2;3;1;1
536544933;155 768 003;A01;2;32;0;1;1;17;1
536544934;155 768 002;A01;3;1;0;2;3;13;5
536544934;155 768 005;B01;2;7;0;2;5;17;1
536544935;155 767 998;A01;3;7;0;1;1;26;1
536544936;155 767 999;B01;1;50;0;2;1;1;3
536544936;155 768 001;A01;1;10;0;2;4;20;1
536544937;155 767 997;A01;2;7;0;2;3;13;1
536544937;155 768 000;B01;1;7;0;2;3;1;1
536544938;155 767 993;A01;2;7;0;2;3;13;1
536544938;155 767 996;B01;1;7;0;2;3;1;1
536544939;155 767 992;A01;1;7;0;2;1;2;1
536544939;155 767 994;B01;1;7;0;2;4;2;1
536544940;155 767 991;A01;2;10;0;2;3;1;1
536544940;155 767 995;B01;2;50;0;2;1;1;3
536544941;155 767 989;A01;1;7;2;0;8;1;2
536544942;155 767 987;A01;1;7;0;2;1;13;1
536544942;155 767 990;B01;2;14;0;2;1;1;1
536544943;155 767 986;A01;1;31;0;2;3;3;1
536544943;155 767 988;B01;1;10;0;2;5;12;1
536544944;155 767 980;A01;3;7;0;2;3;13;1
536544944;155 767 982;B01;3;7;0;2;3;1;1
536544945;155 767 978;A01;0;7;0;2;8;0;1
536544945;155 767 979;B01;0;10;0;2;7;0;1
536544946;155 767 977;A01;1;1;0;2;1;15;5
536544946;155 767 981;B01;1;7;0;2;3;1;1
536544947;155 767 975;A01;1;33;0;2;2;12;1
536544947;155 767 976;B01;1;7;0;2;6;2;2
536544948;155 767 974;A01;3;7;0;1;1;1;1
536544949;155 767 972;B01;2;1;0;2;5;23;5
536544949;155 767 973;A01;1;10;0;2;3;15;1
536544950;155 767 971;A01;1;33;6;0;7;14;1
536544951;155 767 970;A01;2;7;0;1;3;1;1
536544952;155 767 966;A01;1;7;0;2;3;13;1
536544952;155 767 969;B01;1;32;0;2;2;17;1
536544953;155 767 965;A01;1;7;0;2;1;13;1
536544953;155 767 968;B01;2;10;0;2;1;1;1
536544954;155 767 963;A01;1;7;0;2;1;1;1
536544954;155 767 964;B01;1;7;0;2;9;1;1
536544954;155 767 967;C01;1;7;0;2;4;1;1
536544955;155 767 962;A01;0;1;0;0;1;21;5
536544956;155 767 957;B01;1;10;0;2;1;1;1
536544956;155 767 960;A01;1;7;0;2;4;1;1
536544957;155 767 958;A01;1;7;0;2;1;1;1
536544957;155 767 959;B01;1;7;0;2;6;1;1
536544957;155 767 961;C01;1;10;0;0;0;0;1
536544959;155 767 953;A01;1;10;0;2;7;1;1
536544959;155 767 955;B01;1;1;0;2;0;0;5
536544960;155 767 951;B01;2;7;0;2;8;1;1
536544960;155 767 952;C01;2;7;0;2;4;1;1
536544960;155 767 954;A01;2;31;0;2;7;3;1
536544961;155 767 950;A01;1;30;14;0;1;14;3
536544962;155 767 949;A01;1;7;0;1;1;15;1
536544963;155 767 946;C01;2;7;4;2;4;2;1
536544963;155 767 947;A01;2;7;4;2;1;2;1
536544963;155 767 948;B01;2;7;4;2;4;2;1
536544964;155 767 945;A01;2;10;0;1;3;1;1
536544965;155 767 939;A01;2;7;0;2;3;1;1
536544965;155 767 941;B01;2;33;0;2;2;3;1
536544965;155 767 943;C01;2;7;0;2;6;1;1
536544966;155 767 938;A01;2;1;0;2;7;1;5
536544966;155 767 942;B01;2;7;0;2;1;1;1
536544967;155 767 936;C01;1;7;0;2;4;2;1
536544967;155 767 937;A01;1;7;0;2;1;2;1
536544967;155 767 940;B01;1;7;0;2;9;2;1
536544968;155 767 935;A01;1;7;4;0;1;1;1
536544969;155 767 933;A01;2;7;0;2;1;17;1
536544969;155 767 934;B01;1;1;0;2;1;1;5
536544970;155 767 931;B01;3;33;0;2;9;1;1
536544970;155 767 932;A01;3;17;0;2;7;15;1
536544971;155 767 930;A01;3;10;0;1;7;26;1
536544972;155 767 927;A01;1;7;0;2;1;0;1
536544972;155 767 929;B01;2;33;0;2;8;0;1
536544973;155 767 925;A01;2;7;0;2;1;1;1
536544973;155 767 928;B01;2;7;0;0;4;0;1
536544974;155 767 924;B01;2;7;0;2;3;1;1
536544974;155 767 926;A01;1;30;0;2;1;1;1
536544975;155 767 922;A01;2;32;0;2;1;2;1
536544975;155 767 923;B01;2;7;0;2;4;1;1
536544976;155 767 919;A01;3;7;9;2;1;14;1
536544976;155 767 921;B01;3;7;0;2;1;1;1
536544977;155 767 918;B01;2;1;0;2;3;15;5
536544977;155 767 920;A01;0;7;0;2;2;19;1
536544978;155 767 916;B01;2;7;0;2;7;15;1
536544978;155 767 917;A01;1;50;0;2;1;9;3
536544979;155 767 913;A01;2;37;0;2;3;21;1
536544979;155 767 915;B01;3;7;0;2;4;23;1
536544980;155 767 912;A01;2;7;0;1;1;1;1
536544981;155 767 907;A01;1;7;0;2;7;17;2
536544981;155 767 909;B01;1;1;0;2;8;2;5
536544982;155 767 908;A01;1;7;4;0;4;1;1
536544982;155 767 910;B01;1;7;0;2;1;2;1
536544983;155 767 911;Z01;1;7;0;1;0;16;1
536544984;155 767 903;A01;1;1;0;2;1;19;5
536544984;155 767 906;B01;2;7;0;2;3;1;1
536544985;155 767 904;A01;3;7;8;0;1;16;1
536544986;155 767 902;B01;1;1;0;2;1;1;0
536544986;155 767 905;A01;3;10;0;2;2;9;1
536544987;155 767 899;B01;1;7;0;2;2;9;2
536544987;155 767 901;A01;2;34;0;2;1;17;1
536544988;155 767 898;A01;1;7;0;1;5;4;1
536544989;155 767 897;A01;1;7;0;2;3;15;1
536544989;155 767 900;B01;0;32;0;2;1;1;1
536544990;155 767 895;A01;1;32;0;0;0;1;1
536544991;155 767 894;B01;3;7;0;2;4;2;1
536544991;155 767 896;A01;3;2;0;2;1;2;1
536544992;155 767 892;A01;1;7;0;2;4;23;1
536544992;155 767 893;B01;0;7;4;0;2;1;1
536544993;155 767 890;A01;2;7;0;1;3;0;1
536544994;155 767 889;A01;2;30;0;2;3;17;1
536544994;155 767 891;B01;1;7;0;2;8;1;1
536544995;155 767 887;A01;1;7;0;1;2;0;1
536544996;155 767 886;A01;1;33;0;2;1;1;1
536544996;155 767 888;B01;2;7;0;2;2;15;2
536544997;155 767 885;A01;0;7;0;1;1;26;1
536544998;155 767 883;B01;3;7;0;2;1;26;3
536544998;155 767 884;A01;3;7;0;2;1;26;3
536544999;155 767 881;A01;3;7;0;1;1;1;1
536545000;155 767 880;A01;1;7;12;0;3;15;1
536545000;155 767 882;B01;1;33;0;2;0;13;0
536545001;155 767 879;A01;1;33;0;0;8;0;1
536545002;155 767 877;A01;1;7;0;1;1;1;1
536545003;155 767 876;A01;0;7;0;2;3;10;1
536545003;155 767 878;B01;0;2;0;0;2;2;0
536545004;155 767 875;A01;2;7;0;1;7;1;1
536545005;155 767 872;A01;1;10;0;1;1;15;1
536545006;155 767 871;A01;3;7;0;2;3;9;1
536545006;155 767 873;B01;3;1;0;2;2;1;5
536545007;155 767 870;A01;3;7;0;2;7;15;1
536545007;155 767 874;B01;3;7;0;2;3;15;1
536545008;155 767 867;A01;1;32;0;1;2;1;1
536545009;155 767 865;A01;3;1;1;0;8;25;5
536545009;155 767 868;B01;3;7;1;0;2;1;1
536545010;155 767 864;A01;1;33;12;0;7;26;1
536545011;155 767 863;A01;3;7;0;1;1;1;1
536545012;155 767 860;A01;3;50;0;2;1;1;3
536545012;155 767 862;B01;3;37;0;2;1;15;1
536545013;155 767 858;A01;1;34;0;2;1;18;1
536545013;155 767 861;B01;1;7;0;2;2;20;1
536545014;155 767 857;A01;1;7;0;2;8;26;1
536545014;155 767 859;B01;2;7;0;2;2;1;1
536545015;155 767 855;A01;0;7;0;2;3;13;1
536545015;155 767 856;B01;2;10;0;2;3;14;1
536545016;155 767 854;A01;3;7;0;1;1;1;1
536545017;155 767 851;B01;2;7;0;2;4;1;3
536545017;155 767 853;A01;2;10;0;2;1;2;1
536545018;155 767 849;A01;1;50;0;0;1;26;3
536545019;155 767 848;A01;1;7;0;2;4;2;1
536545019;155 767 850;B01;1;7;0;2;1;2;1
536545019;155 767 852;C01;1;14;0;0;0;0;0
536545020;155 767 847;A01;1;1;0;1;0;5;5
536545021;155 767 845;A01;1;10;5;0;9;1;1
536545022;155 767 844;A01;1;7;0;2;1;5;1
536545022;155 767 846;B01;2;33;0;2;1;1;1
536545023;155 767 842;A01;2;33;15;0;1;0;1
536545024;155 767 841;A01;1;7;0;2;0;15;1
536545024;155 767 843;B01;1;50;0;2;0;1;3
536545025;155 767 838;A01;1;33;0;0;5;1;1