Num_Acc;id_vehicule;num_veh;senc;catv;obs;obsm;choc;manv;motor
536545322;155 767 310;B01;3;1;0;2;1;16;5
536545323;155 767 307;A01;2;7;0;2;3;15;1
536545323;155 767 309;B01;2;33;0;2;7;17;1
536545324;155 767 305;A01;2;7;0;1;2;1;1
536545325;155 767 304;A01;3;7;0;2;3;9;1
536545325;155 767 306;B01;3;7;0;2;2;1;1
536545326;155 767 301;A01;2;7;0;2;3;13;1
536545326;155 767 303;B01;1;15;0;2;3;1;1
536545327;155 767 300;A01;2;7;15;0;0;1;1
536545328;155 767 299;A01;2;7;0;2;3;13;1
536545328;155 767 302;B01;1;7;1;2;8;1;1
536545329;155 767 298;A01;2;31;0;0;7;21;1
536545330;155 767 297;A01;1;7;1;0;2;14;1
536545331;155 767 296;A01;2;7;0;1;1;23;1
536545332;155 767 293;A01;1;7;0;2;2;16;1
536545332;155 767 295;B01;1;2;0;2;1;1;1
536545333;155 767 290;A01;1;7;0;2;1;1;1
536545333;155 767 294;B01;2;7;0;2;8;1;1
536545334;155 767 289;B01;1;1;0;2;7;19;5
536545334;155 767 292;A01;1;10;0;9;3;1;1
536545335;155 767 288;A01;0;10;0;2;1;1;1
536545335;155 767 291;B01;0;14;0;2;1;1;1
536545336;155 767 287;A01;1;7;0;1;3;1;1
536545337;155 767 285;A01;1;7;13;0;9;1;1
536545338;155 767 282;A01;1;15;0;2;2;17;1
536545338;155 767 284;B01;1;30;0;2;4;15;1
536545339;155 767 281;A01;1;7;0;1;3;1;1
536545340;155 767 280;B01;1;2;0;2;4;2;1
536545340;155 767 283;C01;2;7;0;2;1;5;1
536545340;155 767 286;A01;1;10;0;2;1;2;1
536545341;155 767 278;A01;2;7;0;1;7;1;1
536545342;155 767 276;A01;0;7;0;2;1;1;1
536545342;155 767 279;B01;0;7;0;2;3;1;1
536545343;155 767 274;A01;1;7;13;0;6;14;1
536545344;155 767 273;B01;1;7;0;2;1;1;1
536545344;155 767 277;A01;2;7;0;2;3;15;1
536545345;155 767 272;B01;1;2;0;0;1;0;1
536545345;155 767 275;A01;1;10;0;0;3;15;1
536545346;155 767 268;A01;2;50;0;2;1;1;3
536545346;155 767 271;B01;1;7;0;2;2;16;1
536545347;155 767 267;A01;2;50;0;1;0;0;3
536545348;155 767 266;B01;3;7;8;2;8;21;1
536545348;155 767 270;A01;3;10;0;2;1;9;1
536545349;155 767 265;B01;2;30;0;2;8;1;1
536545349;155 767 269;A01;1;7;0;2;3;15;1
536545350;155 767 263;A01;3;7;9;0;1;25;1
536545351;155 767 261;A01;1;30;0;2;1;13;1
536545351;155 767 264;B01;2;10;0;2;3;0;1
536545352;155 767 255;A01;2;7;0;2;1;1;1
536545352;155 767 257;B01;1;7;0;2;1;1;1
536545352;155 767 259;C01;1;7;0;2;8;1;1
536545353;155 767 254;A01;3;7;0;2;1;26;1
536545353;155 767 258;B01;3;7;0;2;4;26;1
536545353;155 767 262;C01;3;7;0;2;4;26;1
536545354;155 767 253;A01;1;7;0;1;1;1;1
536545355;155 767 251;A01;1;7;7;1;1;25;1
536545356;155 767 249;A01;3;7;1;0;1;0;1
536545357;155 767 250;A01;1;7;0;2;3;13;1
536545357;155 767 252;B01;2;14;0;2;3;21;1
536545358;155 767 248;A01;2;2;0;0;9;0;1
536545359;155 767 246;A01;2;2;0;2;3;26;1
536545359;155 767 247;B01;2;7;0;2;2;1;1
536545360;155 767 241;A01;1;33;0;2;2;3;1
536545360;155 767 244;B01;1;7;0;2;3;15;1
536545361;155 767 239;A01;2;7;0;2;1;15;1
536545361;155 767 243;B01;2;7;0;2;8;1;1
536545362;155 767 237;A01;1;10;16;0;1;1;1
536545363;155 767 238;B01;1;14;0;2;8;1;1
536545363;155 767 240;A01;1;33;0;2;8;17;1
536545363;155 767 242;C01;2;7;0;2;8;1;1
536545363;155 767 245;D01;2;7;0;2;8;1;3
536545364;155 767 236;A01;2;33;0;0;8;16;1
536545365;155 767 232;A01;3;15;0;2;2;12;1
536545365;155 767 235;B01;1;33;0;2;8;15;1
536545366;155 767 227;A01;3;7;13;2;1;13;1
536545366;155 767 231;B01;2;7;0;2;1;1;1
536545367;155 767 229;A01;2;14;0;2;2;16;1
536545367;155 767 233;B01;2;1;0;2;8;1;5
536545367;155 767 234;C01;2;1;0;2;8;1;5
536545368;155 767 226;B01;2;10;0;2;8;1;1
536545368;155 767 228;C01;1;7;13;0;0;0;1
536545368;155 767 230;A01;1;14;0;2;8;1;1
536545369;155 767 224;A01;1;7;2;0;1;5;0
536545370;155 767 221;A01;3;7;0;2;3;19;1
536545370;155 767 225;B01;3;33;0;2;1;1;1
536545371;155 767 219;B01;1;1;0;2;7;1;5
536545371;155 767 223;A01;1;7;0;9;1;16;1
536545372;155 767 218;A01;1;17;0;2;1;1;0
536545372;155 767 220;B01;1;7;0;2;4;1;1
536545372;155 767 222;C01;1;7;0;0;4;1;1
536545373;155 767 212;A01;2;7;13;0;1;1;1
536545374;155 767 213;A01;1;7;0;1;2;1;1
536545375;155 767 214;A01;3;7;0;2;1;1;1
536545375;155 767 216;B01;3;50;0;2;1;9;3
536545376;155 767 215;A01;2;7;0;2;1;16;1
536545376;155 767 217;B01;2;7;0;0;2;1;1
536545377;155 767 208;A01;1;7;0;0;1;13;1
536545378;155 767 209;A01;3;1;12;0;0;18;5
536545379;155 767 207;A01;1;80;0;2;1;15;3
536545379;155 767 210;B01;2;7;0;2;1;1;1
536545380;155 767 204;B01;1;7;0;2;7;1;1
536545380;155 767 206;C01;2;7;0;2;1;1;1
536545380;155 767 211;A01;1;7;0;2;1;19;1
536545381;155 767 205;A01;1;7;11;0;1;1;1
536545382;155 767 202;A01;1;99;0;2;1;10;0
536545382;155 767 203;B01;2;33;0;9;7;1;1
536545383;155 767 200;B01;2;80;0;2;1;1;3
536545383;155 767 201;A01;1;10;0;2;7;15;0
536545384;155 767 197;B01;2;21;0;2;4;1;1
536545384;155 767 198;A01;2;7;0;2;1;2;1
536545385;155 767 196;B01;1;1;0;2;4;1;5
536545385;155 767 199;A01;1;7;0;2;3;1;1
536545386;155 767 194;A01;1;10;0;2;1;6;1
536545386;155 767 195;B01;2;99;0;2;1;1;3
536545387;155 767 192;A01;2;33;0;5;1;1;1
536545388;155 767 190;B01;2;80;0;2;1;1;3
536545388;155 767 193;Z01;1;7;0;2;3;1;0
536545389;155 767 191;A01;2;7;2;0;1;1;1
536545390;155 767 186;B01;1;50;0;2;8;17;3
536545390;155 767 189;A01;1;7;0;9;1;17;0
536545391;155 767 185;A01;1;7;0;1;1;1;1
536545392;155 767 184;A01;1;7;0;2;2;1;2
536545392;155 767 188;B01;3;7;0;2;1;9;1
536545393;155 767 183;A01;1;7;0;2;1;1;1
536545393;155 767 187;B01;2;60;0;2;8;19;5
536545394;155 767 180;A01;1;7;0;1;2;1;1
536545395;155 767 182;A01;1;7;0;1;2;16;1
536545396;155 767 179;A01;3;7;0;2;1;15;1
536545396;155 767 181;B01;3;7;0;2;7;1;2
536545397;155 767 178;A01;1;7;6;0;1;15;1
536545398;155 767 173;A01;3;7;0;2;8;1;0
536545398;155 767 176;B01;3;33;0;2;3;1;0
536545399;155 767 170;A01;1;10;0;2;1;19;1
536545399;155 767 174;B01;2;7;0;0;6;1;0
536545400;155 767 168;B01;1;15;0;2;3;1;1
536545400;155 767 171;A01;2;7;0;2;2;15;1
536545401;155 767 169;A01;0;7;0;2;1;1;1
536545401;155 767 172;B01;0;7;0;2;7;2;2
536545402;155 767 167;A01;3;3;8;0;3;1;0
536545403;155 767 162;A01;1;32;0;2;2;17;1
536545403;155 767 164;B01;1;7;0;2;3;2;1
536545404;155 767 163;A01;3;7;0;2;3;1;1
536545404;155 767 166;B01;3;3;0;2;1;1;1
536545405;155 767 161;B01;3;7;0;2;8;15;1
536545405;155 767 165;A01;2;17;0;2;3;21;1
536545406;155 767 160;A01;1;7;0;1;1;1;1
536545407;155 767 156;A01;2;10;0;2;7;10;1
536545407;155 767 159;B01;1;33;0;2;1;2;1
536545408;155 767 157;A01;1;7;4;0;1;0;1
536545409;155 767 155;B01;1;7;0;2;1;1;1
536545409;155 767 158;A01;2;1;0;2;1;15;5
536545410;155 767 153;B01;3;50;1;2;1;1;3
536545410;155 767 154;A01;3;7;0;2;8;22;2
536545411;155 767 150;A01;1;17;0;0;6;2;1
536545411;155 767 151;B01;1;14;1;0;2;2;1
536545412;155 767 149;A01;1;7;0;2;2;9;1
536545412;155 767 152;B01;3;1;0;2;7;1;5
536545413;155 767 145;B01;1;32;0;2;1;3;1
536545413;155 767 147;A01;1;7;0;2;8;10;1
536545414;155 767 146;A01;2;2;0;2;1;1;1
536545414;155 767 148;B01;1;7;0;2;3;19;1
536545415;155 767 143;B01;1;7;0;2;2;0;1
536545415;155 767 144;A01;1;10;0;0;6;0;1
536545416;155 767 139;A01;1;14;4;0;3;0;1
536545417;155 767 138;B01;1;7;0;2;3;15;1
536545417;155 767 141;A01;1;31;0;2;9;17;1
536545418;155 767 136;B01;1;7;0;2;3;1;1
536545418;155 767 137;A01;1;7;0;2;8;13;1
536545419;155 767 135;B01;1;7;0;2;8;1;1
536545419;155 767 140;C01;1;7;0;2;6;23;1
536545419;155 767 142;A01;2;7;7;2;1;1;1
536545420;155 767 133;A01;1;7;0;0;4;0;1
536545420;155 767 134;B01;1;33;0;2;0;0;1
536545421;155 767 131;A01;2;7;0;1;7;0;1
536545422;155 767 130;A01;1;7;0;9;7;15;1
536545422;155 767 132;B01;2;1;0;2;1;1;5
536545423;155 767 129;A01;2;7;0;1;2;1;1
536545424;155 767 123;B01;2;39;0;4;1;1;3
536545424;155 767 127;A01;0;3;0;4;8;21;1
536545425;155 767 124;Z01;1;0;0;1;8;7;0
536545426;155 767 122;A01;1;7;0;2;3;1;1
536545426;155 767 126;C01;1;15;0;0;3;23;1
536545426;155 767 128;B01;1;15;0;0;8;24;1
536545427;155 767 121;B01;1;2;0;2;2;1;1
536545427;155 767 125;A01;1;7;0;2;3;9;1
536545428;155 767 120;A01;1;7;2;0;3;1;1
536545429;155 767 117;A01;2;7;8;0;3;13;1
536545430;155 767 115;B01;1;7;0;2;1;11;1
536545430;155 767 119;A01;1;7;0;2;1;15;1
536545431;155 767 112;B01;3;7;0;2;3;15;1
536545431;155 767 114;A01;2;2;0;2;2;1;1
536545432;155 767 111;A01;1;7;0;1;2;16;1
536545433;155 767 110;A01;2;7;0;1;1;1;1
536545434;155 767 109;B01;3;1;0;2;0;1;5
536545434;155 767 113;A01;2;31;0;2;1;19;1
536545435;155 767 108;A01;3;10;0;1;4;4;1
536545436;155 767 104;A01;3;7;13;0;1;1;1
536545437;155 767 107;A01;3;7;0;1;1;11;1
536545438;155 767 103;A01;1;7;0;2;2;1;1
536545438;155 767 106;B01;3;7;0;2;1;9;1
536545439;155 767 102;A01;2;7;0;2;1;2;1
536545439;155 767 105;B01;2;7;0;0;4;23;1
536545440;155 767 098;A01;3;33;6;2;1;1;1
536545440;155 767 101;B01;0;7;0;2;1;11;2
536545441;155 767 097;A01;3;7;0;2;1;13;1
536545441;155 767 100;B01;3;7;0;2;1;1;1
536545442;155 767 096;A01;2;7;0;2;1;2;1
536545442;155 767 099;B01;2;10;0;2;4;1;1
536545443;155 767 094;A01;2;10;13;0;2;1;1
536545444;155 767 093;A01;1;33;0;0;1;26;1
536545445;155 767 090;A01;1;2;0;0;4;2;1
536545445;155 767 092;B01;1;2;0;2;0;2;1
536545446;155 767 088;B01;3;50;0;2;1;1;3
536545446;155 767 091;A01;3;7;0;2;8;15;1
536545447;155 767 089;A01;2;33;6;0;3;1;1
536545448;155 767 085;A01;2;7;0;2;4;23;1
536545448;155 767 087;B01;2;7;0;2;1;2;0
536545449;155 767 084;A01;1;1;0;1;1;19;5
536545450;155 767 082;B01;2;50;0;2;2;2;3
536545450;155 767 086;A01;1;7;0;9;6;9;1
536545451;155 767 080;A01;3;7;6;0;8;0;1
536545452;155 767 079;A01;1;7;0;1;2;1;1
536545453;155 767 076;B01;3;1;0;2;7;1;5
536545453;155 767 078;A01;3;7;0;2;3;1;1
536545454;155 767 073;B01;1;33;0;2;1;1;1
536545454;155 767 075;A01;2;7;0;2;2;15;2
536545455;155 767 074;B01;1;7;0;2;1;1;1
536545455;155 767 077;A01;2;1;0;2;1;15;5
536545456;155 767 072;A01;3;2;0;0;7;1;1
536545457;155 767 067;A01;2;7;0;2;3;19;1
536545457;155 767 070;B01;1;7;0;2;1;1;1
536545458;155 767 068;B01;1;1;0;2;1;1;5
536545458;155 767 071;A01;1;7;0;2;8;9;1
536545459;155 767 063;A01;2;7;0;2;4;1;1
536545459;155 767 065;C01;2;7;0;2;1;2;1
536545459;155 767 066;D01;2;7;0;2;1;1;2
536545459;155 767 069;B01;2;7;0;2;4;1;3
536545460;155 767 062;A01;3;1;0;1;1;2;5
536545461;155 767 061;A01;1;7;0;2;8;11;1
536545461;155 767 064;B01;1;7;0;2;2;14;0
536545462;155 767 059;A01;0;34;3;0;3;13;1
536545463;155 767 058;A01;3;7;0;2;1;15;1
536545463;155 767 060;B01;3;30;0;2;2;1;1
536545464;155 767 057;A01;2;7;0;5;1;2;1
536545465;155 767 055;A01;3;30;0;0;0;1;1
536545466;155 767 053;A01;2;7;7;0;1;6;1
536545467;155 767 049;A01;1;7;0;2;6;2;1
536545467;155 767 052;B01;1;7;0;2;3;2;1
536545467;155 767 054;Z01;1;7;0;2;2;11;0
536545468;155 767 047;B01;2;33;0;2;8;2;1
536545468;155 767 050;A01;2;7;0;2;4;1;2
536545469;155 767 048;B01;1;7;0;2;1;1;1
536545469;155 767 051;A01;2;7;0;2;1;1;1
536545470;155 767 044;A01;1;7;0;2;6;23;1
536545470;155 767 046;B01;1;33;0;2;1;12;1
536545471;155 767 043;A01;1;13;0;1;1;1;3
536545472;155 767 040;A01;2;33;0;2;1;1;1
536545472;155 767 041;B01;2;33;0;2;0;0;1
536545473;155 767 037;A01;2;10;0;2;1;1;1
536545473;155 767 039;B01;2;7;0;2;4;1;1
536545474;155 767 038;A01;3;10;0;1;4;25;1
536545475;155 767 034;A01;2;7;0;2;1;2;1
536545475;155 767 035;B01;2;17;0;2;4;2;0
536545476;155 767 030;A01;2;14;4;0;1;14;1
536545477;155 767 026;B01;2;33;0;2;1;3;1
536545477;155 767 027;A01;2;10;0;2;4;12;1
536545478;155 767 029;B01;0;7;0;2;0;0;1
536545478;155 767 032;A01;3;43;0;2;3;17;1
536545479;155 767 028;A01;1;7;0;2;1;2;1
536545479;155 767 031;B01;1;7;0;2;4;0;2
536545479;155 767 033;C01;1;7;0;2;1;21;1
536545479;155 767 036;D01;1;7;0;2;4;1;1
536545480;155 767 025;A01;2;34;0;0;0;15;1
536545481;155 767 022;B01;3;7;0;2;2;2;1
536545481;155 767 024;A01;3;7;0;2;6;23;2
536545482;155 767 021;A01;2;7;0;2;1;2;1
536545482;155 767 023;B01;2;17;0;2;4;2;1
536545483;155 767 019;A01;3;7;0;2;1;1;1
536545483;155 767 020;B01;3;1;0;2;7;19;5
536545484;155 767 018;A01;2;33;0;0;8;21;1
536545485;155 767 017;A01;1;2;0;0;8;1;1
536545486;155 767 015;A01;3;7;3;0;2;14;1
536545487;155 767 012;A01;3;7;0;2;2;12;1
536545487;155 767 013;B01;3;32;0;2;3;1;1
536545488;155 767 014;A01;1;7;0;2;2;9;1
536545488;155 767 016;B01;1;7;0;2;6;0;1
536545489;155 767 011;A01;1;33;4;0;7;1;1
536545490;155 767 009;A01;2;32;1;0;2;1;1
536545491;155 767 008;A01;1;7;0;2;3;16;1
536545491;155 767 010;B01;2;7;0;2;3;15;1
536545492;155 767 005;A01;2;7;0;1;1;1;1
536545493;155 767 006;B01;1;30;0;2;1;1;1
536545493;155 767 007;A01;1;7;0;2;5;24;1
536545494;155 767 003;A01;1;7;0;2;7;5;1
536545494;155 767 004;B01;2;7;0;2;1;26;1
536545495;155 767 001;A01;1;7;12;0;3;1;1
536545495;155 767 002;B01;2;17;12;0;0;1;1
536545496;155 766 999;A01;3;10;0;2;3;15;1
536545496;155 767 000;B01;3;34;0;2;1;2;1
536545497;155 766 997;A01;1;10;0;2;7;15;1
536545497;155 766 998;B01;2;34;12;2;1;1;1
536545498;155 766 994;B01;1;80;0;2;1;2;3
536545498;155 766 995;A01;2;14;0;2;6;4;0
536545499;155 766 996;A01;1;7;13;0;1;13;1
536545500;155 766 992;B01;2;50;0;2;8;1;3
536545500;155 766 993;A01;1;7;0;2;3;15;1
536545501;155 766 990;A01;1;33;0;2;1;1;1
536545501;155 766 991;B01;1;7;0;2;4;1;1
536545502;155 766 989;A01;1;7;6;0;1;15;1
536545503;155 766 988;A01;3;7;0;1;1;1;1
536545504;155 766 987;A01;3;10;0;1;5;4;1
536545506;155 766 984;A01;1;7;0;2;1;3;1
536545506;155 766 985;B01;1;7;0;2;4;1;1
536545507;155 766 979;A01;1;10;0;2;1;3;1
536545507;155 766 981;C01;1;7;0;2;1;1;1
536545507;155 766 982;B01;1;7;14;0;1;1;1
536545508;155 766 980;A01;0;7;0;2;3;2;1
536545508;155 766 983;B01;0;33;0;2;1;2;1
536545509;155 766 977;A01;0;7;9;0;2;14;1
536545510;155 766 976;A01;1;7;4;2;1;17;1
536545510;155 766 978;B01;1;7;0;2;4;1;1
536545511;155 766 975;A01;1;7;0;9;1;21;1
536545512;155 766 973;A01;2;10;0;2;1;1;1
536545512;155 766 974;B01;2;7;0;2;4;1;1
536545513;155 766 971;A01;1;7;0;2;3;15;1
536545513;155 766 972;B01;1;2;0;2;1;1;1
536545514;155 766 967;A01;3;7;0;9;1;15;1
536545514;155 766 970;B01;3;50;0;2;3;19;3
536545515;155 766 966;A01;1;7;0;2;3;15;1
536545515;155 766 968;B01;1;1;0;2;1;1;5
536545515;155 766 969;C01;1;1;0;2;1;2;5
536545516;155 766 964;A01;3;7;0;2;1;9;1
536545516;155 766 965;B01;0;1;0;2;7;1;5
536545517;155 766 963;A01;1;7;6;0;1;14;1
536545518;155 766 962;A01;2;7;4;0;3;13;1
536545519;155 766 961;A01;3;10;0;1;0;1;1
536545520;155 766 958;A01;1;30;0;2;1;1;1
536545520;155 766 960;B01;1;10;0;2;7;16;1
536545521;155 766 957;A01;3;7;0;2;5;15;1
536545521;155 766 959;B01;3;43;0;2;1;15;1
536545522;155 766 956;A01;1;33;0;1;1;1;1
536545523;155 766 954;A01;1;31;0;0;0;1;1
536545524;155 766 953;A01;0;7;0;2;2;1;1
536545524;155 766 955;B01;2;50;0;2;7;19;3
536545525;155 766 952;A01;3;1;0;0;0;1;5
536545526;155 766 950;A01;2;7;0;2;1;2;1
536545526;155 766 951;B01;2;7;0;2;4;1;2
536545527;155 766 949;A01;1;33;0;0;7;15;1
536545528;155 766 948;A01;1;33;0;0;7;13;1
536545529;155 766 944;A01;2;7;0;2;1;2;2
536545529;155 766 946;B01;2;7;0;2;4;2;2
536545530;155 766 942;A01;3;7;0;2;5;5;1
536545530;155 766 943;B01;3;7;0;2;3;1;3
536545530;155 766 945;C01;3;7;0;2;1;1;2
536545530;155 766 947;D01;3;7;0;2;1;1;1
536545531;155 766 940;A01;1;43;0;2;3;1;1
536545531;155 766 941;B01;1;7;0;2;5;1;3
536545532;155 766 938;A01;1;17;0;2;2;2;1
536545532;155 766 939;B01;1;1;8;2;3;2;5
536545533;155 766 935;A01;1;31;0;2;8;0;1
536545533;155 766 937;Z01;1;7;0;2;0;0;0
536545534;155 766 934;A01;2;7;0;2;1;2;1
536545534;155 766 936;B01;2;3;0;0;4;2;1
536545535;155 766 932;A01;2;33;0;0;8;1;1
536545536;155 766 931;A01;2;32;0;2;8;3;1
536545536;155 766 933;B01;2;7;0;2;2;12;3
536545537;155 766 929;A01;2;7;8;0;2;21;1
536545538;155 766 928;A01;3;32;0;2;7;17;1
536545538;155 766 930;B01;3;7;0;2;3;15;2
536545539;155 766 927;A01;1;7;0;1;3;1;1
536545540;155 766 925;A01;2;1;0;2;8;2;5
536545540;155 766 926;B01;2;10;0;2;5;2;1
536545541;155 766 924;A01;1;7;0;1;3;15;1
536545542;155 766 922;A01;1;1;0;9;1;1;5
536545542;155 766 923;B01;1;1;0;9;1;1;5
536545543;155 766 920;A01;3;7;0;2;2;19;1
536545543;155 766 921;B01;3;7;0;2;1;2;1
536545544;155 766 919;A01;1;7;1;1;1;1;1
536545545;155 766 915;B01;3;50;0;2;1;1;3
536545545;155 766 917;A01;3;10;0;2;3;15;1
536545546;155 766 916;A01;3;7;0;9;1;15;1
536545546;155 766 918;B01;0;1;0;0;0;0;5
536545547;155 766 913;A01;2;33;0;2;6;2;1
536545547;155 766 914;B01;2;7;0;2;6;2;1
536545548;155 766 912;A01;2;7;0;1;3;15;1
536545549;155 766 910;A01;1;7;0;2;1;1;1
536545549;155 766 911;B01;1;2;0;2;4;1;1
536545550;155 766 907;B01;2;7;0;2;4;2;2
536545550;155 766 909;Z01;2;7;0;2;1;2;1
536545551;155 766 905;B01;1;7;0;2;8;15;1
536545551;155 766 908;A01;3;10;0;2;1;1;1
536545552;155 766 904;A01;2;31;0;2;7;18;1
536545552;155 766 906;B01;2;33;0;0;8;2;1
536545553;155 766 901;A01;1;33;0;2;2;17;1
536545553;155 766 903;B01;1;10;0;2;6;21;1
536545554;155 766 899;A01;1;15;0;2;1;1;1
536545554;155 766 900;B01;3;7;0;2;1;1;1
536545554;155 766 902;C01;3;15;0;2;1;1;1
536545555;155 766 898;A01;0;1;9;1;1;1;5
536545557;155 766 896;A01;2;7;9;0;9;1;1
536545558;155 766 894;A01;3;7;0;2;7;1;1
536545558;155 766 895;B01;3;7;0;2;3;13;1
536545559;155 766 893;A01;1;37;0;1;1;1;1
536545560;155 766 892;A01;1;38;0;1;2;1;1
536545561;155 766 889;A01;1;7;0;2;1;17;1
536545561;155 766 891;B01;2;33;0;2;1;1;1
536545562;155 766 888;B01;2;7;0;2;2;15;1
536545562;155 766 890;A01;1;31;0;2;1;1;1
536545563;155 766 884;A01;2;43;0;1;8;19;1
536545564;155 766 883;A01;2;17;0;2;7;12;1
536545564;155 766 886;B01;2;7;0;2;8;1;1
536545565;155 766 881;A01;0;7;0;9;8;26;1
536545565;155 766 885;B01;0;50;0;2;2;26;3
536545566;155 766 880;B01;2;1;0;2;2;1;5
536545566;155 766 882;A01;2;7;0;9;3;20;2
536545567;155 766 877;A01;2;33;1;0;1;26;1
536545568;155 766 878;A01;1;30;0;2;1;0;1
536545568;155 766 879;B01;1;7;0;0;0;0;1
536545569;155 766 875;B01;1;7;0;2;3;1;2
536545569;155 766 876;A01;2;80;0;2;1;19;3
536545570;155 766 874;A01;1;7;0;1;1;19;1
536545571;155 766 873;A01;3;50;0;1;8;7;3
536545572;155 766 870;A01;1;7;0;2;5;15;1
536545572;155 766 871;B01;2;2;0;2;1;1;1
536545573;155 766 872;A01;1;3;0;1;2;1;3
536545574;155 766 868;A01;1;31;0;2;1;1;1
536545574;155 766 869;B01;1;31;0;2;4;23;1
536545575;155 766 866;A01;1;7;0;1;2;1;1
536545576;155 766 865;A01;1;7;0;2;5;24;2
536545576;155 766 867;B01;1;43;1;2;3;1;1
536545577;155 766 863;A01;1;7;0;1;1;16;1
536545578;155 766 862;A01;2;10;0;2;8;9;1
536545578;155 766 864;B01;2;2;0;2;1;1;1
536545579;155 766 859;A01;1;7;0;2;1;2;1
536545579;155 766 861;B01;1;50;0;0;0;0;3
536545580;155 766 857;A01;1;7;0;2;2;1;1
536545580;155 766 860;B01;2;50;0;2;1;1;3
536545581;155 766 856;A01;1;31;0;2;1;1;1
536545581;155 766 858;B01;2;7;0;2;5;15;2
536545582;155 766 853;A01;1;10;0;2;7;2;1
536545582;155 766 854;B01;3;50;0;2;1;0;3
536545583;155 766 851;A01;1;10;8;2;1;1;1
536545583;155 766 855;B01;3;7;8;2;8;19;1
536545584;155 766 850;A01;2;7;1;2;1;26;1
536545584;155 766 852;B01;2;1;12;2;4;1;5
536545585;155 766 849;A01;1;7;1;0;2;0;1
536545586;155 766 848;A01;1;7;6;0;2;1;3
536545587;155 766 845;A01;1;7;6;0;1;26;1
536545588;155 766 843;A01;3;10;0;2;1;15;0
536545588;155 766 844;B01;0;7;0;2;4;15;0
536545589;155 766 841;B01;1;50;0;2;3;2;3
536545589;155 766 842;A01;1;10;0;2;2;2;1
536545590;155 766 838;A01;1;1;0;2;7;1;5
536545590;155 766 840;B01;1;7;0;2;1;15;1
536545591;155 766 836;B01;2;7;0;2;4;2;1
536545591;155 766 837;A01;2;7;0;2;1;2;1
536545592;155 766 835;A01;3;7;0;2;2;1;2
536545592;155 766 839;B01;0;7;0;2;8;15;1
536545593;155 766 832;B01;1;7;0;2;1;1;1
536545593;155 766 834;A01;1;10;0;2;0;0;1
536545594;155 766 831;B01;0;33;0;2;1;1;1
536545594;155 766 833;A01;0;7;0;2;2;9;2
536545595;155 766 829;P01;0;99;0;2;3;0;0
536545595;155 766 830;A01;0;7;0;2;1;1;2
536545596;155 766 827;A01;0;50;0;0;0;25;3
536545597;155 766 826;A01;1;7;0;2;1;13;1
536545597;155 766 828;B01;2;7;0;2;3;0;0
536545598;155 766 820;B01;1;7;0;2;4;1;1
536545598;155 766 821;A01;1;7;14;0;1;1;1
536545599;155 766 818;A01;1;7;0;2;5;15;0
536545599;155 766 822;B01;1;7;0;2;1;1;2
536545599;155 766 825;C01;2;7;0;2;8;1;1
536545600;155 766 817;A01;1;50;0;2;1;5;3
536545600;155 766 819;B01;1;7;0;2;3;15;1
536545601;155 766 815;A01;2;33;0;9;8;17;1
536545601;155 766 816;B01;2;1;0;2;3;15;5
536545602;155 766 811;A01;2;7;0;2;1;9;1
536545602;155 766 814;B01;1;33;0;2;7;1;1
536545603;155 766 812;B01;2;30;0;2;4;2;1
536545603;155 766 813;A01;2;7;0;2;1;2;3
536545605;155 766 803;A01;1;7;0;2;1;2;1
536545605;155 766 806;B01;1;7;0;2;4;2;1
536545605;155 766 809;D01;1;7;0;2;4;2;1
536545605;155 766 810;C01;1;7;0;2;4;2;1
536545606;155 766 802;A01;1;7;0;2;1;13;1
536545606;155 766 804;D01;2;7;0;2;3;1;1
536545606;155 766 805;B01;2;7;0;2;6;1;2
536545606;155 766 808;C01;1;10;0;2;6;1;1
536545607;155 766 797;B01;3;1;0;2;1;1;5
536545607;155 766 799;A01;3;7;0;2;4;20;1
536545608;155 766 796;A01;2;7;0;0;1;1;1
536545609;155 766 792;B01;2;7;0;2;2;1;1
536545609;155 766 794;A01;2;7;12;2;2;13;1
536545610;155 766 793;B01;1;1;0;2;1;1;5
536545610;155 766 795;A01;1;7;0;9;2;15;1
536545611;155 766 791;A01;1;10;0;1;1;1;1
536545612;155 766 789;A01;1;2;0;2;3;1;1
536545612;155 766 790;B01;1;7;0;2;3;1;1
536545613;155 766 788;A01;1;7;0;1;2;26;1
536545614;155 766 786;A01;2;2;16;9;1;1;1
536545615;155 766 785;A01;1;10;0;9;5;14;1
536545615;155 766 787;B01;1;99;9;2;1;1;3
536545616;155 766 783;A01;1;7;4;0;3;13;1
536545617;155 766 782;B01;3;10;0;2;4;1;1
536545617;155 766 784;A01;3;7;0;2;1;1;1
536545618;155 766 781;A01;2;1;0;0;1;1;5
536545619;155 766 779;B01;1;7;0;2;1;1;1
536545619;155 766 780;A01;2;7;0;2;1;13;1
536545620;155 766 778;A01;3;7;13;0;1;1;1
536545621;155 766 775;A01;1;2;0;0;0;1;1
536545622;155 766 774;A01;1;7;0;2;4;2;1
536545622;155 766 776;B01;1;7;0;2;4;1;1
536545622;155 766 777;C01;1;7;0;2;0;0;1
536545623;155 766 773;A01;3;37;0;1;2;15;3
536545624;155 766 772;A01;3;99;0;0;0;0;1
536545625;155 766 771;A01;1;33;0;1;1;1;1