Num_Acc;id_vehicule;num_veh;senc;catv;obs;obsm;choc;manv;motor
536548050;155 762 453;A01;2;7;0;1;2;1;3
536548051;155 762 449;B01;2;7;0;2;4;1;1
536548051;155 762 451;A01;2;7;0;2;1;1;1
536548052;155 762 450;Y01;1;7;0;1;3;26;4
536548053;155 762 448;A01;1;7;8;0;1;5;1
536548054;155 762 443;A01;3;7;14;0;1;2;1
536548054;155 762 445;B01;2;7;14;2;4;2;1
536548054;155 762 447;C01;2;7;0;2;1;2;1
536548055;155 762 444;B01;1;7;0;5;4;2;1
536548055;155 762 446;A01;1;7;0;2;1;2;1
536548056;155 762 439;B01;1;7;0;2;4;0;1
536548056;155 762 442;A01;2;7;0;2;2;11;1
536548057;155 762 440;A01;1;7;0;2;2;15;1
536548057;155 762 441;B01;2;1;0;2;1;1;5
536548058;155 762 435;B01;3;50;0;2;0;0;3
536548058;155 762 438;A01;3;7;0;9;2;19;1
536548059;155 762 434;C01;1;7;1;0;6;24;1
536548059;155 762 436;A01;1;7;0;2;3;1;1
536548059;155 762 437;B01;1;10;1;0;6;15;1
536548060;155 762 431;A01;3;3;0;2;2;1;1
536548060;155 762 432;B01;3;7;0;2;3;1;1
536548061;155 762 430;B01;3;7;0;2;1;15;1
536548061;155 762 433;A01;3;7;0;2;7;1;1
536548062;155 762 429;A01;1;7;3;0;1;1;1
536548063;155 762 427;A01;3;7;6;0;1;0;3
536548064;155 762 426;A01;2;1;0;2;7;1;5
536548064;155 762 428;B01;1;7;0;2;1;1;0
536548065;155 762 421;A01;3;7;0;2;1;15;1
536548065;155 762 424;B01;3;7;0;2;3;1;1
536548066;155 762 418;B01;1;7;0;2;1;1;1
536548066;155 762 420;A01;2;7;0;2;1;13;1
536548067;155 762 417;B01;3;1;0;2;7;1;5
536548067;155 762 419;A01;3;7;0;2;1;9;3
536548068;155 762 416;A01;3;7;0;1;1;1;1
536548069;155 762 412;B01;2;1;0;2;1;1;5
536548069;155 762 413;A01;1;7;0;2;2;1;1
536548070;155 762 414;A01;3;7;0;2;1;9;1
536548070;155 762 415;B01;3;1;0;2;7;1;5
536548071;155 762 410;A01;1;34;0;2;0;17;1
536548071;155 762 411;B01;1;7;0;2;6;1;1
536548072;155 762 409;A01;3;3;0;1;2;1;3
536548073;155 762 408;Z01;2;7;0;1;0;19;0
536548074;155 762 405;A01;1;30;0;1;3;25;1
536548075;155 762 404;B01;1;7;0;2;8;23;1
536548075;155 762 406;C01;1;7;0;2;8;23;1
536548075;155 762 407;A01;2;7;0;1;2;16;1
536548076;155 762 402;A01;2;7;0;1;1;1;1
536548077;155 762 401;A01;0;7;0;2;8;15;1
536548077;155 762 403;B01;2;33;0;2;1;2;1
536548078;155 762 399;A01;2;7;0;2;1;15;1
536548078;155 762 400;B01;1;7;0;2;7;1;1
536548079;155 762 398;A01;0;32;0;0;7;14;1
536548080;155 762 397;A01;3;33;12;0;1;1;1
536548081;155 762 396;A01;2;7;13;0;9;1;1
536548082;155 762 393;A01;0;7;0;2;2;26;1
536548082;155 762 395;B01;3;7;0;2;3;26;1
536548083;155 762 392;A01;3;7;0;2;1;2;1
536548083;155 762 394;B01;3;7;0;2;4;2;2
536548084;155 762 390;A01;3;7;0;1;1;1;1
536548085;155 762 391;A01;1;7;1;0;2;17;1
536548086;155 762 387;B01;1;7;0;2;8;1;1
536548086;155 762 389;A01;1;7;0;2;8;1;1
536548087;155 762 388;Z01;1;10;0;1;1;0;0
536548088;155 762 386;A01;3;37;0;1;2;1;1
536548089;155 762 383;A01;1;7;0;2;1;2;1
536548089;155 762 385;B01;1;7;0;2;4;2;2
536548090;155 762 382;A01;1;7;0;2;5;15;1
536548090;155 762 384;B01;2;32;0;2;1;1;1
536548091;155 762 380;A01;3;7;0;1;1;0;1
536548092;155 762 379;A01;1;7;0;2;1;15;1
536548092;155 762 381;B01;2;7;0;2;1;1;1
536548093;155 762 378;A01;3;7;0;1;4;20;1
536548094;155 762 376;A01;1;30;0;2;1;13;1
536548094;155 762 377;B01;1;7;1;2;6;0;1
536548095;155 762 374;A01;1;10;0;2;2;11;1
536548095;155 762 375;B01;2;7;0;2;3;1;1
536548096;155 762 373;A01;0;7;0;1;2;1;1
536548097;155 762 371;A01;1;10;0;9;1;15;1
536548097;155 762 372;B01;2;1;0;2;1;1;5
536548098;155 762 368;A01;3;7;0;2;8;15;1
536548098;155 762 370;B01;3;10;0;2;2;1;1
536548099;155 762 367;B01;1;33;0;2;1;2;1
536548099;155 762 369;A01;1;7;0;2;3;11;1
536548100;155 762 365;A01;1;10;0;0;7;1;3
536548100;155 762 366;B01;0;7;0;2;5;24;1
536548101;155 762 363;A01;3;10;0;2;3;15;1
536548101;155 762 364;B01;3;33;0;2;1;1;1
536548102;155 762 362;A01;1;7;0;1;1;1;3
536548103;155 762 361;A01;2;7;0;1;4;4;1
536548104;155 762 359;A01;2;32;0;2;2;17;1
536548104;155 762 360;B01;2;7;0;2;6;1;1
536548105;155 762 357;A01;1;7;0;2;5;14;1
536548105;155 762 358;B01;1;33;0;2;1;3;1
536548106;155 762 355;A01;1;1;0;2;7;1;5
536548106;155 762 356;Z01;1;7;0;2;1;1;3
536548107;155 762 353;B01;2;33;0;2;5;1;1
536548107;155 762 354;A01;2;10;0;2;3;11;1
536548108;155 762 350;A01;1;7;0;2;1;1;1
536548108;155 762 352;B01;1;10;0;2;7;1;1
536548109;155 762 349;A01;1;7;0;2;6;11;1
536548109;155 762 351;B01;1;33;0;2;2;1;1
536548110;155 762 348;A01;1;1;0;1;1;1;5
536548111;155 762 347;A01;2;50;1;0;1;26;3
536548112;155 762 343;A01;2;7;0;2;3;15;2
536548112;155 762 345;B01;3;33;0;2;2;2;1
536548113;155 762 344;A01;2;7;0;2;8;24;1
536548113;155 762 346;B01;2;1;1;0;1;1;5
536548114;155 762 342;A01;1;37;0;1;8;1;3
536548115;155 762 340;A01;1;7;0;2;4;12;1
536548115;155 762 341;B01;1;7;0;2;1;7;0
536548116;155 762 338;Z01;3;13;0;0;8;26;0
536548116;155 762 339;A01;1;32;0;2;7;1;1
536548117;155 762 334;B01;2;30;14;2;1;1;3
536548117;155 762 336;A01;1;7;15;2;1;13;2
536548118;155 762 333;B01;3;7;0;2;3;15;1
536548118;155 762 335;A01;3;7;8;0;1;17;2
536548119;155 762 330;A01;1;7;0;2;2;10;0
536548119;155 762 332;B01;2;50;0;2;3;1;3
536548120;155 762 329;A01;1;1;0;2;2;17;5
536548120;155 762 331;B01;1;80;0;2;6;15;3
536548121;155 762 326;B01;3;50;0;2;8;1;3
536548121;155 762 328;A01;3;7;0;2;1;9;1
536548122;155 762 325;A01;2;7;1;2;1;1;1
536548122;155 762 327;B01;1;7;0;2;2;1;3
536548123;155 762 323;A01;1;33;0;2;7;1;1
536548123;155 762 324;Z01;3;10;0;2;6;13;0
536548124;155 762 322;A01;3;7;12;0;0;14;0
536548125;155 762 318;A01;3;7;0;2;1;2;1
536548125;155 762 320;C01;3;10;0;0;4;0;1
536548125;155 762 321;B01;3;7;0;2;4;1;2
536548126;155 762 317;A01;1;7;0;2;3;15;1
536548126;155 762 319;B01;1;33;0;2;2;17;1
536548127;155 762 313;A01;1;7;0;2;8;22;1
536548127;155 762 315;B01;1;43;0;2;1;1;1
536548128;155 762 314;A01;3;33;0;2;4;1;1
536548128;155 762 316;B01;3;7;0;2;1;1;1
536548129;155 762 310;A01;2;60;1;0;7;1;5
536548129;155 762 312;B01;3;10;0;0;8;24;1
536548130;155 762 309;B01;2;7;1;2;2;1;1
536548130;155 762 311;A01;1;7;12;0;5;19;1
536548131;155 762 306;B01;3;10;0;2;1;2;0
536548131;155 762 307;A01;3;7;0;2;4;1;1
536548132;155 762 305;A01;2;33;0;2;5;1;1
536548132;155 762 308;Z01;2;10;0;2;5;11;0
536548133;155 762 304;A01;0;50;9;0;1;0;3
536548134;155 762 302;A01;1;31;0;2;2;15;1
536548134;155 762 303;B01;2;1;0;2;8;1;5
536548135;155 762 299;A01;1;7;0;2;1;1;1
536548135;155 762 301;B01;1;7;0;2;4;1;1
536548136;155 762 300;A01;1;7;0;1;4;20;2
536548137;155 762 297;A01;1;7;2;0;1;1;1
536548138;155 762 296;B01;1;33;0;2;8;1;1
536548138;155 762 298;A01;1;7;0;2;3;1;1
536548139;155 762 295;A01;1;7;6;0;1;13;0
536548140;155 762 294;Y01;1;1;0;2;5;21;5
536548141;155 762 292;A01;1;7;0;2;3;24;1
536548141;155 762 293;B01;1;1;1;0;0;0;5
536548142;155 762 290;B01;1;7;0;0;1;1;1
536548142;155 762 291;A01;1;7;8;0;4;2;1
536548143;155 762 289;A01;1;10;2;0;1;1;1
536548144;155 762 288;A01;3;33;0;0;9;1;1
536548145;155 762 286;B01;3;7;0;2;8;15;0
536548145;155 762 287;A01;3;2;0;2;1;26;1
536548146;155 762 284;A01;1;7;0;2;8;9;1
536548146;155 762 285;B01;1;7;0;2;1;1;1
536548147;155 762 282;C01;0;50;0;2;0;19;3
536548147;155 762 283;A01;3;7;0;2;1;2;2
536548148;155 762 281;A01;1;7;2;0;3;1;1
536548149;155 762 280;A01;3;37;0;1;2;1;1
536548150;155 762 278;B01;1;2;0;2;1;1;1
536548150;155 762 279;A01;2;7;0;2;3;15;1
536548151;155 762 276;B01;2;7;0;2;4;1;1
536548151;155 762 277;A01;2;33;0;2;1;1;1
536548152;155 762 275;A01;0;7;2;0;1;1;1
536548153;155 762 274;A01;0;7;0;1;1;1;2
536548154;155 762 272;B01;2;50;0;2;7;25;3
536548154;155 762 273;A01;2;7;0;9;1;16;1
536548155;155 762 269;B01;1;1;0;2;4;1;5
536548155;155 762 271;A01;1;7;0;2;8;19;2
536548156;155 762 268;B01;1;7;13;2;2;2;1
536548156;155 762 270;A01;2;7;8;2;1;9;1
536548157;155 762 267;A01;1;60;0;0;2;25;5
536548158;155 762 265;A01;2;7;0;2;3;15;1
536548158;155 762 266;B01;2;33;0;2;1;11;1
536548159;155 762 263;B01;0;1;0;2;2;0;5
536548159;155 762 264;A01;1;7;0;2;2;2;1
536548160;155 762 261;A01;3;33;0;2;7;21;1
536548161;155 762 260;A01;2;2;0;2;1;1;1
536548161;155 762 262;B01;2;7;0;2;3;15;1
536548162;155 762 258;A01;3;7;0;1;1;2;1
536548163;155 762 257;B01;3;2;1;2;1;1;3
536548163;155 762 259;A01;3;7;0;9;2;20;2
536548164;155 762 254;A01;2;2;0;2;1;13;1
536548164;155 762 256;B01;1;7;0;0;1;1;1
536548165;155 762 253;B01;3;50;0;2;8;1;3
536548165;155 762 255;A01;3;7;0;9;7;1;1
536548166;155 762 250;A01;1;7;0;2;1;1;1
536548166;155 762 252;B01;1;7;0;2;8;9;0
536548167;155 762 249;A01;1;7;0;2;3;9;1
536548167;155 762 251;B01;2;7;0;2;2;1;4
536548168;155 762 247;A01;1;33;0;0;9;1;1
536548169;155 762 246;B01;3;7;0;2;3;0;1
536548169;155 762 248;A01;3;7;0;2;3;0;1
536548170;155 762 245;A01;2;21;0;1;1;1;0
536548171;155 762 244;A01;3;7;2;0;9;2;4
536548172;155 762 242;A01;3;7;0;0;9;14;1
536548173;155 762 241;A01;2;33;0;2;2;2;3
536548173;155 762 243;B01;2;7;0;2;8;15;1
536548174;155 762 238;A01;1;10;0;2;3;15;1
536548174;155 762 240;B01;1;7;0;2;2;1;1
536548175;155 762 237;A01;2;7;0;2;1;19;1
536548175;155 762 239;B01;1;7;0;2;1;1;1
536548176;155 762 236;A01;1;7;6;0;8;1;1
536548177;155 762 232;A01;2;7;13;0;6;1;1
536548177;155 762 234;B01;2;7;0;0;9;23;1
536548177;155 762 235;C01;1;33;0;0;8;1;1
536548178;155 762 233;A01;1;10;1;0;3;1;1
536548179;155 762 226;A01;1;7;0;2;1;13;1
536548179;155 762 228;B01;1;7;0;0;8;1;1
536548179;155 762 229;C01;1;7;0;2;3;1;1
536548179;155 762 231;D01;1;7;0;9;1;1;1
536548180;155 762 224;A01;1;7;0;2;3;13;1
536548180;155 762 225;B01;2;7;0;2;3;1;1
536548180;155 762 227;C01;2;7;0;2;3;1;1
536548181;155 762 221;A01;3;31;0;1;1;1;0
536548181;155 762 223;B01;3;7;0;2;6;15;1
536548182;155 762 220;B01;2;17;0;0;4;2;1
536548182;155 762 222;A01;2;7;0;2;1;2;1
536548183;155 762 217;A01;3;50;0;2;3;25;3
536548183;155 762 219;B01;3;7;0;2;2;23;3
536548184;155 762 216;A01;1;7;0;2;1;2;1
536548184;155 762 218;B01;1;7;0;0;4;26;1
536548185;155 762 215;A01;1;7;13;0;7;14;1
536548186;155 762 213;A01;1;7;0;2;6;15;1
536548186;155 762 214;B01;2;7;0;2;1;1;1
536548187;155 762 211;A01;1;33;0;2;1;17;1
536548187;155 762 212;B01;1;30;0;2;4;9;1
536548188;155 762 209;A01;1;36;0;2;2;5;1
536548188;155 762 210;B01;1;2;0;2;1;1;1
536548189;155 762 207;A01;1;7;4;2;3;14;1
536548189;155 762 208;B01;1;7;0;2;3;1;1
536548190;155 762 206;A01;2;7;2;0;8;1;1
536548191;155 762 204;B01;1;7;0;2;1;1;1
536548191;155 762 205;A01;2;10;0;2;1;1;1
536548192;155 762 203;A01;1;7;2;0;1;14;1
536548193;155 762 200;A01;2;7;0;2;1;9;1
536548193;155 762 202;B01;1;1;0;2;2;15;5
536548194;155 762 199;B01;1;7;0;0;3;1;1
536548194;155 762 201;A01;2;7;0;0;1;1;1
536548195;155 762 195;B01;3;7;0;0;8;0;1
536548195;155 762 198;A01;1;7;0;2;1;0;1
536548196;155 762 194;C01;1;7;0;2;3;19;1
536548196;155 762 196;B01;2;7;0;2;1;1;1
536548196;155 762 197;A01;1;7;0;2;1;1;1
536548197;155 762 193;A01;2;7;3;0;1;1;1
536548198;155 762 191;A01;1;7;0;2;1;13;1
536548198;155 762 192;B01;2;7;0;2;1;1;1
536548199;155 762 189;A01;2;7;0;2;1;1;3
536548199;155 762 190;B01;1;7;0;2;3;1;1
536548200;155 762 187;A01;2;7;0;2;5;10;1
536548200;155 762 188;B01;2;10;0;2;1;1;1
536548201;155 762 182;A01;1;7;0;2;2;15;1
536548201;155 762 184;B01;1;30;0;2;1;1;1
536548202;155 762 181;D01;1;7;0;0;4;1;1
536548202;155 762 183;C01;1;7;0;2;4;1;1
536548202;155 762 185;A01;1;7;0;2;1;1;1
536548202;155 762 186;B01;1;7;0;2;4;1;2
536548203;155 762 179;A01;2;7;13;0;2;14;1
536548204;155 762 178;B01;2;7;0;2;1;1;1
536548204;155 762 180;A01;1;7;0;2;1;1;1
536548205;155 762 174;B01;2;7;0;2;1;1;1
536548205;155 762 177;A01;1;7;0;2;1;15;1
536548206;155 762 172;B01;1;7;0;2;1;0;1
536548206;155 762 173;A01;2;32;0;2;1;0;1
536548207;155 762 168;A01;1;7;0;2;3;9;1
536548207;155 762 170;B01;1;50;0;2;2;15;3
536548208;155 762 166;A01;1;33;0;0;0;1;1
536548209;155 762 163;A01;2;7;0;2;3;13;1
536548209;155 762 165;B01;1;15;0;0;7;1;1
536548210;155 762 162;A01;2;7;0;2;5;15;1
536548210;155 762 164;B01;1;2;0;2;1;1;1
536548211;155 762 160;A01;1;10;2;0;8;1;1
536548212;155 762 159;A01;1;7;0;2;8;1;1
536548212;155 762 161;B01;2;7;0;2;8;15;2
536548213;155 762 158;A01;2;7;13;0;2;14;1
536548214;155 762 157;A01;1;7;1;0;2;1;1
536548215;155 762 155;A01;2;7;1;0;1;1;1
536548215;155 762 156;B01;1;7;0;1;2;23;1
536548216;155 762 154;A01;3;2;0;0;1;1;1
536548217;155 762 153;A01;1;1;0;0;0;0;5
536548218;155 762 152;A01;1;1;0;0;0;1;5
536548219;155 762 149;B01;3;99;0;0;4;2;6
536548219;155 762 150;C01;3;99;0;0;4;2;6
536548219;155 762 151;A01;3;10;0;5;2;2;1
536548220;155 762 148;A01;3;7;6;0;1;1;1
536548221;155 762 147;A01;1;7;0;0;0;2;0
536548222;155 762 146;A01;2;7;17;0;8;1;1
536548223;155 762 144;B01;2;33;0;2;1;0;1
536548223;155 762 145;A01;2;7;13;2;1;26;1
536548224;155 762 143;A01;1;10;0;1;2;1;0
536548225;155 762 141;A01;2;7;0;2;1;2;1
536548225;155 762 142;B01;2;7;0;2;4;2;1
536548226;155 762 140;A01;3;7;0;0;0;2;1
536548227;155 762 138;A01;2;34;0;2;1;11;1
536548227;155 762 139;B01;2;7;0;2;6;0;1
536548228;155 762 136;A01;2;7;3;0;3;0;1
536548229;155 762 135;A01;1;7;0;2;3;19;1
536548229;155 762 137;B01;1;10;0;2;1;1;1
536548230;155 762 132;A01;2;33;0;2;3;2;1
536548230;155 762 134;B01;2;7;0;2;2;2;1
536548231;155 762 131;A01;1;7;0;2;1;9;1
536548231;155 762 133;B01;2;33;8;2;8;1;1
536548232;155 762 129;A01;2;7;0;2;7;0;1
536548232;155 762 130;B01;2;7;0;2;6;1;1
536548233;155 762 126;A01;1;13;0;2;1;13;1
536548233;155 762 127;B01;2;7;0;2;8;1;1
536548233;155 762 128;C01;2;10;0;2;8;1;1
536548234;155 762 124;A01;1;7;0;2;4;0;1
536548234;155 762 125;B01;1;7;0;2;1;1;2
536548235;155 762 122;A01;2;2;0;2;1;1;1
536548235;155 762 123;B01;2;7;0;2;8;15;1
536548236;155 762 121;A01;1;7;4;0;1;1;1
536548237;155 762 120;A01;1;7;13;0;0;1;1
536548238;155 762 119;A01;2;7;0;0;9;1;1
536548239;155 762 118;A01;1;7;13;0;9;14;1
536548240;155 762 116;A01;1;7;9;2;2;15;1
536548240;155 762 117;B01;2;7;7;0;3;1;1
536548241;155 762 112;A01;1;33;0;2;3;3;1
536548241;155 762 113;B01;1;15;0;2;6;1;1
536548242;155 762 110;B01;2;17;0;0;4;1;1
536548242;155 762 111;A01;2;7;0;2;1;2;1
536548243;155 762 108;A01;2;2;0;2;7;9;1
536548243;155 762 109;B01;2;7;0;2;1;1;1
536548244;155 762 107;A01;3;7;6;0;2;14;1
536548245;155 762 106;A01;2;7;2;0;9;1;1
536548246;155 762 104;A01;2;7;0;2;3;13;1
536548246;155 762 105;B01;1;7;0;2;1;1;1
536548247;155 762 102;B01;1;7;0;2;8;1;1
536548247;155 762 103;A01;1;7;0;2;2;26;1
536548248;155 762 100;A01;1;7;0;2;3;13;1
536548248;155 762 101;B01;2;7;0;2;3;1;3
536548249;155 762 098;A01;1;2;0;2;0;1;1
536548249;155 762 099;B01;1;0;0;2;0;17;0
536548250;155 762 097;A01;1;7;0;0;0;1;1
536548251;155 762 095;A01;1;10;0;2;7;19;1
536548251;155 762 096;B01;2;7;0;2;1;1;1
536548252;155 762 093;B01;3;7;6;2;2;1;1
536548252;155 762 094;A01;3;7;0;2;1;15;1
536548253;155 762 092;A01;3;7;0;1;1;1;1
536548254;155 762 087;A01;1;7;0;0;2;13;1
536548254;155 762 088;B01;2;7;0;0;2;1;1
536548255;155 762 085;A01;1;7;0;2;4;1;3
536548255;155 762 086;B01;1;7;0;2;1;1;1
536548256;155 762 083;B01;1;7;0;2;4;2;1
536548256;155 762 084;A01;1;14;0;2;1;2;1
536548257;155 762 081;B01;2;7;0;2;1;0;1
536548257;155 762 082;A01;2;7;0;2;1;1;1
536548258;155 762 079;A01;2;33;0;2;1;26;1
536548258;155 762 080;B01;2;7;0;2;5;12;1
536548259;155 762 077;A01;2;31;0;2;2;3;1
536548259;155 762 078;B01;2;7;0;2;6;1;3
536548260;155 762 075;A01;2;14;0;2;2;2;1
536548260;155 762 076;B01;2;7;0;2;3;2;2
536548261;155 762 073;A01;2;34;0;2;1;2;1
536548261;155 762 074;B01;2;10;0;2;4;23;1
536548262;155 762 072;A01;2;7;4;0;1;1;1
536548263;155 762 070;A01;1;7;0;2;7;12;1
536548263;155 762 071;B01;1;32;0;2;3;3;1
536548264;155 762 067;C01;1;7;0;2;4;2;1
536548264;155 762 068;A01;1;7;0;2;1;2;1
536548264;155 762 069;B01;1;7;0;2;4;2;1
536548265;155 762 065;A01;1;7;0;2;1;1;1
536548265;155 762 066;B01;1;10;0;2;4;1;1
536548266;155 762 062;A01;2;33;0;2;7;3;1
536548266;155 762 063;B01;2;7;0;2;7;1;1
536548266;155 762 064;Z01;2;0;0;2;8;11;0
536548267;155 762 060;B01;1;37;0;2;3;1;1
536548267;155 762 061;A01;2;7;0;2;1;19;1
536548268;155 762 058;B01;1;17;0;2;1;0;1
536548268;155 762 059;A01;1;2;0;2;1;15;1
536548269;155 762 056;A01;3;43;0;2;1;26;1
536548269;155 762 057;B01;3;50;0;2;4;19;3
536548270;155 762 054;A01;1;7;0;9;7;1;1
536548270;155 762 055;B01;1;1;0;2;1;1;5
536548271;155 762 052;B01;2;36;0;2;0;2;1
536548271;155 762 053;A01;2;7;0;2;3;26;2
536548272;155 762 051;A01;3;7;0;1;0;0;0
536548273;155 762 050;A01;2;7;13;9;2;1;1
536548274;155 762 048;A01;1;99;0;2;1;1;1
536548274;155 762 049;B01;0;7;0;2;4;23;1
536548275;155 762 046;B01;1;7;0;2;2;16;1
536548275;155 762 047;A01;1;50;0;2;1;1;3
536548276;155 762 045;A01;0;7;0;1;2;1;1
536548277;155 762 044;Z01;3;50;0;0;0;1;3
536548278;155 762 042;B01;3;37;0;2;8;1;2
536548278;155 762 043;A01;1;50;0;2;1;1;3
536548279;155 762 040;A01;1;10;0;9;2;15;1
536548279;155 762 041;B01;1;1;0;2;8;1;5
536548280;155 762 039;A01;2;30;0;0;0;0;1
536548281;155 762 036;A01;2;1;0;2;1;13;5
536548281;155 762 037;B01;2;1;0;2;0;13;5
536548281;155 762 038;C01;1;14;0;9;1;1;1
536548282;155 762 034;A01;1;7;0;2;3;13;1
536548282;155 762 035;B01;2;33;0;2;3;0;1
536548283;155 762 032;A01;1;99;2;2;7;17;1
536548283;155 762 033;B01;1;1;0;2;8;15;5
536548284;155 762 030;A01;0;7;0;2;1;1;1
536548284;155 762 031;B01;1;80;0;2;1;1;3
536548285;155 762 029;A01;1;33;13;0;1;1;1
536548286;155 762 027;B01;2;33;0;2;7;1;1
536548286;155 762 028;A01;1;7;0;2;2;9;1
536548287;155 762 026;A01;1;3;0;0;9;1;1
536548288;155 762 024;A01;1;10;0;9;3;17;1
536548288;155 762 025;B01;2;1;0;2;1;1;5
536548289;155 762 022;A01;1;7;0;2;1;15;1
536548289;155 762 023;B01;2;33;0;2;1;1;1
536548290;155 762 020;A01;1;7;0;2;1;17;1
536548290;155 762 021;B01;2;15;0;2;1;1;1
536548291;155 762 019;A01;3;7;6;0;2;1;1
536548292;155 762 017;B01;1;1;0;2;9;1;5
536548292;155 762 018;A01;2;7;0;9;2;15;1
536548293;155 762 016;A01;1;7;17;0;2;2;1
536548294;155 762 015;A01;2;50;0;0;0;0;3
536548295;155 762 013;A01;1;7;0;2;3;1;1
536548295;155 762 014;B01;2;7;0;2;3;1;1
536548296;155 762 012;A01;1;7;0;0;8;2;1
536548298;155 762 009;A01;1;42;0;0;0;0;1
536548299;155 762 007;B01;1;37;0;2;2;1;1
536548299;155 762 008;A01;1;7;0;2;1;1;1
536548300;155 762 006;A01;3;30;12;0;6;1;1
536548301;155 762 005;A01;1;7;0;1;1;15;1
536548302;155 762 004;A01;2;7;15;0;2;16;1
536548303;155 762 003;A01;1;30;0;0;7;1;1
536548304;155 762 000;C01;2;7;0;2;1;1;2
536548304;155 762 001;B01;1;7;0;2;2;9;1
536548304;155 762 002;A01;1;10;0;2;1;1;1
536548305;155 761 998;A01;1;30;1;0;1;1;1
536548305;155 761 999;B01;1;7;0;2;5;23;1
536548306;155 761 997;A01;1;7;0;0;9;1;1
536548307;155 761 995;B01;2;7;0;2;1;21;1
536548307;155 761 996;A01;1;10;0;2;1;26;1
536548308;155 761 992;B01;2;33;15;2;0;1;1
536548308;155 761 993;A01;2;33;0;2;0;1;0
536548308;155 761 994;C01;1;7;0;2;1;1;1
536548309;155 761 991;A01;2;2;0;0;0;1;1
536548310;155 761 989;A01;3;7;0;2;1;5;1
536548310;155 761 990;B01;3;7;0;2;1;1;1
536548311;155 761 988;A01;1;7;0;0;9;13;1
536548312;155 761 986;A01;1;7;0;2;5;12;1
536548312;155 761 987;B01;3;80;0;2;1;1;3
536548313;155 761 985;A01;2;2;9;0;1;14;1
536548314;155 761 983;A01;2;31;0;2;8;1;1
536548314;155 761 984;B01;1;7;0;2;8;1;1
536548315;155 761 981;B01;1;7;8;2;3;1;1
536548315;155 761 982;A01;2;7;0;2;6;1;1
536548316;155 761 980;A01;2;7;0;1;1;1;1
536548317;155 761 979;A01;2;7;7;0;0;1;1
536548318;155 761 977;B01;0;7;0;2;1;0;1
536548318;155 761 978;A01;3;7;0;2;1;0;1
536548319;155 761 976;A01;3;7;11;0;3;0;1
536548320;155 761 974;A01;2;2;0;2;1;5;1
536548320;155 761 975;B01;1;7;0;2;2;1;1
536548321;155 761 973;A01;2;17;0;0;2;2;1
536548322;155 761 971;A01;1;7;0;2;1;1;1
536548322;155 761 972;B01;2;10;0;2;1;1;1
536548323;155 761 969;A01;3;7;0;2;3;0;1
536548323;155 761 970;B01;3;31;0;2;1;1;1
536548324;155 761 967;B01;1;7;0;2;8;13;1
536548324;155 761 968;A01;1;33;0;2;7;17;1
536548325;155 761 965;B01;2;7;0;2;3;15;1
536548325;155 761 966;A01;1;2;0;2;1;1;1
536548326;155 761 963;B01;0;33;0;2;1;2;1
536548326;155 761 964;A01;3;7;0;2;7;2;1
536548327;155 761 961;A01;1;7;0;0;4;15;1
536548327;155 761 962;B01;1;15;0;2;1;2;1
536548328;155 761 960;A01;2;7;0;0;9;1;1
536548329;155 761 959;A01;1;7;4;0;1;0;1
536548330;155 761 957;A01;3;2;1;0;7;1;3
536548330;155 761 958;B01;3;2;0;2;8;23;1
536548331;155 761 955;A01;0;99;0;2;1;13;3
536548331;155 761 956;B01;0;99;0;2;1;1;3
536548332;155 761 953;A01;2;2;0;2;1;1;6
536548332;155 761 954;B01;1;7;0;2;2;15;1
536548333;155 761 951;A01;1;7;0;2;2;17;1
536548333;155 761 952;B01;1;7;1;2;8;15;1
536548334;155 761 949;A01;1;7;0;2;1;13;1
536548334;155 761 950;B01;2;7;10;2;1;1;1
536548335;155 761 948;A01;2;7;0;1;3;1;1
536548336;155 761 946;B01;2;1;0;2;3;21;5
536548336;155 761 947;A01;1;7;0;2;2;9;1
536548337;155 761 945;A01;1;15;2;0;1;1;1
536548338;155 761 944;A01;2;7;13;0;1;1;1
536548339;155 761 942;A01;0;7;0;9;1;2;1
536548339;155 761 943;B01;0;1;0;0;4;2;5
536548340;155 761 937;A01;2;7;0;2;4;2;1
536548340;155 761 938;B01;2;33;0;2;1;2;1
536548341;155 761 935;A01;1;7;3;9;2;2;1
536548341;155 761 936;B01;1;7;0;9;6;2;3
536548342;155 761 934;A01;2;7;4;0;8;1;1
536548343;155 761 932;B01;2;7;0;2;4;1;1
536548343;155 761 933;A01;2;7;0;2;1;12;1
536548344;155 761 931;A01;1;10;3;0;9;1;1
536548345;155 761 929;A01;1;10;0;2;1;1;1
536548345;155 761 930;B01;1;7;0;2;4;2;1
536548346;155 761 928;A01;2;7;4;0;1;1;1
536548347;155 761 927;A01;1;33;4;0;1;1;1
536548348;155 761 923;B01;2;7;0;2;4;2;1
536548348;155 761 924;C01;2;7;0;2;4;2;1
536548348;155 761 925;A01;2;7;0;2;4;23;1
536548348;155 761 926;D01;2;10;0;2;1;2;1
536548349;155 761 921;A01;2;10;3;2;1;1;1
536548349;155 761 922;B01;2;7;4;2;4;1;1
536548350;155 761 920;A01;1;7;2;0;1;0;1
536548351;155 761 919;A01;1;13;4;0;2;0;1
536548352;155 761 917;A01;2;10;0;2;3;10;1
536548352;155 761 918;B01;3;32;0;2;1;1;1
536548353;155 761 915;B01;1;7;0;2;1;15;1