Num_Acc;id_vehicule;num_veh;senc;catv;obs;obsm;choc;manv;motor
536548353;155 761 916;A01;1;2;0;2;1;26;1
536548354;155 761 913;A01;3;34;0;2;1;17;1
536548354;155 761 914;B01;3;7;0;2;3;15;1
536548355;155 761 911;A01;1;31;0;2;1;11;1
536548355;155 761 912;B01;1;7;0;2;4;1;1
536548356;155 761 909;B01;2;7;0;0;0;0;1
536548356;155 761 910;A01;2;7;0;2;0;0;2
536548357;155 761 908;A01;3;7;0;1;1;15;1
536548358;155 761 905;B01;1;7;1;2;3;1;1
536548358;155 761 906;A01;2;7;0;2;3;13;1
536548359;155 761 904;A01;1;7;0;2;1;5;1
536548359;155 761 907;B01;2;7;0;2;1;15;1
536548360;155 761 903;A01;1;30;0;0;1;0;1
536548361;155 761 901;A01;2;7;0;2;1;1;1
536548361;155 761 902;B01;2;7;0;2;4;1;1
536548362;155 761 900;A01;3;50;0;1;1;25;3
536548363;155 761 897;A01;3;1;0;0;0;0;5
536548364;155 761 898;B01;1;10;0;2;4;2;1
536548364;155 761 899;A01;1;7;0;2;1;2;1
536548365;155 761 895;B01;1;7;0;2;4;2;2
536548365;155 761 896;A01;1;3;0;2;1;2;1
536548366;155 761 893;A01;1;30;0;2;0;0;0
536548366;155 761 894;B01;2;30;0;2;0;0;0
536548367;155 761 890;A01;3;30;0;1;1;1;1
536548368;155 761 891;B01;3;3;0;0;0;0;3
536548368;155 761 892;A01;3;3;0;2;1;0;1
536548369;155 761 888;A01;2;7;0;2;3;1;1
536548369;155 761 889;B01;1;7;0;2;3;13;1
536548370;155 761 884;C01;1;7;0;2;4;2;1
536548370;155 761 886;A01;1;7;0;2;1;2;1
536548370;155 761 887;B01;1;7;0;2;4;2;1
536548371;155 761 883;B01;2;33;0;2;1;1;1
536548371;155 761 885;A01;1;7;0;2;1;15;1
536548372;155 761 880;A01;2;7;0;2;2;26;1
536548373;155 761 881;A01;0;80;0;2;1;0;0
536548373;155 761 882;B01;0;7;0;0;0;0;1
536548374;155 761 877;A01;3;2;0;2;1;9;1
536548374;155 761 879;B01;3;7;0;2;3;1;1
536548375;155 761 876;B01;1;7;0;2;2;16;1
536548375;155 761 878;A01;2;32;0;2;1;7;1
536548376;155 761 874;A01;2;33;0;2;1;13;1
536548376;155 761 875;B01;1;7;0;2;2;1;1
536548377;155 761 873;A01;1;30;12;0;1;1;1
536548378;155 761 872;A01;2;32;0;0;8;1;1
536548379;155 761 871;A01;1;7;0;1;1;1;1
536548380;155 761 869;B01;2;7;0;2;2;15;1
536548380;155 761 870;A01;1;33;0;2;1;1;1
536548381;155 761 868;A01;3;30;1;1;1;1;1
536548382;155 761 866;A01;1;7;0;2;1;2;1
536548382;155 761 867;B01;0;7;0;2;4;23;1
536548383;155 761 864;A01;1;7;0;2;1;13;1
536548383;155 761 865;B01;2;7;1;2;3;1;1
536548384;155 761 863;A01;1;7;2;0;2;13;0
536548385;155 761 861;A01;1;10;0;2;4;1;1
536548385;155 761 862;B01;1;31;0;2;1;1;1
536548386;155 761 859;B01;1;15;0;2;5;1;0
536548386;155 761 860;A01;1;33;0;2;5;14;1
536548387;155 761 855;B01;2;7;0;2;6;1;1
536548387;155 761 858;A01;2;31;0;2;1;1;1
536548388;155 761 852;A01;2;10;0;2;2;15;1
536548388;155 761 854;B01;1;33;0;2;1;1;1
536548389;155 761 851;B01;2;1;0;2;1;1;5
536548389;155 761 853;A01;2;3;0;2;2;1;1
536548390;155 761 849;A01;2;7;0;1;1;1;1
536548391;155 761 848;A01;2;7;0;2;1;1;1
536548391;155 761 850;B01;2;7;0;2;0;1;1
536548392;155 761 846;A01;3;7;0;2;1;26;1
536548392;155 761 847;B01;3;33;0;2;5;0;1
536548393;155 761 845;A01;3;1;0;0;0;26;5
536548394;155 761 842;B01;1;33;0;2;7;1;0
536548394;155 761 844;A01;2;7;0;2;1;15;1
536548395;155 761 841;B01;1;2;0;2;0;1;1
536548395;155 761 843;A01;1;7;0;2;6;19;1
536548396;155 761 839;B01;2;80;0;2;1;1;3
536548396;155 761 840;A01;1;7;1;2;3;13;1
536548397;155 761 837;B01;2;7;0;2;4;26;1
536548397;155 761 838;A01;2;13;0;2;1;26;1
536548398;155 761 835;A01;1;2;0;0;7;1;1
536548399;155 761 834;A01;1;7;0;2;3;13;1
536548399;155 761 836;B01;1;7;0;2;3;1;1
536548400;155 761 831;A01;1;7;8;0;2;26;1
536548401;155 761 829;A01;3;7;0;1;1;1;1
536548402;155 761 826;B01;2;10;0;2;2;0;1
536548402;155 761 828;A01;1;34;0;2;1;1;1
536548403;155 761 825;A01;1;7;0;2;3;15;1
536548403;155 761 827;B01;2;2;0;2;1;1;1
536548404;155 761 824;A01;2;7;0;1;2;26;1
536548405;155 761 822;A01;3;7;0;2;7;19;1
536548405;155 761 823;B01;3;34;0;2;1;1;1
536548406;155 761 821;A01;1;7;0;2;6;14;1
536548407;155 761 818;A01;2;7;0;2;1;19;2
536548407;155 761 820;B01;2;50;0;2;7;19;3
536548408;155 761 817;A01;2;10;0;2;4;2;1
536548408;155 761 819;B01;2;7;0;2;1;2;1
536548409;155 761 816;A01;2;7;0;1;0;1;1
536548410;155 761 814;A01;2;7;0;2;1;2;1
536548410;155 761 815;B01;2;7;0;2;4;23;1
536548411;155 761 812;A01;2;34;0;2;2;17;1
536548411;155 761 813;B01;2;7;0;2;8;15;1
536548412;155 761 808;B01;1;33;0;2;1;1;1
536548412;155 761 810;A01;2;7;0;2;2;15;1
536548413;155 761 807;B01;2;7;0;2;8;9;1
536548413;155 761 809;A01;1;32;0;2;1;17;1
536548413;155 761 811;C01;1;7;0;2;3;0;1
536548414;155 761 806;A01;0;7;0;1;1;1;0
536548415;155 761 804;A01;1;32;0;2;1;3;1
536548415;155 761 805;B01;1;31;0;2;4;3;1
536548416;155 761 802;A01;2;7;0;2;8;13;1
536548416;155 761 803;B01;1;7;0;2;8;1;1
536548417;155 761 800;B01;1;33;0;2;8;3;3
536548417;155 761 801;A01;1;10;0;2;7;12;1
536548418;155 761 798;B01;3;7;0;2;1;0;1
536548418;155 761 799;A01;3;7;0;2;1;5;1
536548419;155 761 796;A01;1;7;0;2;5;14;2
536548419;155 761 797;B01;1;33;0;2;3;3;1
536548420;155 761 794;B01;2;32;0;2;3;2;1
536548420;155 761 795;Z01;1;7;0;2;3;15;1
536548421;155 761 792;A01;1;33;0;2;8;3;1
536548421;155 761 793;B01;1;7;0;2;7;12;1
536548422;155 761 790;A01;1;7;8;2;1;13;1
536548422;155 761 791;B01;2;7;0;2;8;0;1
536548423;155 761 788;A01;3;33;0;0;8;26;1
536548424;155 761 789;A01;2;7;0;1;2;1;1
536548425;155 761 785;A01;3;7;0;2;2;1;1
536548425;155 761 787;B01;0;7;0;2;3;1;2
536548426;155 761 784;A01;3;7;0;2;2;16;1
536548426;155 761 786;B01;3;1;0;2;3;16;5
536548427;155 761 782;B01;0;33;0;2;7;1;1
536548427;155 761 783;A01;3;7;0;2;3;26;3
536548428;155 761 780;A01;1;7;8;0;1;1;1
536548429;155 761 779;A01;3;1;0;2;7;15;5
536548429;155 761 781;B01;3;7;0;2;3;1;1
536548430;155 761 778;A01;1;30;2;0;1;0;1
536548431;155 761 777;A01;2;7;0;1;1;1;1
536548432;155 761 776;A01;2;31;0;1;1;1;1
536548433;155 761 774;B01;1;7;0;2;8;1;3
536548433;155 761 775;A01;1;32;0;2;1;1;3
536548434;155 761 772;A01;1;50;0;2;1;5;3
536548434;155 761 773;B01;2;7;0;2;3;1;2
536548435;155 761 770;A01;2;1;0;2;1;1;5
536548435;155 761 771;Z01;1;10;0;2;4;20;1
536548436;155 761 769;A01;2;1;13;0;1;1;5
536548437;155 761 768;A01;2;1;1;0;1;1;5
536548438;155 761 766;A01;3;7;0;2;1;1;1
536548438;155 761 767;B01;3;80;0;2;4;2;3
536548439;155 761 765;A01;3;33;0;1;7;1;1
536548440;155 761 762;B01;3;80;0;2;4;1;3
536548440;155 761 763;A01;3;80;0;2;1;1;3
536548441;155 761 761;B01;2;7;0;2;7;1;2
536548441;155 761 764;A01;1;7;0;2;1;1;1
536548442;155 761 760;A01;3;1;0;1;1;1;5
536548443;155 761 758;B01;1;7;0;9;3;26;1
536548443;155 761 759;A01;2;50;0;2;1;26;3
536548444;155 761 757;Z01;3;32;0;1;1;1;0
536548445;155 761 756;A01;1;31;0;0;2;1;1
536548446;155 761 753;A01;3;7;0;2;3;1;3
536548446;155 761 755;B01;3;34;0;2;7;1;1
536548447;155 761 752;A01;3;2;0;2;1;26;3
536548447;155 761 754;B01;1;1;0;2;4;1;5
536548448;155 761 751;A01;1;2;8;0;1;21;1
536548449;155 761 750;A01;3;7;0;1;3;1;2
536548450;155 761 748;B01;3;80;0;2;1;1;3
536548450;155 761 749;A01;3;10;0;2;7;22;1
536548451;155 761 746;A01;1;80;0;2;1;1;3
536548451;155 761 747;B01;2;1;0;2;1;1;5
536548452;155 761 745;Z01;2;1;0;1;1;25;5
536548453;155 761 744;A01;2;2;0;0;0;1;3
536548454;155 761 742;B01;1;7;0;2;2;16;1
536548454;155 761 743;A01;0;33;0;2;0;0;0
536548455;155 761 740;B01;1;33;0;2;8;1;1
536548455;155 761 741;A01;2;7;0;2;8;13;2
536548456;155 761 737;B01;1;7;0;2;4;2;1
536548456;155 761 739;A01;1;7;0;2;1;2;1
536548457;155 761 736;B01;3;7;0;2;7;2;0
536548457;155 761 738;A01;3;10;0;2;1;2;0
536548458;155 761 734;A01;1;10;12;0;1;1;1
536548459;155 761 733;A01;1;10;0;2;1;1;0
536548459;155 761 735;B01;2;7;9;2;9;0;0
536548460;155 761 730;A01;1;7;0;2;7;1;1
536548460;155 761 732;B01;1;7;0;2;0;11;2
536548461;155 761 729;A01;3;50;0;9;1;13;3
536548461;155 761 731;B01;3;1;0;9;1;1;5
536548462;155 761 727;B01;3;7;0;2;2;1;0
536548462;155 761 728;A01;3;7;0;2;6;11;1
536548463;155 761 725;B01;1;10;0;2;1;1;1
536548463;155 761 726;A01;1;10;0;2;7;15;1
536548464;155 761 723;A01;3;10;0;2;2;16;1
536548464;155 761 724;B01;3;32;0;2;3;1;0
536548465;155 761 722;A01;2;34;0;1;2;26;0
536548466;155 761 720;A01;1;7;0;2;0;0;1
536548466;155 761 721;B01;1;33;0;2;5;2;1
536548467;155 761 718;A01;1;7;0;2;4;20;1
536548467;155 761 719;B01;2;1;0;2;1;1;5
536548468;155 761 716;A01;1;7;0;2;2;16;2
536548468;155 761 717;B01;1;50;0;2;0;0;3
536548469;155 761 715;A01;3;34;0;1;1;1;0
536548470;155 761 713;B01;3;14;0;0;0;0;1
536548470;155 761 714;A01;3;7;0;0;0;2;2
536548471;155 761 711;B01;3;50;0;2;7;5;3
536548471;155 761 712;A01;3;7;0;9;3;1;1
536548472;155 761 710;A01;2;7;6;0;3;13;1
536548473;155 761 708;A01;2;7;1;0;2;1;1
536548474;155 761 707;A01;2;7;0;2;1;1;1
536548474;155 761 709;B01;2;33;0;2;4;1;1
536548475;155 761 706;A01;1;31;0;0;8;1;1
536548476;155 761 704;A01;1;31;0;0;0;1;1
536548477;155 761 705;A01;1;15;0;1;7;1;1
536548478;155 761 700;A01;2;7;0;2;1;1;1
536548478;155 761 703;B01;2;3;0;2;3;19;1
536548479;155 761 701;A01;1;7;0;2;3;2;1
536548479;155 761 702;B01;3;7;0;2;2;15;1
536548480;155 761 696;A01;3;7;0;2;1;15;1
536548480;155 761 698;B01;3;33;0;2;1;0;1
536548481;155 761 697;A01;1;7;0;2;1;1;1
536548481;155 761 699;B01;1;7;0;2;1;1;2
536548482;155 761 694;A01;1;33;6;2;3;17;0
536548482;155 761 695;B01;2;21;0;2;3;15;1
536548483;155 761 693;A01;1;7;0;1;1;16;1
536548484;155 761 692;A01;1;7;4;0;8;2;1
536548485;155 761 689;A01;1;7;0;2;1;26;1
536548485;155 761 690;B01;1;7;0;2;9;2;1
536548485;155 761 691;C01;1;10;0;2;4;2;3
536548486;155 761 687;A01;1;7;0;2;2;13;1
536548486;155 761 688;B01;2;7;13;2;1;1;1
536548487;155 761 685;B01;3;33;0;2;1;1;1
536548487;155 761 686;A01;3;7;0;2;3;9;1
536548488;155 761 684;A01;1;7;2;0;2;1;1
536548489;155 761 682;A01;2;34;0;1;1;1;1
536548490;155 761 681;A01;1;7;0;2;3;9;1
536548490;155 761 683;B01;2;2;0;2;1;1;1
536548491;155 761 678;A01;3;43;0;2;3;9;1
536548491;155 761 680;B01;1;50;0;2;1;1;3
536548492;155 761 676;B01;2;2;0;2;1;13;1
536548492;155 761 677;C01;2;2;0;2;1;13;1
536548492;155 761 679;A01;1;7;0;2;3;1;1
536548493;155 761 674;A01;1;7;0;2;8;11;1
536548493;155 761 675;B01;1;33;0;2;7;3;1
536548494;155 761 673;A01;1;7;6;0;1;15;1
536548495;155 761 672;A01;0;2;6;0;1;1;1
536548496;155 761 671;A01;1;7;0;0;1;13;1
536548497;155 761 668;B01;1;7;0;2;1;1;1
536548497;155 761 670;A01;2;2;0;2;1;15;1
536548498;155 761 666;A01;2;10;0;2;2;2;1
536548498;155 761 667;B01;2;1;0;2;4;1;5
536548498;155 761 669;C01;2;1;0;2;4;1;5
536548499;155 761 664;A01;1;7;0;2;2;1;1
536548499;155 761 665;B01;2;31;0;2;1;15;1
536548500;155 761 662;B01;2;33;0;2;8;1;1
536548500;155 761 663;A01;1;7;0;2;8;13;0
536548501;155 761 661;A01;1;2;12;0;1;1;1
536548502;155 761 657;B01;1;2;0;2;8;15;1
536548502;155 761 659;A01;1;7;0;2;2;17;1
536548503;155 761 656;A01;1;7;0;2;3;13;1
536548503;155 761 658;B01;2;7;0;2;3;1;1
536548503;155 761 660;C01;2;7;0;2;8;1;1
536548504;155 761 655;A01;1;2;3;0;8;13;1
536548505;155 761 653;B01;1;21;0;2;1;1;0
536548505;155 761 654;A01;2;7;0;2;1;13;2
536548506;155 761 652;A01;1;7;13;0;3;0;1
536548507;155 761 651;A01;2;31;12;0;7;1;1
536548508;155 761 650;A01;1;36;0;0;0;1;1
536548509;155 761 649;A01;2;2;3;0;1;0;1
536548510;155 761 648;A01;1;7;0;1;0;1;1
536548511;155 761 647;A01;1;7;4;0;1;17;1
536548512;155 761 646;A01;1;1;12;0;0;0;5
536548513;155 761 645;A01;1;7;0;1;3;21;1
536548514;155 761 644;A01;2;1;5;0;2;1;5
536548515;155 761 640;A01;3;1;0;2;7;1;5
536548515;155 761 642;B01;3;1;0;2;8;1;5
536548515;155 761 643;C01;3;1;0;2;1;1;5
536548516;155 761 641;A01;1;7;2;0;3;13;1
536548517;155 761 639;A01;2;7;15;0;1;1;1
536548518;155 761 637;A01;2;7;3;2;3;1;1
536548518;155 761 638;B01;1;21;0;2;6;1;1
536548519;155 761 636;A01;2;37;0;1;1;15;3
536548520;155 761 635;A01;1;7;1;0;2;1;1
536548521;155 761 632;A01;1;7;0;1;1;16;1
536548522;155 761 631;A01;2;33;8;0;1;1;1
536548523;155 761 628;A01;1;7;13;0;9;14;1
536548523;155 761 630;B01;1;7;0;2;2;21;1
536548524;155 761 627;A01;1;7;13;2;1;1;1
536548524;155 761 629;B01;2;7;13;2;1;1;1
536548525;155 761 626;A01;1;7;13;0;9;0;1
536548526;155 761 625;A01;1;7;15;9;1;1;1
536548527;155 761 622;A01;1;10;0;2;3;13;1
536548527;155 761 624;B01;2;7;0;2;3;1;1
536548528;155 761 621;A01;1;7;0;2;3;13;1
536548528;155 761 623;B01;2;7;0;2;6;21;1
536548529;155 761 618;B01;2;7;0;2;7;1;1
536548529;155 761 620;A01;0;32;0;2;1;1;1
536548530;155 761 617;A01;1;10;0;2;2;1;1
536548530;155 761 619;B01;1;3;0;2;3;19;1
536548531;155 761 615;A01;1;7;0;2;1;1;1
536548531;155 761 616;B01;2;7;0;2;1;1;1
536548532;155 761 613;A01;1;2;0;2;1;26;1
536548532;155 761 614;B01;1;7;0;2;3;1;1
536548533;155 761 609;B01;1;10;0;9;3;1;1
536548533;155 761 610;C01;1;7;6;9;1;1;1
536548533;155 761 611;A01;1;1;0;2;4;2;5
536548533;155 761 612;D01;1;10;0;2;7;2;0
536548534;155 761 605;A01;1;7;0;2;2;17;1
536548534;155 761 606;B01;1;7;2;0;7;1;1
536548535;155 761 603;B01;1;7;4;0;4;1;1
536548535;155 761 604;A01;1;7;0;2;1;1;1
536548536;155 761 602;A01;2;7;13;0;9;2;1
536548537;155 761 600;B01;1;7;0;0;3;15;1
536548537;155 761 601;A01;1;7;0;0;2;17;1
536548538;155 761 599;A01;3;33;12;1;3;26;1
536548539;155 761 598;A01;3;36;13;0;2;15;1
536548540;155 761 596;A01;2;7;13;0;1;1;1
536548541;155 761 597;A01;2;33;0;0;9;9;1
536548542;155 761 593;A01;3;34;0;2;1;2;1
536548542;155 761 595;B01;3;7;0;2;8;10;2
536548543;155 761 592;B01;1;7;0;2;3;1;1
536548543;155 761 594;A01;2;33;0;2;1;13;1
536548544;155 761 589;A01;1;14;0;2;2;1;1
536548544;155 761 591;B01;1;1;0;2;0;1;5
536548545;155 761 588;B01;1;10;0;9;5;15;1
536548545;155 761 590;A01;2;33;0;2;0;1;1
536548546;155 761 586;A01;1;33;0;2;1;1;1
536548546;155 761 587;B01;1;7;0;2;5;1;1
536548547;155 761 585;A01;0;7;2;0;1;26;1
536548548;155 761 584;A01;2;2;16;0;8;13;1
536548549;155 761 583;A01;1;7;0;0;0;6;1
536548550;155 761 582;A01;1;33;0;5;1;1;1
536548551;155 761 580;A01;1;7;0;2;1;17;1
536548551;155 761 581;B01;2;7;0;2;1;1;1
536548552;155 761 578;A01;1;7;0;2;1;13;1
536548552;155 761 579;B01;2;7;0;2;1;1;1
536548553;155 761 575;A01;2;7;0;2;8;9;6
536548553;155 761 576;B01;2;33;14;2;1;1;0
536548554;155 761 574;A01;2;17;0;0;0;0;0
536548555;155 761 571;A01;1;7;0;0;2;15;1
536548555;155 761 573;B01;2;10;0;2;3;1;1
536548556;155 761 570;A01;2;7;0;2;2;15;1
536548556;155 761 572;B01;2;33;0;2;1;1;1
536548558;155 761 567;A01;2;7;0;2;1;0;1
536548558;155 761 568;B01;1;7;0;2;3;0;1
536548559;155 761 565;A01;1;7;0;0;8;19;1
536548559;155 761 566;B01;1;10;0;2;1;1;1
536548560;155 761 561;C01;2;7;0;0;4;1;2
536548560;155 761 563;B01;2;10;0;2;4;1;1
536548560;155 761 564;A01;2;10;0;2;1;1;1
536548561;155 761 560;B01;1;33;15;0;1;1;1
536548561;155 761 562;A01;2;7;0;0;0;19;1
536548562;155 761 559;A01;3;7;14;0;1;2;1
536548563;155 761 558;A01;2;36;8;0;9;1;1
536548564;155 761 557;A01;1;7;0;9;1;1;1
536548565;155 761 556;A01;1;7;16;0;1;0;1
536548566;155 761 553;A01;1;7;0;2;1;2;1
536548566;155 761 555;B01;1;7;0;2;4;2;1
536548567;155 761 552;A01;2;10;0;2;1;17;1
536548567;155 761 554;B01;2;7;0;2;8;15;1
536548568;155 761 551;A01;1;33;16;0;1;16;1
536548569;155 761 548;A01;1;7;4;2;1;14;1
536548569;155 761 550;B01;1;7;4;2;6;1;1
536548570;155 761 547;B01;1;33;0;2;1;1;1
536548570;155 761 549;A01;2;7;0;0;3;19;2
536548571;155 761 544;B01;2;7;0;2;6;13;1
536548571;155 761 546;A01;2;33;0;2;3;17;1
536548572;155 761 543;A01;2;7;0;2;2;19;1
536548572;155 761 545;B01;2;33;0;2;1;1;1
536548573;155 761 541;A01;1;7;4;2;1;9;3
536548573;155 761 542;B01;1;7;1;0;3;1;1
536548574;155 761 538;A01;1;7;3;0;1;1;1
536548575;155 761 536;A01;1;7;0;2;1;1;1
536548575;155 761 537;B01;2;7;0;2;1;15;1
536548576;155 761 532;A01;2;10;2;0;1;0;1
536548577;155 761 533;A01;2;33;0;2;2;3;1
536548577;155 761 534;B01;2;7;0;2;3;11;1
536548577;155 761 535;C01;2;7;0;2;5;1;1
536548578;155 761 530;A01;2;7;4;0;1;1;1
536548579;155 761 529;A01;1;21;0;2;3;13;1
536548579;155 761 531;B01;2;7;0;2;3;1;1
536548580;155 761 524;A01;1;30;0;2;1;17;1
536548580;155 761 526;B01;2;7;0;2;3;1;1
536548580;155 761 527;C01;1;10;0;0;6;2;1
536548581;155 761 522;A01;1;33;15;0;8;1;1
536548582;155 761 520;C01;2;7;0;2;4;2;1
536548582;155 761 521;D01;2;7;0;2;4;2;1
536548582;155 761 523;E01;2;7;0;2;4;2;3
536548582;155 761 525;B01;2;7;0;2;4;2;1
536548582;155 761 528;A01;2;10;0;2;1;2;1
536548583;155 761 518;A01;1;7;0;2;1;1;1
536548583;155 761 519;B01;2;7;0;2;1;13;1
536548584;155 761 517;A01;2;7;0;1;2;2;1
536548585;155 761 516;A01;1;7;16;0;0;1;1
536548586;155 761 513;B01;3;7;0;2;3;1;1
536548586;155 761 515;A01;3;2;0;2;6;26;1
536548587;155 761 512;A01;1;7;0;9;2;16;1
536548587;155 761 514;B01;1;2;0;2;8;1;1
536548588;155 761 511;A01;2;32;8;0;1;1;1
536548589;155 761 509;A01;2;1;0;2;1;1;5
536548589;155 761 510;B01;1;7;0;2;1;1;1
536548590;155 761 507;B01;2;33;0;2;7;1;1
536548590;155 761 508;A01;1;7;0;2;2;15;1
536548591;155 761 505;A01;1;33;0;2;1;17;1
536548591;155 761 506;B01;1;7;0;2;3;15;1
536548592;155 761 503;A01;2;2;0;2;1;5;1
536548592;155 761 504;B01;1;7;0;2;2;13;1
536548593;155 761 501;A01;1;50;0;2;0;0;3
536548593;155 761 502;B01;3;7;0;2;1;2;1
536548594;155 761 499;B01;2;2;0;2;1;1;1
536548594;155 761 500;A01;1;7;0;2;3;19;1
536548595;155 761 496;A01;1;7;0;2;1;19;1
536548595;155 761 498;B01;1;7;0;2;1;23;1
536548596;155 761 495;B01;2;1;0;2;1;5;5
536548596;155 761 497;A01;1;7;0;2;1;9;1
536548597;155 761 492;A01;2;33;0;2;3;17;1
536548597;155 761 493;B01;2;7;0;2;3;13;2
536548598;155 761 491;B01;3;7;0;2;1;1;1
536548598;155 761 494;A01;3;32;0;2;1;17;1
536548599;155 761 489;A01;1;2;0;2;2;1;1
536548599;155 761 490;B01;1;7;0;2;3;15;1
536548600;155 761 487;A01;1;34;0;2;1;17;1
536548600;155 761 488;B01;1;7;0;2;3;15;3
536548601;155 761 486;A01;1;7;0;1;2;1;1
536548602;155 761 485;A01;1;10;0;1;2;1;1
536548603;155 761 481;A01;2;7;1;0;4;1;1
536548603;155 761 482;B01;2;7;0;2;1;2;1
536548603;155 761 484;C01;2;15;0;0;8;24;1
536548604;155 761 480;A01;2;2;0;2;8;1;3
536548604;155 761 483;B01;1;7;0;2;1;1;1
536548605;155 761 478;B01;1;7;0;2;3;1;1
536548605;155 761 479;A01;2;37;0;2;2;1;1
536548606;155 761 476;A01;2;7;0;2;0;0;1
536548606;155 761 477;B01;2;7;0;2;0;0;1
536548607;155 761 474;A01;2;7;13;2;2;13;1
536548607;155 761 475;B01;1;38;0;0;8;1;1
536548608;155 761 473;Z01;3;0;0;0;0;0;0
536548609;155 761 471;A01;2;7;0;2;7;13;1
536548609;155 761 472;B01;1;13;0;2;1;1;1
536548610;155 761 470;A01;1;7;0;1;2;21;1
536548611;155 761 468;A01;1;7;0;2;2;15;1
536548611;155 761 469;B01;2;30;0;2;1;1;1
536548612;155 761 467;B01;0;50;1;0;3;0;3
536548613;155 761 465;A01;2;7;0;2;3;6;3
536548613;155 761 466;B01;2;33;0;2;1;6;1
536548614;155 761 464;A01;2;10;0;1;1;1;1
536548615;155 761 463;A01;2;31;13;0;0;1;1
536548616;155 761 459;A01;1;7;0;0;1;1;1
536548616;155 761 461;B01;2;50;0;0;1;1;3
536548617;155 761 458;C01;2;7;0;2;1;23;2
536548617;155 761 460;B01;1;33;0;2;1;1;1
536548617;155 761 462;A01;2;7;0;2;7;15;1
536548618;155 761 456;A01;1;7;0;0;4;9;1
536548618;155 761 457;B01;1;7;0;2;1;1;1
536548619;155 761 453;B01;1;7;0;2;3;1;1
536548619;155 761 455;A01;1;50;0;2;7;19;3
536548620;155 761 451;A01;1;31;0;2;1;13;1
536548620;155 761 452;B01;2;10;0;2;1;1;1
536548620;155 761 454;C01;1;7;0;2;3;2;3
536548621;155 761 447;A01;3;7;0;2;1;9;1
536548621;155 761 448;B01;1;7;0;2;8;1;1
536548622;155 761 445;A01;1;7;0;0;3;9;1
536548622;155 761 446;B01;2;2;0;2;1;1;1
536548624;155 761 440;A01;1;7;0;2;2;16;1
536548624;155 761 442;B01;3;34;0;2;3;14;1
536548625;155 761 441;B01;2;33;0;2;1;1;1
536548625;155 761 443;A01;2;7;0;2;1;15;2
536548626;155 761 436;A01;2;7;0;2;2;15;1
536548626;155 761 438;B01;2;2;1;2;1;1;1
536548627;155 761 437;A01;2;7;0;2;1;17;1
536548627;155 761 439;B01;1;7;0;2;1;1;1
536548628;155 761 435;A01;3;7;2;0;1;26;1
536548629;155 761 434;A01;1;33;0;0;8;1;1
536548630;155 761 431;A01;0;50;0;2;1;7;3
536548630;155 761 433;B01;1;7;0;2;1;1;1
536548631;155 761 430;A01;3;1;0;2;3;13;5
536548631;155 761 432;B01;3;7;0;9;3;1;1
536548632;155 761 427;A01;1;80;0;2;1;1;3
536548632;155 761 428;B01;1;7;0;2;5;12;1
536548633;155 761 422;B01;1;1;0;2;2;0;5
536548633;155 761 425;A01;1;7;0;9;4;16;1
536548634;155 761 419;D01;2;7;0;0;1;0;0
536548634;155 761 420;E01;2;7;0;0;8;0;0
536548634;155 761 421;B01;2;7;0;0;0;0;0
536548634;155 761 423;C01;2;7;0;0;1;0;0
536548634;155 761 424;A01;1;7;0;2;8;1;1
536548635;155 761 415;A01;1;2;0;2;7;1;1
536548635;155 761 417;B01;2;7;0;2;2;1;1
536548635;155 761 418;C01;0;7;0;2;2;15;0
536548636;155 761 414;A01;1;33;0;2;1;17;1
536548636;155 761 416;B01;0;7;0;0;3;15;2
536548637;155 761 410;B01;1;7;0;0;8;1;1
536548637;155 761 412;A01;1;17;0;0;2;12;1
536548638;155 761 411;A01;2;33;0;2;2;18;1
536548638;155 761 413;B01;1;7;0;2;3;13;2
536548639;155 761 406;A01;2;7;15;2;7;15;1
536548639;155 761 408;B01;2;7;0;2;1;0;1
536548640;155 761 405;A01;1;7;0;1;2;1;1
536548641;155 761 402;A01;2;7;0;2;1;13;1
536548641;155 761 403;B01;1;7;0;2;3;19;1
536548642;155 761 401;A01;2;2;0;0;0;1;1
536548643;155 761 399;B01;1;1;0;0;4;2;5
536548643;155 761 400;A01;1;7;0;0;1;2;1
536548644;155 761 397;B01;2;7;3;2;2;14;1
536548644;155 761 398;A01;2;7;0;2;6;1;1
536548645;155 761 394;C01;1;7;0;2;1;1;1
536548645;155 761 395;A01;1;7;0;2;4;1;1
536548645;155 761 396;B01;1;7;0;2;1;1;1
536548646;155 761 388;B01;1;7;1;0;1;14;1
536548646;155 761 389;D01;1;7;0;2;1;1;1
536548646;155 761 390;E01;1;7;0;2;4;1;1
536548646;155 761 391;F01;1;7;0;2;1;1;1
536548646;155 761 392;A01;1;14;0;2;6;23;1
536548646;155 761 393;C01;1;7;0;2;4;1;2
536548647;155 761 387;A01;1;7;5;0;2;14;1
536548648;155 761 385;A01;2;33;0;2;5;2;1
536548648;155 761 386;B01;2;7;0;2;5;2;1
536548649;155 761 383;A01;1;7;0;2;0;12;1
536548649;155 761 384;B01;1;33;0;9;1;0;1
536548650;155 761 380;C01;1;7;0;2;4;2;1
536548650;155 761 381;A01;1;7;0;2;4;1;1
536548650;155 761 382;B01;1;7;0;2;1;2;1
536548651;155 761 378;B01;1;17;0;2;4;2;1
536548651;155 761 379;A01;1;10;0;2;1;2;1