Num_Acc;id_vehicule;num_veh;senc;catv;obs;obsm;choc;manv;motor
536549883;155 759 242;A01;1;7;0;2;3;20;1
536549884;155 759 239;A01;1;1;0;2;1;15;5
536549884;155 759 240;B01;1;7;0;9;1;15;1
536549885;155 759 237;A01;1;7;0;2;0;15;1
536549885;155 759 238;B01;3;31;0;2;1;26;1
536549886;155 759 236;A01;1;50;0;0;0;26;3
536549887;155 759 234;A01;1;7;0;2;1;2;1
536549887;155 759 235;B01;1;7;0;2;4;2;1
536549888;155 759 233;A01;2;7;0;1;1;1;1
536549889;155 759 230;B01;3;50;0;0;0;0;3
536549889;155 759 231;A01;3;7;0;0;0;0;0
536549890;155 759 228;A01;1;50;0;2;0;0;3
536549890;155 759 229;B01;3;7;2;0;4;0;1
536549891;155 759 227;A01;1;7;0;1;3;1;1
536549892;155 759 225;A01;3;7;0;2;3;9;1
536549892;155 759 226;B01;3;50;0;2;2;0;3
536549893;155 759 223;A01;1;7;0;2;2;1;1
536549893;155 759 224;B01;2;1;0;2;1;15;5
536549894;155 759 221;A01;1;7;0;2;1;1;1
536549894;155 759 222;B01;1;7;0;2;1;1;1
536549895;155 759 219;B01;3;50;0;2;1;1;3
536549895;155 759 220;A01;3;7;0;2;2;1;1
536549896;155 759 218;A01;2;7;0;1;2;1;1
536549897;155 759 215;C01;2;7;0;2;1;1;1
536549897;155 759 216;B01;2;7;0;2;1;15;1
536549897;155 759 217;A01;1;33;0;2;9;1;1
536549898;155 759 213;A01;3;7;0;2;2;15;1
536549898;155 759 214;B01;3;7;0;2;2;1;1
536549899;155 759 212;A01;1;3;0;1;2;26;0
536549900;155 759 211;A01;1;7;15;0;1;15;1
536549901;155 759 209;A01;3;14;14;2;1;26;1
536549901;155 759 210;B01;3;7;0;2;1;0;1
536549902;155 759 208;A01;1;7;0;1;2;1;1
536549903;155 759 206;B01;2;1;0;2;1;1;5
536549903;155 759 207;A01;1;7;0;2;2;15;2
536549904;155 759 205;A01;2;7;8;0;2;1;1
536549905;155 759 202;C01;2;7;0;2;8;24;1
536549905;155 759 203;B01;1;33;1;2;7;1;1
536549905;155 759 204;A01;1;7;0;2;1;15;1
536549906;155 759 201;A01;3;7;3;1;1;16;1
536549907;155 759 199;A01;0;7;0;2;2;23;1
536549907;155 759 200;B01;0;1;0;2;1;25;5
536549908;155 759 197;A01;3;7;0;2;1;1;1
536549908;155 759 198;B01;3;7;0;2;8;1;1
536549909;155 759 195;A01;2;7;0;2;3;0;1
536549909;155 759 196;B01;1;7;0;2;3;1;1
536549910;155 759 193;B01;1;37;1;2;1;1;1
536549910;155 759 194;A01;1;7;6;0;7;1;1
536549911;155 759 191;A01;3;30;1;0;8;1;1
536549911;155 759 192;B01;3;7;1;0;7;1;1
536549912;155 759 189;A01;0;7;0;2;2;1;1
536549912;155 759 190;B01;0;7;0;2;4;20;3
536549913;155 759 187;A01;2;7;15;2;3;6;1
536549913;155 759 188;B01;1;7;0;2;3;1;1
536549914;155 759 185;A01;2;33;0;0;0;1;1
536549915;155 759 184;A01;1;7;0;1;4;4;1
536549916;155 759 181;B01;1;7;0;2;3;1;1
536549916;155 759 182;A01;1;7;0;2;3;1;1
536549916;155 759 183;C01;1;7;0;2;3;1;1
536549917;155 759 179;A01;1;7;0;2;2;1;1
536549917;155 759 180;B01;1;7;0;0;0;15;1
536549918;155 759 178;Z01;3;34;0;0;0;0;0
536549919;155 759 176;B01;1;7;9;2;6;1;1
536549919;155 759 177;A01;1;7;0;2;1;1;3
536549920;155 759 174;B01;1;7;0;2;4;23;1
536549920;155 759 175;A01;1;7;0;2;1;2;1
536549921;155 759 172;A01;2;7;0;2;1;1;1
536549921;155 759 173;B01;2;50;0;2;7;1;3
536549922;155 759 171;A01;2;7;0;1;1;15;1
536549923;155 759 170;A01;3;7;0;1;2;1;1
536549924;155 759 168;A01;1;7;0;2;1;1;1
536549924;155 759 169;B01;3;50;0;2;8;0;3
536549925;155 759 166;B01;1;2;0;2;0;2;1
536549925;155 759 167;A01;1;7;0;2;5;0;0
536549926;155 759 165;A01;1;7;0;1;1;26;1
536549927;155 759 164;A01;0;7;0;1;7;2;1
536549928;155 759 163;A01;2;7;0;1;1;1;2
536549929;155 759 162;A01;1;7;0;1;1;1;1
536549930;155 759 161;A01;3;2;0;0;0;18;1
536549931;155 759 159;A01;1;60;0;2;1;1;5
536549931;155 759 160;B01;2;1;0;2;1;15;5
536549932;155 759 158;A01;1;31;0;0;8;1;1
536549933;155 759 156;A01;2;33;0;2;1;5;1
536549933;155 759 157;B01;2;7;0;2;3;26;1
536549934;155 759 154;B01;1;33;0;2;4;2;1
536549934;155 759 155;A01;1;7;0;2;1;2;1
536549935;155 759 152;A01;2;7;0;2;5;22;3
536549935;155 759 153;B01;2;1;0;2;1;1;5
536549936;155 759 151;A01;2;34;0;1;5;17;1
536549937;155 759 148;B01;0;7;0;2;4;23;1
536549937;155 759 149;C01;0;7;0;2;4;23;1
536549937;155 759 150;A01;0;7;0;2;1;2;2
536549938;155 759 147;A01;1;30;1;0;7;1;1
536549939;155 759 145;A01;1;7;0;2;1;26;1
536549939;155 759 146;B01;1;7;0;2;4;1;2
536549940;155 759 143;A01;3;7;0;2;4;23;2
536549940;155 759 144;B01;1;7;0;2;1;1;1
536549941;155 759 141;A01;1;80;12;2;8;1;3
536549941;155 759 142;B01;1;13;0;2;2;14;1
536549942;155 759 140;A01;3;7;0;2;1;1;1
536549943;155 759 138;B01;1;7;0;2;2;21;1
536549943;155 759 139;A01;3;7;0;2;0;9;1
536549944;155 759 136;A01;3;7;0;2;2;17;1
536549944;155 759 137;B01;3;1;0;2;8;1;5
536549945;155 759 135;A01;1;1;0;1;1;1;5
536549946;155 759 133;A01;3;7;0;2;3;2;1
536549946;155 759 134;B01;3;7;0;2;6;0;1
536549947;155 759 131;A01;1;10;0;2;4;1;1
536549947;155 759 132;B01;3;33;0;2;1;1;1
536549948;155 759 129;A01;1;7;0;2;1;9;1
536549948;155 759 130;B01;1;1;0;0;4;1;5
536549949;155 759 127;B01;2;33;12;2;1;1;1
536549949;155 759 128;A01;3;7;0;2;6;19;1
536549950;155 759 125;A01;1;7;0;9;5;26;1
536549950;155 759 126;B01;0;1;0;0;0;0;5
536549951;155 759 123;A01;1;7;0;2;3;1;1
536549951;155 759 124;B01;2;7;0;2;3;3;1
536549952;155 759 121;A01;2;7;0;2;3;13;1
536549952;155 759 122;B01;1;7;0;2;3;1;1
536549953;155 759 119;A01;2;31;0;2;7;1;1
536549953;155 759 120;B01;1;7;0;2;8;5;1
536549954;155 759 117;A01;2;7;0;2;1;5;1
536549954;155 759 118;B01;1;7;0;0;1;1;3
536549955;155 759 116;A01;2;33;16;0;1;1;1
536549956;155 759 115;A01;1;7;8;0;3;1;1
536549957;155 759 114;A01;2;33;0;0;0;1;1
536549958;155 759 113;A01;3;10;0;1;4;4;1
536549959;155 759 111;B01;1;99;0;0;0;0;1
536549959;155 759 112;A01;2;33;0;2;3;13;1
536549960;155 759 110;A01;1;33;6;0;1;15;1
536549961;155 759 109;A01;2;33;15;0;2;14;1
536549962;155 759 106;B01;2;7;0;2;4;23;1
536549962;155 759 107;A01;2;7;0;2;1;1;1
536549962;155 759 108;C01;1;7;0;2;3;24;1
536549963;155 759 105;A01;2;7;8;0;1;13;1
536549964;155 759 102;A01;2;7;2;0;1;13;1
536549965;155 759 100;B01;1;33;0;2;0;1;1
536549965;155 759 101;A01;1;7;0;2;6;15;1
536549966;155 759 098;A01;2;7;2;0;2;14;1
536549967;155 759 095;B01;1;7;0;2;1;1;1
536549967;155 759 096;A01;2;7;0;2;3;13;1
536549968;155 759 097;A01;2;50;0;2;1;15;3
536549968;155 759 099;B01;1;7;0;2;3;1;2
536549969;155 759 093;B01;2;7;0;2;1;17;1
536549969;155 759 094;A01;2;7;0;2;6;11;1
536549970;155 759 092;A01;1;7;2;0;1;2;1
536549971;155 759 088;A01;1;7;0;2;3;15;1
536549971;155 759 090;B01;2;33;0;2;8;1;1
536549972;155 759 089;A01;2;37;0;2;0;1;2
536549972;155 759 091;B01;2;34;0;0;0;0;0
536549973;155 759 086;B01;1;10;0;2;7;1;1
536549973;155 759 087;A01;2;2;0;2;2;5;1
536549974;155 759 082;B01;3;10;8;0;3;0;1
536549974;155 759 083;A01;3;36;0;0;3;0;1
536549975;155 759 084;B01;2;7;0;2;3;15;1
536549975;155 759 085;A01;2;33;0;2;7;15;1
536549976;155 759 080;A01;1;2;0;2;2;26;1
536549976;155 759 081;B01;1;7;0;0;6;0;1
536549977;155 759 078;A01;2;7;13;0;3;1;1
536549978;155 759 075;A01;1;7;7;0;1;13;1
536549979;155 759 074;A01;3;33;8;0;1;1;1
536549980;155 759 076;B01;3;50;0;2;2;21;3
536549980;155 759 079;A01;1;7;0;2;3;19;1
536549981;155 759 072;A01;1;7;0;2;3;17;1
536549981;155 759 073;B01;2;7;0;2;3;1;1
536549982;155 759 070;A01;3;7;0;1;3;0;1
536549983;155 759 069;A01;2;33;0;0;1;1;1
536549984;155 759 068;B01;0;60;0;2;7;17;5
536549984;155 759 071;A01;0;7;0;2;1;1;1
536549985;155 759 066;A01;1;7;13;0;4;2;1
536549985;155 759 067;B01;1;7;0;2;1;2;1
536549986;155 759 064;A01;2;7;14;0;1;26;1
536549987;155 759 065;A01;2;50;0;0;0;1;3
536549988;155 759 063;A01;1;33;8;0;1;14;1
536549989;155 759 062;A01;1;7;13;0;9;2;1
536549990;155 759 061;A01;2;7;17;0;0;0;1
536549991;155 759 057;B01;0;2;0;2;1;9;1
536549991;155 759 059;A01;0;10;0;2;1;15;1
536549992;155 759 056;A01;1;7;13;0;1;1;1
536549993;155 759 054;B01;2;1;0;0;9;1;5
536549993;155 759 055;A01;1;7;0;9;3;13;2
536549994;155 759 053;A01;1;7;0;1;8;23;1
536549995;155 759 051;A01;1;7;0;2;1;2;2
536549995;155 759 052;B01;2;7;7;2;4;1;1
536549996;155 759 049;A01;1;7;0;2;7;1;1
536549996;155 759 050;B01;3;7;0;2;1;1;1
536549997;155 759 044;A01;2;7;0;2;8;13;1
536549997;155 759 046;B01;1;7;0;2;1;1;1
536549998;155 759 042;A01;1;7;0;1;1;1;1
536549999;155 759 041;B01;1;7;0;2;4;23;1
536549999;155 759 043;C01;1;7;0;2;4;23;1
536549999;155 759 045;A01;1;7;0;2;1;2;1
536550000;155 759 040;A01;2;7;13;0;1;0;1
536550001;155 759 038;A01;2;33;0;1;3;18;1
536550002;155 759 035;A01;1;7;0;2;8;1;1
536550002;155 759 036;B01;2;33;0;2;1;5;1
536550003;155 759 037;A01;0;31;0;2;1;1;1
536550003;155 759 039;B01;0;7;0;2;4;1;1
536550004;155 759 033;A01;1;33;0;2;1;1;1
536550004;155 759 034;B01;2;7;0;0;1;1;3
536550005;155 759 032;A01;1;33;0;0;8;1;1
536550006;155 759 030;A01;1;7;16;0;9;1;1
536550007;155 759 028;A01;2;7;8;0;0;0;1
536550008;155 759 029;B01;2;2;0;2;1;1;1
536550008;155 759 031;A01;1;7;0;2;1;13;1
536550009;155 759 026;A01;3;2;0;2;1;25;1
536550009;155 759 027;B01;3;7;0;0;3;23;1
536550010;155 759 022;B01;1;7;0;0;3;15;1
536550010;155 759 024;A01;1;2;0;2;1;1;1
536550011;155 759 020;A01;3;7;0;0;3;2;1
536550011;155 759 021;B01;3;2;0;2;8;2;1
536550012;155 759 017;A01;1;7;0;2;3;1;1
536550012;155 759 018;B01;2;7;0;2;3;1;1
536550013;155 759 016;B01;1;7;0;2;3;1;1
536550013;155 759 019;A01;1;7;0;2;0;1;0
536550014;155 759 013;A01;2;7;0;2;4;1;1
536550014;155 759 014;B01;2;7;0;2;4;1;1
536550014;155 759 015;C01;2;7;0;2;1;2;1
536550015;155 759 011;B01;2;7;0;2;2;14;1
536550015;155 759 012;A01;2;7;13;2;6;2;1
536550016;155 759 010;A01;2;33;9;0;9;1;1
536550017;155 759 007;A01;1;7;0;2;4;1;1
536550017;155 759 008;C01;1;7;0;2;1;1;1
536550017;155 759 009;B01;1;7;0;2;4;1;2
536550018;155 759 003;A01;2;7;0;2;8;1;1
536550018;155 759 005;B01;2;17;0;2;2;12;1
536550019;155 759 004;B01;3;10;0;2;2;15;1
536550019;155 759 006;A01;3;50;0;2;1;5;3
536550020;155 759 001;B01;2;7;0;2;3;14;1
536550020;155 759 002;A01;2;7;0;2;4;1;1
536550021;155 758 996;C01;2;10;0;2;2;9;1
536550021;155 758 997;A01;2;7;0;2;7;1;1
536550021;155 758 998;B01;2;7;0;2;5;23;1
536550022;155 758 999;A01;3;7;0;2;3;15;2
536550022;155 759 000;B01;3;33;0;2;7;17;1
536550023;155 758 995;A01;2;10;3;0;1;26;1
536550024;155 758 993;A01;0;10;0;1;1;26;1
536550025;155 758 992;A01;1;33;0;2;7;0;1
536550025;155 758 994;B01;1;7;0;2;6;1;1
536550026;155 758 987;A01;1;7;0;2;1;1;1
536550026;155 758 989;B01;1;7;0;2;4;1;1
536550026;155 758 990;C01;1;7;0;2;4;1;1
536550027;155 758 984;A01;1;33;0;2;1;3;1
536550027;155 758 985;B01;1;7;0;2;6;1;1
536550028;155 758 986;A01;1;7;0;2;1;13;1
536550028;155 758 988;B01;2;1;0;2;1;1;5
536550028;155 758 991;C01;2;1;0;2;1;1;5
536550029;155 758 983;A01;1;7;4;0;1;26;0
536550030;155 758 981;B01;2;7;0;2;8;21;1
536550030;155 758 982;A01;1;7;0;2;3;5;1
536550031;155 758 979;B01;3;50;0;2;7;1;3
536550031;155 758 980;A01;3;7;0;2;2;15;1
536550032;155 758 976;A01;2;33;0;2;3;3;1
536550032;155 758 978;B01;2;7;0;2;0;26;0
536550033;155 758 977;A01;2;10;0;1;3;1;1
536550034;155 758 974;B01;3;1;0;2;0;0;5
536550034;155 758 975;A01;3;7;0;2;0;0;1
536550035;155 758 972;A01;1;7;0;2;1;26;1
536550035;155 758 973;B01;2;50;0;2;1;1;3
536550036;155 758 969;B01;2;7;0;2;2;1;2
536550036;155 758 970;A01;2;1;0;2;1;21;5
536550037;155 758 966;A01;2;7;0;2;3;15;1
536550037;155 758 967;B01;2;32;0;2;1;3;1
536550038;155 758 968;A01;2;10;1;2;5;1;1
536550038;155 758 971;B01;1;7;0;2;1;1;1
536550039;155 758 964;A01;1;33;0;2;1;26;1
536550039;155 758 965;B01;1;7;0;2;8;2;2
536550040;155 758 958;A01;1;7;0;2;1;2;1
536550040;155 758 960;D01;1;7;0;2;4;2;1
536550040;155 758 961;B01;1;7;0;2;4;2;1
536550040;155 758 962;C01;1;7;0;2;4;2;1
536550041;155 758 959;B01;2;30;0;2;1;1;1
536550041;155 758 963;A01;1;7;0;2;1;15;1
536550042;155 758 957;A01;3;7;0;1;1;9;1
536550043;155 758 954;A01;3;7;4;0;1;1;1
536550044;155 758 955;A01;3;7;0;2;1;15;1
536550044;155 758 956;B01;3;30;0;2;1;7;1
536550045;155 758 952;A01;0;32;0;2;1;17;1
536550045;155 758 953;B01;0;7;0;2;3;1;1
536550046;155 758 949;A01;2;1;0;2;4;11;5
536550046;155 758 951;B01;2;7;0;9;0;1;1
536550047;155 758 946;A01;0;7;0;2;5;1;1
536550047;155 758 947;B01;0;1;0;2;8;15;5
536550048;155 758 948;B01;0;7;0;0;0;0;0
536550048;155 758 950;A01;0;1;0;0;0;1;5
536550049;155 758 943;A01;2;1;1;0;1;21;5
536550050;155 758 942;A01;1;37;0;2;2;21;1
536550050;155 758 944;B01;1;7;0;2;4;1;1
536550050;155 758 945;C01;1;15;0;2;8;1;1
536550051;155 758 939;B01;2;7;0;2;2;1;1
536550051;155 758 941;A01;2;15;0;0;6;1;1
536550052;155 758 937;B01;0;7;0;2;3;9;1
536550052;155 758 938;A01;0;7;0;2;2;26;1
536550053;155 758 935;A01;1;38;0;1;5;20;1
536550054;155 758 934;B01;1;7;0;2;3;10;1
536550054;155 758 936;A01;1;33;0;2;3;1;1
536550055;155 758 931;A01;2;7;0;2;7;19;1
536550055;155 758 933;B01;2;7;0;2;1;1;1
536550056;155 758 930;B01;1;30;0;2;2;17;1
536550056;155 758 932;A01;1;7;0;2;8;15;3
536550057;155 758 929;A01;1;7;2;0;7;0;1
536550058;155 758 926;B01;2;7;0;2;1;26;1
536550058;155 758 928;A01;1;7;0;2;3;19;1
536550059;155 758 927;A01;3;7;0;2;1;15;1
536550060;155 758 925;A01;1;50;1;1;1;0;3
536550061;155 758 923;A01;3;2;0;0;0;13;1
536550062;155 758 922;B01;3;14;0;2;3;23;1
536550062;155 758 924;A01;3;7;0;2;1;21;1
536550063;155 758 920;B01;3;1;0;2;0;0;5
536550063;155 758 921;A01;0;7;0;2;2;1;1
536550064;155 758 918;A01;3;7;2;1;1;20;1
536550065;155 758 916;A01;3;7;0;1;1;16;1
536550066;155 758 917;A01;1;7;0;2;3;1;1
536550066;155 758 919;B01;3;50;0;2;7;19;3
536550067;155 758 914;A01;2;7;0;2;1;1;1
536550067;155 758 915;B01;1;7;0;2;5;15;1
536550068;155 758 912;B01;3;1;0;4;7;19;5
536550068;155 758 913;A01;3;40;0;2;1;1;3
536550069;155 758 909;A01;1;40;0;1;1;1;3
536550070;155 758 908;C01;2;7;0;2;4;0;1
536550070;155 758 910;A01;2;7;0;2;1;1;1
536550070;155 758 911;B01;2;7;0;2;4;1;2
536550071;155 758 906;B01;3;7;0;2;4;23;1
536550071;155 758 907;A01;3;7;0;2;1;1;1
536550072;155 758 904;A01;3;1;0;4;5;19;5
536550072;155 758 905;B01;3;40;0;2;2;1;3
536550073;155 758 903;A01;0;7;0;1;1;1;1
536550074;155 758 902;A01;1;30;1;0;1;13;1
536550075;155 758 899;A01;3;7;8;0;2;13;2
536550076;155 758 900;B01;3;2;0;2;4;23;1
536550076;155 758 901;A01;3;7;0;2;1;0;1
536550077;155 758 897;A01;1;7;0;1;2;26;1
536550078;155 758 896;B01;3;50;0;2;1;26;3
536550078;155 758 898;A01;3;10;0;2;4;20;1
536550079;155 758 892;A01;1;33;0;0;7;26;1
536550079;155 758 894;B01;1;7;0;0;7;26;1
536550080;155 758 891;C01;2;7;0;2;1;1;1
536550080;155 758 893;A01;2;7;0;2;4;23;1
536550080;155 758 895;B01;2;2;0;2;4;23;1
536550081;155 758 888;A01;2;33;0;2;1;17;1
536550081;155 758 890;B01;3;7;0;2;3;11;1
536550082;155 758 889;A01;3;7;0;1;2;1;1
536550083;155 758 886;A01;1;2;0;2;2;1;1
536550083;155 758 887;B01;3;7;0;2;3;1;1
536550084;155 758 884;B01;2;80;0;2;1;1;3
536550084;155 758 885;A01;1;7;0;2;3;15;1
536550085;155 758 881;C01;3;7;0;2;0;0;1
536550085;155 758 882;A01;3;7;0;2;1;1;1
536550085;155 758 883;B01;3;7;0;2;4;1;1
536550086;155 758 880;A01;1;7;0;1;1;1;1
536550087;155 758 879;A01;2;37;0;1;3;15;1
536550088;155 758 877;B01;3;33;0;2;1;1;1
536550088;155 758 878;A01;3;7;0;2;0;0;1
536550089;155 758 871;A01;0;7;0;1;5;20;2
536550090;155 758 869;A01;0;7;0;2;1;2;1
536550090;155 758 870;B01;0;7;0;2;4;23;1
536550091;155 758 868;A01;1;7;3;0;1;0;1
536550092;155 758 866;B01;1;1;0;2;1;26;5
536550092;155 758 867;A01;2;7;0;9;3;26;1
536550093;155 758 864;A01;1;7;0;2;3;16;1
536550093;155 758 865;B01;1;2;0;2;2;12;1
536550094;155 758 862;A01;1;7;0;2;2;15;1
536550094;155 758 863;B01;2;50;0;2;1;1;3
536550095;155 758 860;A01;1;7;0;2;8;15;1
536550095;155 758 861;B01;1;7;0;2;1;1;1
536550096;155 758 858;A01;3;13;0;9;2;2;1
536550096;155 758 859;B01;3;60;0;2;3;2;5
536550097;155 758 856;A01;1;10;0;2;7;1;1
536550097;155 758 857;B01;1;50;0;2;1;0;3
536550098;155 758 854;A01;1;10;0;2;3;15;1
536550098;155 758 855;B01;2;7;0;2;8;1;1
536550099;155 758 853;A01;2;33;1;0;1;21;1
536550100;155 758 851;A01;1;10;0;2;8;11;1
536550100;155 758 852;B01;1;31;0;2;7;3;1
536550101;155 758 849;A01;2;7;0;2;1;2;1
536550101;155 758 850;B01;2;7;0;2;6;2;1
536550102;155 758 847;B01;1;1;0;2;1;13;5
536550102;155 758 848;A01;2;1;0;2;1;1;5
536550103;155 758 846;A01;2;10;0;1;3;5;1
536550104;155 758 844;A01;2;7;0;2;8;22;1
536550104;155 758 845;B01;2;1;1;0;1;1;5
536550105;155 758 842;A01;3;30;0;2;1;26;1
536550105;155 758 843;B01;3;7;0;2;7;1;1
536550106;155 758 841;Z01;1;10;0;1;0;17;0
536550107;155 758 840;A01;1;7;0;1;1;1;2
536550108;155 758 839;A01;2;10;0;1;4;20;1
536550109;155 758 837;B01;3;7;0;2;3;16;1
536550109;155 758 838;A01;3;1;0;2;7;19;5
536550110;155 758 835;A01;2;7;8;2;7;13;1
536550110;155 758 836;B01;1;7;0;2;7;1;1
536550111;155 758 834;A01;1;31;0;2;1;21;1
536550112;155 758 832;B01;2;1;0;2;2;9;5
536550112;155 758 833;A01;2;1;0;2;5;23;5
536550113;155 758 830;A01;3;1;0;2;1;19;5
536550113;155 758 831;B01;1;37;0;2;5;26;1
536550114;155 758 828;A01;1;7;1;2;8;22;2
536550114;155 758 829;B01;1;32;1;0;2;1;1
536550115;155 758 826;A01;1;7;0;2;3;15;1
536550115;155 758 827;B01;2;1;0;2;1;1;5
536550116;155 758 824;B01;2;33;0;2;1;1;1
536550116;155 758 825;A01;3;7;0;2;2;17;1
536550117;155 758 821;A01;0;32;0;2;1;3;1
536550117;155 758 822;B01;3;7;0;2;3;2;1
536550117;155 758 823;C01;0;7;0;2;5;2;1
536550118;155 758 819;A01;0;7;0;2;3;15;1
536550118;155 758 820;B01;0;33;0;2;0;17;0
536550119;155 758 817;A01;2;30;0;2;1;1;3
536550119;155 758 818;B01;3;7;0;2;2;15;1
536550120;155 758 815;A01;3;10;0;9;3;2;1
536550120;155 758 816;B01;3;50;0;2;2;19;3
536550121;155 758 813;B01;3;50;0;2;1;25;3
536550121;155 758 814;A01;3;10;0;2;1;1;1
536550122;155 758 812;A01;1;32;0;1;1;1;1
536550123;155 758 811;A01;1;7;0;1;2;1;2
536550124;155 758 809;A01;2;7;0;2;1;15;1
536550124;155 758 810;B01;1;33;0;2;3;1;1
536550125;155 758 807;A01;1;7;0;2;8;22;2
536550125;155 758 808;B01;1;50;1;0;0;0;3
536550126;155 758 806;A01;0;7;0;1;1;1;0
536550127;155 758 805;A01;2;7;0;1;1;16;1
536550128;155 758 804;A01;2;7;0;1;3;15;2
536550129;155 758 802;B01;3;10;0;2;6;1;0
536550129;155 758 803;A01;1;1;0;2;2;2;5
536550130;155 758 800;B01;1;80;0;2;6;0;3
536550130;155 758 801;A01;1;7;0;2;3;19;1
536550131;155 758 798;A01;0;7;0;2;2;15;1
536550131;155 758 799;B01;0;1;0;2;1;1;5
536550132;155 758 796;B01;2;7;0;2;1;15;1
536550132;155 758 797;A01;2;2;0;2;1;1;1
536550133;155 758 794;B01;1;1;0;2;4;2;5
536550133;155 758 795;A01;1;7;0;2;2;2;1
536550134;155 758 792;A01;1;14;0;2;7;1;1
536550134;155 758 793;B01;1;7;0;2;1;1;1
536550135;155 758 790;A01;1;31;0;2;1;1;1
536550135;155 758 791;B01;1;21;0;2;4;1;1
536550136;155 758 789;A01;1;10;13;0;1;13;1
536550137;155 758 787;A01;2;7;0;2;3;15;1
536550137;155 758 788;B01;1;33;0;2;6;1;1
536550138;155 758 785;A01;2;7;0;2;3;19;1
536550138;155 758 786;B01;1;7;0;2;1;1;1
536550139;155 758 784;A01;1;7;0;1;2;2;2
536550140;155 758 782;A01;1;33;11;0;1;1;1
536550141;155 758 781;A01;3;1;0;9;0;16;5
536550142;155 758 779;A01;2;7;0;0;4;2;1
536550142;155 758 780;B01;2;7;0;2;1;2;1
536550143;155 758 778;A01;2;33;12;0;2;1;1
536550144;155 758 777;A01;1;30;12;0;1;1;1
536550145;155 758 776;A01;2;7;8;0;8;1;1
536550146;155 758 774;A01;2;7;0;2;3;11;1
536550146;155 758 775;B01;1;13;0;2;3;1;1
536550147;155 758 773;A01;1;10;2;0;1;1;1
536550148;155 758 772;A01;2;10;0;1;1;1;1
536550149;155 758 770;A01;1;7;0;2;1;13;1
536550149;155 758 771;B01;2;10;0;2;1;1;1
536550150;155 758 768;B01;3;7;0;2;3;1;1
536550150;155 758 769;A01;3;10;0;2;3;13;1
536550151;155 758 766;A01;3;7;0;2;3;16;1
536550151;155 758 767;B01;3;7;0;2;3;15;1
536550152;155 758 765;A01;2;7;13;0;3;1;1
536550153;155 758 763;B01;3;7;0;2;3;1;1
536550153;155 758 764;A01;3;10;0;2;3;1;1
536550154;155 758 762;A01;1;7;13;0;2;0;1
536550155;155 758 760;A01;0;7;0;0;7;1;0
536550155;155 758 761;B01;0;2;0;2;1;1;1
536550156;155 758 759;A01;0;33;6;0;7;1;1
536550157;155 758 757;B01;1;33;0;2;8;14;1
536550157;155 758 758;A01;1;7;0;2;3;15;2
536550158;155 758 756;A01;1;10;6;0;2;1;1
536550159;155 758 754;C01;1;7;15;2;1;1;1
536550159;155 758 755;A01;2;7;4;2;2;11;1
536550160;155 758 753;A01;0;0;0;1;0;0;0
536550161;155 758 751;A01;2;7;0;0;4;2;1
536550161;155 758 752;B01;2;10;0;2;1;2;1
536550162;155 758 750;A01;1;7;2;0;9;17;1
536550163;155 758 748;A01;0;10;0;2;3;9;1
536550163;155 758 749;B01;3;1;0;2;2;15;5
536550164;155 758 746;A01;3;7;0;2;7;1;1
536550164;155 758 747;B01;3;2;0;2;3;1;1
536550165;155 758 745;A01;2;7;2;0;1;1;1
536550166;155 758 743;A01;1;7;0;0;5;19;1
536550166;155 758 744;B01;1;7;0;2;3;1;1
536550167;155 758 741;B01;2;7;0;2;5;12;1
536550167;155 758 742;Z01;2;7;0;2;3;18;1
536550168;155 758 739;A01;1;33;0;2;1;1;1
536550168;155 758 740;B01;1;7;0;2;4;2;0
536550169;155 758 737;A01;2;7;3;2;7;12;1
536550169;155 758 738;B01;2;33;3;2;1;1;1
536550170;155 758 735;B01;2;7;0;2;8;2;1
536550170;155 758 736;A01;2;17;0;2;7;12;1
536550171;155 758 733;A01;1;7;0;2;7;12;1
536550171;155 758 734;B01;1;7;0;2;6;2;1
536550172;155 758 731;B01;1;7;0;2;2;1;1
536550172;155 758 732;A01;1;7;0;2;8;13;2
536550173;155 758 728;C01;1;7;0;2;4;0;1
536550173;155 758 729;A01;1;7;0;2;1;0;1
536550173;155 758 730;B01;1;7;0;2;1;0;1
536550174;155 758 727;A01;1;7;1;0;1;12;1
536550175;155 758 725;B01;1;33;0;2;0;3;1
536550175;155 758 726;A01;1;7;0;2;3;13;1
536550176;155 758 723;A01;2;10;0;2;7;12;3
536550176;155 758 724;B01;2;33;0;2;8;3;1
536550177;155 758 721;A01;2;7;0;2;7;12;2
536550177;155 758 722;B01;2;33;0;2;8;1;1
536550178;155 758 720;A01;2;7;4;0;5;14;1
536550179;155 758 718;C01;0;7;0;2;8;15;1
536550179;155 758 719;B01;3;2;0;2;2;1;1
536550180;155 758 716;A01;1;7;0;2;1;1;1
536550180;155 758 717;B01;1;1;0;2;7;0;5
536550181;155 758 714;A01;2;7;0;2;1;17;1
536550181;155 758 715;B01;1;32;0;2;1;1;1
536550182;155 758 712;A01;2;7;0;2;3;10;1
536550182;155 758 713;B01;2;31;0;2;1;5;1
536550183;155 758 710;A01;2;7;0;2;2;0;1
536550183;155 758 711;B01;1;7;0;2;2;0;2
536550184;155 758 709;A01;3;7;0;1;2;15;1
536550185;155 758 706;B01;1;33;0;2;2;17;1