Num_Acc;id_vehicule;num_veh;senc;catv;obs;obsm;choc;manv;motor
536550185;155 758 707;C01;3;7;0;2;1;26;1
536550185;155 758 708;A01;1;7;0;2;3;26;1
536550186;155 758 704;A01;2;10;0;2;1;15;1
536550186;155 758 705;B01;2;33;0;2;3;0;1
536550187;155 758 702;A01;1;33;0;2;1;2;1
536550187;155 758 703;B01;1;7;0;2;6;2;1
536550188;155 758 701;A01;3;7;9;0;1;26;1
536550189;155 758 699;A01;2;33;0;2;1;0;1
536550189;155 758 700;B01;3;10;0;2;8;10;1
536550190;155 758 696;A01;3;13;4;0;1;1;0
536550190;155 758 697;B01;3;32;0;2;4;1;0
536550190;155 758 698;C01;3;7;0;2;4;1;0
536550191;155 758 694;A01;3;7;0;2;1;1;1
536550191;155 758 695;B01;3;7;0;2;2;1;1
536550192;155 758 693;Y01;0;0;0;2;4;0;0
536550193;155 758 690;A01;1;7;0;0;3;9;1
536550193;155 758 691;Y01;1;80;0;2;1;1;3
536550194;155 758 688;A01;3;7;0;2;3;19;1
536550194;155 758 689;B01;3;1;0;2;1;1;5
536550195;155 758 686;B01;2;7;0;2;8;1;1
536550195;155 758 687;A01;1;31;0;2;8;13;1
536550196;155 758 684;A01;1;30;0;2;3;1;1
536550196;155 758 685;B01;1;10;0;2;2;16;1
536550197;155 758 682;B01;1;33;0;2;5;1;1
536550197;155 758 683;A01;1;7;0;2;6;10;2
536550198;155 758 680;B01;2;30;0;2;1;1;1
536550198;155 758 681;A01;1;7;0;2;7;15;1
536550199;155 758 678;A01;1;30;0;2;5;1;1
536550199;155 758 679;B01;3;10;0;2;1;9;1
536550200;155 758 676;A01;1;10;9;2;7;1;1
536550200;155 758 677;B01;2;10;9;2;1;1;1
536550201;155 758 674;A01;1;1;0;2;3;2;5
536550201;155 758 675;B01;1;50;0;2;2;17;3
536550202;155 758 672;A01;2;7;0;2;7;26;1
536550202;155 758 673;B01;2;33;0;2;1;26;1
536550203;155 758 670;B01;3;7;0;2;1;1;1
536550203;155 758 671;A01;3;31;0;2;7;1;1
536550204;155 758 668;B01;1;7;0;2;2;1;1
536550204;155 758 669;A01;1;33;0;2;2;5;1
536550205;155 758 666;A01;1;7;0;2;2;16;1
536550205;155 758 667;B01;1;32;0;2;8;1;1
536550206;155 758 665;A01;0;30;0;1;1;1;1
536550207;155 758 663;A01;2;7;0;2;1;2;1
536550207;155 758 664;B01;2;1;0;2;4;1;5
536550208;155 758 661;A01;0;30;0;2;1;2;1
536550208;155 758 662;B01;0;7;0;2;4;1;2
536550209;155 758 659;B01;2;50;0;2;0;19;3
536550209;155 758 660;A01;1;7;0;2;0;0;1
536550210;155 758 658;A01;3;10;0;1;1;1;2
536550211;155 758 656;A01;1;32;0;2;1;1;1
536550211;155 758 657;B01;2;7;0;2;5;1;1
536550212;155 758 655;A01;1;33;0;0;7;1;1
536550213;155 758 653;A01;1;43;0;1;1;1;1
536550214;155 758 652;A01;2;10;0;1;1;14;1
536550215;155 758 649;A01;1;33;0;2;1;17;1
536550215;155 758 650;B01;1;7;0;2;4;1;1
536550215;155 758 651;C01;2;7;0;2;4;1;1
536550216;155 758 647;A01;1;7;0;2;3;15;1
536550216;155 758 648;B01;1;33;0;2;1;2;1
536550217;155 758 645;A01;1;10;0;2;3;1;1
536550217;155 758 646;B01;2;7;0;2;3;24;1
536550218;155 758 640;A01;3;7;0;1;2;1;1
536550219;155 758 638;A01;1;7;0;2;1;2;1
536550219;155 758 639;B01;1;7;0;2;3;2;1
536550220;155 758 636;B01;2;15;0;2;6;1;1
536550220;155 758 637;A01;1;7;0;9;3;13;1
536550221;155 758 634;B01;1;7;0;2;3;16;1
536550221;155 758 635;A01;2;32;0;2;3;1;1
536550222;155 758 632;A01;2;1;0;2;6;1;5
536550222;155 758 633;B01;2;7;0;2;2;26;0
536550223;155 758 630;A01;0;7;0;1;1;26;0
536550224;155 758 629;A01;1;33;0;2;1;19;1
536550224;155 758 631;B01;1;33;0;2;8;1;1
536550225;155 758 626;A01;1;7;0;2;1;15;1
536550225;155 758 628;B01;2;2;0;2;1;1;1
536550226;155 758 625;B01;3;50;0;2;8;19;3
536550226;155 758 627;A01;3;7;0;2;3;1;1
536550227;155 758 623;B01;1;7;0;2;2;2;1
536550228;155 758 622;B01;2;7;0;2;3;1;1
536550228;155 758 624;A01;1;7;0;2;2;15;1
536550229;155 758 619;A01;3;7;0;2;1;15;2
536550229;155 758 621;B01;3;7;0;2;1;1;1
536550230;155 758 618;A01;2;7;0;2;3;15;1
536550230;155 758 620;B01;1;30;0;2;1;1;1
536550231;155 758 617;A01;1;40;0;1;2;1;3
536550232;155 758 615;B01;2;7;0;2;2;1;2
536550232;155 758 616;A01;3;7;0;2;1;9;1
536550233;155 758 613;A01;3;7;0;2;0;0;1
536550233;155 758 614;B01;3;1;0;2;7;15;5
536550234;155 758 609;A01;2;10;0;9;2;16;1
536550234;155 758 611;B01;2;80;0;2;1;1;2
536550235;155 758 608;C01;2;7;0;0;4;23;0
536550235;155 758 610;A01;2;7;0;2;1;2;0
536550235;155 758 612;B01;2;7;0;2;9;2;0
536550236;155 758 607;A01;0;30;0;0;0;26;1
536550237;155 758 606;A01;1;7;15;0;1;16;1
536550238;155 758 603;B01;1;7;0;2;3;15;1
536550238;155 758 605;A01;1;30;0;2;1;17;1
536550239;155 758 604;A01;1;7;0;1;1;26;1
536550240;155 758 599;A01;2;33;0;2;1;1;1
536550240;155 758 601;B01;1;10;0;2;5;15;1
536550241;155 758 600;B01;2;31;0;2;7;1;1
536550241;155 758 602;A01;1;7;0;9;2;15;0
536550242;155 758 596;A01;3;7;0;2;6;10;1
536550242;155 758 598;B01;3;33;0;2;1;1;1
536550243;155 758 595;A01;1;7;0;2;5;12;1
536550243;155 758 597;B01;1;1;0;0;0;1;5
536550244;155 758 592;B01;1;1;0;2;8;1;5
536550244;155 758 594;Z01;1;7;0;2;7;16;0
536550245;155 758 591;A01;1;33;0;2;2;17;1
536550245;155 758 593;B01;1;7;0;2;6;17;1
536550246;155 758 590;A01;2;1;12;0;2;14;5
536550247;155 758 588;A01;2;14;0;2;3;26;1
536550247;155 758 589;B01;2;7;0;2;3;13;1
536550248;155 758 587;A01;1;7;0;1;1;15;1
536550249;155 758 586;A01;1;7;0;1;1;1;1
536550250;155 758 584;B01;2;2;0;2;7;16;1
536550250;155 758 585;A01;2;7;0;2;8;18;2
536550251;155 758 583;A01;3;1;0;1;1;25;5
536550252;155 758 581;B01;3;33;0;2;0;1;1
536550252;155 758 582;A01;3;7;0;2;3;16;1
536550253;155 758 579;A01;1;7;0;0;0;5;0
536550253;155 758 580;B01;2;37;0;0;0;1;1
536550254;155 758 578;A01;1;7;2;0;1;13;1
536550255;155 758 576;A01;2;7;0;2;1;1;1
536550255;155 758 577;B01;2;7;0;2;6;1;0
536550256;155 758 575;A01;3;7;0;2;0;1;1
536550257;155 758 573;B01;1;7;0;2;1;1;1
536550257;155 758 574;A01;1;10;0;2;3;1;1
536550258;155 758 569;A01;3;7;0;2;2;1;6
536550258;155 758 570;B01;3;32;0;2;0;1;3
536550259;155 758 568;A01;1;33;2;0;1;15;1
536550260;155 758 566;A01;1;7;0;2;3;15;1
536550260;155 758 567;B01;2;32;0;2;6;0;1
536550261;155 758 564;A01;1;7;0;9;1;16;1
536550261;155 758 565;B01;1;1;0;2;4;1;5
536550262;155 758 562;A01;1;7;0;2;3;19;1
536550262;155 758 563;B01;2;31;0;0;0;21;1
536550263;155 758 561;A01;1;7;0;1;2;17;1
536550264;155 758 560;A01;3;7;5;0;1;1;1
536550265;155 758 559;A01;3;7;0;1;1;1;1
536550266;155 758 558;Z01;3;31;0;1;0;0;0
536550267;155 758 556;A01;1;7;0;2;1;2;1
536550267;155 758 557;B01;1;7;0;2;4;2;1
536550268;155 758 554;B01;0;33;0;2;2;1;1
536550268;155 758 555;A01;0;7;0;2;1;13;2
536550269;155 758 553;A01;0;33;0;0;8;16;1
536550270;155 758 548;A01;3;7;0;2;1;1;1
536550270;155 758 549;B01;3;50;0;2;7;2;3
536550271;155 758 547;A01;3;7;1;0;3;1;1
536550272;155 758 545;A01;1;17;0;2;7;12;1
536550272;155 758 546;B01;1;7;0;2;8;1;1
536550273;155 758 543;A01;1;30;0;2;8;1;1
536550273;155 758 544;B01;1;7;0;2;3;1;1
536550274;155 758 541;A01;1;7;0;2;1;2;1
536550274;155 758 542;B01;1;50;0;2;4;2;3
536550275;155 758 540;A01;2;7;3;0;8;17;1
536550276;155 758 539;A01;3;42;0;1;3;1;1
536550277;155 758 537;A01;3;33;0;2;2;16;1
536550277;155 758 538;B01;3;7;0;2;6;0;1
536550278;155 758 535;A01;3;7;0;2;3;13;1
536550278;155 758 536;B01;3;7;0;2;6;1;3
536550279;155 758 533;A01;2;33;0;2;1;1;1
536550279;155 758 534;B01;1;7;0;2;5;15;1
536550280;155 758 532;A01;3;50;0;1;1;19;3
536550281;155 758 531;A01;1;7;0;1;3;1;1
536550282;155 758 530;A01;2;10;0;1;1;15;1
536550283;155 758 529;A01;2;7;0;1;1;1;1
536550284;155 758 528;A01;2;34;12;0;1;1;1
536550285;155 758 527;A01;2;3;6;0;3;10;3
536550286;155 758 525;B01;2;7;0;2;3;1;3
536550286;155 758 526;A01;2;3;0;2;6;4;1
536550287;155 758 524;Z01;0;34;0;0;0;17;1
536550288;155 758 522;A01;2;10;0;2;3;10;1
536550288;155 758 523;B01;2;33;0;2;1;9;1
536550289;155 758 521;A01;1;1;0;1;1;1;5
536550290;155 758 520;A01;1;80;13;0;1;2;3
536550291;155 758 519;A01;2;10;0;1;1;1;1
536550292;155 758 518;A01;2;1;0;0;8;1;5
536550293;155 758 516;A01;2;33;0;2;1;1;1
536550293;155 758 517;B01;2;7;0;2;3;1;1
536550294;155 758 515;Z01;0;7;0;1;3;1;0
536550295;155 758 514;A01;1;7;0;1;7;1;2
536550296;155 758 513;A01;1;30;0;1;2;1;3
536550297;155 758 512;A01;2;7;0;1;2;1;2
536550298;155 758 510;A01;2;10;0;2;1;2;1
536550298;155 758 511;B01;2;30;0;2;4;2;1
536550299;155 758 507;A01;1;7;0;2;2;1;1
536550299;155 758 508;B01;1;2;0;2;4;23;3
536550299;155 758 509;C01;1;33;0;2;5;23;1
536550300;155 758 506;A01;2;2;8;0;1;1;1
536550301;155 758 505;Z01;1;7;0;1;1;1;1
536550302;155 758 503;A01;1;80;0;2;8;1;3
536550302;155 758 504;B01;1;7;0;2;3;15;2
536550303;155 758 501;A01;1;7;0;2;8;22;1
536550303;155 758 502;B01;1;1;1;0;1;1;5
536550304;155 758 499;A01;3;7;0;2;1;15;1
536550304;155 758 500;B01;3;7;0;2;3;1;1
536550305;155 758 498;A01;3;10;0;2;1;1;1
536550306;155 758 496;A01;3;30;12;0;0;1;1
536550307;155 758 495;A01;1;10;0;2;1;1;1
536550307;155 758 497;B01;1;7;0;2;4;12;1
536550308;155 758 492;B01;3;50;0;2;1;1;3
536550308;155 758 493;A01;3;7;0;2;7;15;2
536550309;155 758 491;A01;2;7;1;2;2;1;1
536550309;155 758 494;C01;2;7;0;2;4;24;1
536550310;155 758 490;A01;1;7;6;0;2;1;1
536550311;155 758 489;A01;2;7;0;1;1;1;1
536550312;155 758 486;B01;2;1;0;2;1;1;5
536550312;155 758 488;A01;2;7;0;2;3;9;1
536550313;155 758 485;A01;2;7;0;2;5;4;1
536550313;155 758 487;B01;2;99;0;2;3;18;3
536550314;155 758 482;B01;3;7;0;2;5;1;1
536550314;155 758 483;A01;3;13;0;2;1;19;1
536550315;155 758 481;A01;1;7;0;2;1;1;1
536550315;155 758 484;B01;2;1;0;2;6;1;5
536550316;155 758 479;A01;2;1;0;0;0;21;5
536550317;155 758 478;B01;0;7;0;0;0;9;0
536550317;155 758 480;A01;0;32;0;0;2;1;1
536550318;155 758 474;B01;2;80;0;0;0;0;3
536550318;155 758 476;A01;2;7;0;0;0;0;1
536550320;155 758 471;B01;2;37;0;2;3;1;0
536550320;155 758 472;A01;1;7;0;2;1;13;1
536550321;155 758 469;A01;1;80;0;2;1;15;3
536550321;155 758 470;B01;2;1;0;2;1;1;5
536550322;155 758 467;B01;0;33;0;2;3;1;1
536550322;155 758 468;A01;3;7;0;2;3;13;1
536550323;155 758 466;A01;3;7;0;1;3;1;2
536550324;155 758 464;A01;1;0;14;1;1;1;0
536550325;155 758 463;A01;2;7;0;2;4;26;1
536550325;155 758 465;B01;2;7;0;2;1;1;1
536550326;155 758 460;A01;0;7;0;1;2;1;1
536550327;155 758 461;B01;1;50;0;2;1;9;3
536550327;155 758 462;A01;1;10;0;2;2;15;1
536550328;155 758 459;A01;1;30;1;0;1;1;3
536550329;155 758 457;A01;2;1;1;0;4;2;5
536550329;155 758 458;B01;2;1;1;0;4;26;5
536550330;155 758 454;A01;2;80;0;2;1;15;3
536550330;155 758 456;B01;2;7;0;2;1;1;1
536550331;155 758 453;A01;0;7;0;2;2;1;1
536550331;155 758 455;B01;0;1;0;2;8;15;5
536550332;155 758 450;A01;2;7;0;2;7;15;1
536550332;155 758 452;B01;1;1;0;2;1;1;5
536550333;155 758 449;A01;3;37;0;2;1;1;1
536550333;155 758 451;B01;3;10;0;2;4;1;1
536550334;155 758 448;A01;2;7;6;0;1;26;1
536550335;155 758 446;A01;1;1;0;2;3;1;5
536550335;155 758 447;B01;2;7;0;2;3;17;1
536550336;155 758 444;A01;3;7;0;2;1;9;1
536550336;155 758 445;B01;0;50;0;0;0;0;3
536550337;155 758 442;A01;1;33;0;2;2;1;1
536550337;155 758 443;B01;2;7;0;2;8;15;1
536550338;155 758 438;A01;3;10;0;2;3;26;1
536550338;155 758 440;B01;2;2;0;2;1;26;1
536550339;155 758 437;A01;1;7;0;1;1;1;1
536550340;155 758 436;A01;1;7;15;0;3;5;1
536550341;155 758 434;A01;3;7;0;0;2;14;1
536550342;155 758 432;A01;2;7;0;2;1;1;2
536550342;155 758 433;B01;1;7;3;2;1;13;2
536550342;155 758 435;C01;2;7;0;2;1;1;1
536550343;155 758 431;A01;1;7;0;1;3;16;1
536550344;155 758 429;B01;1;7;0;0;3;9;1
536550344;155 758 430;A01;1;33;0;2;1;1;1
536550345;155 758 428;A01;1;7;0;1;1;2;1
536550346;155 758 427;A01;2;33;3;0;1;13;1
536550347;155 758 426;A01;2;7;0;1;4;26;1
536550348;155 758 423;A01;2;7;0;2;1;2;1
536550348;155 758 425;B01;2;7;0;2;4;1;1
536550349;155 758 422;A01;1;7;0;2;1;13;1
536550349;155 758 424;B01;2;7;0;2;1;1;1
536550350;155 758 419;B01;1;33;13;2;1;1;1
536550350;155 758 421;A01;3;7;0;2;3;9;1
536550351;155 758 418;B01;2;37;0;2;1;1;1
536550351;155 758 420;A01;1;7;0;2;3;15;1
536550352;155 758 416;A01;1;7;0;2;1;13;0
536550352;155 758 417;B01;2;7;0;2;1;1;1
536550353;155 758 415;A01;2;10;0;1;1;1;1
536550354;155 758 413;A01;1;31;6;0;1;1;1
536550355;155 758 412;A01;1;10;0;2;2;12;1
536550355;155 758 414;B01;1;33;0;2;3;1;1
536550356;155 758 410;A01;2;33;0;0;7;3;1
536550357;155 758 409;A01;2;7;0;2;3;13;1
536550357;155 758 411;B01;1;7;0;2;3;1;1
536550358;155 758 407;B01;1;7;0;2;6;1;2
536550358;155 758 408;A01;1;32;4;2;2;1;1
536550359;155 758 405;A01;2;7;0;2;1;15;1
536550359;155 758 406;B01;1;7;0;2;1;1;1
536550360;155 758 403;A01;3;7;0;2;3;1;3
536550360;155 758 404;B01;3;32;0;2;5;16;1
536550361;155 758 401;B01;2;7;0;0;0;15;1
536550361;155 758 402;A01;1;33;12;0;0;1;1
536550362;155 758 398;Z01;2;30;0;2;2;1;1
536550362;155 758 400;B01;1;33;0;2;3;1;1
536550363;155 758 397;A01;1;10;0;2;6;11;1
536550363;155 758 399;B01;1;7;0;2;2;1;1
536550364;155 758 396;A01;1;80;0;0;0;5;3
536550365;155 758 395;A01;1;34;2;0;1;14;1
536550366;155 758 392;A01;2;7;0;2;3;13;1
536550366;155 758 393;B01;1;2;0;2;1;1;1
536550367;155 758 391;A01;2;30;0;2;2;19;3
536550367;155 758 394;B01;2;7;0;2;7;1;2
536550368;155 758 390;A01;2;7;15;0;2;2;1
536550369;155 758 389;A01;1;30;0;5;1;1;1
536550370;155 758 387;B01;2;7;0;2;2;19;1
536550370;155 758 388;A01;1;7;0;2;2;1;1
536550371;155 758 385;B01;2;7;0;2;7;1;1
536550371;155 758 386;A01;2;30;0;2;8;1;1
536550372;155 758 384;A01;0;36;0;0;2;0;1
536550373;155 758 383;A01;1;33;2;0;1;1;1
536550374;155 758 381;A01;1;34;0;2;8;1;1
536550374;155 758 382;B01;1;1;0;2;0;19;5
536550375;155 758 380;A01;1;7;8;0;7;0;1
536550376;155 758 378;A01;1;7;0;1;0;1;1
536550377;155 758 377;A01;2;7;0;2;1;0;1
536550377;155 758 379;B01;2;7;0;0;4;23;1
536550378;155 758 376;A01;2;7;2;0;1;1;1
536550379;155 758 375;A01;3;7;0;1;1;1;1
536550380;155 758 373;A01;2;10;0;2;1;1;1
536550380;155 758 374;B01;1;10;0;2;1;1;1
536550381;155 758 371;A01;3;10;0;2;1;6;0
536550381;155 758 372;AB01;3;2;0;2;3;1;1
536550382;155 758 369;A01;2;7;0;2;1;17;1
536550382;155 758 370;B01;1;2;0;2;1;1;1
536550383;155 758 367;A01;1;7;0;2;1;26;1
536550383;155 758 368;B01;2;7;0;2;1;26;1
536550384;155 758 366;A01;2;33;3;0;1;0;1
536550385;155 758 364;B01;2;37;0;2;5;0;1
536550385;155 758 365;A01;1;1;0;2;0;14;5
536550386;155 758 362;A01;2;7;0;2;1;1;1
536550386;155 758 363;B01;1;7;0;2;8;15;1
536550387;155 758 360;B01;1;7;0;2;7;1;1
536550387;155 758 361;A01;0;30;0;2;1;15;1
536550388;155 758 357;A01;2;7;0;0;3;14;1
536550389;155 758 356;A01;2;32;0;2;1;17;1
536550389;155 758 358;B01;2;7;1;0;3;13;1
536550390;155 758 353;B01;1;31;9;9;1;17;1
536550390;155 758 355;A01;1;1;0;2;6;15;5
536550391;155 758 352;A01;1;10;0;2;8;1;0
536550391;155 758 354;B01;3;33;0;2;7;1;0
536550392;155 758 347;B01;1;7;0;2;5;1;2
536550392;155 758 349;A01;1;50;0;2;3;13;3
536550393;155 758 348;A01;2;7;0;2;8;15;1
536550393;155 758 350;C01;0;7;0;0;1;24;1
536550393;155 758 351;B01;2;43;1;2;9;17;1
536550394;155 758 345;A01;2;7;0;2;1;15;1
536550394;155 758 346;B01;2;1;0;2;4;15;5
536550395;155 758 344;A01;2;7;0;1;7;1;1
536550396;155 758 342;A01;2;7;0;9;3;15;1
536550396;155 758 343;B01;1;1;0;2;1;0;5
536550397;155 758 339;A01;1;10;6;0;1;1;0
536550397;155 758 341;B01;1;7;6;0;3;1;1
536550398;155 758 338;A01;3;7;0;2;1;1;1
536550398;155 758 340;B01;2;50;0;2;2;1;3
536550399;155 758 334;A01;2;7;0;2;8;15;1
536550399;155 758 336;B01;2;7;0;2;1;1;2
536550400;155 758 335;B01;1;2;0;0;1;1;1
536550400;155 758 337;A01;1;7;0;0;3;15;1
536550401;155 758 332;A01;0;2;0;0;0;0;1
536550402;155 758 331;A01;1;10;0;0;2;19;3
536550402;155 758 333;B01;2;33;9;0;1;13;1
536550403;155 758 328;A01;2;7;0;2;1;2;1
536550403;155 758 330;B01;2;21;0;2;4;2;1
536550404;155 758 329;A01;1;1;12;0;7;21;5
536550405;155 758 327;A01;3;7;13;0;1;0;1
536550406;155 758 325;A01;1;7;13;0;1;1;1
536550407;155 758 326;A01;3;33;0;0;4;26;1
536550408;155 758 322;B01;1;7;0;2;1;21;1
536550408;155 758 323;C01;2;7;0;2;1;1;1
536550408;155 758 324;A01;1;7;0;0;5;26;1
536550409;155 758 319;A01;2;7;0;2;1;13;1
536550409;155 758 320;B01;1;10;0;2;1;1;1
536550410;155 758 317;A01;3;7;0;1;1;1;1
536550411;155 758 316;A01;1;7;0;1;2;1;1
536550412;155 758 313;A01;1;33;0;2;8;9;1
536550412;155 758 314;B01;1;7;0;2;7;1;1
536550413;155 758 312;A01;3;2;0;0;9;1;0
536550414;155 758 311;A01;1;2;0;0;0;1;1
536550415;155 758 308;A01;2;7;0;2;6;9;1
536550415;155 758 309;B01;2;2;0;2;1;15;1
536550416;155 758 310;A01;1;2;4;0;7;1;1
536550417;155 758 306;A01;2;1;0;2;1;2;5
536550417;155 758 307;B01;2;7;0;0;4;2;1
536550418;155 758 304;A01;2;7;13;0;0;1;1
536550419;155 758 305;A01;2;17;4;0;3;1;1
536550420;155 758 303;A01;3;31;0;0;0;26;1
536550421;155 758 301;A01;2;33;0;2;1;1;1
536550421;155 758 302;B01;1;7;0;2;3;1;1
536550422;155 758 298;A01;3;7;0;2;3;26;1
536550422;155 758 299;B01;3;7;0;2;1;1;2
536550423;155 758 300;A01;2;7;3;0;2;1;2
536550424;155 758 295;A01;1;10;0;2;1;1;1
536550424;155 758 296;B01;1;10;0;2;4;16;1
536550424;155 758 297;C01;1;7;0;2;4;16;1
536550425;155 758 292;A01;1;7;2;0;1;1;1
536550426;155 758 293;B01;2;7;0;2;6;12;1
536550426;155 758 294;A01;2;33;0;2;1;3;1
536550427;155 758 290;A01;3;7;0;0;8;1;1
536550427;155 758 291;B01;3;7;0;2;1;1;1
536550428;155 758 288;A01;1;7;0;2;8;1;1
536550428;155 758 289;B01;2;7;0;2;8;1;1
536550429;155 758 285;A01;1;7;0;2;3;13;1
536550429;155 758 286;B01;2;7;0;2;3;1;1
536550430;155 758 287;A01;1;7;4;0;1;0;1
536550431;155 758 283;A01;2;7;0;2;8;11;1
536550431;155 758 284;B01;2;7;0;2;1;17;1
536550432;155 758 281;A01;2;33;0;0;0;1;1
536550433;155 758 280;A01;1;33;0;2;1;0;1
536550433;155 758 282;B01;1;7;0;2;4;0;1
536550434;155 758 277;B01;2;60;0;2;1;1;5
536550434;155 758 278;A01;1;10;0;2;1;9;1
536550435;155 758 275;A01;2;33;6;0;0;0;1
536550436;155 758 273;A01;2;10;16;0;9;0;0
536550437;155 758 274;A01;2;7;0;2;3;11;1
536550437;155 758 276;B01;2;7;0;2;7;1;1
536550438;155 758 272;A01;2;33;0;0;8;1;1
536550439;155 758 269;A01;2;7;0;2;2;15;1
536550439;155 758 271;B01;1;1;0;2;1;1;5
536550440;155 758 268;A01;1;7;0;2;6;11;1
536550440;155 758 270;B01;1;15;0;2;2;1;1
536550441;155 758 266;B01;1;1;0;2;8;13;5
536550441;155 758 267;A01;1;2;0;2;1;2;1
536550442;155 758 265;A01;1;7;4;0;1;1;1
536550443;155 758 264;A01;3;2;0;0;4;1;1
536550444;155 758 262;B01;1;7;0;2;5;1;1
536550444;155 758 263;A01;1;32;0;2;8;11;1
536550445;155 758 260;A01;2;7;0;2;3;15;1
536550445;155 758 261;B01;1;33;0;2;1;1;1
536550446;155 758 257;C01;1;33;0;2;4;3;1
536550446;155 758 258;A01;1;33;0;2;3;3;1
536550446;155 758 259;B01;1;7;0;2;7;14;1
536550447;155 758 256;A01;3;7;6;0;1;1;2
536550448;155 758 255;A01;2;2;6;0;2;1;1
536550449;155 758 254;A01;2;33;0;0;0;1;1
536550450;155 758 252;A01;3;7;0;1;4;4;2
536550451;155 758 253;A01;2;7;0;1;1;1;1
536550452;155 758 250;A01;3;34;0;2;0;19;1
536550452;155 758 251;B01;3;7;0;2;0;1;1
536550453;155 758 248;A01;3;31;0;2;3;13;1
536550453;155 758 249;B01;3;13;0;2;3;1;1
536550454;155 758 245;A01;2;7;0;2;3;15;1
536550454;155 758 247;B01;1;30;0;2;6;1;1
536550455;155 758 244;A01;1;7;0;2;2;1;1
536550455;155 758 246;B01;1;1;0;2;8;9;5
536550456;155 758 241;B01;3;30;0;2;1;1;1
536550456;155 758 243;A01;3;7;0;2;3;0;0
536550457;155 758 240;B01;2;31;0;2;1;1;1
536550457;155 758 242;A01;1;14;0;2;5;15;1
536550458;155 758 236;A01;3;7;0;0;4;17;1
536550458;155 758 238;B01;3;33;0;2;1;17;1
536550459;155 758 235;A01;2;10;0;2;1;1;1
536550459;155 758 237;B01;2;7;0;2;4;1;1
536550459;155 758 239;C01;2;7;0;2;4;1;1
536550460;155 758 233;A01;1;7;0;1;1;1;1
536550461;155 758 232;A01;1;7;0;2;3;15;1
536550461;155 758 234;B01;2;2;12;2;8;1;1
536550462;155 758 231;A01;2;10;0;1;1;1;1
536550463;155 758 229;A01;0;10;0;2;2;2;1
536550463;155 758 230;B01;1;80;0;0;4;2;3
536550464;155 758 227;B01;3;50;0;2;1;2;3
536550464;155 758 228;A01;1;7;0;2;3;22;1
536550465;155 758 226;A01;3;2;0;1;1;13;1
536550466;155 758 224;B01;1;7;0;2;2;1;1
536550466;155 758 225;A01;1;50;0;2;7;1;3
536550467;155 758 223;A01;1;7;0;1;1;1;1
536550468;155 758 220;B01;2;7;0;2;3;12;1
536550468;155 758 222;A01;2;7;0;2;2;1;1
536550469;155 758 219;B01;1;7;0;0;5;1;2
536550469;155 758 221;A01;1;33;0;2;1;1;1
536550470;155 758 216;B01;2;10;0;2;5;1;1
536550470;155 758 218;A01;1;33;0;2;1;3;1
536550471;155 758 215;A01;2;33;0;2;1;15;1
536550471;155 758 217;B01;1;7;0;2;1;1;1
536550472;155 758 212;A01;1;7;0;2;3;13;1
536550472;155 758 213;B01;2;10;0;2;3;1;1
536550473;155 758 211;A01;2;7;6;2;1;21;1
536550473;155 758 214;B01;1;7;0;0;0;0;1
536550474;155 758 210;A01;3;7;11;0;1;2;1
536550475;155 758 206;B01;1;7;0;2;1;1;1
536550475;155 758 208;C01;2;15;0;2;2;1;1
536550475;155 758 209;A01;1;7;8;2;9;17;2
536550476;155 758 207;A01;1;10;1;2;1;14;1
536550477;155 758 204;B01;1;34;0;2;1;1;1
536550477;155 758 205;A01;2;10;0;2;1;15;1
536550478;155 758 203;B01;1;7;0;1;1;1;1
536550479;155 758 201;B01;2;33;0;2;1;2;1
536550479;155 758 202;A01;2;7;0;0;6;2;1
536550480;155 758 199;A01;3;7;0;2;1;2;1
536550480;155 758 200;B01;3;30;0;2;1;2;1
536550481;155 758 197;A01;1;33;0;2;1;1;1
536550481;155 758 198;B01;2;7;0;2;7;9;2
536550482;155 758 195;A01;3;7;0;2;2;16;1
536550482;155 758 196;B01;3;1;0;2;4;2;5
536550483;155 758 193;A01;3;7;7;0;1;13;1
536550484;155 758 191;B01;1;33;0;0;8;11;1
536550484;155 758 194;A01;1;7;0;0;5;0;2
536550485;155 758 190;A01;3;7;0;2;1;1;1
536550485;155 758 192;B01;3;7;0;2;8;1;1
536550486;155 758 189;A01;1;33;8;0;9;14;1
536550487;155 758 187;A01;2;7;0;0;1;0;2
536550487;155 758 188;B01;2;7;0;0;4;0;1
536550488;155 758 185;A01;3;34;0;2;1;1;1
536550488;155 758 186;B01;3;7;0;2;2;1;1
536550489;155 758 183;B01;1;10;0;2;1;1;1
536550489;155 758 184;A01;2;7;0;2;1;13;1
536550490;155 758 182;A01;0;7;0;1;1;16;1
536550491;155 758 181;A01;1;7;2;0;1;1;1
536550492;155 758 180;A01;2;33;6;0;1;1;1
536550493;155 758 179;A01;1;7;0;1;1;1;1
536550494;155 758 176;A01;3;7;0;2;3;1;1
536550494;155 758 177;B01;3;7;0;2;1;1;1
536550495;155 758 175;A01;1;7;0;0;6;1;1
536550495;155 758 178;B01;2;7;0;2;3;1;1
536550496;155 758 172;A01;0;7;0;4;7;1;1
536550496;155 758 174;B01;1;40;0;2;1;1;3
536550497;155 758 171;A01;2;7;0;2;3;17;1
536550497;155 758 173;B01;1;33;0;2;8;1;1