Num_Acc;id_vehicule;num_veh;senc;catv;obs;obsm;choc;manv;motor
536550790;155 757 640;A01;1;30;0;0;0;1;1
536550791;155 757 635;A01;1;7;12;2;3;23;1
536550791;155 757 636;B01;1;2;12;2;1;2;1
536550792;155 757 634;A01;2;30;12;1;1;1;1
536550793;155 757 633;A01;1;33;13;0;3;14;1
536550794;155 757 631;B01;1;31;0;2;1;1;1
536550794;155 757 632;A01;1;7;0;2;3;19;2
536550795;155 757 629;A01;1;2;0;2;2;12;1
536550795;155 757 630;B01;1;7;0;2;8;14;1
536550796;155 757 625;A01;2;7;0;2;1;1;1
536550796;155 757 627;B01;1;7;0;2;3;16;1
536550797;155 757 626;A01;3;7;0;2;2;16;1
536550797;155 757 628;B01;3;1;0;2;8;19;5
536550798;155 757 622;A01;2;7;0;2;5;1;1
536550798;155 757 624;B01;1;7;0;2;1;15;1
536550799;155 757 621;B01;3;10;0;2;2;1;1
536550799;155 757 623;A01;3;7;3;2;3;1;2
536550800;155 757 620;A01;1;7;13;0;2;1;1
536550801;155 757 615;D01;3;10;14;0;2;1;0
536550801;155 757 616;A01;3;7;0;2;7;11;0
536550801;155 757 618;B01;3;7;0;2;3;1;2
536550801;155 757 619;C01;3;37;0;2;5;23;3
536550802;155 757 614;B01;0;7;0;2;3;1;1
536550802;155 757 617;A01;0;7;0;2;3;13;1
536550803;155 757 612;A01;0;34;0;0;7;1;1
536550804;155 757 613;A01;1;7;1;0;2;1;1
536550805;155 757 608;A01;2;7;0;2;7;17;1
536550805;155 757 610;B01;2;7;0;2;6;1;1
536550806;155 757 609;B01;0;7;0;2;5;14;1
536550806;155 757 611;A01;3;30;0;2;1;1;1
536550807;155 757 605;A01;1;7;0;2;1;1;1
536550807;155 757 607;B01;2;15;0;2;2;1;1
536550808;155 757 603;A01;1;7;0;2;3;15;2
536550808;155 757 606;B01;1;1;17;2;1;1;5
536550809;155 757 602;A01;1;7;5;0;3;12;1
536550809;155 757 604;B01;1;7;5;0;8;1;1
536550810;155 757 600;B01;3;21;0;2;1;1;1
536550810;155 757 601;A01;3;7;0;2;1;1;1
536550811;155 757 597;A01;3;30;0;2;4;2;1
536550812;155 757 595;A01;1;7;15;0;9;1;1
536550813;155 757 594;B01;2;7;0;2;3;23;0
536550813;155 757 596;A01;2;7;0;2;2;21;1
536550813;155 757 598;C01;2;7;0;2;4;23;1
536550813;155 757 599;D01;2;7;0;2;4;23;1
536550814;155 757 592;B01;3;37;0;1;1;2;1
536550815;155 757 590;A01;1;7;0;2;2;1;2
536550815;155 757 593;B01;1;7;0;2;3;1;3
536550816;155 757 589;A01;1;33;0;2;7;15;1
536550816;155 757 591;B01;2;7;0;2;1;1;1
536550817;155 757 587;A01;3;10;0;1;7;1;1
536550818;155 757 585;A01;1;7;13;0;1;1;1
536550819;155 757 586;A01;2;33;0;2;1;17;1
536550819;155 757 588;B01;2;7;0;2;6;15;2
536550820;155 757 584;A01;1;7;8;2;0;0;1
536550821;155 757 582;A01;3;7;1;1;0;1;3
536550822;155 757 581;A01;2;7;0;2;4;1;1
536550822;155 757 583;B01;2;7;0;2;1;1;1
536550823;155 757 579;A01;1;7;9;0;1;1;1
536550824;155 757 578;A01;2;31;13;0;1;14;1
536550825;155 757 577;B01;3;50;0;2;7;6;3
536550825;155 757 580;A01;1;7;0;9;1;1;1
536550826;155 757 575;A01;2;7;10;0;1;1;1
536550827;155 757 574;A01;2;1;0;1;1;1;5
536550828;155 757 573;A01;2;7;1;2;2;16;0
536550828;155 757 576;B01;2;1;1;0;3;1;5
536550829;155 757 571;A01;0;7;0;1;1;9;3
536550830;155 757 570;A01;1;7;0;2;2;1;1
536550830;155 757 572;B01;1;2;0;2;3;16;1
536550831;155 757 569;A01;2;7;0;1;3;15;1
536550832;155 757 565;A01;3;7;0;2;7;19;1
536550832;155 757 567;B01;2;7;0;2;1;1;1
536550833;155 757 566;A01;3;10;0;2;0;0;1
536550834;155 757 564;A01;2;14;0;2;3;1;1
536550834;155 757 568;B01;1;7;0;2;3;16;1
536550835;155 757 563;A01;1;1;0;1;1;1;5
536550836;155 757 560;B01;1;7;0;2;3;1;1
536550836;155 757 562;A01;2;7;0;2;3;13;1
536550837;155 757 559;A01;1;7;0;2;3;13;1
536550837;155 757 561;B01;2;31;0;2;1;1;3
536550838;155 757 558;A01;1;30;0;0;0;0;1
536550839;155 757 556;A01;2;31;0;2;3;0;1
536550839;155 757 557;B01;1;7;0;0;3;1;1
536550840;155 757 555;A01;2;7;0;1;1;1;1
536550841;155 757 553;B01;3;33;0;2;3;1;1
536550841;155 757 554;Z01;3;7;0;2;2;1;0
536550842;155 757 552;A01;1;10;9;0;1;1;1
536550843;155 757 549;A01;3;7;2;0;1;1;1
536550844;155 757 550;A01;1;30;0;2;6;2;1
536550844;155 757 551;B01;1;7;0;2;6;2;3
536550845;155 757 547;A01;1;7;0;2;3;1;1
536550845;155 757 548;B01;2;7;0;2;3;1;1
536550846;155 757 545;A01;2;7;0;2;1;9;1
536550846;155 757 546;B01;1;2;0;2;7;1;1
536550847;155 757 544;A01;1;7;0;1;4;4;0
536550848;155 757 542;A01;1;2;0;2;3;1;1
536550848;155 757 543;B01;2;7;0;2;3;1;1
536550849;155 757 540;A01;1;32;0;0;7;1;1
536550850;155 757 539;A01;3;10;0;2;3;9;1
536550850;155 757 541;B01;2;31;0;2;3;9;1
536550851;155 757 536;A01;2;10;13;0;3;1;1
536550852;155 757 535;A01;1;7;0;1;2;26;3
536550853;155 757 532;A01;2;7;0;2;8;19;1
536550853;155 757 534;B01;1;33;0;2;1;1;1
536550854;155 757 529;B01;1;7;0;0;3;2;0
536550854;155 757 531;C01;1;7;0;0;3;23;0
536550854;155 757 533;A01;1;7;0;2;3;15;1
536550855;155 757 528;B01;1;50;0;2;4;1;3
536550855;155 757 530;Z01;1;7;0;2;0;0;0
536550856;155 757 527;A01;2;10;2;0;7;1;1
536550857;155 757 524;A01;1;33;0;2;5;2;1
536550857;155 757 526;B01;1;33;0;2;0;2;0
536550858;155 757 522;A01;2;33;0;2;1;1;1
536550858;155 757 523;B01;1;7;0;2;1;15;1
536550859;155 757 520;A01;1;33;0;0;0;1;0
536550860;155 757 521;A01;1;2;0;0;4;1;3
536550860;155 757 525;B01;1;7;0;2;1;1;1
536550861;155 757 516;A01;1;7;0;2;3;9;1
536550861;155 757 519;B01;1;33;0;2;1;1;1
536550862;155 757 517;A01;2;7;0;2;2;2;1
536550862;155 757 518;B01;2;1;0;0;4;2;5
536550863;155 757 515;A01;2;7;6;0;1;0;1
536550864;155 757 514;A01;2;33;0;0;7;0;1
536550865;155 757 513;A01;1;31;5;0;0;14;1
536550866;155 757 512;A01;1;43;4;1;1;1;1
536550867;155 757 511;A01;2;7;17;0;1;12;1
536550868;155 757 506;B01;1;7;0;2;8;11;1
536550868;155 757 509;C01;1;7;3;2;3;1;1
536550868;155 757 510;A01;1;7;0;2;7;1;1
536550869;155 757 504;A01;1;7;0;0;1;13;1
536550869;155 757 507;B01;2;7;0;0;1;1;1
536550870;155 757 503;B01;1;7;0;2;4;2;1
536550870;155 757 505;C01;1;7;0;0;4;2;1
536550870;155 757 508;A01;1;7;0;2;1;2;2
536550871;155 757 500;A01;1;7;0;2;1;26;1
536550871;155 757 501;B01;2;7;0;2;1;1;3
536550872;155 757 499;A01;1;7;0;2;3;1;1
536550872;155 757 502;B01;1;2;0;2;7;19;1
536550873;155 757 496;A01;2;7;0;2;2;2;1
536550873;155 757 498;B01;2;10;0;0;6;1;1
536550874;155 757 495;B01;2;7;0;2;1;1;2
536550874;155 757 497;A01;1;7;0;2;1;11;1
536550875;155 757 492;A01;1;7;0;2;1;2;1
536550875;155 757 494;B01;1;7;13;2;6;1;1
536550876;155 757 490;A01;1;10;0;2;1;6;1
536550876;155 757 491;B01;2;7;0;2;1;1;2
536550877;155 757 487;A01;1;10;0;2;1;0;1
536550877;155 757 489;B01;2;17;0;2;3;1;1
536550878;155 757 486;A01;1;2;0;2;1;1;1
536550878;155 757 488;B01;1;10;0;0;6;6;1
536550879;155 757 484;A01;1;7;0;2;3;9;1
536550879;155 757 485;B01;1;1;0;2;8;12;5
536550880;155 757 483;A01;2;7;3;0;1;2;1
536550881;155 757 480;A01;2;7;0;0;2;0;1
536550882;155 757 479;B01;2;7;0;2;3;20;3
536550882;155 757 481;A01;2;7;0;2;5;1;1
536550883;155 757 478;A01;1;10;0;2;2;0;1
536550883;155 757 482;B01;2;7;0;2;3;5;1
536550884;155 757 475;A01;1;7;0;2;1;1;1
536550884;155 757 477;B01;1;7;0;2;8;9;1
536550885;155 757 474;A01;1;7;9;0;7;13;1
536550886;155 757 473;B01;3;31;0;2;8;15;0
536550886;155 757 476;A01;3;7;0;2;1;15;1
536550887;155 757 472;A01;0;1;0;1;1;1;5
536550888;155 757 468;B01;1;7;0;2;1;2;1
536550888;155 757 471;A01;2;7;0;2;1;5;1
536550889;155 757 466;A01;2;7;0;2;3;0;1
536550889;155 757 469;B01;1;7;0;2;3;0;1
536550890;155 757 467;A01;1;10;0;2;1;1;1
536550890;155 757 470;B01;1;7;0;0;4;1;1
536550891;155 757 464;A01;1;10;7;0;3;1;1
536550892;155 757 462;A01;2;7;13;2;3;15;1
536550892;155 757 465;B01;1;7;13;2;1;1;1
536550893;155 757 461;A01;1;33;0;2;8;0;1
536550893;155 757 463;B01;2;7;0;2;8;0;1
536550894;155 757 459;B01;1;7;0;0;1;1;1
536550894;155 757 460;A01;2;1;0;2;1;13;5
536550895;155 757 457;A01;1;7;2;0;1;1;1
536550896;155 757 456;A01;1;7;0;2;3;11;1
536550896;155 757 458;B01;1;2;0;2;1;17;1
536550897;155 757 455;A01;1;7;2;0;7;1;1
536550898;155 757 452;B01;1;7;0;2;1;1;1
536550898;155 757 454;A01;1;7;0;2;3;19;1
536550899;155 757 450;A01;1;7;0;0;1;1;1
536550899;155 757 453;B01;2;10;0;0;3;13;1
536550900;155 757 449;B01;1;2;0;2;2;1;1
536550900;155 757 451;A01;2;7;0;2;1;15;1
536550901;155 757 448;A01;1;1;0;0;0;0;5
536550902;155 757 446;B01;2;17;4;0;8;21;1
536550902;155 757 447;A01;2;17;6;0;2;1;1
536550903;155 757 443;B01;2;50;0;2;4;2;3
536550903;155 757 444;A01;2;7;0;2;2;2;0
536550904;155 757 440;A01;2;7;11;2;3;6;1
536550904;155 757 441;B01;1;7;0;2;3;1;1
536550904;155 757 445;C01;1;7;0;2;1;1;1
536550905;155 757 439;A01;2;7;0;0;2;14;1
536550905;155 757 442;B01;2;7;0;0;6;1;1
536550906;155 757 438;A01;3;7;13;0;1;1;1
536550907;155 757 434;A01;1;7;0;2;1;13;1
536550907;155 757 436;B01;2;7;8;2;1;1;1
536550908;155 757 433;A01;1;7;17;0;2;14;1
536550909;155 757 435;A01;1;7;0;2;4;9;1
536550909;155 757 437;B01;1;2;0;2;1;1;1
536550910;155 757 431;A01;2;7;0;1;8;15;1
536550911;155 757 429;A01;1;7;0;2;3;0;1
536550911;155 757 432;B01;2;7;0;2;1;0;1
536550912;155 757 428;A01;2;33;0;2;1;15;1
536550912;155 757 430;B01;1;7;0;2;1;1;1
536550913;155 757 425;A01;3;7;0;2;2;9;1
536550913;155 757 427;B01;1;7;0;2;2;2;1
536550914;155 757 424;A01;1;7;7;0;1;1;1
536550915;155 757 423;B01;1;80;0;2;8;1;3
536550915;155 757 426;A01;1;7;0;2;7;17;1
536550916;155 757 422;A01;2;43;3;0;1;2;1
536550917;155 757 421;A01;3;7;13;0;3;0;1
536550918;155 757 418;A01;3;7;0;0;4;1;1
536550918;155 757 420;B01;3;7;0;2;1;1;1
536550919;155 757 416;A01;0;7;0;2;1;13;1
536550919;155 757 419;B01;0;7;0;2;1;0;1
536550920;155 757 415;A01;2;15;3;0;1;1;1
536550921;155 757 414;B01;3;7;0;2;3;15;1
536550921;155 757 417;A01;1;13;0;2;3;1;1
536550922;155 757 412;A01;1;7;0;2;2;2;1
536550922;155 757 413;B01;1;7;0;0;4;16;1
536550923;155 757 411;A01;2;7;0;0;0;19;1
536550924;155 757 409;A01;2;7;6;2;8;1;1
536550924;155 757 410;B01;2;7;0;2;7;12;1
536550925;155 757 408;A01;3;10;0;1;2;0;1
536550926;155 757 407;A01;1;10;1;1;2;0;1
536550927;155 757 405;A01;2;7;4;0;9;1;1
536550928;155 757 403;A01;1;10;2;0;1;1;1
536550929;155 757 404;A01;1;7;0;2;4;2;1
536550929;155 757 406;B01;1;7;0;2;1;2;1
536550930;155 757 397;A01;1;7;0;2;1;5;1
536550930;155 757 400;B01;2;7;0;2;1;1;1
536550931;155 757 396;A01;2;7;0;2;4;23;1
536550931;155 757 399;B01;2;7;0;2;4;23;1
536550931;155 757 401;C01;2;7;0;2;1;2;1
536550932;155 757 394;A01;1;7;0;2;5;2;1
536550932;155 757 395;B01;1;7;1;0;1;12;2
536550932;155 757 398;C01;1;15;0;2;8;21;1
536550932;155 757 402;D01;1;7;1;2;1;21;2
536550933;155 757 393;A01;1;7;13;5;1;1;1
536550934;155 757 391;A01;1;7;0;2;1;2;1
536550934;155 757 392;B01;1;7;0;2;4;1;1
536550935;155 757 387;A01;2;10;7;2;1;1;1
536550935;155 757 389;B01;2;7;7;2;3;1;1
536550936;155 757 385;A01;1;7;0;2;6;1;1
536550936;155 757 388;Z01;1;7;0;2;1;26;0
536550937;155 757 386;A01;1;33;2;2;1;12;1
536550937;155 757 390;B01;1;7;0;2;6;11;1
536550938;155 757 384;A01;1;7;8;0;1;14;1
536550939;155 757 381;A01;3;7;0;2;3;0;1
536550939;155 757 383;B01;3;33;0;2;7;1;1
536550940;155 757 378;A01;1;10;4;2;4;2;1
536550940;155 757 380;B01;1;33;4;2;1;3;1
536550941;155 757 379;A01;0;7;14;0;1;1;1
536550941;155 757 382;B01;3;7;0;0;4;1;3
536550942;155 757 377;A01;1;33;13;0;0;1;1
536550943;155 757 376;A01;2;33;0;0;0;3;1
536550944;155 757 375;A01;2;2;0;0;0;2;1
536550945;155 757 373;A01;2;15;0;1;0;0;1
536550946;155 757 370;B01;1;17;0;2;2;1;1
536550946;155 757 371;C01;1;33;0;2;1;17;1
536550946;155 757 374;A01;1;7;3;2;6;9;1
536550947;155 757 369;A01;2;7;4;0;1;0;1
536550948;155 757 368;B01;1;7;10;0;4;13;1
536550948;155 757 372;A01;1;10;1;0;1;13;1
536550949;155 757 365;A01;1;33;0;2;7;3;1
536550949;155 757 366;B01;1;7;0;2;8;2;1
536550950;155 757 363;A01;1;7;0;2;1;14;1
536550950;155 757 367;B01;1;15;0;2;4;1;1
536550951;155 757 362;A01;3;7;0;9;2;21;1
536550951;155 757 364;B01;3;1;0;2;3;15;5
536550952;155 757 357;B01;1;16;0;0;8;24;1
536550952;155 757 358;C01;1;15;1;9;8;24;1
536550952;155 757 359;A01;1;7;1;0;2;14;1
536550953;155 757 360;B01;1;7;0;2;3;24;1
536550953;155 757 361;A01;1;7;1;0;2;14;1
536550954;155 757 355;A01;1;33;3;0;2;0;1
536550955;155 757 352;A01;1;10;0;0;2;2;6
536550955;155 757 354;B01;1;30;0;0;4;13;1
536550956;155 757 348;C01;1;7;0;2;1;1;1
536550956;155 757 349;E01;1;7;0;2;1;1;3
536550956;155 757 350;D01;1;7;0;2;2;26;1
536550956;155 757 353;A01;1;7;0;2;4;2;1
536550956;155 757 356;B01;1;7;0;2;1;2;1
536550957;155 757 346;B01;0;2;0;2;1;5;1
536550957;155 757 351;A01;0;7;0;2;1;1;1
536550958;155 757 345;B01;2;33;0;2;1;1;1
536550958;155 757 347;A01;2;7;0;2;3;15;1
536550959;155 757 344;A01;2;7;0;1;1;1;1
536550960;155 757 341;A01;3;1;0;9;1;1;5
536550960;155 757 342;B01;3;1;0;9;1;1;5
536550961;155 757 340;B01;1;7;0;2;1;26;1
536550961;155 757 343;A01;1;1;0;2;8;25;5
536550962;155 757 339;A01;0;7;0;1;3;16;1
536550963;155 757 338;A01;1;7;13;0;9;1;1
536550964;155 757 337;A01;0;7;1;1;3;15;1
536550965;155 757 335;A01;3;7;0;1;1;1;1
536550966;155 757 336;A01;0;17;0;1;0;16;1
536550967;155 757 333;A01;1;31;12;2;1;14;1
536550967;155 757 334;B01;1;10;0;0;8;23;1
536550968;155 757 332;A01;3;80;0;1;1;1;3
536550969;155 757 331;A01;1;10;6;0;1;6;1
536550970;155 757 330;A01;1;31;0;0;0;1;1
536550971;155 757 327;A01;1;7;0;2;3;15;1
536550971;155 757 329;B01;2;1;0;2;1;1;5
536550972;155 757 325;A01;1;7;8;0;1;2;1
536550973;155 757 324;B01;1;7;0;2;7;1;1
536550973;155 757 328;A01;2;7;0;2;1;1;1
536550974;155 757 323;A01;2;7;0;6;3;1;1
536550974;155 757 326;B01;1;7;0;6;1;1;1
536550975;155 757 320;B01;2;33;0;2;1;2;1
536550975;155 757 321;A01;2;33;0;2;4;1;1
536550976;155 757 317;D01;2;7;0;2;0;0;1
536550976;155 757 318;A01;2;7;1;0;3;6;1
536550977;155 757 319;A01;1;7;6;0;2;2;1
536550978;155 757 312;A01;3;30;0;2;8;13;1
536550978;155 757 315;B01;3;10;0;2;6;0;1
536550979;155 757 314;A01;2;7;0;2;1;15;1
536550979;155 757 316;B01;1;7;0;2;1;1;1
536550980;155 757 309;B01;3;7;0;2;6;15;1
536550980;155 757 310;A01;3;33;0;2;1;13;1
536550981;155 757 306;A01;1;7;0;2;1;13;1
536550981;155 757 307;B01;1;7;0;2;1;1;1
536550982;155 757 308;B01;1;7;0;2;4;2;1
536550982;155 757 311;C01;1;7;0;2;1;2;1
536550982;155 757 313;A01;1;7;0;2;4;9;1
536550983;155 757 302;A01;3;7;0;2;8;24;3
536550983;155 757 304;B01;3;1;0;2;1;1;5
536550984;155 757 303;A01;1;7;0;2;2;19;2
536550984;155 757 305;B01;2;43;0;2;5;15;1
536550985;155 757 298;A01;3;7;0;2;1;1;0
536550985;155 757 300;B01;3;1;0;2;0;19;5
536550986;155 757 299;B01;2;7;0;2;1;2;1
536550986;155 757 301;A01;2;10;0;2;4;1;1
536550987;155 757 296;B01;1;17;0;0;0;1;0
536550987;155 757 297;A01;1;7;15;0;4;1;1
536550988;155 757 289;A01;2;7;0;2;1;2;1
536550988;155 757 292;B01;2;7;0;2;4;0;1
536550988;155 757 294;C01;2;7;0;2;4;1;1
536550989;155 757 290;B01;2;7;0;2;2;0;1
536550989;155 757 295;A01;1;7;0;2;7;16;1
536550990;155 757 288;C01;2;7;0;2;1;2;1
536550990;155 757 291;A01;2;7;0;2;4;2;1
536550990;155 757 293;B01;2;7;0;2;4;2;1
536550991;155 757 285;A01;2;30;0;0;0;14;1
536550992;155 757 284;A01;2;7;0;2;1;1;1
536550992;155 757 286;B01;2;7;0;2;4;2;1
536550992;155 757 287;C01;2;7;0;2;4;0;1
536550993;155 757 282;A01;1;7;0;2;1;12;1
536550993;155 757 283;B01;1;10;0;2;4;12;1
536550994;155 757 280;A01;1;37;0;1;0;2;0
536550995;155 757 278;B01;1;10;0;2;9;23;1
536550995;155 757 279;A01;1;7;0;2;1;0;1
536550995;155 757 281;C01;1;7;0;2;4;23;1
536550996;155 757 272;A01;2;33;0;2;1;21;1
536550996;155 757 275;B01;2;7;0;2;4;1;1
536550997;155 757 273;T01;2;7;0;0;0;0;1
536550997;155 757 276;B01;2;33;0;2;4;2;1
536550997;155 757 277;A01;2;33;0;2;1;2;1
536550998;155 757 271;A01;1;7;0;2;3;15;0
536550998;155 757 274;B01;1;2;0;2;5;1;1
536550999;155 757 269;B01;1;33;0;2;8;3;1
536550999;155 757 270;A01;1;7;0;2;7;12;1
536551000;155 757 267;A01;1;14;0;2;1;14;1
536551000;155 757 268;B01;1;14;0;2;4;24;0
536551001;155 757 266;B01;3;7;0;1;3;1;1
536551002;155 757 264;A01;2;7;0;2;6;9;1
536551002;155 757 265;B01;2;7;0;2;2;1;1
536551003;155 757 259;B01;1;15;0;2;6;24;1
536551003;155 757 260;A01;1;7;1;0;2;1;1
536551004;155 757 257;A01;1;7;0;2;1;12;1
536551004;155 757 262;B01;1;7;0;2;5;1;2
536551005;155 757 255;A01;0;10;0;1;1;1;1
536551006;155 757 254;E01;1;15;0;2;8;1;1
536551006;155 757 256;C01;1;10;0;2;5;1;1
536551006;155 757 258;D01;1;7;0;2;4;1;1
536551006;155 757 261;A01;1;15;0;2;1;1;1
536551006;155 757 263;B01;1;10;0;2;5;1;1
536551007;155 757 252;A01;3;33;0;9;1;26;1
536551007;155 757 253;B01;3;33;0;9;1;0;1
536551008;155 757 248;B01;1;7;0;2;1;15;1
536551008;155 757 251;A01;1;33;0;2;8;1;1
536551009;155 757 247;A01;1;7;0;0;3;21;1
536551010;155 757 245;A01;1;7;0;1;3;15;1
536551011;155 757 241;B01;3;7;0;2;9;1;1
536551011;155 757 243;A01;3;7;0;2;1;1;1
536551013;155 757 239;A01;1;7;0;2;3;1;1
536551013;155 757 240;B01;1;2;0;2;3;1;1
536551014;155 757 236;A01;1;7;0;2;4;2;1
536551014;155 757 238;B01;1;10;0;2;1;2;1
536551015;155 757 235;A01;3;33;0;2;1;1;1
536551015;155 757 237;B01;3;1;0;2;1;1;5
536551016;155 757 234;A01;1;7;0;1;2;16;1
536551017;155 757 233;A01;3;7;0;1;1;1;1
536551018;155 757 231;A01;0;2;0;2;1;18;1
536551018;155 757 232;B01;0;7;0;2;7;16;1
536551019;155 757 229;A01;1;32;0;0;7;17;1
536551020;155 757 228;D01;1;7;0;2;4;0;2
536551020;155 757 230;A01;1;38;0;2;1;21;1
536551020;155 757 246;B01;1;7;0;2;4;0;2
536551020;155 757 249;C01;1;7;0;2;0;0;1
536551020;155 757 250;E01;1;7;0;2;0;0;2
536551021;155 757 226;A01;1;7;0;9;2;1;1
536551021;155 757 227;B01;2;60;0;2;1;9;5
536551022;155 757 222;A01;1;43;0;2;0;17;1
536551022;155 757 224;B01;1;7;0;2;0;1;2
536551023;155 757 221;Z01;3;2;0;1;1;1;0
536551024;155 757 217;A01;1;34;11;0;2;16;1
536551025;155 757 214;A01;1;32;8;0;3;13;1
536551026;155 757 213;A01;1;33;0;2;3;3;1
536551026;155 757 215;B01;1;7;0;2;5;1;1
536551027;155 757 212;D01;2;10;0;2;1;2;1
536551027;155 757 216;E01;2;7;0;2;4;2;1
536551027;155 757 219;A01;2;7;0;2;4;2;2
536551027;155 757 220;B01;2;7;0;2;0;2;1
536551027;155 757 225;C01;2;10;0;2;1;0;1
536551028;155 757 210;A01;1;37;0;2;6;15;3
536551028;155 757 211;B01;1;2;0;2;4;15;1
536551029;155 757 208;B01;1;1;0;2;4;23;5
536551029;155 757 209;A01;1;7;1;0;2;26;1
536551030;155 757 204;A01;1;7;0;2;3;1;1
536551030;155 757 206;B01;2;7;0;2;3;1;1
536551031;155 757 203;A01;1;33;0;2;8;12;1
536551031;155 757 207;B01;1;10;0;2;1;9;1
536551032;155 757 201;A01;2;7;0;2;2;16;1
536551032;155 757 205;B01;1;50;0;2;1;19;3
536551033;155 757 200;A01;3;7;0;2;1;1;1
536551033;155 757 202;B01;3;50;0;2;5;1;3
536551034;155 757 195;C01;1;7;0;2;1;1;1
536551034;155 757 196;A01;1;7;1;0;2;21;1
536551034;155 757 199;B01;1;7;0;2;6;23;1
536551035;155 757 194;A01;2;7;0;2;5;2;1
536551035;155 757 197;B01;2;2;0;2;3;2;1
536551036;155 757 191;B01;3;50;0;2;4;2;3
536551036;155 757 193;A01;3;10;0;2;1;2;0
536551037;155 757 189;A01;1;7;0;2;8;0;1
536551037;155 757 192;B01;1;31;0;2;7;0;1
536551038;155 757 190;B01;2;7;0;2;2;20;1
536551038;155 757 198;A01;3;30;0;2;1;20;1
536551039;155 757 186;A01;2;43;1;0;1;14;1
536551040;155 757 187;A01;1;30;0;2;1;17;1
536551041;155 757 185;B01;1;7;0;2;3;15;1
536551041;155 757 188;A01;2;33;0;2;1;1;1
536551042;155 757 183;A01;1;7;4;0;1;1;2
536551043;155 757 182;B01;3;7;0;2;4;23;0
536551043;155 757 184;Z01;3;7;0;2;1;1;1
536551044;155 757 179;A01;1;34;0;1;1;1;1
536551045;155 757 175;C01;2;7;0;2;4;1;1
536551045;155 757 178;B01;2;7;0;2;4;1;1
536551045;155 757 181;A01;2;7;0;2;1;1;1
536551046;155 757 174;A01;3;7;14;0;1;2;1
536551047;155 757 172;B01;1;7;0;2;6;1;1
536551047;155 757 176;A01;1;10;0;2;2;13;1
536551047;155 757 180;C01;1;7;0;2;1;1;1
536551048;155 757 170;C01;1;33;4;0;8;2;1
536551048;155 757 173;B01;1;7;0;2;4;2;1
536551048;155 757 177;A01;1;7;0;2;1;2;1
536551049;155 757 169;A01;2;30;0;2;1;1;1
536551049;155 757 171;B01;2;7;0;2;4;1;3
536551050;155 757 166;A01;2;0;0;2;1;1;0
536551050;155 757 168;Y01;1;50;0;2;1;1;3
536551051;155 757 165;A01;2;10;1;0;0;0;1
536551051;155 757 167;B01;2;10;1;2;4;23;2
536551052;155 757 163;A01;1;7;0;1;3;16;2
536551053;155 757 162;A01;1;33;0;0;7;1;1
536551054;155 757 160;A01;2;21;7;0;7;15;1
536551055;155 757 161;A01;3;7;0;2;2;13;1
536551055;155 757 164;B01;3;33;0;2;7;14;1
536551056;155 757 158;A01;1;7;0;9;2;20;1
536551056;155 757 159;B01;1;50;0;2;2;18;3
536551057;155 757 154;B01;2;33;0;2;1;15;1
536551057;155 757 157;A01;1;2;0;2;1;1;1
536551058;155 757 152;A01;2;33;0;2;2;3;1
536551058;155 757 156;B01;2;14;0;2;6;0;1
536551059;155 757 151;A01;2;7;9;0;1;0;3
536551060;155 757 150;B01;2;42;0;2;1;1;1
536551060;155 757 155;A01;1;7;0;2;1;15;3
536551061;155 757 149;A01;3;7;1;0;1;1;1
536551061;155 757 153;B01;3;7;0;2;4;24;1
536551062;155 757 147;A01;1;7;8;0;1;1;1
536551063;155 757 144;B01;2;32;0;2;7;1;1
536551063;155 757 148;A01;2;7;0;2;8;11;1
536551064;155 757 143;A01;1;34;0;2;2;17;1
536551064;155 757 146;B01;1;7;0;2;3;15;1
536551065;155 757 141;A01;1;7;0;2;3;15;1
536551065;155 757 145;B01;3;32;0;2;1;1;1
536551066;155 757 142;A01;3;7;6;0;5;20;1
536551067;155 757 138;A01;2;7;0;2;2;16;1
536551067;155 757 140;B01;2;30;0;2;8;18;1
536551068;155 757 137;A01;1;17;0;2;1;1;1
536551068;155 757 139;B01;1;7;0;2;9;0;1
536551069;155 757 133;Z01;1;7;0;1;1;1;1
536551070;155 757 134;A01;2;7;0;2;4;2;2
536551070;155 757 136;B01;1;10;0;2;1;0;1
536551071;155 757 132;A01;1;33;0;0;0;1;1
536551072;155 757 131;A01;1;7;4;0;7;1;1
536551073;155 757 130;B01;2;7;0;0;2;2;1
536551073;155 757 135;A01;2;7;0;0;8;19;1
536551074;155 757 128;A01;1;33;0;0;7;1;1
536551075;155 757 125;A01;2;7;0;2;8;14;1
536551075;155 757 129;B01;2;80;0;2;8;1;3
536551076;155 757 123;A01;1;7;1;0;1;17;1
536551077;155 757 122;B01;1;7;0;2;4;2;2
536551077;155 757 126;A01;1;7;0;2;1;2;1
536551078;155 757 121;B01;2;33;0;2;3;3;1
536551078;155 757 124;C01;2;7;0;2;4;1;1
536551078;155 757 127;A01;2;7;0;2;2;12;1
536551079;155 757 120;A01;1;33;0;6;1;1;1
536551080;155 757 119;A01;3;33;0;1;2;1;1
536551081;155 757 117;A01;2;7;0;1;3;18;1
536551082;155 757 116;A01;1;7;8;0;3;13;1
536551083;155 757 114;B01;3;7;0;2;3;2;2
536551083;155 757 118;A01;3;7;0;2;0;0;1
536551084;155 757 110;A01;2;1;0;2;1;1;5