Num_Acc;id_vehicule;num_veh;senc;catv;obs;obsm;choc;manv;motor
536551389;155 756 574;A01;3;7;0;2;0;0;0
536551390;155 756 569;C01;1;7;0;2;1;1;1
536551390;155 756 572;A01;1;2;0;2;1;1;1
536551390;155 756 575;B01;2;7;0;2;3;15;1
536551391;155 756 570;B01;2;7;9;2;3;1;1
536551391;155 756 577;A01;1;10;0;2;2;1;1
536551392;155 756 568;A01;1;7;12;0;2;2;1
536551393;155 756 566;A01;2;10;12;0;9;2;1
536551394;155 756 565;A01;0;10;1;0;1;1;1
536551395;155 756 564;A01;1;7;0;9;2;1;1
536551395;155 756 567;B01;2;50;0;2;1;0;3
536551396;155 756 562;Z01;2;7;0;2;2;17;1
536551396;155 756 563;B01;1;7;0;2;1;1;0
536551397;155 756 557;A01;3;33;0;0;0;1;1
536551398;155 756 560;A01;0;33;0;2;7;26;1
536551398;155 756 561;B01;0;7;0;2;6;0;1
536551399;155 756 558;A01;1;7;0;1;3;1;1
536551400;155 756 555;B01;1;32;0;2;8;1;1
536551400;155 756 559;A01;3;7;0;2;2;1;1
536551401;155 756 553;A01;1;99;8;2;1;21;1
536551402;155 756 551;B01;0;1;0;2;8;1;5
536551402;155 756 552;A01;1;7;0;9;7;15;1
536551403;155 756 549;A01;0;50;8;0;1;13;3
536551404;155 756 547;B01;0;7;0;2;4;15;1
536551404;155 756 550;A01;0;7;0;2;1;1;1
536551405;155 756 543;A01;3;7;0;1;1;1;1
536551406;155 756 545;A01;0;7;0;2;1;1;1
536551406;155 756 546;B01;0;7;0;2;4;1;1
536551406;155 756 548;C01;0;7;0;0;4;15;1
536551407;155 756 542;A01;1;7;0;2;2;15;1
536551407;155 756 544;B01;0;42;0;2;8;1;1
536551409;155 756 537;B01;3;7;0;2;1;1;1
536551409;155 756 541;A01;3;7;0;2;5;19;1
536551410;155 756 535;B01;1;7;0;2;2;13;1
536551410;155 756 538;A01;2;20;0;2;3;1;3
536551411;155 756 536;A01;2;7;0;2;4;2;1
536551411;155 756 539;B01;2;36;0;2;0;0;1
536551412;155 756 534;A01;1;7;0;1;2;15;0
536551413;155 756 532;B01;1;33;0;2;0;1;1
536551414;155 756 531;B01;2;7;0;2;1;26;1
536551414;155 756 533;A01;1;7;0;2;1;26;1
536551415;155 756 530;A01;1;7;0;1;7;16;1
536551416;155 756 528;A01;1;30;12;0;7;14;1
536551417;155 756 525;A01;1;7;0;2;1;1;1
536551417;155 756 529;B01;1;7;0;2;4;2;1
536551418;155 756 523;B01;3;7;0;2;1;2;1
536551418;155 756 526;A01;3;10;12;0;4;2;3
536551419;155 756 524;B01;2;2;0;2;7;15;1
536551419;155 756 527;A01;2;7;0;2;3;9;1
536551420;155 756 520;B01;1;33;0;2;4;1;1
536551420;155 756 522;A01;2;7;0;2;3;9;1
536551421;155 756 519;B01;0;32;0;2;1;1;1
536551421;155 756 521;A01;0;7;0;2;1;15;1
536551422;155 756 517;A01;0;7;0;1;1;18;1
536551423;155 756 513;B01;3;30;0;2;1;1;1
536551423;155 756 516;A01;3;7;0;2;8;15;1
536551424;155 756 512;B01;3;7;0;2;7;10;1
536551424;155 756 518;A01;3;32;0;2;1;26;1
536551425;155 756 511;A01;1;33;0;1;1;19;1
536551426;155 756 506;A01;3;7;0;2;1;13;1
536551426;155 756 509;B01;3;7;0;2;1;1;1
536551427;155 756 507;A01;1;7;0;2;2;16;1
536551427;155 756 510;B01;1;31;0;2;1;1;1
536551428;155 756 504;B01;0;32;0;1;1;2;1
536551428;155 756 508;A01;3;50;0;2;1;5;3
536551429;155 756 503;A01;2;7;0;2;1;1;1
536551429;155 756 505;B01;3;7;0;2;3;10;1
536551430;155 756 501;B01;1;38;0;2;4;2;1
536551430;155 756 502;A01;1;7;0;2;1;2;1
536551431;155 756 500;A01;2;7;0;1;1;1;1
536551432;155 756 497;A01;2;7;0;2;3;9;1
536551432;155 756 499;B01;1;1;0;2;2;1;5
536551433;155 756 498;A01;2;33;0;1;2;1;1
536551434;155 756 495;A01;2;31;0;2;8;15;1
536551434;155 756 496;B01;2;7;0;2;7;1;1
536551435;155 756 493;B01;2;7;0;2;3;1;1
536551435;155 756 494;A01;1;7;0;2;3;13;1
536551436;155 756 492;A01;1;37;9;1;7;9;1
536551437;155 756 488;B01;1;7;0;2;4;1;1
536551437;155 756 490;A01;1;7;0;2;1;1;1
536551438;155 756 487;B01;2;34;0;2;1;1;1
536551438;155 756 489;A01;3;7;0;2;7;12;1
536551439;155 756 485;B01;3;80;0;2;1;0;2
536551439;155 756 491;A01;3;7;0;2;1;9;1
536551440;155 756 486;A01;1;7;0;1;0;13;1
536551441;155 756 481;B01;1;33;0;2;2;20;0
536551441;155 756 483;A01;1;30;0;2;8;1;1
536551442;155 756 479;B01;2;50;0;2;1;1;3
536551442;155 756 482;A01;2;7;0;2;5;16;1
536551443;155 756 480;A01;1;33;0;2;8;18;1
536551443;155 756 484;B01;2;7;0;2;1;15;2
536551444;155 756 476;A01;2;50;0;0;0;14;3
536551445;155 756 477;B01;3;7;0;2;0;0;1
536551445;155 756 478;A01;3;10;0;2;0;0;1
536551446;155 756 474;B01;3;30;0;2;1;1;1
536551446;155 756 475;A01;3;7;0;2;1;9;1
536551447;155 756 472;A01;2;7;0;0;1;1;1
536551448;155 756 470;A01;3;7;0;1;5;1;1
536551449;155 756 471;B01;1;3;0;0;0;13;0
536551449;155 756 473;A01;1;37;1;2;0;1;1
536551450;155 756 468;A01;3;7;0;2;0;1;1
536551450;155 756 469;B01;3;1;0;2;0;1;5
536551451;155 756 465;B01;1;80;0;2;1;1;3
536551451;155 756 467;A01;1;15;0;2;5;1;1
536551452;155 756 464;A01;1;7;0;2;3;19;2
536551452;155 756 466;B01;2;32;0;2;1;1;1
536551453;155 756 463;A01;3;50;15;1;1;1;3
536551454;155 756 459;A01;1;33;0;0;0;0;1
536551454;155 756 462;B01;2;0;0;2;3;18;0
536551455;155 756 458;A01;2;31;0;2;3;2;1
536551455;155 756 460;B01;1;7;0;2;3;13;2
536551456;155 756 456;B01;2;7;0;2;3;1;1
536551456;155 756 461;A01;1;7;0;2;0;0;1
536551457;155 756 455;A01;1;7;0;2;1;0;1
536551457;155 756 457;B01;1;7;0;2;2;26;1
536551458;155 756 454;A01;2;10;0;1;1;2;1
536551459;155 756 448;B01;3;50;0;2;1;1;3
536551459;155 756 452;A01;3;7;0;9;8;9;0
536551460;155 756 446;A01;1;7;0;2;8;1;1
536551460;155 756 450;B01;1;50;0;2;7;1;3
536551461;155 756 447;B01;2;15;0;2;3;1;1
536551461;155 756 451;C01;2;7;0;2;1;1;1
536551461;155 756 453;A01;1;7;0;2;1;1;1
536551462;155 756 444;C01;2;7;0;2;5;2;1
536551462;155 756 445;A01;2;14;0;2;2;2;1
536551462;155 756 449;B01;2;7;0;2;6;9;1
536551463;155 756 438;A01;3;33;0;2;3;1;1
536551463;155 756 442;B01;3;7;0;2;3;1;1
536551464;155 756 440;A01;3;7;0;2;1;2;2
536551464;155 756 443;B01;3;10;0;2;4;23;1
536551465;155 756 441;A01;1;33;8;0;1;0;1
536551466;155 756 437;A01;1;33;0;2;7;3;1
536551466;155 756 439;Z01;1;7;0;2;7;13;0
536551467;155 756 433;A01;1;30;0;0;2;1;1
536551468;155 756 434;A01;1;7;2;0;1;13;1
536551469;155 756 431;A01;1;3;0;2;6;26;1
536551469;155 756 436;B01;1;32;0;2;1;1;1
536551470;155 756 432;B01;1;32;0;2;7;1;1
536551470;155 756 435;A01;1;7;0;2;8;10;2
536551471;155 756 429;A01;1;7;0;1;7;1;2
536551472;155 756 428;A01;1;32;0;0;0;0;1
536551473;155 756 430;A01;1;7;13;0;1;1;1
536551474;155 756 426;A01;1;7;0;2;6;13;1
536551474;155 756 427;B01;2;7;0;2;3;1;1
536551475;155 756 423;B01;0;33;0;2;0;0;1
536551475;155 756 425;A01;2;7;0;2;2;15;2
536551476;155 756 422;A01;1;33;0;0;7;2;1
536551477;155 756 421;A01;2;7;0;2;3;19;1
536551477;155 756 424;B01;1;7;0;2;3;1;1
536551478;155 756 420;A01;1;7;0;1;2;1;1
536551479;155 756 416;A01;3;33;0;0;7;1;1
536551480;155 756 415;A01;2;7;1;2;1;13;1
536551480;155 756 417;C01;3;7;6;2;9;23;1
536551480;155 756 419;B01;1;7;0;2;1;1;1
536551481;155 756 412;A01;2;7;0;1;3;1;1
536551482;155 756 411;A01;0;7;0;2;0;0;1
536551482;155 756 414;B01;0;33;0;2;0;26;1
536551483;155 756 409;A01;2;50;0;2;1;13;3
536551483;155 756 410;B01;1;7;0;2;6;21;3
536551484;155 756 407;C01;2;15;0;0;3;1;1
536551484;155 756 408;A01;1;7;0;2;1;1;1
536551484;155 756 413;B01;1;7;0;0;6;1;1
536551485;155 756 406;A01;1;13;2;0;1;14;1
536551486;155 756 404;A01;1;7;0;2;1;5;1
536551486;155 756 405;B01;1;7;0;2;1;0;1
536551487;155 756 403;A01;3;7;0;1;3;19;2
536551488;155 756 402;A01;2;7;13;0;1;1;1
536551489;155 756 400;A01;1;7;6;0;1;1;1
536551490;155 756 399;A01;2;33;13;0;1;16;1
536551491;155 756 398;B01;1;30;0;2;1;1;1
536551491;155 756 401;A01;2;7;0;2;2;15;1
536551492;155 756 394;B01;1;60;0;2;2;19;5
536551492;155 756 396;A01;1;7;0;2;3;1;0
536551493;155 756 393;A01;2;7;0;2;3;1;1
536551493;155 756 395;C01;1;33;0;2;7;1;1
536551493;155 756 397;B01;2;7;0;2;8;1;1
536551494;155 756 389;A01;3;7;0;2;1;1;1
536551494;155 756 391;B01;1;1;0;2;7;15;5
536551495;155 756 390;B01;2;7;0;2;1;1;1
536551495;155 756 392;A01;1;7;8;0;5;19;1
536551496;155 756 385;A01;0;7;0;0;4;23;1
536551496;155 756 387;B01;0;7;0;2;1;1;1
536551497;155 756 383;B01;1;38;0;0;0;0;1
536551497;155 756 384;A01;1;30;0;2;1;26;3
536551498;155 756 381;A01;2;7;4;0;3;17;1
536551499;155 756 380;A01;1;7;0;1;1;1;1
536551500;155 756 378;A01;1;7;0;2;1;2;1
536551500;155 756 382;B01;1;13;0;0;6;2;1
536551501;155 756 377;B01;3;7;0;2;2;1;1
536551501;155 756 379;A01;3;7;0;2;6;4;1
536551502;155 756 376;A01;1;7;0;1;1;1;1
536551503;155 756 374;B01;1;7;0;2;6;20;1
536551503;155 756 375;A01;1;33;0;2;1;1;1
536551504;155 756 373;A01;1;33;13;0;1;1;1
536551505;155 756 371;A01;2;7;13;0;1;1;1
536551506;155 756 370;A01;0;1;0;2;1;2;5
536551507;155 756 369;A01;3;7;0;2;2;15;1
536551507;155 756 372;B01;2;16;0;2;3;1;1
536551508;155 756 368;A01;2;7;0;0;9;2;1
536551509;155 756 367;A01;2;1;0;0;0;1;5
536551510;155 756 365;A01;0;33;0;2;1;13;1
536551510;155 756 366;B01;2;7;0;2;6;2;1
536551511;155 756 364;A01;3;37;0;1;3;1;1
536551512;155 756 362;B01;3;7;0;2;1;1;0
536551512;155 756 363;A01;3;7;0;0;2;13;1
536551513;155 756 360;A01;1;7;0;1;1;1;1
536551514;155 756 359;A01;2;50;0;1;1;1;3
536551515;155 756 357;A01;2;14;0;2;1;2;1
536551515;155 756 358;B01;2;7;0;2;4;2;1
536551515;155 756 361;C01;2;14;0;2;4;2;1
536551516;155 756 353;A01;1;7;0;2;1;2;1
536551516;155 756 355;B01;1;7;0;2;4;23;1
536551517;155 756 352;A01;1;2;13;2;1;17;1
536551517;155 756 356;B01;2;7;0;2;2;16;1
536551518;155 756 351;B01;2;99;0;2;8;26;6
536551518;155 756 354;A01;2;7;0;5;2;17;1
536551519;155 756 350;A01;2;33;0;0;0;1;1
536551520;155 756 348;A01;2;7;0;2;7;15;1
536551520;155 756 349;B01;1;30;0;2;2;1;1
536551521;155 756 347;A01;0;7;0;1;0;0;1
536551522;155 756 343;B01;2;1;0;2;3;1;5
536551522;155 756 346;A01;2;7;0;2;2;17;2
536551523;155 756 342;B01;1;7;0;2;1;13;1
536551523;155 756 344;A01;2;10;0;2;1;1;1
536551524;155 756 341;A01;3;7;0;2;2;9;1
536551524;155 756 345;B01;3;80;0;2;7;1;3
536551525;155 756 340;A01;2;7;0;1;1;1;1
536551526;155 756 339;A01;2;7;2;0;3;13;1
536551527;155 756 338;A01;3;37;0;1;2;1;1
536551528;155 756 337;A01;1;7;16;9;1;1;1
536551529;155 756 334;B01;3;99;0;9;0;0;5
536551529;155 756 336;A01;3;1;0;9;8;21;5
536551530;155 756 333;A01;2;7;0;2;1;1;1
536551530;155 756 335;B01;2;7;0;2;2;19;1
536551531;155 756 330;B01;0;10;0;2;8;0;1
536551531;155 756 332;A01;0;7;0;2;1;0;1
536551532;155 756 328;A01;1;7;13;0;3;1;1
536551533;155 756 331;A01;3;7;2;0;8;16;1
536551534;155 756 327;B01;2;7;0;2;4;23;1
536551534;155 756 329;A01;2;10;14;2;1;1;1
536551535;155 756 323;A01;1;2;0;2;3;0;1
536551535;155 756 326;B01;1;7;0;2;3;0;2
536551536;155 756 321;A01;3;7;0;2;6;9;1
536551536;155 756 325;B01;2;7;0;2;2;21;1
536551537;155 756 320;A01;3;7;0;2;3;1;1
536551537;155 756 322;T01;3;7;0;0;0;0;1
536551537;155 756 324;B01;3;33;0;2;5;16;1
536551538;155 756 318;B01;1;14;0;2;3;1;1
536551538;155 756 319;A01;2;7;0;2;1;11;1
536551539;155 756 315;B01;1;7;0;2;1;1;3
536551539;155 756 317;A01;2;7;15;2;1;13;1
536551540;155 756 314;A01;1;33;0;2;1;21;1
536551540;155 756 316;B01;3;7;0;2;3;15;1
536551541;155 756 312;A01;1;2;1;0;1;1;1
536551542;155 756 309;A01;2;7;3;2;1;2;1
536551542;155 756 311;B01;2;7;0;0;4;2;1
536551542;155 756 313;C01;2;7;0;2;4;2;1
536551543;155 756 306;A01;2;7;8;0;1;1;1
536551544;155 756 305;A01;3;7;0;2;3;15;1
536551544;155 756 308;B01;1;7;0;2;2;21;1
536551545;155 756 307;A01;1;30;0;2;1;1;3
536551545;155 756 310;B01;2;7;0;2;8;15;1
536551546;155 756 304;A01;2;33;14;0;1;1;1
536551547;155 756 302;B01;2;80;0;2;8;10;3
536551547;155 756 303;A01;2;7;0;2;2;17;1
536551548;155 756 299;B01;2;7;0;2;0;1;1
536551548;155 756 301;A01;1;30;0;2;5;1;1
536551549;155 756 298;A01;1;7;16;0;0;1;1
536551550;155 756 295;A01;1;14;8;2;3;5;1
536551550;155 756 296;B01;2;7;0;2;8;1;1
536551551;155 756 294;B01;1;7;0;2;1;1;1
536551551;155 756 297;A01;1;7;0;2;3;15;2
536551552;155 756 291;B01;1;33;13;0;0;21;1
536551553;155 756 292;A01;1;7;0;2;3;13;1
536551553;155 756 293;B01;2;10;0;2;3;1;1
536551554;155 756 289;A01;3;7;0;2;1;9;1
536551554;155 756 290;B01;2;1;0;2;2;1;5
536551555;155 756 286;A01;2;7;0;2;8;9;1
536551555;155 756 288;B01;1;1;0;2;1;1;5
536551556;155 756 285;A01;1;7;0;2;2;13;1
536551556;155 756 287;B01;2;7;0;2;2;21;2
536551557;155 756 283;A01;3;1;0;2;1;1;5
536551557;155 756 284;B01;3;7;0;2;3;16;1
536551558;155 756 282;A01;1;7;13;0;0;1;1
536551559;155 756 281;A01;3;7;2;0;1;14;1
536551560;155 756 280;A01;1;7;0;1;1;1;1
536551561;155 756 278;A01;3;50;0;1;1;1;3
536551562;155 756 277;A01;1;7;0;2;2;15;1
536551562;155 756 279;B01;2;34;0;2;1;1;1
536551563;155 756 274;A01;3;0;0;2;3;13;0
536551563;155 756 275;B01;3;1;0;0;8;1;5
536551564;155 756 276;A01;1;7;0;1;1;1;1
536551565;155 756 273;A01;2;7;2;0;1;0;1
536551566;155 756 272;A01;1;33;0;0;1;1;1
536551567;155 756 270;A01;1;7;0;0;0;0;1
536551568;155 756 268;A01;3;7;0;2;3;26;1
536551568;155 756 271;B01;3;2;0;2;2;0;1
536551569;155 756 267;A01;2;7;0;9;2;11;1
536551569;155 756 269;B01;1;1;0;2;1;1;5
536551570;155 756 265;B01;1;7;0;2;6;9;1
536551570;155 756 266;A01;1;7;0;2;1;1;1
536551571;155 756 264;A01;2;7;0;1;1;15;1
536551572;155 756 263;A01;2;7;2;0;1;2;1
536551573;155 756 262;A01;3;7;0;1;1;26;1
536551574;155 756 260;A01;1;7;17;0;1;14;1
536551575;155 756 259;A01;2;2;0;2;1;17;1
536551575;155 756 261;B01;1;7;0;2;2;9;1
536551576;155 756 252;A01;2;1;0;9;3;1;5
536551576;155 756 255;B01;2;1;0;0;2;1;5
536551576;155 756 257;C01;1;1;0;0;0;1;5
536551576;155 756 258;D01;2;1;0;9;0;1;5
536551577;155 756 251;A01;3;7;0;2;1;2;1
536551577;155 756 254;B01;3;7;0;2;4;23;1
536551578;155 756 250;A01;2;7;0;2;3;17;1
536551578;155 756 253;B01;1;7;0;2;3;1;2
536551578;155 756 256;C01;1;10;0;2;8;1;1
536551579;155 756 249;A01;2;33;0;0;0;1;1
536551580;155 756 248;A01;1;10;14;0;1;1;1
536551581;155 756 243;A01;1;7;0;2;3;0;1
536551581;155 756 246;B01;2;17;0;0;3;0;1
536551582;155 756 247;A01;2;7;12;0;2;1;1
536551583;155 756 241;A01;2;2;0;6;1;0;1
536551584;155 756 240;A01;0;7;0;0;7;1;1
536551585;155 756 237;A01;1;33;0;6;8;21;1
536551586;155 756 238;A01;3;7;0;2;2;20;1
536551586;155 756 239;B01;3;1;0;2;1;1;5
536551587;155 756 236;A01;1;14;5;0;7;14;1
536551588;155 756 232;A01;1;7;0;2;1;1;1
536551588;155 756 234;B01;1;7;0;0;6;3;1
536551589;155 756 230;A01;1;7;0;2;1;17;1
536551589;155 756 233;B01;2;7;0;2;1;1;1
536551590;155 756 231;A01;2;30;0;2;1;1;1
536551590;155 756 235;B01;2;10;0;2;5;23;1
536551591;155 756 226;B01;2;7;0;2;3;1;1
536551591;155 756 229;A01;2;15;0;2;3;11;1
536551592;155 756 224;A01;3;7;0;2;3;1;1
536551592;155 756 228;B01;3;7;0;2;2;1;1
536551593;155 756 222;A01;1;7;0;2;1;13;1
536551593;155 756 223;B01;2;10;0;2;1;1;1
536551593;155 756 225;C01;1;7;2;0;1;21;1
536551593;155 756 227;D01;2;7;0;2;1;1;1
536551594;155 756 220;B01;1;7;0;0;5;3;1
536551594;155 756 221;A01;1;7;4;2;0;0;1
536551595;155 756 217;A01;3;1;0;2;3;15;5
536551595;155 756 218;B01;3;7;0;2;2;17;1
536551596;155 756 216;A01;3;10;14;2;2;1;1
536551596;155 756 219;B01;3;7;0;2;3;1;1
536551598;155 756 213;A01;0;7;0;2;7;9;1
536551598;155 756 214;B01;0;33;0;2;1;7;1
536551599;155 756 208;A01;2;7;0;2;1;1;1
536551599;155 756 210;B01;2;7;0;2;4;1;1
536551599;155 756 212;C01;2;7;0;0;4;1;1
536551600;155 756 209;B01;2;7;0;2;1;1;1
536551600;155 756 211;A01;1;7;0;2;1;21;1
536551601;155 756 206;B01;2;7;0;2;3;1;1
536551601;155 756 207;A01;2;80;0;2;3;1;3
536551602;155 756 204;A01;1;7;2;0;1;19;1
536551603;155 756 203;B01;2;7;4;0;6;2;1
536551603;155 756 205;A01;2;7;0;2;2;11;1
536551604;155 756 199;A01;1;7;0;2;3;13;1
536551604;155 756 201;B01;2;7;0;2;3;1;1
536551605;155 756 196;A01;1;7;0;0;1;2;1
536551605;155 756 198;B01;1;7;0;0;4;2;1
536551606;155 756 195;D01;3;32;0;0;0;23;1
536551606;155 756 197;A01;0;7;0;2;1;1;1
536551606;155 756 200;B01;3;7;0;0;4;23;1
536551606;155 756 202;C01;3;7;0;2;4;23;1
536551607;155 756 194;A01;1;7;3;0;1;14;1
536551608;155 756 193;A01;3;10;0;1;2;1;1
536551609;155 756 192;A01;1;7;0;1;1;16;2
536551610;155 756 191;A01;1;7;8;0;2;1;1
536551611;155 756 189;B01;1;7;0;0;4;0;1
536551611;155 756 190;A01;1;7;0;2;1;0;1
536551612;155 756 186;B01;3;7;0;9;1;1;1
536551612;155 756 188;A01;3;1;0;2;8;19;5
536551613;155 756 185;A01;3;7;0;2;3;1;1
536551613;155 756 187;B01;3;7;0;2;8;15;1
536551614;155 756 182;A01;2;32;0;2;3;1;1
536551614;155 756 183;B01;1;32;0;2;3;1;1
536551615;155 756 178;A01;1;7;0;0;4;1;1
536551615;155 756 180;B01;1;7;0;2;1;1;1
536551615;155 756 184;C01;1;7;0;2;3;1;1
536551616;155 756 177;A01;1;7;0;2;1;1;1
536551616;155 756 181;B01;1;1;0;2;4;1;5
536551617;155 756 176;A01;1;7;0;2;1;9;1
536551617;155 756 179;B01;1;33;7;0;8;1;1
536551618;155 756 175;A01;2;7;13;0;1;1;1
536551619;155 756 174;A01;2;7;13;0;0;0;1
536551620;155 756 173;A01;1;7;0;1;2;2;1
536551621;155 756 171;B01;2;38;0;2;1;1;1
536551621;155 756 172;A01;1;33;0;2;1;0;1
536551622;155 756 169;A01;1;10;0;2;1;11;1
536551622;155 756 170;B01;2;7;0;2;1;1;2
536551623;155 756 166;A01;2;7;0;2;7;12;1
536551623;155 756 168;B01;2;33;0;2;3;3;1
536551624;155 756 164;B01;3;7;0;2;3;1;1
536551624;155 756 167;A01;3;32;0;2;1;13;1
536551625;155 756 165;A01;1;2;0;0;0;13;1
536551626;155 756 162;B01;1;7;0;2;1;1;2
536551627;155 756 160;A01;2;7;0;2;2;21;1
536551627;155 756 161;B01;2;2;0;2;4;15;1
536551628;155 756 163;A01;2;7;4;0;3;13;1
536551629;155 756 157;A01;3;7;0;2;1;16;1
536551629;155 756 159;B01;0;7;0;2;3;0;1
536551630;155 756 154;A01;1;7;0;2;1;1;1
536551630;155 756 155;B01;2;7;0;2;1;1;1
536551630;155 756 158;C01;2;7;0;2;1;1;1
536551631;155 756 152;A01;1;7;0;2;3;1;1
536551631;155 756 153;B01;2;3;0;2;2;1;1
536551632;155 756 151;B01;1;7;0;2;5;1;1
536551632;155 756 156;A01;1;7;0;2;3;12;2
536551633;155 756 148;A01;1;37;0;1;3;1;3
536551634;155 756 146;A01;2;10;0;2;3;1;1
536551634;155 756 149;B01;1;3;0;2;1;13;1
536551635;155 756 147;B01;2;1;0;2;1;1;5
536551635;155 756 150;A01;2;3;0;2;2;15;1
536551636;155 756 145;A01;1;80;0;0;0;1;3
536551637;155 756 144;A01;2;7;0;1;2;1;2
536551638;155 756 143;A01;2;7;0;1;3;5;1
536551639;155 756 140;A01;1;7;0;0;7;1;1
536551639;155 756 142;B01;1;31;0;2;1;1;1
536551640;155 756 139;A01;0;7;0;1;7;26;1
536551641;155 756 138;B01;1;7;14;0;4;23;3
536551641;155 756 141;A01;1;14;14;2;1;1;1
536551642;155 756 134;A01;1;33;0;2;8;3;1
536551642;155 756 137;Z01;1;7;0;2;7;12;1
536551643;155 756 132;B01;1;7;0;2;1;15;1
536551643;155 756 135;A01;2;33;1;0;8;1;1
536551643;155 756 136;C01;1;7;0;2;3;23;1
536551644;155 756 130;B01;1;1;0;2;1;1;5
536551644;155 756 131;Z01;2;1;0;2;1;17;5
536551644;155 756 133;A01;2;1;0;2;4;1;5
536551645;155 756 128;A01;1;7;0;2;1;2;1
536551645;155 756 129;B01;1;7;0;2;1;2;1
536551646;155 756 126;Z01;0;30;0;2;2;17;0
536551647;155 756 123;A01;1;7;0;2;4;2;1
536551647;155 756 125;B01;1;7;0;2;7;14;1
536551648;155 756 122;A01;1;7;0;2;2;1;1
536551648;155 756 124;B01;1;1;0;2;4;2;5
536551649;155 756 120;A01;1;10;4;0;8;1;1
536551650;155 756 121;A01;2;50;0;1;1;5;3
536551651;155 756 118;B01;2;2;3;0;1;1;1
536551651;155 756 119;A01;1;7;0;0;3;1;1
536551652;155 756 117;A01;2;3;4;0;1;1;3
536551653;155 756 115;A01;1;7;0;2;8;10;1
536551653;155 756 116;B01;1;33;0;2;1;1;1
536551654;155 756 114;A01;2;33;4;0;1;0;1
536551655;155 756 113;A01;1;7;0;1;1;1;1
536551656;155 756 112;Z01;2;10;0;1;2;1;0
536551657;155 756 109;A01;2;7;0;2;9;1;1
536551658;155 756 108;B01;0;7;0;2;1;5;1
536551658;155 756 110;A01;0;7;0;2;1;1;1
536551659;155 756 107;A01;2;7;0;1;1;1;2
536551660;155 756 102;A01;2;7;0;2;1;1;1
536551660;155 756 104;B01;2;7;0;2;5;1;1
536551660;155 756 106;C01;2;7;0;2;1;1;1
536551661;155 756 101;A01;3;1;0;2;2;12;5
536551661;155 756 103;B01;1;50;0;2;1;1;3
536551662;155 756 099;A01;1;7;4;0;3;21;1
536551663;155 756 098;A01;2;7;0;2;1;2;1
536551663;155 756 100;B01;2;7;0;2;4;2;2
536551664;155 756 095;A01;1;43;0;2;8;13;1
536551664;155 756 097;B01;1;7;0;2;7;1;1
536551665;155 756 096;A01;2;10;0;1;1;1;1
536551666;155 756 092;C01;1;7;0;2;4;2;0
536551666;155 756 093;A01;1;7;0;2;1;2;1
536551666;155 756 094;B01;1;7;0;2;4;2;1
536551667;155 756 089;A01;1;10;0;2;1;2;1
536551667;155 756 091;B01;1;7;0;2;4;2;1
536551668;155 756 087;B01;2;7;0;2;4;23;3
536551668;155 756 090;A01;2;7;0;2;1;1;0
536551669;155 756 086;A01;1;7;0;2;1;5;1
536551669;155 756 088;B01;1;7;0;2;1;1;1
536551670;155 756 085;A01;3;2;16;0;1;0;1
536551671;155 756 084;A01;1;7;13;0;1;1;1
536551672;155 756 083;A01;2;40;0;1;3;1;3
536551673;155 756 081;A01;3;2;0;2;2;3;1
536551673;155 756 082;B01;3;7;0;2;3;2;1
536551674;155 756 079;A01;2;7;0;2;1;21;1
536551674;155 756 080;B01;2;7;0;2;5;23;1
536551675;155 756 078;A01;3;33;13;0;1;16;1
536551676;155 756 076;A01;2;7;0;2;5;15;1
536551676;155 756 077;B01;2;33;0;2;1;1;1
536551677;155 756 075;A01;1;1;0;0;1;1;5
536551678;155 756 074;A01;2;7;4;0;1;12;1
536551679;155 756 073;Z01;1;37;0;1;7;1;1
536551680;155 756 070;A01;1;7;0;2;1;2;1
536551680;155 756 071;B01;1;7;0;2;4;2;1
536551680;155 756 072;C01;1;7;0;2;4;2;1
536551681;155 756 068;A01;1;7;0;1;1;14;1
536551682;155 756 065;A01;3;10;16;0;2;15;2
536551682;155 756 066;B01;3;33;0;2;1;1;1
536551683;155 756 064;A01;1;7;0;2;3;1;1
536551683;155 756 067;B01;1;7;0;2;5;1;1
536551683;155 756 069;C01;2;7;0;2;3;1;1
536551684;155 756 062;A01;2;33;13;0;1;1;1
536551685;155 756 063;A01;3;7;0;1;0;19;0
536551686;155 756 060;A01;1;31;0;2;7;1;1
536551686;155 756 061;B01;1;7;0;2;1;15;1
536551687;155 756 057;B01;1;1;0;2;8;9;5
536551687;155 756 059;A01;2;30;0;2;1;26;1
536551688;155 756 055;A01;1;7;6;0;1;1;1
536551689;155 756 054;A01;1;7;0;2;6;17;1
536551689;155 756 056;B01;2;43;0;2;1;1;1
536551689;155 756 058;C01;1;37;0;2;3;23;2
536551690;155 756 051;A01;1;30;0;2;1;1;1
536551690;155 756 053;B01;1;7;0;2;7;19;1
536551691;155 756 050;B01;1;32;0;2;1;1;1
536551691;155 756 052;A01;1;7;0;2;7;1;1
536551692;155 756 049;A01;1;1;14;0;0;0;5
536551693;155 756 047;A01;1;7;2;1;1;15;1
536551694;155 756 046;A01;2;7;0;2;6;9;1
536551694;155 756 048;B01;1;10;0;2;1;1;1
536551695;155 756 043;B01;2;7;0;0;3;15;1
536551695;155 756 045;A01;1;1;0;2;1;1;5
536551696;155 756 042;Z01;1;7;12;2;3;5;1
536551696;155 756 044;A01;1;34;0;2;3;1;1