Num_Acc;id_vehicule;num_veh;senc;catv;obs;obsm;choc;manv;motor
536551697;155 756 041;A01;1;7;12;0;1;1;1
536551698;155 756 038;A01;2;7;0;2;1;1;1
536551698;155 756 040;B01;2;10;0;2;4;2;1
536551699;155 756 037;A01;3;7;0;2;2;9;1
536551699;155 756 039;B01;3;7;0;2;7;1;1
536551700;155 756 035;A01;3;7;0;2;8;2;1
536551700;155 756 036;B01;0;7;0;2;1;11;1
536551701;155 756 034;A01;1;7;8;1;1;26;1
536551702;155 756 032;A01;1;50;0;2;1;1;3
536551702;155 756 033;B01;1;7;0;2;1;1;1
536551703;155 756 031;A01;1;10;0;1;2;5;0
536551704;155 756 028;A01;3;7;1;0;8;1;1
536551705;155 756 027;A01;2;7;0;1;2;26;1
536551706;155 756 026;A01;2;80;0;1;1;1;3
536551707;155 756 025;A01;1;0;0;1;1;1;0
536551708;155 756 023;A01;2;7;0;1;6;20;1
536551709;155 756 022;B01;2;32;0;2;1;0;1
536551709;155 756 024;A01;2;7;0;2;2;15;1
536551710;155 756 020;A01;1;10;0;2;2;1;3
536551710;155 756 021;B01;2;50;0;2;7;19;3
536551711;155 756 019;A01;2;7;1;0;2;1;3
536551712;155 756 018;A01;2;33;14;0;1;0;1
536551713;155 756 015;B01;1;17;0;2;1;1;1
536551713;155 756 016;A01;1;7;0;2;8;1;1
536551714;155 756 014;A01;1;7;0;2;7;1;1
536551714;155 756 017;B01;1;7;0;2;1;2;1
536551715;155 756 013;A01;1;1;0;0;9;1;5
536551716;155 756 012;A01;3;7;13;0;1;14;1
536551717;155 756 011;A01;2;30;1;5;1;21;1
536551718;155 756 010;A01;3;7;0;1;2;2;1
536551719;155 756 008;A01;1;14;0;2;1;1;1
536551719;155 756 009;B01;2;7;0;2;1;5;1
536551720;155 756 006;B01;1;80;0;2;1;19;3
536551720;155 756 007;A01;1;7;0;2;1;16;1
536551721;155 756 004;A01;3;13;0;2;3;15;1
536551721;155 756 005;B01;3;7;0;2;7;1;1
536551722;155 756 002;B01;3;7;0;2;7;1;1
536551722;155 756 003;A01;1;50;0;2;1;2;3
536551723;155 756 001;A01;3;7;9;0;1;1;1
536551724;155 755 999;A01;1;7;0;2;1;1;1
536551724;155 756 000;B01;1;1;0;2;0;19;5
536551725;155 755 998;A01;2;7;2;0;2;1;1
536551726;155 755 997;A01;2;7;0;1;3;1;1
536551727;155 755 993;C01;2;7;0;0;6;1;3
536551727;155 755 994;A01;2;7;0;2;2;1;1
536551727;155 755 995;B01;2;7;0;0;8;11;1
536551728;155 755 992;A01;3;40;0;1;5;1;0
536551729;155 755 990;A01;1;10;0;2;8;22;1
536551729;155 755 991;B01;1;1;1;0;1;1;5
536551730;155 755 988;A01;3;7;0;2;2;18;1
536551730;155 755 989;B01;3;31;0;2;3;0;1
536551731;155 755 986;A01;1;32;0;2;1;17;1
536551731;155 755 987;B01;2;7;0;2;3;1;1
536551732;155 755 984;Z01;2;7;0;2;1;0;0
536551732;155 755 985;A01;2;34;0;2;4;12;1
536551733;155 755 982;A01;1;32;0;2;0;1;1
536551733;155 755 983;B01;1;1;0;2;0;15;5
536551734;155 755 979;C01;1;7;9;2;4;24;2
536551734;155 755 980;A01;1;7;0;2;1;13;1
536551734;155 755 981;B01;1;7;1;2;6;1;1
536551735;155 755 978;A01;2;33;14;0;1;1;1
536551736;155 755 974;D01;1;7;0;2;4;2;1
536551736;155 755 975;C01;1;10;0;2;2;23;1
536551736;155 755 976;A01;1;7;0;2;1;1;1
536551736;155 755 977;B01;1;7;0;2;4;2;1
536551737;155 755 973;A01;2;7;12;0;1;15;1
536551738;155 755 972;A01;1;50;11;0;0;0;3
536551739;155 755 970;B01;1;80;0;2;7;1;3
536551739;155 755 971;A01;2;3;0;2;1;1;1
536551740;155 755 968;B01;3;7;0;2;1;21;1
536551740;155 755 969;A01;3;7;0;2;1;15;1
536551741;155 755 966;A01;1;7;0;2;3;15;1
536551741;155 755 967;B01;1;7;0;2;2;15;1
536551742;155 755 965;A01;3;7;2;0;9;1;1
536551743;155 755 963;A01;2;7;0;2;1;1;1
536551743;155 755 964;B01;2;7;0;2;4;1;1
536551744;155 755 961;A01;1;10;0;2;3;13;1
536551744;155 755 962;B01;2;7;0;2;3;1;1
536551745;155 755 960;A01;1;7;12;0;2;14;1
536551746;155 755 959;A01;2;10;0;1;1;1;1
536551747;155 755 958;A01;1;7;12;1;2;1;1
536551748;155 755 956;Z01;1;7;0;2;5;12;0
536551748;155 755 957;A01;1;33;0;2;3;1;1
536551749;155 755 954;B01;1;33;0;2;8;1;1
536551749;155 755 955;A01;1;7;0;2;7;12;1
536551750;155 755 953;B01;1;32;0;1;1;19;3
536551751;155 755 951;A01;1;7;0;9;1;26;1
536551751;155 755 952;B01;0;50;0;2;1;19;3
536551752;155 755 949;B01;3;1;0;2;8;1;5
536551752;155 755 950;A01;3;37;0;2;7;1;2
536551753;155 755 948;Z01;1;7;0;1;2;1;1
536551754;155 755 946;A01;1;7;0;2;3;13;1
536551754;155 755 947;B01;1;7;0;2;7;1;2
536551755;155 755 944;B01;0;34;0;2;3;1;1
536551755;155 755 945;A01;0;10;0;2;2;26;1
536551756;155 755 943;A01;1;50;12;0;1;13;3
536551757;155 755 941;A01;1;7;0;2;1;23;0
536551757;155 755 942;B01;2;50;0;2;7;2;3
536551758;155 755 938;A01;3;7;4;2;3;17;1
536551758;155 755 939;B01;3;7;0;2;2;1;1
536551758;155 755 940;C01;3;7;0;2;6;1;2
536551759;155 755 936;A01;2;7;0;2;0;0;0
536551759;155 755 937;B01;2;1;0;2;0;0;5
536551760;155 755 932;C01;0;7;0;2;2;0;1
536551760;155 755 933;D01;0;7;0;2;3;0;1
536551760;155 755 934;B01;0;33;0;2;6;9;1
536551760;155 755 935;A01;0;33;0;2;1;1;1
536551761;155 755 930;B01;0;37;0;2;4;0;1
536551761;155 755 931;A01;0;7;0;2;1;1;1
536551762;155 755 928;B01;1;7;0;2;6;15;2
536551762;155 755 929;A01;2;7;0;2;3;2;1
536551763;155 755 927;A01;2;7;0;1;1;1;1
536551764;155 755 925;B01;2;50;0;2;1;5;3
536551764;155 755 926;A01;1;10;0;9;7;2;0
536551765;155 755 924;A01;1;7;0;1;1;1;1
536551766;155 755 922;A01;3;7;0;2;2;16;0
536551766;155 755 923;B01;3;1;0;2;3;1;5
536551767;155 755 921;A01;1;30;0;0;0;2;1
536551768;155 755 920;A01;3;7;0;2;7;1;2
536551769;155 755 918;A01;3;7;0;2;0;26;0
536551769;155 755 919;B01;3;1;0;2;0;0;5
536551770;155 755 916;A01;2;7;0;2;1;1;1
536551770;155 755 917;B01;2;30;0;2;7;9;1
536551771;155 755 915;A01;2;33;0;0;1;0;1
536551772;155 755 913;A01;2;7;0;2;2;13;1
536551772;155 755 914;B01;1;17;0;2;2;21;1
536551773;155 755 911;B01;2;7;0;2;2;1;1
536551773;155 755 912;A01;1;7;16;2;3;9;1
536551774;155 755 909;A01;3;7;0;2;6;15;1
536551774;155 755 910;B01;3;33;0;2;2;1;1
536551775;155 755 907;A01;1;30;9;0;1;14;1
536551776;155 755 903;B01;1;80;0;2;3;0;3
536551776;155 755 905;A01;1;7;0;2;2;15;1
536551777;155 755 902;A01;1;7;0;2;1;2;1
536551777;155 755 904;B01;1;7;0;0;4;2;1
536551777;155 755 906;C01;1;7;0;0;4;2;1
536551777;155 755 908;D01;1;7;0;2;2;2;1
536551778;155 755 900;A01;1;1;0;2;2;10;5
536551778;155 755 901;B01;1;30;0;2;2;1;1
536551779;155 755 899;A01;1;31;0;0;9;1;1
536551780;155 755 897;A01;2;1;0;9;4;15;5
536551780;155 755 898;B01;2;50;0;9;1;1;3
536551781;155 755 896;A01;1;33;0;0;1;1;1
536551782;155 755 895;A01;1;34;0;0;1;1;1
536551783;155 755 894;A01;1;43;0;0;9;13;1
536551784;155 755 892;A01;1;7;0;2;8;9;1
536551785;155 755 889;B01;1;7;0;2;3;1;1
536551785;155 755 891;A01;2;7;14;2;3;13;1
536551786;155 755 888;A01;2;50;0;2;1;1;3
536551786;155 755 890;B01;2;7;0;2;8;15;1
536551787;155 755 886;A01;1;7;0;9;3;13;1
536551787;155 755 887;B01;2;1;0;2;1;1;5
536551788;155 755 884;B01;3;7;0;2;1;1;1
536551788;155 755 885;A01;3;1;0;2;7;19;5
536551789;155 755 882;A01;1;7;7;0;2;14;1
536551790;155 755 881;B01;1;7;0;2;8;11;1
536551790;155 755 883;A01;1;2;0;2;0;1;1
536551791;155 755 880;A01;1;7;1;0;4;26;2
536551792;155 755 879;A01;1;7;0;0;1;2;1
536551793;155 755 876;B01;2;31;0;2;2;5;1
536551793;155 755 877;A01;1;7;0;2;1;1;1
536551794;155 755 875;A01;1;10;0;2;3;1;1
536551794;155 755 878;B01;1;50;0;2;1;1;3
536551795;155 755 873;A01;1;7;0;1;2;1;1
536551796;155 755 872;B01;2;99;0;2;3;0;6
536551796;155 755 874;A01;1;1;0;2;0;0;5
536551797;155 755 870;B01;2;50;0;2;1;1;3
536551797;155 755 871;A01;2;7;0;2;3;1;1
536551798;155 755 869;A01;1;7;2;0;5;14;1
536551799;155 755 868;A01;1;15;0;1;1;0;1
536551800;155 755 866;B01;2;50;0;2;8;1;3
536551800;155 755 867;A01;1;7;0;2;1;1;1
536551801;155 755 865;A01;3;7;0;1;3;17;1
536551802;155 755 864;A01;2;7;0;1;2;1;1
536551803;155 755 862;A01;0;7;13;0;1;1;1
536551804;155 755 861;A01;1;7;0;2;2;16;1
536551804;155 755 863;B01;1;37;0;2;3;1;1
536551805;155 755 860;A01;1;36;0;0;7;15;1
536551806;155 755 858;A01;3;7;0;2;8;15;1
536551806;155 755 859;B01;3;50;0;2;1;5;3
536551807;155 755 857;A01;1;7;0;0;0;0;2
536551808;155 755 855;A01;1;10;0;2;3;19;1
536551808;155 755 856;B01;2;7;0;2;3;1;1
536551809;155 755 853;B01;1;33;0;2;8;9;1
536551809;155 755 854;A01;1;7;0;2;3;1;1
536551810;155 755 850;A01;1;33;0;0;0;0;1
536551811;155 755 849;B01;3;7;0;2;7;1;1
536551811;155 755 851;C01;3;7;0;2;7;1;1
536551811;155 755 852;A01;3;7;0;2;3;1;1
536551812;155 755 847;A01;2;30;0;2;1;2;1
536551812;155 755 848;B01;2;7;0;2;4;1;1
536551813;155 755 846;A01;1;1;0;1;2;21;5
536551814;155 755 845;A01;3;32;0;1;0;26;0
536551815;155 755 844;A01;3;32;6;0;9;1;1
536551816;155 755 842;B01;2;7;0;2;8;15;1
536551816;155 755 843;A01;2;33;0;2;1;17;1
536551817;155 755 840;B01;3;2;0;2;1;3;3
536551817;155 755 841;A01;2;7;0;2;3;15;1
536551818;155 755 838;A01;1;14;0;2;7;16;1
536551818;155 755 839;B01;1;1;0;2;8;1;5
536551819;155 755 837;A01;2;50;0;1;3;16;3
536551820;155 755 835;A01;1;1;0;2;7;19;5
536551820;155 755 836;B01;2;7;0;2;2;1;1
536551821;155 755 833;B01;2;33;0;2;1;1;1
536551821;155 755 834;A01;2;7;0;2;3;15;1
536551822;155 755 831;A01;1;10;0;2;3;15;1
536551822;155 755 832;B01;2;33;0;2;1;1;1
536551823;155 755 827;A01;2;30;0;2;1;18;1
536551823;155 755 828;B01;1;10;0;2;3;15;1
536551824;155 755 825;B01;1;7;0;2;6;15;1
536551824;155 755 826;Z01;1;7;0;2;0;0;1
536551825;155 755 823;A01;2;7;1;2;1;1;1
536551825;155 755 824;B01;1;7;1;2;7;15;2
536551826;155 755 821;B01;3;60;0;2;1;19;5
536551826;155 755 822;A01;1;7;0;9;2;1;2
536551827;155 755 819;A01;3;7;0;2;7;15;1
536551827;155 755 820;B01;0;30;0;2;2;1;1
536551828;155 755 818;A01;1;7;0;1;0;1;1
536551829;155 755 816;B01;3;0;0;2;0;0;0
536551829;155 755 817;A01;0;7;0;2;1;1;1
536551830;155 755 815;A01;1;7;0;1;1;1;1
536551831;155 755 813;B01;3;33;0;2;1;17;1
536551831;155 755 814;A01;3;7;0;2;1;15;1
536551832;155 755 811;A01;3;10;1;0;4;20;1
536551832;155 755 812;B01;3;7;0;2;0;24;1
536551833;155 755 809;A01;1;50;0;2;7;1;3
536551833;155 755 810;B01;3;7;0;2;1;1;2
536551834;155 755 807;B01;3;7;0;2;2;1;1
536551834;155 755 808;A01;3;7;0;2;1;9;1
536551835;155 755 805;B01;2;33;0;2;5;16;1
536551835;155 755 806;A01;2;7;0;2;3;16;2
536551836;155 755 803;A01;1;34;0;2;7;1;3
536551836;155 755 804;B01;1;7;0;2;3;20;1
536551837;155 755 801;B01;2;7;0;2;4;1;1
536551837;155 755 802;A01;2;10;0;2;1;1;1
536551838;155 755 799;B01;2;7;0;2;3;1;1
536551838;155 755 800;A01;1;10;0;2;1;15;1
536551839;155 755 797;A01;2;33;0;2;3;3;1
536551839;155 755 798;B01;2;10;0;0;3;2;1
536551840;155 755 795;A01;2;31;0;2;1;3;1
536551840;155 755 796;B01;2;7;0;2;6;11;1
536551841;155 755 792;C01;1;33;2;0;7;2;1
536551841;155 755 793;A01;1;7;2;0;1;2;1
536551841;155 755 794;B01;1;7;2;0;4;2;2
536551842;155 755 790;A01;1;10;0;2;2;1;1
536551842;155 755 791;B01;1;7;0;2;3;1;1
536551843;155 755 789;A01;1;7;0;1;3;1;2
536551844;155 755 788;A01;2;31;0;0;7;1;1
536551845;155 755 786;B01;2;33;0;2;7;1;1
536551845;155 755 787;A01;1;7;0;2;7;26;1
536551846;155 755 785;A01;3;99;0;1;1;25;3
536551847;155 755 783;B01;3;7;0;2;1;2;1
536551847;155 755 784;A01;3;7;0;2;7;15;1
536551848;155 755 781;B01;3;10;0;2;3;1;1
536551848;155 755 782;A01;3;10;0;2;1;5;1
536551849;155 755 779;A01;2;50;0;2;4;15;3
536551849;155 755 780;B01;1;80;0;2;4;1;3
536551850;155 755 777;B01;3;7;0;2;4;2;2
536551850;155 755 778;A01;3;7;0;2;1;2;2
536551851;155 755 774;C01;1;33;0;2;4;1;1
536551851;155 755 775;B01;1;7;0;2;4;1;1
536551851;155 755 776;A01;1;7;0;2;1;1;3
536551852;155 755 772;A01;0;7;0;2;1;1;1
536551852;155 755 773;B01;2;7;0;2;4;1;2
536551853;155 755 771;A01;1;80;11;0;8;11;3
536551854;155 755 769;A01;1;50;0;2;8;1;3
536551854;155 755 770;B01;1;7;0;2;1;15;2
536551855;155 755 768;A01;1;80;0;0;2;2;3
536551856;155 755 766;A01;1;7;0;2;2;16;1
536551856;155 755 767;B01;1;32;0;2;1;18;1
536551857;155 755 765;A01;1;7;0;1;2;17;1
536551858;155 755 764;A01;1;7;1;0;2;14;1
536551859;155 755 761;A01;2;7;0;2;1;1;1
536551859;155 755 762;B01;2;7;0;2;4;1;2
536551859;155 755 763;C01;2;10;0;2;4;1;1
536551860;155 755 759;A01;2;7;0;2;1;2;1
536551860;155 755 760;B01;2;7;0;2;4;23;1
536551861;155 755 757;A01;3;7;0;2;2;21;1
536551861;155 755 758;B01;3;7;0;2;6;16;1
536551862;155 755 756;A01;1;7;0;1;3;1;1
536551863;155 755 754;A01;1;7;0;2;1;1;1
536551863;155 755 755;B01;1;7;0;2;4;2;1
536551864;155 755 753;A01;2;7;1;0;1;16;1
536551865;155 755 752;A01;2;7;0;1;1;2;1
536551866;155 755 750;B01;1;7;0;2;0;0;1
536551866;155 755 751;A01;1;50;0;2;1;21;3
536551867;155 755 749;A01;1;14;0;1;3;19;1
536551868;155 755 748;A01;1;31;0;1;1;21;3
536551869;155 755 746;A01;1;10;0;2;4;19;1
536551869;155 755 747;B01;1;10;0;2;4;1;1
536551870;155 755 745;A01;1;50;0;0;0;1;3
536551871;155 755 743;B01;3;1;0;2;1;2;5
536551871;155 755 744;A01;3;10;0;2;0;9;1
536551872;155 755 741;A01;3;7;16;2;3;19;1
536551872;155 755 742;B01;2;30;0;2;1;0;3
536551873;155 755 740;A01;2;30;0;0;7;16;1
536551874;155 755 738;A01;1;7;0;2;2;1;1
536551874;155 755 739;B01;1;33;0;2;1;1;1
536551875;155 755 736;A01;3;30;0;2;1;1;1
536551875;155 755 737;B01;3;7;0;2;6;16;1
536551876;155 755 734;A01;1;7;0;2;7;19;1
536551876;155 755 735;B01;2;33;0;2;1;1;1
536551877;155 755 733;A01;2;7;15;0;1;1;1
536551878;155 755 732;A01;1;33;9;0;1;1;1
536551879;155 755 731;A01;2;38;13;0;2;1;1
536551880;155 755 729;B01;1;33;0;2;1;1;1
536551880;155 755 730;A01;2;7;0;2;3;19;1
536551881;155 755 728;A01;1;7;13;0;2;13;1
536551882;155 755 726;A01;3;7;6;2;8;13;1
536551882;155 755 727;B01;3;7;0;2;1;1;1
536551883;155 755 723;A01;1;7;0;2;1;17;1
536551883;155 755 724;B01;2;7;0;2;4;1;1
536551883;155 755 725;C01;1;7;0;2;4;1;1
536551884;155 755 721;B01;1;7;0;2;3;1;1
536551884;155 755 722;A01;2;7;0;2;3;13;1
536551885;155 755 719;B01;2;80;0;2;8;1;3
536551885;155 755 720;A01;2;7;0;2;7;17;1
536551886;155 755 717;A01;3;1;0;2;1;1;5
536551886;155 755 718;B01;3;7;0;2;2;1;2
536551887;155 755 716;A01;0;7;15;0;1;0;1
536551888;155 755 714;A01;1;7;0;0;8;16;1
536551888;155 755 715;B01;1;7;0;2;1;1;1
536551889;155 755 712;A01;1;7;0;0;3;15;1
536551889;155 755 713;B01;1;36;0;2;2;17;1
536551890;155 755 710;B01;2;7;0;2;2;1;1
536551890;155 755 711;A01;2;1;0;0;8;0;5
536551891;155 755 708;A01;2;33;0;2;3;13;1
536551891;155 755 709;B01;2;15;0;2;3;1;1
536551892;155 755 707;A01;2;7;2;0;2;1;1
536551893;155 755 706;A01;2;7;3;0;3;13;1
536551894;155 755 704;A01;1;7;0;2;3;13;1
536551894;155 755 705;B01;2;15;0;2;3;1;1
536551895;155 755 701;A01;1;7;0;2;1;21;1
536551895;155 755 702;B01;1;7;0;2;8;15;1
536551895;155 755 703;C01;2;7;0;2;8;1;1
536551896;155 755 700;A01;2;33;0;0;9;1;1
536551897;155 755 699;A01;2;33;3;0;8;0;1
536551898;155 755 698;A01;2;10;13;0;2;0;1
536551899;155 755 696;A01;1;2;14;2;1;1;1
536551899;155 755 697;B01;1;7;0;2;2;12;1
536551900;155 755 693;A01;1;14;0;1;8;1;1
536551901;155 755 691;A01;1;7;0;2;3;19;1
536551901;155 755 692;B01;2;17;0;2;1;1;1
536551902;155 755 689;A01;3;33;0;2;1;17;1
536551902;155 755 690;B01;3;7;0;2;3;15;1
536551903;155 755 687;A01;1;7;0;2;1;19;1
536551903;155 755 688;B01;1;7;0;2;3;1;1
536551904;155 755 685;B01;2;30;0;2;9;2;1
536551904;155 755 686;A01;2;7;0;2;7;14;2
536551905;155 755 683;A01;3;2;0;2;1;13;1
536551905;155 755 684;B01;3;14;0;2;3;1;1
536551906;155 755 681;A01;1;7;0;2;1;13;1
536551906;155 755 682;B01;2;7;0;2;1;1;1
536551907;155 755 679;B01;1;2;0;2;7;17;1
536551907;155 755 680;A01;1;7;0;2;3;15;1
536551908;155 755 677;A01;2;7;0;1;2;1;1
536551909;155 755 675;A01;3;1;0;2;1;5;5
536551909;155 755 676;B01;3;2;0;9;1;1;1
536551910;155 755 673;A01;0;10;0;2;1;15;1
536551910;155 755 674;B01;0;33;0;0;7;1;1
536551911;155 755 672;A01;3;32;12;0;7;1;1
536551912;155 755 669;A01;0;7;0;2;1;13;1
536551912;155 755 670;B01;0;7;0;2;3;1;1
536551912;155 755 671;C01;0;7;0;2;8;1;1
536551913;155 755 668;A01;0;50;0;0;0;1;3
536551914;155 755 666;A01;1;2;0;0;7;15;1
536551914;155 755 667;B01;2;7;0;0;1;1;1
536551915;155 755 664;B01;2;33;5;2;1;1;1
536551915;155 755 665;A01;1;10;0;2;3;15;1
536551916;155 755 663;A01;1;7;2;0;8;13;1
536551917;155 755 662;A01;2;7;2;0;1;2;1
536551918;155 755 661;A01;2;7;13;0;2;2;2
536551919;155 755 659;B01;1;7;0;2;8;2;1
536551919;155 755 660;A01;1;2;0;2;7;2;1
536551920;155 755 658;A01;1;7;13;0;1;1;1
536551921;155 755 657;A01;0;7;0;1;2;16;1
536551922;155 755 656;A01;1;2;0;1;1;17;1
536551923;155 755 655;A01;2;7;3;0;9;26;1
536551924;155 755 653;A01;2;7;0;2;6;11;1
536551924;155 755 654;B01;2;33;0;2;1;3;1
536551925;155 755 651;A01;2;7;0;2;5;23;1
536551925;155 755 652;B01;2;33;0;2;8;3;1
536551926;155 755 649;B01;1;10;0;2;1;2;1
536551926;155 755 650;A01;1;7;0;2;4;2;2
536551927;155 755 647;B01;1;10;0;2;7;1;1
536551927;155 755 648;A01;1;31;0;2;8;11;1
536551928;155 755 644;B01;1;7;0;2;4;2;1
536551928;155 755 645;C01;1;10;0;2;4;2;1
536551928;155 755 646;Z01;1;15;0;0;0;0;0
536551929;155 755 642;A01;1;7;0;2;1;1;1
536551929;155 755 643;B01;1;15;0;2;4;1;1
536551930;155 755 640;A01;1;33;0;2;2;1;1
536551930;155 755 641;B01;1;10;0;2;6;2;1
536551931;155 755 636;A01;1;10;0;2;0;1;1
536551931;155 755 637;C01;1;10;0;2;0;0;1
536551931;155 755 638;B01;1;7;0;2;0;0;1
536551931;155 755 639;D01;1;7;0;2;0;0;1
536551932;155 755 635;A01;2;7;4;0;8;1;2
536551933;155 755 630;B01;2;7;0;2;4;1;1
536551933;155 755 631;C01;2;7;0;2;1;1;1
536551933;155 755 632;D01;2;7;0;2;1;2;1
536551933;155 755 633;Z01;2;7;0;2;1;21;0
536551934;155 755 628;A01;1;10;0;2;1;2;1
536551934;155 755 629;B01;1;7;0;2;4;2;1
536551935;155 755 625;A01;1;7;0;2;0;0;1
536551935;155 755 626;B01;1;7;0;2;4;2;1
536551935;155 755 627;C01;1;33;0;2;1;1;1
536551936;155 755 623;A01;1;7;4;2;5;12;1
536551936;155 755 624;B01;1;33;4;2;1;3;1
536551937;155 755 622;A01;2;7;4;0;1;26;1
536551938;155 755 620;A01;1;7;0;2;1;26;1
536551938;155 755 621;B01;1;7;0;2;4;26;1
536551939;155 755 619;A01;2;7;4;0;1;15;1
536551940;155 755 618;A01;1;7;4;0;3;1;1
536551941;155 755 616;B01;2;33;0;2;7;3;1
536551941;155 755 617;A01;2;7;0;2;3;11;1
536551942;155 755 613;C01;2;7;0;2;4;0;1
536551942;155 755 614;A01;2;33;0;2;1;3;1
536551942;155 755 615;B01;2;7;0;2;0;0;1
536551943;155 755 611;A01;2;32;0;2;1;3;1
536551943;155 755 612;B01;2;7;0;2;4;11;1
536551944;155 755 609;B01;2;31;0;2;0;0;1
536551944;155 755 610;A01;1;7;0;2;0;0;1
536551945;155 755 608;A01;1;7;0;1;0;1;1
536551946;155 755 606;A01;1;7;0;2;0;1;1
536551946;155 755 607;B01;1;60;0;2;0;19;5
536551947;155 755 604;B01;1;7;0;2;6;11;1
536551947;155 755 605;A01;1;7;0;2;2;1;1
536551948;155 755 602;A01;1;7;0;2;7;16;2
536551948;155 755 603;B01;1;33;0;2;8;18;1
536551949;155 755 600;B01;1;1;0;2;1;26;5
536551949;155 755 601;A01;1;1;0;2;0;0;5
536551950;155 755 598;A01;3;7;13;2;3;0;1
536551950;155 755 599;B01;3;7;0;2;3;0;1
536551951;155 755 596;A01;1;7;0;2;6;17;1
536551951;155 755 597;B01;1;34;0;2;7;1;1
536551952;155 755 595;A01;1;7;0;1;2;0;1
536551953;155 755 593;A01;3;7;0;2;3;15;1
536551953;155 755 594;B01;3;2;0;2;7;5;1
536551954;155 755 591;A01;1;50;0;2;1;1;3
536551954;155 755 592;B01;1;7;0;2;5;23;1
536551955;155 755 589;A01;1;7;0;2;2;2;1
536551955;155 755 590;B01;1;7;0;2;8;2;1
536551956;155 755 587;A01;1;50;0;0;0;2;3
536551956;155 755 588;B01;1;7;0;0;0;1;1
536551957;155 755 586;A01;1;7;0;1;3;2;1
536551958;155 755 584;A01;1;7;0;2;1;1;1
536551958;155 755 585;B01;1;7;0;2;4;2;1
536551959;155 755 582;A01;2;7;0;2;1;15;1
536551959;155 755 583;B01;1;7;0;2;3;1;1
536551960;155 755 581;A01;1;7;0;1;1;1;1
536551961;155 755 579;C01;2;1;0;2;6;21;0
536551961;155 755 580;B01;2;7;0;2;5;1;1
536551962;155 755 578;A01;1;7;0;2;2;1;1
536551963;155 755 576;A01;1;14;0;0;0;15;1
536551963;155 755 577;B01;1;33;0;0;9;2;1
536551964;155 755 574;A01;2;7;0;1;1;26;1
536551965;155 755 573;A01;1;7;0;2;1;1;1
536551965;155 755 575;B01;2;7;0;2;1;1;1
536551966;155 755 570;A01;1;33;0;2;0;21;1
536551966;155 755 572;B01;2;7;0;2;6;1;1
536551967;155 755 569;A01;2;50;0;2;1;1;3
536551967;155 755 571;B01;1;1;0;2;1;1;5
536551968;155 755 566;B01;2;99;0;2;1;26;3
536551968;155 755 568;A01;1;10;0;2;8;26;1
536551969;155 755 564;A01;1;10;15;0;0;1;0
536551970;155 755 562;A01;3;7;0;1;1;16;1
536551971;155 755 557;B01;2;7;0;2;1;1;1
536551971;155 755 559;A01;2;7;0;2;7;1;1
536551972;155 755 558;A01;3;7;0;2;2;9;2
536551972;155 755 560;B01;3;50;0;2;7;15;3
536551973;155 755 555;A01;2;7;0;2;1;2;1
536551973;155 755 556;B01;2;50;0;2;8;13;3
536551974;155 755 554;A01;2;7;7;0;1;1;1
536551975;155 755 553;A01;2;50;12;0;7;1;3
536551976;155 755 550;A01;3;10;0;2;2;20;1
536551976;155 755 552;B01;1;43;0;2;1;1;1
536551977;155 755 549;A01;1;7;12;2;1;1;1
536551977;155 755 551;B01;2;7;9;2;1;5;1
536551978;155 755 545;A01;1;31;0;2;7;17;1
536551978;155 755 547;B01;1;7;0;2;8;13;1
536551979;155 755 546;B01;3;50;0;2;1;11;3
536551979;155 755 548;A01;3;7;0;2;3;15;1
536551980;155 755 544;A01;1;7;9;0;1;1;1
536551981;155 755 540;A01;2;7;0;2;7;15;1
536551981;155 755 543;B01;2;2;0;2;1;1;1
536551982;155 755 541;B01;1;34;0;2;1;1;1
536551982;155 755 542;A01;2;10;0;2;1;15;1
536551983;155 755 539;A01;1;7;0;1;1;1;1
536551984;155 755 535;A01;3;30;0;2;1;2;1
536551984;155 755 537;B01;3;7;0;2;4;2;1
536551985;155 755 536;B01;1;7;0;2;1;1;3
536551985;155 755 538;A01;2;30;0;2;1;15;3
536551986;155 755 532;A01;2;7;0;2;3;9;1
536551986;155 755 534;B01;1;31;0;2;2;1;1
536551987;155 755 533;A01;2;30;0;0;7;1;3
536551988;155 755 530;A01;3;1;0;2;1;2;5
536551988;155 755 531;B01;3;7;0;2;4;2;1
536551989;155 755 527;A01;3;7;0;2;1;15;1
536551989;155 755 529;B01;0;7;0;2;6;0;1
536551990;155 755 526;A01;3;10;0;2;1;9;1
536551990;155 755 528;B01;3;2;0;2;2;1;1
536551991;155 755 525;A01;2;7;1;0;3;1;1
536551992;155 755 524;A01;1;7;0;1;7;1;1
536551993;155 755 522;A01;1;37;0;2;1;1;1
536551993;155 755 523;B01;1;7;9;2;3;1;1
536551994;155 755 519;A01;3;10;0;2;7;0;0
536551994;155 755 520;B01;3;10;0;2;1;0;0
536551995;155 755 518;A01;3;7;14;1;2;1;1
536551996;155 755 516;B01;1;50;0;2;1;19;3
536551996;155 755 517;A01;1;7;0;2;3;1;1
536551997;155 755 514;B01;2;33;0;2;1;1;1
536551997;155 755 515;A01;1;7;0;2;2;15;1
536551998;155 755 512;A01;3;7;0;2;1;26;1
536551998;155 755 513;B01;3;7;0;0;4;26;1