Num_Acc;id_vehicule;num_veh;senc;catv;obs;obsm;choc;manv;motor
536552912;155 753 916;D01;1;7;0;0;8;0;1
536552912;155 753 919;E01;1;10;0;0;8;0;1
536552912;155 753 922;C01;1;7;0;0;8;0;2
536552913;155 753 907;B01;3;31;0;0;0;0;0
536552913;155 753 908;A01;1;10;0;0;0;0;0
536552914;155 753 906;B01;2;2;0;2;7;1;1
536552914;155 753 909;A01;2;7;0;2;1;1;1
536552915;155 753 905;A01;1;10;0;1;8;26;1
536552916;155 753 901;B01;1;7;0;9;2;1;1
536552916;155 753 904;A01;2;1;0;2;1;19;5
536552917;155 753 899;A01;3;33;0;2;1;18;1
536552917;155 753 902;B01;1;10;0;0;2;16;1
536552918;155 753 900;A01;1;7;0;2;1;19;1
536552918;155 753 903;B01;1;7;0;2;7;1;1
536552919;155 753 896;A01;3;7;0;2;3;9;2
536552919;155 753 898;B01;3;1;0;2;7;1;5
536552920;155 753 894;A01;1;7;0;2;8;9;1
536552920;155 753 897;B01;1;7;0;2;5;1;1
536552921;155 753 893;A01;1;7;0;0;4;2;1
536552921;155 753 895;B01;1;7;0;2;1;2;1
536552922;155 753 890;A01;2;7;0;2;1;2;1
536552922;155 753 892;B01;2;7;0;2;4;1;1
536552923;155 753 889;A01;2;1;0;2;3;15;5
536552923;155 753 891;B01;2;7;0;2;2;1;1
536552924;155 753 888;A01;2;7;2;0;1;1;1
536552925;155 753 885;A01;1;7;0;2;3;9;1
536552925;155 753 887;B01;2;50;0;2;1;1;3
536552926;155 753 884;B01;2;30;0;2;1;1;1
536552926;155 753 886;A01;2;7;0;2;3;10;1
536552927;155 753 880;A01;1;7;0;2;8;1;1
536552927;155 753 882;B01;2;50;0;2;1;25;3
536552928;155 753 881;A01;3;33;0;0;8;1;1
536552928;155 753 883;B01;3;7;0;2;8;15;1
536552929;155 753 877;A01;1;7;6;0;1;1;1
536552930;155 753 878;B01;0;7;0;2;1;0;1
536552930;155 753 879;A01;0;34;8;2;8;1;1
536552931;155 753 873;B01;2;10;0;2;4;23;1
536552931;155 753 875;A01;2;30;1;0;1;1;1
536552932;155 753 874;A01;2;2;0;2;1;1;1
536552932;155 753 876;B01;2;7;0;0;7;1;1
536552933;155 753 869;A01;3;7;0;2;1;5;1
536552933;155 753 872;B01;3;7;0;2;2;15;1
536552934;155 753 868;A01;3;1;0;0;0;1;5
536552935;155 753 866;B01;1;33;0;2;3;1;1
536552935;155 753 870;A01;2;80;0;2;8;15;3
536552936;155 753 863;C01;2;7;0;2;1;10;0
536552936;155 753 865;A01;2;33;0;2;1;0;1
536552936;155 753 867;B01;2;33;0;2;1;0;1
536552937;155 753 860;A01;1;7;8;2;2;1;1
536552937;155 753 862;B01;1;10;0;2;3;1;1
536552937;155 753 864;C01;1;10;0;2;3;1;1
536552938;155 753 859;B01;0;33;0;2;2;16;1
536552938;155 753 861;A01;0;7;0;2;6;1;1
536552939;155 753 858;A01;2;7;0;1;3;1;1
536552940;155 753 854;B01;0;7;0;2;2;1;1
536552940;155 753 857;A01;0;10;0;2;3;1;1
536552941;155 753 853;A01;1;33;0;2;1;3;1
536552941;155 753 855;B01;1;7;0;2;3;13;1
536552941;155 753 856;C01;1;7;0;2;5;1;1
536552942;155 753 848;B01;2;33;0;2;1;1;1
536552942;155 753 851;A01;2;7;0;2;8;15;1
536552943;155 753 850;A01;3;7;0;2;2;15;1
536552943;155 753 852;B01;3;33;0;2;1;1;1
536552944;155 753 847;B01;1;80;0;2;8;1;3
536552944;155 753 849;A01;1;7;0;2;2;16;1
536552945;155 753 846;A01;3;7;7;0;9;26;1
536552946;155 753 844;A01;2;10;0;2;5;15;1
536552946;155 753 845;B01;1;33;0;2;1;1;1
536552947;155 753 839;A01;1;7;0;2;2;1;1
536552947;155 753 841;C01;1;10;0;2;4;23;1
536552947;155 753 843;B01;1;7;0;2;4;23;1
536552948;155 753 838;B01;1;33;0;2;0;0;1
536552948;155 753 840;C01;2;10;0;2;1;0;1
536552948;155 753 842;A01;1;7;1;0;7;26;1
536552949;155 753 835;A01;0;7;0;0;3;26;1
536552950;155 753 834;A01;2;7;0;2;1;1;1
536552950;155 753 836;B01;2;7;0;2;4;1;1
536552951;155 753 833;A01;1;2;0;2;5;17;1
536552951;155 753 837;B01;1;7;0;2;3;1;1
536552952;155 753 831;A01;1;7;0;2;3;15;2
536552952;155 753 832;B01;1;1;0;2;7;15;5
536552953;155 753 828;A01;3;7;0;2;3;0;2
536552953;155 753 830;B01;3;7;0;2;7;0;1
536552954;155 753 827;A01;1;30;0;0;1;0;1
536552955;155 753 825;A01;1;7;0;1;2;2;1
536552956;155 753 823;A01;2;10;0;2;3;1;1
536552956;155 753 826;B01;1;7;0;2;1;1;1
536552957;155 753 822;B01;1;2;0;2;8;1;1
536552957;155 753 824;A01;2;7;0;2;1;19;1
536552958;155 753 821;Z01;2;7;1;0;0;20;1
536552959;155 753 820;A01;3;2;0;0;7;1;1
536552960;155 753 817;A01;1;7;0;2;2;2;2
536552960;155 753 818;B01;1;7;0;2;6;1;1
536552961;155 753 816;B01;2;7;0;2;6;19;1
536552961;155 753 819;A01;2;7;0;2;1;1;1
536552962;155 753 814;B01;2;33;0;2;1;2;1
536552962;155 753 815;A01;2;7;0;2;4;2;1
536552963;155 753 813;A01;1;7;4;0;1;1;1
536552964;155 753 811;A01;1;34;0;2;1;1;1
536552964;155 753 812;B01;2;1;0;2;1;1;5
536552965;155 753 810;A01;2;10;0;2;7;1;1
536552966;155 753 805;B01;1;7;0;2;4;2;1
536552966;155 753 806;D01;1;33;0;2;1;1;1
536552966;155 753 808;A01;1;33;0;2;1;2;1
536552966;155 753 809;C01;1;7;0;2;1;1;2
536552967;155 753 803;A01;3;37;0;2;1;1;3
536552967;155 753 807;B01;3;7;0;2;7;1;1
536552968;155 753 802;A01;1;31;7;0;2;2;1
536552969;155 753 800;A01;2;33;0;2;1;1;1
536552969;155 753 801;B01;2;7;0;2;4;1;1
536552969;155 753 804;C01;2;7;0;2;4;1;1
536552970;155 753 797;A01;3;7;0;2;1;1;1
536552970;155 753 799;B01;3;1;0;2;1;0;5
536552971;155 753 798;A01;3;7;0;1;1;15;1
536552972;155 753 794;A01;2;7;0;1;3;1;2
536552973;155 753 791;A01;3;33;0;2;1;1;1
536552973;155 753 793;B01;3;7;0;2;4;1;2
536552974;155 753 792;A01;2;10;0;2;1;2;1
536552974;155 753 795;B01;2;7;0;2;4;2;1
536552974;155 753 796;C01;2;7;0;2;4;2;1
536552975;155 753 789;A01;2;7;0;2;1;2;2
536552975;155 753 790;B01;2;10;0;2;4;2;1
536552976;155 753 786;B01;1;1;0;2;1;17;5
536552976;155 753 787;A01;1;7;0;2;8;22;2
536552977;155 753 784;A01;1;33;12;0;1;21;1
536552978;155 753 783;C01;1;7;0;2;4;2;1
536552978;155 753 785;A01;1;10;0;2;1;2;1
536552978;155 753 788;B01;1;7;0;0;4;2;2
536552979;155 753 779;A01;1;7;0;2;3;16;2
536552979;155 753 781;B01;2;1;0;2;1;1;5
536552980;155 753 778;C01;2;7;0;2;3;22;1
536552980;155 753 780;A01;2;33;1;2;7;18;1
536552980;155 753 782;B01;2;10;0;2;2;1;1
536552981;155 753 776;A01;2;7;0;2;6;11;1
536552981;155 753 777;B01;2;33;0;2;2;1;1
536552982;155 753 773;Z01;2;32;0;9;1;26;0
536552982;155 753 775;B01;3;1;0;2;8;9;5
536552983;155 753 772;A01;2;7;4;0;3;13;1
536552984;155 753 771;B01;2;80;0;2;1;1;3
536552984;155 753 774;A01;1;10;0;9;0;0;0
536552985;155 753 766;A01;1;7;0;2;5;16;1
536552985;155 753 769;B01;1;1;0;2;2;16;5
536552986;155 753 767;A01;1;7;0;2;4;24;1
536552986;155 753 770;B01;1;50;1;0;1;1;3
536552987;155 753 762;A01;2;7;0;2;2;12;1
536552987;155 753 764;B01;2;34;0;2;3;2;1
536552987;155 753 765;C01;2;7;0;2;4;1;2
536552987;155 753 768;D01;2;7;0;2;4;1;2
536552988;155 753 759;A01;1;2;0;2;1;9;1
536552988;155 753 761;F01;1;7;0;0;7;17;0
536552989;155 753 760;A01;1;1;0;0;0;1;5
536552990;155 753 758;B01;1;7;0;0;5;2;1
536552990;155 753 763;A01;1;7;0;2;1;2;1
536552991;155 753 755;A01;1;31;0;0;8;26;1
536552992;155 753 754;B01;2;7;0;2;4;2;1
536552992;155 753 757;A01;2;7;0;2;1;2;1
536552993;155 753 752;B01;2;33;0;2;1;26;1
536552993;155 753 756;A01;3;7;0;2;8;26;1
536552994;155 753 751;Z01;3;10;0;2;2;1;0
536552994;155 753 753;B01;3;7;0;2;3;1;1
536552995;155 753 748;A01;1;33;0;0;0;0;1
536552996;155 753 750;A01;1;7;3;0;1;1;1
536552997;155 753 747;A01;2;31;0;2;1;1;3
536552997;155 753 749;B01;2;7;0;2;4;1;1
536552998;155 753 745;A01;2;7;4;0;1;16;1
536552999;155 753 743;B01;2;7;0;2;0;0;1
536552999;155 753 746;A01;1;7;0;2;0;0;2
536553000;155 753 741;A01;2;7;4;0;1;2;1
536553001;155 753 739;A01;1;7;6;2;7;19;1
536553001;155 753 744;B01;2;7;0;2;1;1;1
536553002;155 753 740;B01;2;33;0;9;1;1;1
536553002;155 753 742;A01;1;80;0;2;7;1;3
536553003;155 753 738;A01;1;37;1;1;7;11;1
536553004;155 753 735;A01;2;17;0;2;1;9;1
536553004;155 753 737;B01;2;17;0;2;4;0;1
536553005;155 753 733;A01;2;99;0;2;6;23;1
536553005;155 753 734;Z01;2;10;0;2;1;1;1
536553006;155 753 732;B01;1;50;0;2;7;1;3
536553006;155 753 736;A01;1;7;0;2;0;0;0
536553007;155 753 728;A01;2;7;0;2;2;26;2
536553007;155 753 731;B01;2;7;0;2;6;1;1
536553008;155 753 726;A01;1;30;0;2;3;15;1
536553008;155 753 729;B01;1;50;0;2;1;1;3
536553009;155 753 725;A01;2;31;0;2;1;12;1
536553009;155 753 727;B01;2;33;0;2;4;1;1
536553009;155 753 730;C01;2;10;0;2;3;0;1
536553010;155 753 720;A01;3;0;0;1;0;0;0
536553011;155 753 722;A01;1;32;0;2;3;21;1
536553011;155 753 723;C01;1;7;0;2;6;1;3
536553011;155 753 724;B01;1;7;0;0;0;1;1
536553012;155 753 719;Z01;1;10;0;2;1;1;1
536553012;155 753 721;A01;2;30;0;2;8;1;3
536553013;155 753 718;A01;3;7;6;0;1;0;0
536553014;155 753 716;A01;2;31;0;2;8;11;1
536553014;155 753 717;B01;2;33;0;2;1;3;1
536553015;155 753 715;A01;0;32;0;0;0;1;1
536553016;155 753 713;B01;0;0;0;2;0;2;1
536553016;155 753 714;A01;1;10;0;2;4;2;1
536553017;155 753 712;A01;3;10;0;1;1;1;0
536553018;155 753 710;A01;1;15;0;2;2;12;1
536553018;155 753 711;B01;1;7;0;2;8;1;1
536553019;155 753 706;A01;1;7;4;0;1;26;1
536553020;155 753 704;A01;2;10;0;2;2;15;1
536553020;155 753 709;B01;2;7;0;2;1;1;1
536553021;155 753 707;A01;3;7;0;2;3;1;1
536553021;155 753 708;B01;3;7;0;2;3;10;2
536553022;155 753 703;B01;1;7;0;2;8;1;1
536553022;155 753 705;A01;2;38;0;2;3;13;1
536553023;155 753 700;A01;2;10;4;0;3;26;1
536553024;155 753 698;B01;3;2;0;2;4;23;3
536553024;155 753 701;A01;3;0;0;2;3;1;0
536553025;155 753 699;A01;1;7;15;0;1;1;1
536553026;155 753 697;B01;0;99;0;2;1;0;0
536553026;155 753 702;A01;0;32;0;2;7;2;1
536553027;155 753 696;A01;2;7;0;0;0;1;1
536553028;155 753 693;A01;3;7;2;0;1;1;1
536553029;155 753 691;B01;1;7;0;2;2;5;0
536553029;155 753 694;A01;2;7;0;2;1;0;0
536553030;155 753 690;A01;2;7;0;0;4;1;1
536553030;155 753 695;C01;2;7;0;2;1;1;2
536553031;155 753 688;B01;3;2;0;2;1;17;1
536553031;155 753 689;A01;3;3;0;2;6;15;1
536553032;155 753 687;A01;3;7;0;1;0;16;0
536553033;155 753 683;A01;1;7;0;2;0;15;1
536553033;155 753 685;B01;2;1;0;2;0;5;5
536553034;155 753 684;A01;3;7;0;2;6;2;0
536553034;155 753 686;B01;3;30;0;2;2;2;1
536553035;155 753 680;A01;2;7;0;2;1;2;1
536553035;155 753 681;B01;2;7;0;2;4;2;1
536553036;155 753 679;A01;3;7;2;2;5;9;1
536553036;155 753 682;B01;3;7;0;2;3;0;1
536553037;155 753 674;A01;1;7;0;2;3;13;1
536553037;155 753 676;B01;2;7;0;2;3;1;1
536553038;155 753 673;B01;1;7;0;2;1;1;1
536553039;155 753 672;B01;1;7;0;2;1;2;1
536553039;155 753 675;A01;1;7;0;2;4;2;1
536553040;155 753 671;A01;3;7;0;2;2;1;1
536553040;155 753 678;B01;0;7;0;2;1;1;1
536553041;155 753 670;A01;2;15;0;0;7;1;1
536553042;155 753 668;A01;3;7;0;9;2;15;1
536553042;155 753 669;B01;3;33;0;2;1;0;1
536553043;155 753 666;A01;1;32;0;2;1;17;1
536553044;155 753 662;A01;2;7;0;2;1;17;1
536553044;155 753 665;B01;1;7;0;2;1;1;1
536553044;155 753 667;C01;1;7;0;2;8;1;1
536553045;155 753 661;A01;2;7;4;0;4;23;1
536553045;155 753 664;B01;2;7;0;2;1;1;1
536553046;155 753 660;A01;2;30;0;1;1;26;3
536553047;155 753 657;A01;1;7;13;0;1;1;1
536553048;155 753 658;C01;2;10;0;2;4;23;1
536553048;155 753 659;A01;2;10;0;2;1;1;3
536553048;155 753 663;B01;2;7;0;2;4;23;1
536553049;155 753 655;A01;1;7;0;1;0;1;1
536553050;155 753 653;A01;0;7;0;2;3;0;1
536553050;155 753 656;B01;0;10;0;2;3;13;1
536553051;155 753 651;A01;1;14;0;2;3;13;1
536553051;155 753 654;B01;2;15;0;2;3;1;1
536553052;155 753 650;B01;0;7;0;2;1;9;1
536553052;155 753 652;A01;0;7;0;2;3;1;2
536553053;155 753 648;A01;1;7;0;2;1;1;1
536553053;155 753 649;B01;1;1;0;2;7;19;5
536553054;155 753 646;A01;1;7;8;0;1;14;1
536553055;155 753 645;A01;1;2;0;0;4;1;1
536553055;155 753 647;B01;1;7;0;2;3;9;1
536553056;155 753 641;B01;2;32;0;0;0;5;0
536553056;155 753 644;A01;1;7;0;0;3;1;0
536553057;155 753 639;B01;1;2;0;2;8;1;1
536553057;155 753 643;A01;2;7;0;2;3;15;1
536553058;155 753 638;A01;2;34;0;2;1;17;1
536553058;155 753 642;B01;2;7;0;2;3;15;2
536553059;155 753 637;B01;2;7;0;0;4;15;1
536553059;155 753 640;A01;2;7;0;2;1;2;1
536553060;155 753 636;A01;3;2;0;0;0;1;1
536553061;155 753 634;B01;3;33;0;2;1;1;1
536553061;155 753 635;A01;3;7;0;2;7;15;2
536553062;155 753 633;A01;1;7;0;1;1;1;1
536553063;155 753 630;A01;1;7;0;2;3;13;1
536553063;155 753 632;B01;2;7;0;2;3;1;1
536553064;155 753 631;A01;1;7;2;0;8;1;1
536553065;155 753 629;A01;3;7;0;1;1;16;1
536553066;155 753 628;A01;1;7;13;0;0;0;1
536553067;155 753 624;A01;1;10;0;2;2;10;1
536553067;155 753 627;B01;1;31;0;2;1;1;1
536553068;155 753 623;A01;2;7;0;2;7;1;1
536553068;155 753 625;B01;1;50;0;2;1;0;3
536553069;155 753 619;A01;1;7;5;0;1;1;1
536553070;155 753 621;B01;1;1;0;2;0;0;5
536553070;155 753 622;A01;1;7;0;2;0;0;1
536553071;155 753 618;A01;1;7;0;0;4;23;1
536553071;155 753 620;B01;1;7;0;2;1;1;1
536553072;155 753 616;A01;3;7;14;1;3;0;1
536553073;155 753 613;A01;1;7;0;1;6;4;1
536553074;155 753 614;A01;0;7;0;2;3;16;0
536553074;155 753 617;B01;3;7;0;2;2;1;0
536553075;155 753 612;A01;1;7;0;2;1;2;0
536553075;155 753 615;B01;1;7;0;2;4;2;1
536553076;155 753 611;A01;1;2;0;0;0;1;1
536553077;155 753 610;A01;3;7;3;0;1;1;2
536553078;155 753 608;A01;3;1;0;0;9;13;5
536553079;155 753 606;Z01;3;7;1;0;0;26;1
536553080;155 753 605;A01;2;7;13;2;1;17;1
536553080;155 753 607;B01;2;7;0;2;1;2;3
536553080;155 753 609;C01;1;15;0;2;1;0;1
536553081;155 753 604;A01;3;7;0;1;3;15;1
536553082;155 753 603;A01;1;7;0;1;1;1;1
536553083;155 753 600;A01;1;7;15;0;3;19;1
536553084;155 753 599;A01;2;7;0;2;3;1;1
536553084;155 753 602;B01;1;7;13;2;3;1;1
536553085;155 753 597;A01;1;7;0;2;2;15;1
536553085;155 753 601;B01;2;34;0;2;3;1;1
536553086;155 753 596;B01;2;10;13;2;1;2;1
536553086;155 753 598;A01;2;10;13;2;5;1;1
536553087;155 753 593;B01;1;1;0;2;0;0;5
536553087;155 753 595;A01;1;7;0;2;0;0;1
536553088;155 753 594;A01;1;7;15;0;1;1;1
536553089;155 753 590;B01;1;7;0;9;5;15;2
536553089;155 753 592;A01;1;1;0;2;1;15;5
536553090;155 753 589;B01;1;7;0;2;3;1;1
536553090;155 753 591;A01;0;7;0;2;3;1;1
536553091;155 753 588;A01;1;33;0;0;0;1;1
536553092;155 753 584;B01;1;10;0;2;8;9;1
536553092;155 753 587;A01;1;7;0;2;1;1;1
536553093;155 753 583;A01;1;10;0;2;3;1;1
536553093;155 753 586;B01;1;2;0;2;8;1;1
536553094;155 753 581;A01;1;7;14;0;9;5;1
536553095;155 753 579;B01;0;7;0;0;1;1;1
536553095;155 753 585;A01;0;7;0;2;7;19;1
536553096;155 753 580;A01;1;7;0;9;1;1;1
536553096;155 753 582;B01;2;50;0;2;1;5;3
536553097;155 753 578;A01;2;7;4;0;3;1;1
536553098;155 753 574;A01;2;7;0;2;2;1;1
536553098;155 753 576;B01;1;31;0;2;3;0;1
536553099;155 753 573;A01;0;33;0;2;0;1;1
536553099;155 753 577;B01;0;1;0;2;0;26;5
536553100;155 753 572;A01;1;7;2;0;9;0;1
536553101;155 753 571;A01;1;7;0;9;2;1;1
536553101;155 753 575;B01;2;1;0;2;7;19;5
536553102;155 753 567;A01;1;7;16;0;9;1;1
536553103;155 753 566;B01;1;7;0;2;1;1;1
536553103;155 753 570;A01;2;1;0;2;1;5;5
536553104;155 753 565;A01;1;7;0;2;2;16;1
536553104;155 753 568;B01;2;80;0;2;8;15;3
536553105;155 753 564;A01;0;33;0;2;1;18;1
536553105;155 753 569;B01;0;7;0;0;5;1;1
536553106;155 753 558;A01;1;7;0;2;1;5;1
536553106;155 753 561;B01;2;10;0;2;2;1;1
536553107;155 753 557;B01;2;7;0;2;5;2;1
536553107;155 753 562;A01;2;7;12;2;3;2;1
536553108;155 753 556;B01;2;7;0;2;2;15;1
536553108;155 753 560;A01;1;33;0;2;1;1;1
536553109;155 753 552;A01;2;7;0;2;1;13;1
536553109;155 753 555;B01;1;7;0;2;1;1;1
536553110;155 753 550;A01;1;7;0;2;1;26;1
536553110;155 753 553;Z01;1;7;0;2;8;0;0
536553111;155 753 551;A01;2;7;0;2;1;1;1
536553111;155 753 554;B01;1;7;0;2;3;1;1
536553112;155 753 547;A01;2;10;0;2;3;13;1
536553112;155 753 549;B01;1;7;0;2;3;1;1
536553113;155 753 546;A01;1;7;0;2;1;0;1
536553113;155 753 548;B01;2;7;0;2;1;0;1
536553114;155 753 545;A01;1;32;0;0;1;1;1
536553115;155 753 543;A01;1;7;0;1;1;15;2
536553116;155 753 542;A01;3;7;0;0;9;1;1
536553117;155 753 540;A01;3;7;0;0;8;2;1
536553117;155 753 544;B01;3;33;0;2;1;17;1
536553118;155 753 539;A01;2;10;0;2;8;1;1
536553118;155 753 541;B01;1;2;0;2;1;1;1
536553119;155 753 538;A01;2;7;0;1;1;1;1
536553120;155 753 537;A01;2;7;0;1;2;1;1
536553121;155 753 533;A01;3;7;0;2;1;1;1
536553121;155 753 536;B01;0;33;0;2;3;1;1
536553122;155 753 532;B01;0;50;0;2;0;0;3
536553122;155 753 535;A01;0;7;0;2;0;0;0
536553123;155 753 530;A01;2;7;0;2;8;9;1
536553123;155 753 534;B01;1;33;0;2;1;1;1
536553124;155 753 528;A01;0;7;0;2;3;1;1
536553124;155 753 531;B01;0;7;0;2;3;13;1
536553125;155 753 525;A01;1;7;0;2;1;9;1
536553126;155 753 523;A01;2;31;0;2;1;13;1
536553126;155 753 526;B01;1;7;0;2;3;1;1
536553127;155 753 522;A01;1;7;2;0;3;1;1
536553128;155 753 521;A01;2;1;0;2;7;17;5
536553128;155 753 524;B01;2;1;0;2;8;26;5
536553128;155 753 527;C01;2;1;0;2;1;17;5
536553128;155 753 529;D01;2;1;0;2;1;17;5
536553129;155 753 520;Z01;1;0;0;0;0;26;0
536553130;155 753 514;A01;1;10;0;1;8;1;1
536553131;155 753 516;A01;1;7;0;0;1;11;1
536553131;155 753 519;B01;2;7;0;0;1;1;1
536553132;155 753 513;A01;3;7;0;2;2;9;1
536553132;155 753 518;B01;2;7;0;2;3;1;1
536553133;155 753 512;A01;1;7;0;2;6;1;3
536553133;155 753 515;C01;1;33;0;2;1;1;1
536553133;155 753 517;B01;1;33;0;2;1;0;1
536553134;155 753 511;A01;2;7;8;0;1;0;1
536553135;155 753 508;A01;2;7;2;0;3;14;1
536553136;155 753 506;A01;2;7;3;0;3;1;1
536553136;155 753 509;B01;2;7;3;0;1;1;1
536553137;155 753 507;A01;2;7;0;2;2;15;1
536553137;155 753 510;B01;1;33;0;2;1;1;1
536553138;155 753 503;A01;1;34;0;2;7;2;1
536553138;155 753 505;B01;1;7;0;2;0;13;0
536553139;155 753 504;A01;1;7;2;0;2;1;1
536553140;155 753 502;A01;1;7;13;0;7;1;1
536553141;155 753 499;A01;1;3;0;1;2;1;1
536553142;155 753 498;A01;1;33;3;0;1;1;1
536553143;155 753 496;A01;2;7;13;0;0;19;1
536553144;155 753 495;B01;3;37;0;2;2;19;6
536553144;155 753 497;A01;3;7;0;2;3;19;1
536553145;155 753 492;A01;2;17;0;1;3;2;1
536553146;155 753 491;B01;2;7;13;2;3;1;0
536553146;155 753 494;A01;1;7;13;2;3;13;1
536553147;155 753 489;A01;2;7;0;2;3;9;1
536553147;155 753 493;B01;1;33;0;2;1;1;1
536553148;155 753 488;A01;3;7;0;2;1;2;1
536553148;155 753 490;B01;3;33;0;2;4;2;1
536553149;155 753 486;A01;1;2;12;0;7;1;3
536553150;155 753 484;A01;2;10;3;2;1;2;1
536553150;155 753 487;B01;2;10;3;2;9;2;1
536553151;155 753 483;A01;2;7;0;2;3;1;1
536553151;155 753 485;B01;1;7;0;2;3;1;1
536553152;155 753 482;A01;2;1;0;0;1;1;5
536553153;155 753 478;B01;2;7;0;2;1;2;1
536553153;155 753 480;A01;2;7;3;2;1;23;1
536553153;155 753 481;C01;2;17;0;0;1;2;1
536553154;155 753 476;A01;2;33;0;2;1;3;1
536553154;155 753 477;B01;2;15;0;0;4;1;6
536553154;155 753 479;C01;2;10;0;2;8;1;1
536553155;155 753 475;A01;1;33;13;0;7;14;1
536553156;155 753 474;A01;1;7;0;1;3;1;1
536553157;155 753 471;A01;2;15;0;2;3;1;1
536553157;155 753 473;B01;1;7;0;2;3;1;1
536553158;155 753 466;B01;2;7;0;2;3;1;1
536553158;155 753 470;A01;1;7;0;2;1;15;1
536553159;155 753 464;A01;1;7;0;2;3;17;1
536553159;155 753 467;B01;1;10;0;2;3;1;1
536553159;155 753 469;C01;2;7;0;2;3;1;1
536553159;155 753 472;D01;1;7;0;2;3;1;1
536553160;155 753 463;A01;2;7;0;2;5;13;1
536553160;155 753 465;B01;1;7;0;2;2;21;1
536553160;155 753 468;C01;1;13;0;2;3;1;1
536553161;155 753 461;A01;2;7;0;2;1;1;1
536553161;155 753 462;B01;2;7;0;2;4;1;1
536553162;155 753 459;A01;1;7;13;0;3;13;1
536553163;155 753 460;A01;1;7;0;1;1;1;1
536553164;155 753 458;A01;1;7;0;1;2;1;1
536553165;155 753 456;A01;1;36;6;0;3;0;1
536553166;155 753 457;A01;2;7;2;0;1;13;0
536553167;155 753 455;B01;1;30;0;2;0;0;0
536553168;155 753 454;A01;3;7;0;1;3;1;1
536553169;155 753 453;A01;1;7;0;0;0;2;1
536553170;155 753 451;A01;2;7;15;0;1;13;1
536553171;155 753 449;A01;2;7;0;1;3;1;2
536553172;155 753 448;A01;1;7;16;2;2;13;1
536553172;155 753 450;B01;2;15;0;2;2;1;1
536553173;155 753 447;B01;2;7;0;2;4;1;1
536553173;155 753 452;A01;2;10;0;2;3;9;1
536553174;155 753 445;A01;3;7;0;2;3;1;1
536553174;155 753 446;B01;3;1;0;2;1;9;5
536553175;155 753 441;Z01;2;30;0;1;1;1;1
536553176;155 753 442;A01;2;7;3;0;3;13;1
536553177;155 753 443;A01;1;10;15;0;1;1;1
536553178;155 753 439;C01;1;7;0;2;2;1;1
536553178;155 753 440;A01;2;7;3;0;7;15;1
536553178;155 753 444;B01;1;10;0;2;1;1;1
536553179;155 753 438;A01;2;43;12;0;0;1;1
536553180;155 753 435;A01;1;7;0;2;8;19;1
536553180;155 753 437;B01;2;33;0;2;1;1;1
536553181;155 753 434;A01;1;7;1;1;2;1;1
536553182;155 753 433;A01;2;7;0;2;3;13;1
536553182;155 753 436;B01;2;7;0;2;3;1;1
536553183;155 753 432;A01;1;33;13;0;8;1;1
536553184;155 753 431;A01;1;7;2;0;1;1;1
536553185;155 753 429;A01;1;7;0;1;3;4;1
536553186;155 753 428;A01;1;7;0;0;0;1;1
536553187;155 753 427;B01;2;7;0;2;8;1;1
536553187;155 753 430;A01;1;7;0;2;1;13;1
536553188;155 753 426;A01;1;7;0;0;2;0;1
536553189;155 753 423;B01;0;50;0;2;1;1;3
536553189;155 753 425;A01;0;7;1;0;6;9;1
536553190;155 753 421;A01;2;7;0;9;1;1;1
536553190;155 753 424;B01;3;80;0;2;5;19;3
536553191;155 753 419;B01;2;10;0;2;1;17;1
536553191;155 753 420;C01;2;13;0;2;6;1;0
536553191;155 753 422;A01;3;7;0;2;1;9;1
536553192;155 753 418;A01;3;7;0;1;1;1;1
536553193;155 753 415;A01;2;7;13;2;1;5;1
536553193;155 753 417;B01;1;7;0;2;7;1;1
536553194;155 753 413;B01;0;1;0;2;1;16;5
536553194;155 753 416;A01;1;7;0;2;3;15;1
536553195;155 753 412;A01;3;7;0;2;8;1;1
536553195;155 753 414;B01;3;7;0;2;8;10;1
536553196;155 753 411;A01;1;31;15;0;1;14;1
536553197;155 753 409;A01;1;7;6;0;1;14;1
536553198;155 753 408;A01;1;7;0;1;1;1;1
536553199;155 753 405;A01;1;7;0;2;3;9;2
536553199;155 753 406;B01;1;1;0;2;2;14;5
536553200;155 753 403;A01;1;7;0;2;1;1;1
536553200;155 753 404;B01;2;7;0;2;2;13;1
536553201;155 753 400;B01;3;7;0;0;3;15;1
536553201;155 753 402;A01;2;32;0;2;3;17;1
536553202;155 753 391;C01;2;10;0;2;3;1;1
536553202;155 753 395;A01;1;10;6;2;1;13;1
536553202;155 753 398;B01;2;7;0;2;3;1;1
536553203;155 753 390;A01;1;7;14;0;1;26;1
536553203;155 753 393;C01;1;15;0;2;4;26;1
536553203;155 753 397;B01;1;7;14;0;9;2;1
536553204;155 753 389;D01;2;7;14;0;1;2;1
536553204;155 753 392;A01;2;7;0;2;1;2;1
536553204;155 753 394;B01;2;7;0;2;5;2;1
536553204;155 753 396;C01;2;7;0;2;4;2;1
536553205;155 753 387;A01;1;7;0;2;1;19;1
536553205;155 753 388;B01;2;2;0;2;8;1;1
536553206;155 753 385;A01;2;7;3;0;2;1;1
536553207;155 753 386;A01;3;31;12;0;1;13;1
536553208;155 753 383;A01;2;31;8;0;3;13;1
536553209;155 753 384;A01;3;7;0;1;1;1;1