Num_Acc;id_vehicule;num_veh;senc;catv;obs;obsm;choc;manv;motor
536553820;155 752 310;A01;1;33;0;2;6;1;1
536553820;155 752 311;B01;3;10;0;2;2;15;1
536553821;155 752 308;A01;1;7;0;9;1;0;1
536553821;155 752 309;B01;1;1;0;0;4;0;5
536553822;155 752 307;A01;1;10;0;1;1;1;1
536553823;155 752 306;A01;1;31;2;0;2;1;1
536553824;155 752 305;A01;2;7;0;1;3;1;1
536553825;155 752 304;A01;0;7;0;1;2;1;1
536553826;155 752 302;A01;2;33;0;2;1;1;1
536553826;155 752 303;B01;1;7;0;2;7;19;1
536553827;155 752 301;A01;1;80;0;1;0;26;3
536553828;155 752 300;A01;1;33;8;0;2;1;1
536553829;155 752 298;B01;2;7;0;2;1;19;1
536553829;155 752 299;A01;1;7;7;0;3;1;1
536553830;155 752 297;A01;2;33;4;0;2;1;1
536553831;155 752 296;A01;1;7;0;0;7;1;1
536553832;155 752 294;B01;3;7;0;2;8;1;1
536553832;155 752 295;A01;0;7;0;2;1;19;1
536553833;155 752 291;B01;1;7;0;2;3;15;1
536553833;155 752 292;A01;2;7;0;2;3;1;1
536553833;155 752 293;C01;2;10;0;0;8;23;1
536553834;155 752 289;A01;1;7;0;2;1;2;1
536553834;155 752 290;B01;1;7;0;2;4;2;1
536553835;155 752 288;A01;1;33;1;2;0;1;1
536553836;155 752 287;A01;2;7;0;2;9;1;1
536553837;155 752 286;A01;1;7;4;0;0;1;1
536553838;155 752 284;A01;2;7;0;2;9;21;1
536553838;155 752 285;B01;2;7;0;2;0;0;1
536553839;155 752 282;A01;1;31;0;2;3;3;1
536553839;155 752 283;B01;1;7;0;2;3;12;0
536553840;155 752 280;B01;2;34;0;2;2;1;1
536553840;155 752 281;A01;2;7;0;2;3;11;1
536553841;155 752 278;A01;2;7;0;2;7;12;1
536553841;155 752 279;B01;2;33;0;2;8;0;1
536553842;155 752 276;A01;2;7;0;2;8;11;2
536553842;155 752 277;B01;2;33;0;2;7;3;1
536553843;155 752 274;A01;2;10;0;2;3;11;1
536553843;155 752 275;B01;2;33;0;2;7;3;1
536553844;155 752 272;A01;2;33;0;2;8;3;1
536553844;155 752 273;B01;2;7;0;2;7;12;1
536553845;155 752 268;A01;2;37;4;2;3;9;1
536553845;155 752 269;B01;2;7;3;2;1;1;1
536553845;155 752 270;C01;2;10;4;2;7;1;1
536553845;155 752 271;D01;2;7;4;2;2;1;2
536553846;155 752 267;A01;2;43;4;2;3;3;1
536553847;155 752 265;B01;2;7;0;2;7;14;1
536553847;155 752 266;A01;2;31;0;2;8;2;1
536553848;155 752 263;A01;1;33;0;2;1;3;1
536553848;155 752 264;B01;1;7;0;2;4;11;1
536553849;155 752 260;B01;2;7;0;2;3;2;1
536553849;155 752 261;C01;2;7;0;2;8;1;1
536553849;155 752 262;A01;2;10;4;0;1;26;1
536553850;155 752 258;B01;3;34;0;2;1;17;0
536553850;155 752 259;A01;3;7;0;2;8;13;0
536553852;155 752 256;A01;2;7;0;1;1;1;1
536553853;155 752 255;A01;0;3;0;0;9;1;1
536553854;155 752 253;A01;2;33;0;2;7;1;1
536553854;155 752 254;B01;1;7;0;2;5;15;1
536553855;155 752 252;A01;2;7;13;0;1;1;1
536553856;155 752 250;A01;1;7;0;2;1;1;2
536553856;155 752 251;B01;2;7;0;2;1;19;1
536553857;155 752 248;A01;1;10;0;2;2;9;1
536553857;155 752 249;B01;1;31;0;2;3;1;1
536553858;155 752 245;A01;1;7;0;2;1;26;1
536553858;155 752 246;B01;1;7;0;2;4;1;1
536553858;155 752 247;C01;1;7;0;2;4;1;1
536553859;155 752 243;A01;3;7;0;2;2;1;1
536553859;155 752 244;B01;3;50;0;2;8;1;3
536553860;155 752 242;Z01;3;31;0;1;4;25;1
536553861;155 752 240;A01;1;7;0;9;3;1;3
536553861;155 752 241;B01;1;1;0;2;8;19;5
536553862;155 752 238;B01;1;7;0;0;0;2;1
536553862;155 752 239;A01;1;2;3;0;7;18;1
536553863;155 752 236;A01;1;10;0;2;0;0;1
536553863;155 752 237;B01;1;2;0;2;0;0;1
536553864;155 752 235;A01;2;50;0;1;1;1;3
536553865;155 752 234;A01;1;7;0;1;0;26;1
536553866;155 752 233;A01;2;0;0;0;0;16;1
536553867;155 752 232;A01;2;7;2;0;1;1;1
536553868;155 752 230;A01;1;7;0;2;3;13;1
536553868;155 752 231;B01;2;17;0;2;3;1;1
536553869;155 752 228;A01;3;7;0;2;1;9;1
536553869;155 752 229;B01;3;50;0;2;7;0;3
536553870;155 752 226;A01;2;7;0;2;8;11;1
536553870;155 752 227;B01;2;33;0;2;7;1;1
536553871;155 752 225;A01;1;7;13;0;1;0;1
536553872;155 752 223;A01;2;7;0;2;7;13;1
536553872;155 752 224;B01;1;33;0;2;7;1;1
536553873;155 752 221;A01;3;7;0;9;1;9;1
536553873;155 752 222;B01;0;50;0;2;7;0;3
536553874;155 752 220;A01;1;33;0;6;1;1;1
536553875;155 752 219;A01;2;33;0;0;0;1;1
536553876;155 752 218;A01;1;30;0;0;7;18;1
536553877;155 752 214;A01;2;7;0;2;2;15;3
536553877;155 752 216;B01;1;7;0;2;1;1;1
536553878;155 752 213;A01;1;1;12;0;1;2;5
536553879;155 752 212;A01;2;7;13;0;8;13;1
536553880;155 752 209;B01;2;21;0;9;8;23;0
536553880;155 752 211;A01;2;33;0;2;1;1;1
536553881;155 752 210;A01;2;7;6;0;1;1;1
536553882;155 752 206;A01;0;7;6;2;7;1;1
536553882;155 752 208;B01;0;7;6;2;1;0;1
536553883;155 752 205;B01;2;7;0;2;3;1;1
536553883;155 752 207;Z01;3;7;0;2;1;16;0
536553884;155 752 204;A01;2;43;11;0;1;2;1
536553885;155 752 202;B01;1;31;0;2;1;1;1
536553885;155 752 203;A01;2;7;0;2;2;15;1
536553886;155 752 200;A01;1;7;0;2;3;15;1
536553886;155 752 201;B01;2;33;0;2;1;1;1
536553887;155 752 199;P01;3;7;0;2;0;1;6
536553888;155 752 196;A01;3;21;0;2;3;1;0
536553888;155 752 198;B01;0;7;0;2;3;1;1
536553889;155 752 197;A01;0;10;0;1;1;15;1
536553890;155 752 192;A01;2;33;0;2;1;1;1
536553890;155 752 195;B01;2;33;0;2;8;10;1
536553891;155 752 190;A01;1;10;13;0;3;13;1
536553892;155 752 189;A01;2;10;0;2;3;1;1
536553892;155 752 191;B01;1;80;0;2;7;1;3
536553893;155 752 187;A01;2;7;0;2;1;2;1
536553893;155 752 188;B01;2;3;13;0;4;2;1
536553894;155 752 186;A01;3;7;0;1;3;1;1
536553895;155 752 183;A01;1;7;3;2;1;5;1
536553895;155 752 185;B01;2;15;0;2;2;1;1
536553896;155 752 182;Z01;2;7;0;2;1;1;0
536553896;155 752 184;A01;2;50;0;2;7;1;3
536553897;155 752 179;B01;2;7;0;2;6;24;1
536553897;155 752 181;A01;1;7;14;2;1;1;1
536553898;155 752 178;B01;1;7;0;2;1;1;1
536553898;155 752 180;A01;2;7;0;2;1;17;1
536553899;155 752 177;WX01;0;1;0;0;2;26;5
536553900;155 752 175;B01;2;10;0;0;5;23;1
536553900;155 752 176;A01;2;33;0;2;1;1;1
536553901;155 752 174;A01;2;7;0;1;1;1;1
536553902;155 752 173;A01;1;7;0;1;2;0;1
536553903;155 752 170;A01;1;7;2;0;1;0;0
536553904;155 752 171;B01;2;10;0;2;4;23;1
536553904;155 752 172;A01;2;7;0;2;1;2;1
536553905;155 752 166;B01;1;7;0;2;5;2;1
536553905;155 752 168;A01;1;33;0;2;1;2;1
536553906;155 752 167;B01;2;7;0;2;8;15;1
536553906;155 752 169;A01;2;33;0;2;1;17;1
536553907;155 752 159;C01;2;13;0;2;8;23;0
536553907;155 752 161;A01;2;17;1;1;2;1;1
536553908;155 752 158;A01;1;2;0;2;1;1;1
536553908;155 752 160;B01;3;7;0;2;8;19;1
536553909;155 752 157;A01;2;7;13;0;2;0;2
536553910;155 752 155;A01;3;7;0;2;1;16;1
536553910;155 752 156;Y01;3;50;0;2;7;19;3
536553911;155 752 152;A01;2;7;0;2;2;15;1
536553911;155 752 153;B01;1;30;0;2;1;1;1
536553912;155 752 150;A01;1;7;0;2;1;1;1
536553912;155 752 154;B01;1;7;0;2;8;15;1
536553913;155 752 149;B01;1;7;0;2;5;1;1
536553913;155 752 151;A01;1;7;0;2;1;1;1
536553914;155 752 147;A01;2;7;3;2;1;2;2
536553914;155 752 148;B01;2;17;0;2;4;2;1
536553915;155 752 145;A01;2;7;0;2;2;2;1
536553915;155 752 146;B01;2;7;0;2;5;1;1
536553916;155 752 143;A01;2;2;0;2;2;17;1
536553916;155 752 144;B01;2;7;0;2;3;15;1
536553917;155 752 141;B01;3;37;0;2;3;1;1
536553917;155 752 142;A01;3;7;0;2;7;16;1
536553918;155 752 139;A01;2;7;0;0;6;2;1
536553918;155 752 140;B01;2;7;3;2;2;11;1
536553919;155 752 137;A01;1;33;0;2;1;3;1
536553919;155 752 138;B01;3;7;0;2;1;9;1
536553920;155 752 135;A01;2;15;0;2;4;2;1
536553920;155 752 136;B01;2;7;0;2;1;2;1
536553921;155 752 134;A01;1;31;0;0;3;15;1
536553922;155 752 131;A01;1;17;0;2;2;12;1
536553922;155 752 133;B01;1;7;0;2;6;1;1
536553923;155 752 130;A01;1;7;0;2;1;2;1
536553923;155 752 132;B01;1;7;0;2;4;2;1
536553924;155 752 128;A01;3;34;0;1;0;1;0
536553925;155 752 127;B01;2;7;0;2;3;15;1
536553925;155 752 129;A01;2;43;0;2;3;17;1
536553926;155 752 124;B01;2;7;0;0;1;0;1
536553926;155 752 125;A01;2;7;0;2;4;5;1
536553927;155 752 123;A01;2;10;0;2;2;12;1
536553927;155 752 126;B01;2;37;0;0;6;1;1
536553928;155 752 120;A01;1;7;6;0;1;26;1
536553929;155 752 119;A01;2;7;0;0;6;1;1
536553929;155 752 121;B01;2;7;0;2;1;1;1
536553930;155 752 116;B01;2;33;0;2;1;1;1
536553930;155 752 118;A01;1;10;0;2;5;15;1
536553931;155 752 115;A01;1;7;0;2;1;13;1
536553931;155 752 117;B01;2;7;0;2;1;1;1
536553932;155 752 113;A01;3;10;0;9;1;11;1
536553932;155 752 114;B01;3;1;0;2;8;19;5
536553933;155 752 112;A01;0;7;0;1;3;15;1
536553934;155 752 111;A01;3;2;0;1;8;1;3
536553935;155 752 109;B01;2;7;0;2;3;0;1
536553935;155 752 110;A01;1;7;2;2;1;14;1
536553936;155 752 108;A01;2;7;0;1;3;1;1
536553937;155 752 107;A01;1;7;2;0;1;1;1
536553938;155 752 104;B01;3;14;0;2;8;26;1
536553938;155 752 106;A01;3;7;1;0;1;1;1
536553939;155 752 105;A01;1;33;0;0;0;1;1
536553940;155 752 102;A01;3;99;0;1;1;26;0
536553941;155 752 100;C01;2;14;0;2;6;20;1
536553941;155 752 101;A01;2;7;0;2;6;17;1
536553941;155 752 103;B01;1;7;0;2;3;1;1
536553942;155 752 097;A01;2;7;0;2;2;15;1
536553942;155 752 099;B01;1;10;0;2;6;1;1
536553943;155 752 096;B01;1;30;0;2;1;1;1
536553943;155 752 098;A01;1;7;0;2;6;20;1
536553944;155 752 095;A01;1;1;0;1;1;1;5
536553945;155 752 092;A01;2;7;0;2;2;13;1
536553945;155 752 094;B01;1;7;0;2;2;1;1
536553946;155 752 091;B01;2;7;0;2;4;1;1
536553946;155 752 093;A01;2;7;0;2;1;1;1
536553947;155 752 089;B01;1;7;0;2;1;1;1
536553947;155 752 090;A01;2;7;0;2;1;13;1
536553948;155 752 086;B01;3;7;0;2;1;0;1
536553948;155 752 088;A01;2;1;0;2;1;19;5
536553949;155 752 085;A01;2;7;13;0;3;13;1
536553949;155 752 087;B01;1;7;0;0;6;1;1
536553950;155 752 083;B01;1;1;0;0;0;16;5
536553951;155 752 082;A01;2;10;0;2;7;9;1
536553951;155 752 084;B01;3;33;0;2;1;1;1
536553952;155 752 079;B01;1;7;0;2;4;9;1
536553952;155 752 080;A01;1;7;0;2;1;9;2
536553953;155 752 078;B01;1;31;0;2;1;1;1
536553953;155 752 081;A01;3;7;0;2;1;19;1
536553954;155 752 076;A01;3;7;0;9;1;1;1
536553954;155 752 077;B01;3;50;0;2;7;19;3
536553955;155 752 075;A01;1;7;16;0;0;26;1
536553956;155 752 074;A01;3;17;0;0;7;26;1
536553957;155 752 070;A01;0;32;0;2;2;1;1
536553957;155 752 072;B01;0;7;0;2;3;15;2
536553958;155 752 071;B01;2;7;0;2;4;1;1
536553958;155 752 073;A01;2;7;0;2;1;1;1
536553959;155 752 068;A01;2;7;0;1;0;1;1
536553960;155 752 066;A01;1;7;0;2;8;11;1
536553960;155 752 067;C01;1;7;0;2;8;1;1
536553960;155 752 069;B01;1;33;0;2;7;1;1
536553961;155 752 065;A01;1;7;2;0;1;1;1
536553962;155 752 062;A01;2;33;0;2;1;9;1
536553962;155 752 064;B01;2;10;0;2;7;1;1
536553963;155 752 061;A01;1;10;0;2;8;1;1
536553963;155 752 063;B01;3;1;0;2;1;9;5
536553964;155 752 059;B01;2;7;0;2;4;23;1
536553964;155 752 060;A01;2;10;0;2;1;1;1
536553965;155 752 055;B01;2;33;3;2;7;2;1
536553965;155 752 057;A01;2;7;4;2;8;13;1
536553966;155 752 054;C01;2;80;0;2;1;1;2
536553966;155 752 056;A01;2;7;0;2;8;24;1
536553966;155 752 058;B01;2;80;0;2;1;1;2
536553967;155 752 049;A01;1;7;0;2;5;12;1
536553967;155 752 051;B01;1;7;0;2;3;1;1
536553967;155 752 053;C01;1;7;0;2;1;1;1
536553968;155 752 050;B01;1;33;0;2;7;1;1
536553968;155 752 052;A01;1;7;0;2;3;15;1
536553969;155 752 048;A01;1;7;13;0;1;1;1
536553970;155 752 046;B01;2;1;0;2;7;14;5
536553970;155 752 047;A01;2;1;0;2;3;18;5
536553971;155 752 044;A01;1;7;0;2;1;2;1
536553971;155 752 045;B01;1;7;0;2;4;2;1
536553972;155 752 041;A01;2;7;0;2;2;11;1
536553972;155 752 043;B01;1;7;0;2;8;1;2
536553973;155 752 040;A01;1;7;0;2;1;21;1
536553973;155 752 042;B01;1;7;0;0;0;0;1
536553974;155 752 038;A01;2;33;0;2;1;1;1
536553974;155 752 039;B01;2;7;0;2;4;1;3
536553975;155 752 036;B01;1;15;0;2;2;0;1
536553975;155 752 037;A01;1;7;0;2;0;0;1
536553976;155 752 034;B01;2;10;0;2;5;2;1
536553976;155 752 035;A01;2;10;0;2;1;2;1
536553977;155 752 033;A01;1;32;0;0;0;26;3
536553978;155 752 031;A01;2;33;0;2;1;1;1
536553978;155 752 032;B01;2;7;0;2;4;1;1
536553979;155 752 029;A01;1;10;1;0;2;1;1
536553979;155 752 030;B01;1;17;0;2;6;23;1
536553980;155 752 027;B01;1;33;0;2;1;17;1
536553980;155 752 028;A01;1;7;0;2;5;13;1
536553981;155 752 026;A01;2;7;0;1;3;1;1
536553982;155 752 024;A01;2;7;0;2;2;1;1
536553982;155 752 025;C01;3;2;0;2;8;16;1
536553983;155 752 023;A01;1;7;0;9;3;2;1
536553984;155 752 021;A01;1;7;3;2;1;1;1
536553984;155 752 022;B01;2;7;0;2;1;1;1
536553985;155 752 020;A01;0;36;12;0;1;1;1
536553986;155 752 019;A01;1;33;1;0;1;14;1
536553987;155 752 017;A01;1;7;3;0;3;1;1
536553987;155 752 018;B01;1;7;0;2;2;9;1
536553988;155 752 016;A01;2;7;2;0;1;1;1
536553989;155 752 014;B01;2;33;0;2;1;1;1
536553989;155 752 015;A01;2;7;0;2;1;15;1
536553990;155 752 013;Z01;3;7;0;1;1;0;0
536553991;155 752 012;A01;3;10;0;1;5;15;1
536553992;155 752 011;A01;3;7;0;1;2;19;1
536553993;155 752 009;A01;1;33;1;0;1;21;1
536553993;155 752 010;B01;2;7;0;2;3;26;1
536553994;155 752 007;B01;3;7;0;2;1;1;1
536553994;155 752 008;A01;3;7;0;2;3;15;1
536553995;155 752 005;B01;1;7;0;2;1;1;1
536553995;155 752 006;A01;2;10;0;2;1;17;1
536553996;155 752 003;A01;1;7;0;2;1;13;1
536553996;155 752 004;B01;2;7;0;2;1;1;1
536553997;155 752 001;A01;1;2;0;2;1;1;1
536553997;155 752 002;B01;2;7;0;2;1;16;1
536553998;155 751 999;B01;3;7;0;2;2;1;1
536553998;155 752 000;A01;3;7;0;2;3;9;1
536553999;155 751 997;A01;1;7;0;2;3;9;1
536553999;155 751 998;B01;1;1;0;2;5;1;5
536554000;155 751 996;A01;1;7;0;1;1;1;1
536554001;155 751 995;A01;2;7;0;1;2;1;1
536554002;155 751 993;B01;1;7;0;2;4;1;1
536554002;155 751 994;A01;1;30;0;2;1;1;1
536554003;155 751 990;A01;3;7;0;2;3;13;1
536554003;155 751 991;B01;3;7;0;2;0;0;1
536554003;155 751 992;C01;3;7;0;2;0;0;1
536554004;155 751 988;B01;3;33;0;2;1;1;1
536554004;155 751 989;A01;3;7;0;2;8;15;1
536554005;155 751 987;A01;3;7;13;0;1;16;1
536554006;155 751 985;A01;3;7;0;2;3;13;1
536554006;155 751 986;B01;3;7;0;2;3;1;1
536554007;155 751 983;A01;1;7;0;2;1;0;4
536554007;155 751 984;B01;1;1;0;0;0;0;5
536554008;155 751 980;A01;2;7;0;2;1;2;1
536554008;155 751 981;B01;2;7;0;2;4;1;3
536554009;155 751 976;A01;1;7;0;2;7;1;1
536554009;155 751 977;B01;1;1;0;2;8;9;5
536554010;155 751 975;A01;1;7;0;1;6;20;1
536554011;155 751 973;A01;2;50;0;2;0;5;3
536554011;155 751 974;B01;2;33;0;2;7;16;1
536554012;155 751 971;A01;1;30;0;2;8;10;1
536554012;155 751 972;B01;1;30;0;2;1;1;1
536554013;155 751 968;A01;3;7;0;2;1;23;1
536554013;155 751 969;B01;3;7;0;2;1;23;1
536554013;155 751 970;C01;3;7;0;2;4;23;1
536554014;155 751 967;A01;1;7;0;1;1;1;1
536554015;155 751 964;A01;0;7;0;2;1;15;1
536554015;155 751 965;B01;0;33;0;2;2;1;1
536554015;155 751 966;C01;1;7;0;2;1;1;1
536554016;155 751 962;A01;3;7;0;2;1;13;1
536554016;155 751 963;B01;3;7;0;2;1;1;1
536554017;155 751 961;A01;2;7;1;0;1;1;1
536554018;155 751 958;A01;2;7;0;2;1;1;1
536554018;155 751 959;B01;1;7;0;2;1;1;1
536554018;155 751 960;C01;1;7;0;2;2;1;1
536554019;155 751 956;B01;3;1;0;2;8;19;5
536554019;155 751 957;Z01;2;7;0;2;1;1;1
536554020;155 751 955;A01;1;7;3;0;1;19;2
536554021;155 751 953;A01;2;7;0;2;1;2;1
536554021;155 751 954;B01;2;10;0;2;4;2;1
536554022;155 751 952;A01;2;50;14;0;1;14;3
536554023;155 751 949;B01;1;7;0;2;1;19;1
536554023;155 751 950;A01;1;7;0;2;2;1;2
536554023;155 751 951;C01;2;7;0;2;1;23;2
536554024;155 751 948;A01;3;43;0;1;1;1;1
536554025;155 751 947;A01;2;50;14;0;1;1;3
536554026;155 751 945;B01;2;1;0;2;1;1;5
536554026;155 751 946;A01;2;7;0;2;7;1;2
536554027;155 751 944;A01;1;1;0;0;1;1;5
536554028;155 751 942;B01;1;10;0;2;5;15;1
536554028;155 751 943;A01;2;80;0;2;1;19;3
536554029;155 751 941;A01;1;7;6;0;1;1;1
536554030;155 751 939;B01;2;1;0;2;1;15;5
536554030;155 751 940;A01;1;7;0;2;3;1;1
536554031;155 751 937;A01;0;33;0;2;7;15;1
536554031;155 751 938;B01;0;7;0;2;2;1;1
536554032;155 751 935;B01;1;7;0;2;1;2;1
536554032;155 751 936;A01;1;7;0;2;4;1;1
536554033;155 751 933;A01;3;7;0;2;8;11;1
536554033;155 751 934;B01;3;7;0;2;2;1;3
536554034;155 751 932;A01;3;7;0;1;4;20;1
536554035;155 751 931;A01;1;7;0;1;2;26;1
536554036;155 751 930;A01;3;7;0;1;1;1;0
536554037;155 751 928;A01;1;7;0;2;1;15;1
536554037;155 751 929;B01;1;80;0;2;8;1;3
536554038;155 751 926;A01;2;7;0;2;2;9;1
536554038;155 751 927;B01;3;7;0;2;3;0;1
536554039;155 751 924;A01;3;7;0;2;3;9;2
536554039;155 751 925;B01;2;33;0;2;1;17;1
536554040;155 751 922;A01;1;7;0;2;1;9;1
536554040;155 751 923;B01;2;7;13;2;2;1;1
536554041;155 751 920;A01;1;7;0;0;5;21;1
536554041;155 751 921;B01;1;32;0;2;1;1;1
536554042;155 751 918;A01;2;7;0;2;1;1;1
536554042;155 751 919;B01;1;7;0;2;1;1;1
536554043;155 751 916;B01;2;7;0;2;1;1;1
536554043;155 751 917;A01;1;33;0;2;7;13;1
536554044;155 751 915;A01;1;7;0;0;9;1;1
536554045;155 751 914;A01;2;33;7;0;7;6;1
536554046;155 751 913;A01;3;7;8;0;1;1;1
536554047;155 751 911;A01;3;2;0;2;1;1;1
536554047;155 751 912;B01;3;21;0;2;3;1;1
536554048;155 751 909;B01;3;50;0;2;1;15;3
536554048;155 751 910;A01;0;7;0;9;1;1;1
536554049;155 751 908;A01;1;10;13;0;1;17;1
536554050;155 751 906;A01;2;31;16;0;1;1;1
536554051;155 751 905;A01;1;7;13;0;1;1;1
536554052;155 751 904;A01;2;7;8;0;1;1;3
536554053;155 751 902;A01;2;7;0;2;3;26;1
536554053;155 751 903;B01;2;33;0;2;5;1;1
536554054;155 751 901;A01;1;33;8;0;7;1;1
536554055;155 751 898;C01;2;7;0;0;6;2;1
536554055;155 751 899;A01;2;7;0;2;2;17;1
536554055;155 751 900;B01;2;7;0;2;6;2;1
536554056;155 751 896;A01;3;7;0;0;2;9;1
536554056;155 751 897;B01;3;34;0;2;1;1;1
536554057;155 751 895;A01;3;33;0;0;0;1;1
536554058;155 751 894;A01;1;7;2;0;1;14;1
536554059;155 751 893;A01;1;7;0;0;1;1;1
536554060;155 751 891;B01;1;2;0;2;1;1;1
536554060;155 751 892;A01;2;7;0;2;8;17;2
536554061;155 751 889;A01;1;7;0;2;3;13;1
536554061;155 751 890;B01;2;7;0;2;3;1;1
536554062;155 751 888;A01;2;1;0;0;0;1;5
536554063;155 751 886;A01;3;33;0;2;1;13;1
536554063;155 751 887;B01;3;7;0;2;3;1;1
536554064;155 751 884;B01;1;7;0;2;2;15;1
536554064;155 751 885;A01;1;2;0;2;1;1;1
536554065;155 751 883;A01;1;7;2;0;1;14;1
536554066;155 751 882;A01;0;7;0;0;2;1;1
536554067;155 751 881;A01;1;7;0;1;1;17;2
536554068;155 751 879;B01;1;99;0;2;1;1;1
536554068;155 751 880;A01;2;43;0;2;1;5;1
536554069;155 751 878;A01;1;2;13;0;0;0;1
536554070;155 751 876;B01;2;30;0;2;5;26;0
536554070;155 751 877;A01;2;32;0;2;3;26;1
536554071;155 751 874;B01;2;7;0;2;6;19;1
536554071;155 751 875;A01;2;32;0;2;1;17;1
536554072;155 751 872;B01;1;7;0;0;4;2;1
536554072;155 751 873;A01;1;7;0;2;1;2;2
536554073;155 751 870;A01;1;7;0;2;1;2;1
536554073;155 751 871;B01;1;7;0;2;4;2;1
536554074;155 751 868;A01;2;7;3;0;9;0;1
536554074;155 751 869;B01;2;7;0;2;3;0;1
536554075;155 751 866;B01;2;33;0;2;5;1;1
536554075;155 751 867;A01;1;7;0;2;2;15;1
536554076;155 751 864;B01;2;7;0;2;4;1;3
536554076;155 751 865;A01;2;7;0;2;1;1;1
536554077;155 751 862;A01;3;7;3;2;2;17;1
536554077;155 751 863;B01;3;7;3;2;3;1;2
536554078;155 751 860;B01;2;7;0;2;1;1;1
536554078;155 751 861;A01;2;7;3;2;1;1;1
536554079;155 751 858;F01;0;7;2;0;1;1;1
536554079;155 751 859;A01;0;7;2;2;1;17;1
536554080;155 751 857;A01;1;7;9;0;1;15;1
536554081;155 751 856;A01;1;7;0;1;0;17;1
536554082;155 751 854;A01;1;7;0;9;1;1;1
536554082;155 751 855;B01;2;80;0;2;7;1;3
536554083;155 751 852;B01;3;7;0;2;1;2;1
536554083;155 751 853;A01;3;7;0;2;4;2;1
536554084;155 751 850;A01;1;7;0;2;3;13;1
536554084;155 751 851;B01;2;7;0;2;3;1;1
536554085;155 751 848;A01;3;7;0;1;6;1;1
536554085;155 751 849;B01;1;7;0;0;6;23;1
536554086;155 751 846;A01;3;7;0;9;0;0;0
536554086;155 751 847;B01;3;1;0;0;4;1;5
536554087;155 751 845;A01;1;50;0;0;1;0;3
536554088;155 751 843;A01;2;7;0;2;1;13;1
536554088;155 751 844;B01;1;7;0;2;2;1;1
536554089;155 751 841;A01;3;7;13;2;1;16;1
536554089;155 751 842;B01;3;7;0;2;0;17;0
536554090;155 751 839;B01;2;7;0;2;9;1;1
536554090;155 751 840;A01;1;7;0;2;1;1;1
536554091;155 751 838;A01;1;2;7;0;8;5;1
536554092;155 751 836;B01;1;33;0;0;1;1;1
536554092;155 751 837;A01;1;7;0;2;1;15;1
536554093;155 751 834;B01;3;1;0;2;8;2;5
536554093;155 751 835;A01;3;7;0;2;1;17;1
536554094;155 751 833;A01;3;1;0;1;1;1;5
536554095;155 751 831;A01;1;7;0;2;1;2;1
536554095;155 751 832;B01;1;7;0;2;4;2;1
536554096;155 751 829;A01;1;7;0;2;7;1;1
536554096;155 751 830;B01;1;7;0;2;8;13;1
536554097;155 751 827;B01;1;7;0;2;2;1;1
536554097;155 751 828;A01;1;7;0;2;8;11;1
536554098;155 751 826;A01;3;33;4;0;2;1;1
536554099;155 751 825;A01;1;7;0;5;1;1;1
536554100;155 751 822;C01;1;7;0;0;9;1;1
536554100;155 751 823;B01;1;7;0;0;4;1;1
536554100;155 751 824;A01;1;7;0;2;8;11;1
536554101;155 751 819;B01;2;7;0;2;9;1;1
536554101;155 751 820;C01;2;7;0;2;4;1;1
536554101;155 751 821;A01;2;7;0;2;1;1;1
536554102;155 751 816;B01;1;7;0;2;4;1;2
536554102;155 751 817;C01;1;7;0;2;4;1;1
536554102;155 751 818;A01;1;10;0;2;1;12;1
536554103;155 751 815;A01;2;7;4;0;1;1;1
536554104;155 751 813;A01;2;7;0;2;1;2;1
536554104;155 751 814;B01;2;7;0;2;4;2;1
536554105;155 751 811;A01;1;7;0;2;2;14;1
536554105;155 751 812;B01;1;7;0;2;6;1;1
536554106;155 751 808;B01;1;7;0;2;3;1;1
536554106;155 751 809;C01;1;7;0;2;1;2;2
536554106;155 751 810;A01;1;17;0;2;2;12;1
536554107;155 751 805;A01;1;7;0;2;4;1;1
536554107;155 751 806;B01;1;7;0;2;1;2;1
536554107;155 751 807;Z01;1;7;0;2;1;2;0
536554108;155 751 804;A01;2;7;4;0;3;1;2
536554109;155 751 799;A01;2;7;0;2;8;1;1
536554109;155 751 800;B01;2;10;0;2;7;1;1
536554109;155 751 801;C01;2;10;0;2;5;1;1
536554109;155 751 802;Z01;2;7;4;2;9;26;1
536554109;155 751 803;D01;2;7;0;2;1;1;2
536554110;155 751 797;B01;2;7;0;2;4;1;1
536554110;155 751 798;A01;2;33;0;2;1;1;1
536554111;155 751 795;B01;1;7;0;2;4;2;1
536554111;155 751 796;A01;1;7;0;2;1;2;1
536554112;155 751 793;B01;1;7;0;2;4;1;1
536554112;155 751 794;A01;1;10;0;2;1;1;1
536554113;155 751 790;C01;2;7;0;2;4;1;1
536554113;155 751 791;B01;2;7;0;2;4;1;1
536554113;155 751 792;A01;2;10;0;2;1;1;1
536554114;155 751 788;A01;2;7;0;2;2;2;1
536554114;155 751 789;B01;2;7;0;2;6;11;2
536554115;155 751 786;A01;2;7;0;2;1;2;1
536554115;155 751 787;B01;2;7;0;2;4;2;1
536554116;155 751 785;A01;2;7;0;1;1;15;1
536554117;155 751 783;A01;1;50;0;2;7;19;3
536554117;155 751 784;B01;2;7;0;2;1;1;1
536554118;155 751 782;A01;3;7;0;1;1;1;1
536554119;155 751 780;B01;0;99;0;2;0;23;1