Num_Acc;id_vehicule;num_veh;senc;catv;obs;obsm;choc;manv;motor
536554427;155 751 236;A01;2;7;8;0;7;1;1
536554428;155 751 235;B01;0;1;0;9;0;1;5
536554428;155 751 237;A01;0;1;0;9;0;13;5
536554429;155 751 233;A01;2;15;0;0;0;1;1
536554430;155 751 231;A01;1;7;0;2;1;1;1
536554430;155 751 234;B01;2;7;0;2;2;15;2
536554431;155 751 230;B01;3;7;0;2;6;1;1
536554431;155 751 232;A01;3;7;0;2;2;1;1
536554432;155 751 228;B01;2;7;0;2;1;1;1
536554432;155 751 229;A01;2;7;14;2;5;19;1
536554433;155 751 226;A01;1;7;0;1;3;1;0
536554434;155 751 225;A01;2;7;0;2;5;9;1
536554434;155 751 227;B01;1;1;0;2;2;1;5
536554435;155 751 224;A01;2;7;13;0;9;1;1
536554436;155 751 221;B01;2;7;0;2;2;1;1
536554436;155 751 223;A01;3;7;0;2;3;15;1
536554437;155 751 218;A01;1;7;0;2;1;1;1
536554437;155 751 220;B01;1;7;0;2;4;1;1
536554437;155 751 222;C01;1;7;0;2;4;1;1
536554438;155 751 216;A01;1;7;1;0;1;1;2
536554439;155 751 217;B01;1;2;0;2;1;1;1
536554439;155 751 219;A01;1;7;0;2;2;15;1
536554440;155 751 215;A01;2;30;0;0;3;1;3
536554441;155 751 214;A01;1;7;0;1;3;1;1
536554442;155 751 212;A01;2;1;0;2;1;1;5
536554442;155 751 213;B01;2;7;0;2;6;1;1
536554443;155 751 210;A01;3;7;0;1;3;15;1
536554444;155 751 211;A01;1;15;0;1;2;9;1
536554445;155 751 208;A01;1;7;0;1;2;1;1
536554446;155 751 207;A01;1;7;2;0;1;14;1
536554447;155 751 206;B01;1;50;1;0;7;1;3
536554447;155 751 209;A01;1;7;0;9;8;26;2
536554448;155 751 204;B01;1;7;0;2;3;19;1
536554448;155 751 205;A01;1;50;0;2;1;19;3
536554449;155 751 201;A01;2;7;0;0;6;15;1
536554449;155 751 203;B01;2;34;0;0;1;17;1
536554450;155 751 200;A01;1;7;0;2;1;1;1
536554450;155 751 202;B01;1;7;0;2;3;9;1
536554451;155 751 199;A01;3;7;0;2;3;15;1
536554452;155 751 197;B01;2;7;0;2;3;1;1
536554452;155 751 198;A01;1;33;0;2;1;13;1
536554453;155 751 194;A01;2;7;0;2;1;1;1
536554453;155 751 195;B01;3;1;0;2;8;19;5
536554454;155 751 193;A01;2;10;0;2;2;15;1
536554454;155 751 196;B01;1;10;0;2;1;1;1
536554455;155 751 190;A01;2;7;13;2;3;13;1
536554455;155 751 192;B01;1;7;0;2;1;1;1
536554456;155 751 189;A01;1;7;0;2;1;1;1
536554456;155 751 191;B01;1;50;0;2;8;19;3
536554457;155 751 187;A01;1;10;0;2;2;2;1
536554457;155 751 188;B01;1;2;0;2;4;2;1
536554458;155 751 186;A01;1;7;13;0;2;1;1
536554459;155 751 185;Z01;1;31;0;1;1;1;0
536554460;155 751 181;A01;1;7;0;2;0;1;0
536554460;155 751 184;B01;1;7;0;2;0;2;1
536554461;155 751 179;A01;3;1;0;2;1;13;5
536554461;155 751 183;B01;3;50;0;2;1;1;3
536554462;155 751 177;B01;2;10;0;2;8;1;1
536554462;155 751 178;C01;2;10;0;2;6;1;1
536554462;155 751 180;A01;2;33;0;2;8;17;1
536554462;155 751 182;D01;1;33;0;2;1;1;1
536554463;155 751 174;A01;1;7;0;2;1;1;1
536554463;155 751 176;B01;1;3;0;2;4;23;1
536554464;155 751 173;A01;2;7;0;2;5;15;1
536554464;155 751 175;B01;1;32;0;2;1;1;1
536554465;155 751 171;B01;1;7;0;2;1;1;1
536554465;155 751 172;A01;1;7;0;2;5;1;1
536554466;155 751 169;A01;2;7;6;0;1;1;1
536554467;155 751 167;A01;1;7;13;2;2;17;1
536554467;155 751 170;B01;2;13;0;2;1;21;1
536554468;155 751 166;B01;3;32;0;2;1;1;1
536554468;155 751 168;A01;3;7;0;2;3;16;1
536554469;155 751 165;A01;2;33;2;0;0;1;1
536554470;155 751 162;A01;2;10;13;0;1;9;1
536554471;155 751 158;A01;1;7;13;0;1;1;1
536554472;155 751 157;C01;2;7;0;2;4;1;1
536554472;155 751 159;A01;2;13;0;2;5;2;1
536554472;155 751 161;B01;2;7;0;2;7;2;1
536554472;155 751 164;D01;2;10;0;2;1;2;1
536554473;155 751 155;A01;1;31;0;2;1;13;1
536554473;155 751 156;B01;2;7;0;2;1;1;1
536554474;155 751 152;B01;3;1;0;2;0;0;5
536554474;155 751 154;A01;3;7;0;9;0;0;1
536554475;155 751 151;A01;3;7;0;2;3;1;1
536554475;155 751 153;B01;3;7;0;0;8;1;1
536554476;155 751 150;A01;1;7;0;1;3;1;1
536554477;155 751 146;A01;1;7;3;0;9;26;1
536554477;155 751 149;B01;1;7;13;2;0;0;1
536554478;155 751 145;A01;1;31;0;2;1;1;1
536554478;155 751 148;B01;2;7;0;2;3;11;1
536554479;155 751 144;A01;1;33;0;2;1;2;1
536554479;155 751 147;B01;1;10;0;2;5;2;1
536554480;155 751 142;A01;1;7;4;6;1;1;1
536554481;155 751 143;Z01;3;7;0;1;1;2;0
536554482;155 751 140;A01;1;7;0;0;3;2;1
536554482;155 751 141;B01;1;7;0;0;5;23;1
536554483;155 751 139;A01;1;7;13;0;1;1;1
536554484;155 751 138;A01;3;7;0;1;1;1;1
536554485;155 751 134;A01;3;7;0;1;2;17;2
536554486;155 751 135;B01;3;21;0;0;0;1;1
536554486;155 751 136;A01;3;1;0;9;1;1;5
536554487;155 751 133;A01;0;10;0;2;1;1;1
536554487;155 751 137;B01;3;7;0;2;2;2;1
536554488;155 751 130;A01;1;10;2;0;1;1;1
536554489;155 751 129;A01;1;7;12;2;3;9;1
536554489;155 751 132;B01;1;7;12;2;5;9;1
536554490;155 751 128;A01;1;10;0;2;7;2;1
536554490;155 751 131;B01;1;1;13;0;8;2;5
536554491;155 751 127;A01;2;33;13;0;2;1;1
536554492;155 751 124;A01;2;7;6;0;1;1;1
536554493;155 751 123;B01;2;7;0;2;3;0;0
536554493;155 751 126;A01;1;34;0;2;2;1;1
536554494;155 751 122;A01;1;7;0;2;1;1;1
536554494;155 751 125;B01;1;7;0;2;4;1;1
536554495;155 751 119;A01;1;7;0;2;1;19;1
536554495;155 751 120;B01;2;2;0;2;1;17;1
536554496;155 751 118;A01;1;10;13;0;3;13;1
536554497;155 751 117;A01;1;7;0;2;7;9;1
536554497;155 751 121;B01;1;7;0;2;1;26;1
536554498;155 751 113;B01;2;43;0;2;1;1;1
536554498;155 751 116;A01;1;10;0;2;3;1;1
536554499;155 751 115;A01;1;7;0;0;2;1;1
536554500;155 751 111;A01;3;7;0;1;4;4;1
536554501;155 751 112;A01;2;31;1;0;1;14;1
536554502;155 751 109;B01;2;15;0;0;6;1;1
536554502;155 751 110;A01;2;10;0;2;7;17;1
536554503;155 751 104;C01;1;7;0;2;1;1;1
536554503;155 751 107;B01;1;10;0;2;3;1;1
536554503;155 751 108;A01;2;7;0;2;1;13;1
536554504;155 751 103;B01;1;7;0;2;1;1;1
536554504;155 751 106;A01;1;7;0;2;7;1;1
536554505;155 751 102;A01;2;31;6;0;1;11;1
536554505;155 751 105;B01;2;15;0;0;6;1;1
536554506;155 751 099;A01;1;15;3;0;7;1;1
536554507;155 751 098;A01;1;33;0;2;1;1;1
536554507;155 751 101;B01;1;10;0;2;5;11;1
536554508;155 751 097;A01;2;10;0;2;1;13;1
536554508;155 751 100;B01;1;7;0;2;1;1;1
536554509;155 751 093;A01;1;7;8;0;0;13;1
536554510;155 751 092;A01;2;7;0;2;2;1;3
536554510;155 751 095;B01;1;7;0;2;1;1;1
536554511;155 751 091;A01;0;7;0;2;1;15;1
536554511;155 751 094;B01;2;10;0;2;1;1;1
536554511;155 751 096;C01;1;17;0;2;1;23;1
536554512;155 751 088;A01;2;7;0;2;1;2;1
536554512;155 751 090;B01;2;1;0;0;4;2;5
536554513;155 751 087;A01;0;7;0;2;1;16;1
536554513;155 751 089;Y01;3;60;0;2;8;1;5
536554514;155 751 086;A01;3;7;0;1;2;2;1
536554515;155 751 084;A01;1;7;0;2;1;19;1
536554515;155 751 085;B01;2;7;12;2;1;1;1
536554516;155 751 082;B01;3;7;0;2;5;1;2
536554516;155 751 083;A01;3;1;0;2;1;1;5
536554517;155 751 081;A01;2;7;0;1;0;1;1
536554518;155 751 079;B01;1;10;0;2;1;1;1
536554518;155 751 080;A01;2;7;0;2;2;1;1
536554519;155 751 076;A01;2;60;1;2;8;1;5
536554519;155 751 078;Z01;2;13;0;0;0;2;0
536554520;155 751 075;A01;1;99;0;2;1;1;1
536554520;155 751 077;B01;2;7;0;2;1;1;1
536554521;155 751 071;A01;2;3;0;2;1;0;1
536554521;155 751 074;B01;1;7;0;2;2;1;1
536554522;155 751 069;A01;1;7;0;2;3;15;1
536554522;155 751 072;B01;2;31;0;2;1;1;1
536554523;155 751 067;A01;1;7;0;2;3;16;1
536554523;155 751 068;B01;1;7;0;2;3;2;1
536554524;155 751 066;A01;2;10;0;1;3;1;1
536554525;155 751 070;A01;1;7;0;2;3;15;2
536554525;155 751 073;B01;2;31;0;2;8;1;1
536554526;155 751 064;A01;1;7;3;0;1;1;1
536554527;155 751 063;A01;2;7;0;2;2;13;1
536554527;155 751 065;B01;1;10;0;2;2;13;1
536554528;155 751 062;A01;2;7;0;1;1;2;1
536554529;155 751 060;A01;2;1;0;2;1;13;5
536554529;155 751 061;B01;1;7;0;9;8;26;1
536554530;155 751 059;A01;1;33;8;0;2;1;1
536554531;155 751 058;A01;1;7;0;1;1;15;1
536554532;155 751 053;A01;2;7;0;2;2;16;1
536554532;155 751 055;B01;3;1;0;2;7;1;5
536554533;155 751 052;A01;1;10;0;2;1;13;1
536554533;155 751 056;B01;2;7;0;2;1;1;2
536554534;155 751 054;A01;1;7;0;9;3;26;1
536554534;155 751 057;B01;1;1;0;2;1;1;5
536554535;155 751 050;A01;2;7;0;1;3;1;1
536554536;155 751 047;A01;1;7;0;2;2;15;1
536554536;155 751 049;B01;2;33;0;2;1;1;1
536554537;155 751 048;A01;2;7;0;2;1;1;1
536554537;155 751 051;B01;1;7;0;2;2;1;1
536554538;155 751 045;B01;1;33;0;2;3;3;1
536554538;155 751 046;A01;1;7;0;2;7;12;1
536554539;155 751 043;A01;1;7;0;1;1;15;1
536554540;155 751 044;A01;1;7;13;0;1;1;1
536554541;155 751 041;A01;3;50;0;2;7;19;3
536554541;155 751 042;B01;1;7;0;2;1;26;1
536554542;155 751 040;A01;1;34;0;1;1;21;1
536554543;155 751 037;A01;1;50;0;1;1;5;3
536554544;155 751 036;B01;2;7;0;2;3;1;1
536554544;155 751 038;A01;1;7;0;2;8;19;1
536554545;155 751 035;B01;1;7;0;2;1;1;1
536554545;155 751 039;A01;1;7;0;2;1;15;1
536554546;155 751 033;A01;3;32;0;2;1;1;3
536554546;155 751 034;B01;3;10;0;2;4;23;1
536554547;155 751 031;A01;2;2;0;2;8;16;1
536554547;155 751 032;B01;2;21;0;2;1;15;1
536554548;155 751 029;A01;1;7;0;1;1;1;1
536554549;155 751 030;A01;2;2;1;0;1;1;1
536554550;155 751 027;A01;2;7;10;0;1;11;1
536554550;155 751 028;B01;2;7;3;0;2;21;1
536554551;155 751 026;A01;1;33;13;0;9;1;1
536554552;155 751 023;A01;1;7;0;9;2;1;1
536554552;155 751 025;B01;1;80;0;2;4;1;3
536554553;155 751 022;A01;1;7;0;2;1;13;1
536554553;155 751 024;B01;2;7;0;2;1;1;1
536554554;155 751 021;A01;0;1;6;0;1;1;5
536554555;155 751 019;A01;1;33;0;2;7;1;1
536554555;155 751 020;B01;1;7;0;9;0;0;2
536554556;155 751 018;A01;3;7;0;1;5;1;1
536554557;155 751 017;A01;3;7;0;1;3;16;1
536554558;155 751 016;A01;2;7;2;0;1;17;1
536554559;155 751 014;A01;3;21;0;0;1;1;1
536554560;155 751 013;A01;1;7;0;2;7;12;1
536554560;155 751 015;B01;1;1;0;2;1;1;5
536554561;155 751 012;A01;2;33;0;1;1;1;1
536554562;155 751 011;A01;1;7;16;0;1;16;1
536554563;155 751 009;A01;1;7;0;1;1;1;1
536554564;155 751 008;A01;1;7;0;2;3;2;1
536554564;155 751 010;B01;1;7;0;2;3;0;1
536554565;155 751 006;A01;3;31;14;0;1;0;1
536554566;155 751 005;B01;1;7;14;0;4;2;1
536554566;155 751 007;A01;1;30;0;2;1;2;1
536554567;155 751 004;A01;1;10;0;0;8;0;1
536554568;155 751 003;A01;1;1;0;2;8;1;5
536554569;155 751 002;A01;2;15;0;1;3;23;1
536554570;155 751 000;A01;3;7;1;0;3;22;1
536554570;155 751 001;B01;2;60;1;2;2;1;5
536554571;155 750 997;A01;3;7;0;2;1;9;1
536554571;155 750 999;B01;3;33;0;2;1;1;1
536554572;155 750 996;A01;1;7;0;2;1;13;1
536554572;155 750 998;B01;2;7;0;2;1;1;1
536554573;155 750 994;B01;2;7;0;0;3;1;2
536554573;155 750 995;A01;1;7;0;0;3;1;1
536554574;155 750 992;B01;1;50;0;2;7;17;3
536554574;155 750 993;A01;1;7;0;2;3;1;1
536554575;155 750 989;A01;2;7;0;0;4;2;1
536554575;155 750 991;B01;2;7;0;2;1;2;1
536554576;155 750 987;A01;3;10;2;0;7;1;1
536554577;155 750 984;A01;1;43;3;0;2;1;1
536554578;155 750 985;A01;2;7;0;2;1;1;1
536554578;155 750 986;B01;1;7;0;2;1;1;1
536554579;155 750 982;A01;2;7;2;0;2;0;1
536554580;155 750 981;A01;0;7;0;1;2;1;1
536554581;155 750 977;C01;2;7;0;2;1;1;1
536554581;155 750 978;A01;2;7;0;1;1;14;1
536554582;155 750 976;A01;3;7;0;2;3;13;1
536554582;155 750 979;B01;3;7;0;2;3;1;1
536554583;155 750 975;A01;3;7;0;1;1;17;1
536554584;155 750 973;B01;2;14;0;2;2;21;1
536554584;155 750 974;A01;2;7;0;2;2;16;1
536554585;155 750 971;B01;1;33;0;2;1;1;1
536554585;155 750 972;A01;2;7;0;2;2;10;1
536554586;155 750 970;A01;1;7;14;0;1;1;1
536554587;155 750 968;A01;1;7;0;2;1;15;1
536554587;155 750 969;B01;2;7;0;2;1;1;1
536554588;155 750 966;A01;0;1;0;2;4;2;5
536554588;155 750 967;B01;0;1;0;2;1;2;5
536554589;155 750 965;A01;3;2;0;0;0;16;3
536554590;155 750 964;A01;1;7;0;1;3;1;1
536554591;155 750 963;A01;1;1;14;0;1;1;5
536554592;155 750 962;A01;2;10;13;0;1;19;1
536554593;155 750 960;A01;1;7;3;2;3;13;1
536554593;155 750 961;B01;2;7;0;2;3;1;1
536554594;155 750 958;B01;2;7;0;2;7;0;1
536554594;155 750 959;A01;1;7;0;2;3;15;1
536554595;155 750 956;B01;1;2;0;2;1;9;1
536554595;155 750 957;A01;2;7;0;2;3;9;1
536554596;155 750 954;A01;1;7;0;0;3;1;1
536554596;155 750 955;B01;2;10;0;0;1;1;1
536554597;155 750 952;A01;1;7;0;2;8;9;1
536554597;155 750 953;B01;1;33;0;2;3;1;1
536554598;155 750 950;B01;1;7;0;2;3;1;1
536554598;155 750 951;A01;1;17;0;0;0;9;1
536554599;155 750 948;A01;1;7;0;2;1;13;1
536554599;155 750 949;B01;2;14;0;2;3;1;1
536554600;155 750 947;A01;1;2;0;0;0;1;1
536554601;155 750 945;A01;1;7;1;2;2;2;1
536554601;155 750 946;B01;2;7;8;0;2;1;1
536554602;155 750 944;A01;2;7;13;0;3;1;1
536554603;155 750 942;A01;2;7;0;1;2;1;1
536554604;155 750 940;A01;3;7;0;2;8;15;1
536554604;155 750 941;B01;3;2;0;2;1;1;1
536554605;155 750 938;A01;2;7;0;2;1;17;1
536554605;155 750 939;B01;3;7;0;2;8;19;1
536554606;155 750 937;A01;3;7;0;1;2;1;1
536554607;155 750 935;A01;2;7;0;2;3;9;1
536554607;155 750 936;B01;2;33;0;2;7;1;1
536554608;155 750 932;A01;1;7;0;2;2;1;1
536554608;155 750 933;B01;2;7;0;2;1;13;1
536554608;155 750 934;C01;1;7;0;2;1;1;1
536554609;155 750 927;A01;1;10;0;1;2;1;1
536554610;155 750 925;A01;1;7;3;2;2;1;1
536554610;155 750 926;B01;2;7;3;2;2;5;1
536554611;155 750 924;A01;1;7;3;0;2;1;1
536554612;155 750 922;A01;2;10;0;0;3;11;1
536554612;155 750 923;B01;2;7;0;0;5;1;1
536554613;155 750 920;A01;3;7;15;0;3;1;1
536554613;155 750 921;B01;3;14;0;2;3;1;1
536554614;155 750 919;A01;3;33;8;0;1;21;1
536554615;155 750 918;A01;1;7;0;1;3;21;1
536554616;155 750 917;A01;2;33;2;0;1;0;1
536554617;155 750 916;A01;2;1;13;0;0;19;5
536554618;155 750 914;A01;0;30;0;0;5;1;1
536554618;155 750 915;B01;3;7;0;2;3;9;1
536554619;155 750 913;A01;3;7;0;1;3;15;3
536554620;155 750 911;B01;1;33;0;2;8;1;0
536554620;155 750 912;A01;2;7;0;2;1;15;1
536554621;155 750 909;A01;2;7;0;2;1;1;1
536554621;155 750 910;B01;1;7;0;2;2;15;1
536554622;155 750 908;A01;2;7;3;0;9;14;1
536554623;155 750 907;A01;2;10;0;1;3;15;1
536554624;155 750 905;A01;1;7;0;1;2;1;1
536554625;155 750 904;A01;2;7;3;0;1;1;1
536554626;155 750 903;A01;2;10;0;1;3;1;1
536554627;155 750 901;A01;3;7;0;2;3;16;2
536554627;155 750 902;B01;3;7;0;2;3;15;1
536554628;155 750 899;B01;2;38;0;2;3;1;1
536554628;155 750 900;A01;1;10;0;2;3;13;1
536554629;155 750 897;B01;1;7;4;2;4;2;1
536554629;155 750 898;A01;1;7;0;2;1;2;1
536554630;155 750 896;A01;1;33;0;2;7;3;1
536554631;155 750 894;A01;1;43;11;2;1;3;1
536554631;155 750 895;B01;1;7;0;2;5;12;1
536554632;155 750 892;B01;2;33;0;2;7;1;1
536554632;155 750 893;A01;2;7;0;2;3;11;1
536554633;155 750 886;D01;2;7;0;2;4;26;2
536554633;155 750 887;E01;2;7;0;2;1;26;1
536554633;155 750 888;B01;2;7;0;2;2;2;3
536554633;155 750 889;C01;2;7;0;2;1;26;1
536554633;155 750 890;F01;2;17;0;2;1;26;1
536554633;155 750 891;A01;2;7;0;2;6;26;2
536554634;155 750 884;A01;2;7;0;2;6;11;1
536554634;155 750 885;B01;2;33;0;2;1;3;1
536554635;155 750 882;A01;3;1;0;2;0;23;5
536554635;155 750 883;B01;3;21;0;2;0;17;1
536554636;155 750 880;A01;2;7;0;2;1;1;1
536554636;155 750 881;B01;1;10;0;2;1;13;1
536554637;155 750 879;A01;1;7;0;2;8;24;1
536554638;155 750 877;A01;2;10;0;2;3;13;1
536554638;155 750 878;B01;1;7;0;2;3;1;2
536554639;155 750 875;B01;2;7;0;2;3;1;1
536554639;155 750 876;A01;1;1;0;2;0;0;5
536554640;155 750 872;A01;1;7;8;1;1;26;1
536554640;155 750 873;B01;1;7;0;2;0;0;1
536554640;155 750 874;C01;1;7;0;2;1;0;1
536554641;155 750 871;A01;2;7;15;0;2;1;2
536554642;155 750 869;A01;1;7;0;1;4;4;1
536554643;155 750 867;B01;1;7;0;2;2;2;1
536554643;155 750 868;A01;1;34;0;2;1;12;1
536554644;155 750 865;A01;2;7;0;2;1;1;1
536554644;155 750 866;B01;2;7;0;2;0;0;1
536554645;155 750 864;A01;3;7;1;1;1;9;1
536554646;155 750 862;B01;1;33;0;2;1;1;1
536554646;155 750 863;A01;1;7;0;2;3;19;1
536554647;155 750 860;B01;1;7;0;2;1;1;0
536554647;155 750 861;A01;1;7;0;2;4;23;0
536554648;155 750 858;B01;3;10;15;2;2;9;1
536554648;155 750 859;A01;3;7;15;2;3;9;1
536554649;155 750 857;A01;3;7;0;1;1;1;1
536554650;155 750 856;A01;2;7;0;1;1;0;1
536554651;155 750 855;A01;2;3;6;0;3;16;1
536554652;155 750 854;A01;0;50;0;9;0;26;3
536554653;155 750 853;A01;1;7;0;1;1;1;1
536554654;155 750 851;B01;1;38;0;2;8;1;0
536554654;155 750 852;A01;1;7;0;2;7;1;1
536554655;155 750 850;A01;1;7;0;1;1;1;1
536554656;155 750 838;B01;1;7;0;2;4;2;3
536554656;155 750 839;A01;1;7;0;2;1;2;1
536554656;155 750 840;C01;1;7;0;0;4;2;3
536554657;155 750 835;A01;1;10;0;2;1;2;1
536554657;155 750 836;B01;1;7;0;2;4;1;1
536554657;155 750 837;C01;1;7;0;2;4;1;2
536554658;155 750 834;A01;1;7;0;1;1;15;1
536554659;155 750 833;A01;0;7;0;1;1;1;1
536554660;155 750 831;B01;1;50;0;2;7;0;3
536554660;155 750 832;A01;2;7;0;2;3;9;1
536554661;155 750 830;A01;2;37;0;1;1;1;1
536554662;155 750 829;A01;3;7;0;1;3;15;1
536554663;155 750 828;A01;1;7;0;1;3;1;1
536554664;155 750 826;B01;3;50;0;2;1;1;3
536554664;155 750 827;A01;3;7;9;2;1;1;1
536554665;155 750 824;A01;2;7;0;2;7;14;1
536554665;155 750 825;B01;2;10;0;2;3;1;1
536554666;155 750 822;B01;2;7;0;2;5;15;1
536554666;155 750 823;A01;1;1;0;2;1;1;5
536554667;155 750 819;A01;3;7;0;2;3;20;1
536554667;155 750 820;C01;3;7;0;2;0;0;0
536554667;155 750 821;B01;3;7;0;2;2;0;0
536554668;155 750 817;A01;1;7;0;2;1;1;2
536554668;155 750 818;B01;2;50;0;2;7;19;3
536554669;155 750 816;A01;1;1;0;1;1;25;5
536554670;155 750 814;B01;3;7;0;2;2;1;1
536554670;155 750 815;A01;3;7;0;2;2;15;1
536554671;155 750 812;B01;3;7;0;2;4;23;1
536554671;155 750 813;A01;3;7;0;2;1;1;3
536554672;155 750 810;A01;3;7;0;2;3;9;2
536554672;155 750 811;B01;3;7;0;2;4;1;1
536554673;155 750 808;B01;1;7;0;2;4;23;2
536554673;155 750 809;A01;1;31;0;2;1;2;1
536554674;155 750 807;A01;2;30;1;0;1;1;1
536554675;155 750 805;B01;1;7;0;2;1;1;1
536554675;155 750 806;A01;1;60;0;2;8;19;5
536554676;155 750 804;A01;1;7;0;1;1;15;1
536554677;155 750 803;A01;0;7;0;1;1;1;1
536554678;155 750 801;A01;3;7;0;2;1;0;1
536554678;155 750 802;B01;3;7;0;2;3;0;1
536554679;155 750 800;A01;3;7;0;1;1;15;1
536554680;155 750 797;A01;1;7;0;2;2;2;1
536554680;155 750 798;B01;1;7;0;2;6;1;1
536554680;155 750 799;C01;1;10;0;2;5;1;1
536554681;155 750 796;A01;2;50;0;0;0;1;3
536554682;155 750 795;A01;1;7;0;1;1;16;1
536554683;155 750 793;B01;3;7;0;2;1;20;1
536554683;155 750 794;A01;2;30;0;2;8;17;1
536554684;155 750 791;A01;1;10;0;2;1;9;1
536554684;155 750 792;B01;1;1;0;2;7;1;5
536554685;155 750 789;A01;1;10;2;0;1;1;1
536554685;155 750 790;B01;2;7;2;0;1;13;1
536554686;155 750 788;A01;3;7;0;1;1;2;1
536554687;155 750 787;A01;1;7;2;0;1;14;1
536554688;155 750 784;A01;2;7;0;2;9;1;1
536554688;155 750 785;B01;2;7;0;2;6;1;1
536554688;155 750 786;C01;1;7;0;2;1;5;1
536554689;155 750 782;B01;2;7;8;0;4;14;1
536554689;155 750 783;A01;1;10;8;0;2;14;1
536554690;155 750 781;A01;2;7;2;0;2;21;1
536554691;155 750 780;A01;2;7;8;0;1;17;1
536554692;155 750 777;A01;1;7;0;2;6;15;1
536554692;155 750 778;B01;2;7;0;2;1;1;1
536554692;155 750 779;C01;1;7;0;2;3;1;1
536554693;155 750 775;A01;2;7;0;2;3;1;1
536554693;155 750 776;B01;1;7;0;2;3;5;1
536554694;155 750 774;A01;2;33;0;0;7;14;1
536554695;155 750 773;A01;3;7;0;1;1;1;1
536554696;155 750 771;A01;2;7;0;2;3;13;1
536554696;155 750 772;B01;2;7;0;2;7;14;1
536554697;155 750 770;A01;2;7;13;0;1;1;1
536554698;155 750 768;A01;1;7;0;2;1;14;1
536554698;155 750 769;B01;1;15;0;2;6;1;1
536554699;155 750 766;A01;2;17;0;2;2;1;1
536554699;155 750 767;B01;1;7;0;2;1;5;1
536554700;155 750 765;A01;2;7;16;0;9;17;1
536554701;155 750 763;A01;0;0;0;2;0;19;0
536554701;155 750 764;B01;0;10;0;2;7;1;1
536554702;155 750 762;A01;0;33;0;1;0;0;1
536554703;155 750 760;A01;2;7;0;2;1;9;1
536554703;155 750 761;B01;1;7;0;2;1;1;1
536554704;155 750 758;A01;1;7;0;2;6;20;1
536554704;155 750 759;B01;2;33;0;2;1;1;1
536554705;155 750 757;A01;1;7;13;0;0;13;3
536554706;155 750 755;A01;1;7;0;2;1;1;1
536554706;155 750 756;B01;1;3;0;0;4;1;1
536554707;155 750 753;B01;3;2;0;2;1;1;0
536554707;155 750 754;A01;3;7;0;0;8;16;2
536554708;155 750 751;B01;2;7;0;0;5;1;2
536554708;155 750 752;A01;1;2;0;2;1;9;1
536554709;155 750 750;A01;1;7;6;0;2;1;1
536554710;155 750 749;A01;2;33;13;0;2;13;1
536554711;155 750 747;B01;0;31;0;0;5;1;1
536554711;155 750 748;A01;3;7;0;0;1;9;1
536554712;155 750 745;A01;2;7;0;2;5;16;1
536554712;155 750 746;B01;2;33;0;2;1;1;1
536554713;155 750 744;A01;2;7;0;0;1;1;1
536554714;155 750 742;A01;2;31;0;2;1;2;1
536554714;155 750 743;B01;2;7;0;2;5;2;1
536554715;155 750 740;A01;2;33;1;2;9;1;1
536554715;155 750 741;Z01;0;0;0;0;0;0;0
536554716;155 750 738;B01;1;7;0;2;6;1;1
536554716;155 750 739;A01;1;7;4;2;1;1;1
536554717;155 750 736;A01;1;7;0;2;2;1;1
536554717;155 750 737;B01;1;10;0;2;6;11;1
536554718;155 750 733;C01;1;7;0;2;4;2;1
536554718;155 750 734;A01;1;7;0;2;1;2;1
536554718;155 750 735;B01;1;7;0;2;4;2;1
536554719;155 750 731;A01;2;7;0;2;1;2;1
536554719;155 750 732;B01;2;7;0;2;5;2;2
536554720;155 750 730;A01;2;7;13;0;1;2;1
536554721;155 750 726;B01;2;7;0;2;8;1;1
536554721;155 750 727;D01;2;10;0;2;6;1;1
536554721;155 750 728;A01;2;33;0;2;1;3;1
536554721;155 750 729;C01;2;7;0;2;7;1;1
536554722;155 750 723;B01;1;7;0;2;4;1;1
536554722;155 750 724;C01;1;7;0;2;7;1;1
536554722;155 750 725;Z01;1;0;0;2;1;0;0
536554723;155 750 721;A01;1;7;0;2;7;12;1
536554723;155 750 722;B01;1;31;0;2;8;3;1
536554724;155 750 720;A01;2;7;4;0;3;21;1
536554725;155 750 718;A01;2;7;0;2;2;6;1
536554725;155 750 719;B01;1;7;0;2;2;1;1
536554726;155 750 717;A01;1;7;4;0;3;1;1
536554727;155 750 715;B01;2;1;0;2;6;19;5
536554727;155 750 716;A01;1;7;0;2;3;1;1
536554728;155 750 713;A01;1;7;15;2;1;13;1
536554728;155 750 714;B01;2;37;15;2;3;1;1
536554729;155 750 711;A01;2;33;0;2;8;17;1
536554729;155 750 712;B01;2;7;0;2;8;15;1
536554730;155 750 710;A01;2;7;0;1;3;1;3
536554731;155 750 708;Z01;1;7;0;2;7;1;1
536554731;155 750 709;A01;1;50;0;2;1;1;3
536554732;155 750 705;A01;1;7;0;2;7;1;1
536554732;155 750 706;C01;1;7;8;2;6;23;1
536554732;155 750 707;B01;1;7;0;2;8;23;1
536554733;155 750 703;B01;1;2;0;2;1;1;0
536554733;155 750 704;A01;1;7;0;2;8;10;1
536554734;155 750 701;A01;3;32;0;2;1;1;1
536554734;155 750 702;B01;3;7;0;2;4;1;1
536554735;155 750 698;B01;2;7;0;2;4;1;1
536554735;155 750 699;C01;2;7;0;2;0;1;1
536554735;155 750 700;A01;2;33;0;2;4;1;1