Num_Acc;id_vehicule;num_veh;senc;catv;obs;obsm;choc;manv;motor
536554736;155 750 696;A01;1;7;0;2;1;15;1
536554736;155 750 697;B01;1;7;0;2;8;1;1
536554737;155 750 695;A01;1;7;0;1;2;15;1
536554738;155 750 693;B01;2;7;0;2;6;0;1
536554738;155 750 694;A01;2;50;0;2;6;15;3
536554739;155 750 692;A01;1;7;0;1;1;1;1
536554740;155 750 691;A01;0;0;0;1;0;0;0
536554741;155 750 689;A01;3;7;0;1;2;15;2
536554742;155 750 688;A01;3;7;0;9;1;5;1
536554742;155 750 690;B01;3;60;0;2;1;1;5
536554743;155 750 687;A01;0;3;6;0;1;15;3
536554744;155 750 686;A01;2;7;0;1;2;1;1
536554745;155 750 685;A01;3;7;0;1;4;4;1
536554746;155 750 683;A01;1;50;0;0;0;1;3
536554747;155 750 682;B01;2;7;0;2;4;1;1
536554747;155 750 684;A01;2;7;0;2;1;12;1
536554748;155 750 681;A01;1;31;3;0;3;1;1
536554749;155 750 680;A01;1;7;3;0;2;1;1
536554750;155 750 679;A01;1;32;4;2;7;2;1
536554751;155 750 678;A01;2;37;0;1;5;7;2
536554752;155 750 676;B01;1;7;14;0;4;23;1
536554752;155 750 677;A01;1;7;0;2;1;2;2
536554753;155 750 673;A01;1;7;0;2;1;2;1
536554753;155 750 674;B01;1;7;0;2;4;2;1
536554754;155 750 672;B01;0;50;0;2;0;0;3
536554754;155 750 675;A01;3;7;0;2;0;0;1
536554755;155 750 671;A01;1;7;1;0;0;0;1
536554756;155 750 670;A01;1;30;0;0;2;14;1
536554757;155 750 667;B01;1;3;0;2;0;19;1
536554757;155 750 669;A01;1;7;0;2;0;1;1
536554758;155 750 664;A01;0;1;0;2;0;0;5
536554758;155 750 666;B01;0;7;0;2;4;23;1
536554759;155 750 663;A01;1;7;0;2;0;9;1
536554759;155 750 665;B01;1;1;0;2;0;1;5
536554760;155 750 660;A01;1;7;0;2;1;0;1
536554760;155 750 662;B01;1;7;0;2;7;0;1
536554761;155 750 658;C01;1;33;0;2;0;2;1
536554761;155 750 659;A01;1;7;0;2;4;2;1
536554761;155 750 661;B01;1;7;0;2;1;2;1
536554762;155 750 656;A01;1;7;0;2;1;13;1
536554762;155 750 657;B01;2;14;0;2;1;1;1
536554763;155 750 654;A01;2;7;0;2;8;9;1
536554763;155 750 655;B01;2;41;0;2;0;1;1
536554764;155 750 652;A01;2;13;0;2;3;15;1
536554764;155 750 653;B01;2;33;0;2;1;0;1
536554765;155 750 648;A01;3;7;0;2;1;2;1
536554765;155 750 650;B01;3;7;0;2;9;2;1
536554765;155 750 651;C01;3;7;0;2;4;2;2
536554766;155 750 645;B01;0;7;0;2;1;1;1
536554766;155 750 647;A01;0;31;15;2;1;1;1
536554767;155 750 644;A01;2;7;0;2;3;13;1
536554767;155 750 646;B01;1;7;0;2;8;1;1
536554768;155 750 642;A01;3;50;12;0;1;1;3
536554769;155 750 641;B01;1;33;0;2;1;1;1
536554769;155 750 643;A01;2;7;0;2;3;1;1
536554770;155 750 639;A01;2;7;0;2;7;1;1
536554770;155 750 640;B01;0;1;0;2;1;26;5
536554771;155 750 638;A01;2;7;0;1;1;15;1
536554772;155 750 636;A01;1;7;8;0;1;26;1
536554773;155 750 635;B01;2;40;1;2;0;1;3
536554773;155 750 637;A01;2;7;0;4;7;15;1
536554774;155 750 633;A01;1;32;0;2;8;3;1
536554774;155 750 634;Z01;1;7;0;2;0;0;0
536554775;155 750 630;B01;2;7;0;2;3;1;1
536554775;155 750 631;C01;2;7;0;2;3;1;1
536554775;155 750 632;A01;1;7;0;2;3;5;1
536554776;155 750 629;A01;1;38;0;1;4;4;1
536554777;155 750 626;B01;2;10;0;2;0;0;1
536554777;155 750 628;A01;2;7;0;2;3;26;1
536554778;155 750 625;A01;1;7;0;2;1;1;1
536554778;155 750 627;B01;2;1;0;2;1;6;5
536554779;155 750 623;A01;3;7;0;2;3;15;1
536554779;155 750 624;B01;0;33;0;2;1;2;1
536554780;155 750 622;A01;1;7;0;1;2;1;1
536554781;155 750 618;C01;2;7;0;2;3;1;3
536554781;155 750 620;A01;1;7;0;2;1;13;1
536554781;155 750 621;B01;2;7;0;2;6;1;1
536554782;155 750 617;A01;3;10;0;2;2;0;1
536554782;155 750 619;B01;3;7;0;2;3;16;1
536554783;155 750 613;B01;2;7;0;2;3;1;2
536554783;155 750 615;A01;1;33;0;2;1;17;1
536554783;155 750 616;T01;1;7;0;0;0;1;1
536554784;155 750 612;A01;2;7;0;2;5;15;1
536554784;155 750 614;B01;1;33;0;2;1;1;1
536554785;155 750 611;A01;1;7;0;1;3;1;1
536554786;155 750 610;A01;0;7;0;1;1;9;1
536554787;155 750 607;A01;1;10;0;2;1;2;1
536554787;155 750 609;B01;1;7;0;2;4;2;1
536554788;155 750 608;A01;0;7;0;1;8;15;1
536554789;155 750 604;A01;1;7;0;2;1;13;1
536554789;155 750 606;B01;2;10;0;2;1;1;1
536554790;155 750 603;A01;2;10;0;2;3;10;1
536554790;155 750 605;B01;2;7;0;2;2;1;1
536554791;155 750 602;A01;3;7;0;1;1;1;2
536554792;155 750 600;B01;3;10;12;2;1;13;1
536554792;155 750 601;A01;3;7;0;0;1;13;1
536554793;155 750 599;A01;1;7;0;1;2;1;1
536554794;155 750 597;B01;3;7;0;2;4;23;1
536554794;155 750 598;A01;3;33;0;2;1;1;1
536554795;155 750 596;A01;1;7;0;1;1;16;1
536554796;155 750 595;A01;0;3;0;1;1;1;3
536554797;155 750 594;A01;1;7;1;0;2;1;1
536554798;155 750 591;B01;3;7;0;2;6;26;1
536554798;155 750 593;A01;3;43;0;2;1;2;1
536554799;155 750 590;A01;3;7;0;2;3;1;1
536554799;155 750 592;B01;3;7;0;2;8;1;1
536554800;155 750 588;A01;2;33;0;2;1;2;1
536554800;155 750 589;B01;2;7;0;2;4;1;2
536554801;155 750 585;B01;3;7;0;2;1;2;1
536554801;155 750 586;A01;3;7;0;2;7;1;1
536554802;155 750 584;A01;2;7;0;2;7;20;1
536554802;155 750 587;B01;2;1;0;2;8;1;5
536554803;155 750 583;A01;1;7;0;1;2;16;1
536554804;155 750 581;A01;1;10;0;2;1;11;1
536554804;155 750 582;B01;2;7;0;2;1;1;1
536554805;155 750 580;A01;1;3;0;1;3;1;1
536554806;155 750 579;A01;3;31;3;0;1;14;1
536554807;155 750 577;A01;1;7;8;5;1;14;1
536554808;155 750 575;A01;1;7;1;0;5;10;1
536554808;155 750 578;B01;2;30;1;2;1;0;0
536554809;155 750 573;B01;1;2;0;2;7;1;1
536554809;155 750 576;A01;2;7;0;2;3;15;1
536554810;155 750 571;A01;2;32;0;2;1;17;1
536554810;155 750 572;B01;2;7;0;2;3;15;2
536554811;155 750 570;B01;1;7;0;2;3;15;1
536554811;155 750 574;A01;2;32;0;2;2;17;1
536554812;155 750 568;A01;1;15;0;2;3;1;1
536554812;155 750 569;B01;1;7;0;2;2;17;1
536554813;155 750 566;A01;3;7;0;2;7;15;1
536554813;155 750 567;B01;1;1;0;2;1;1;5
536554814;155 750 564;A01;2;2;0;9;0;1;3
536554815;155 750 563;A01;3;7;0;2;1;1;1
536554815;155 750 565;B01;1;7;8;2;7;1;1
536554816;155 750 562;A01;3;7;9;0;1;1;1
536554817;155 750 558;C01;1;10;0;2;8;1;1
536554817;155 750 559;A01;1;33;0;2;8;1;1
536554817;155 750 561;B01;1;7;0;2;5;1;1
536554818;155 750 557;A01;1;7;0;2;7;1;1
536554818;155 750 560;B01;2;33;0;2;1;1;1
536554819;155 750 553;B01;2;7;0;2;3;1;1
536554819;155 750 556;A01;2;7;0;2;2;1;1
536554820;155 750 551;V01;2;1;0;2;8;19;5
536554820;155 750 555;A01;2;7;0;2;1;1;1
536554821;155 750 550;C01;1;7;0;2;1;1;1
536554821;155 750 552;A01;2;7;0;2;8;18;1
536554821;155 750 554;B01;2;3;0;2;7;9;1
536554822;155 750 548;B01;3;7;1;0;1;19;1
536554822;155 750 549;A01;3;7;0;2;1;24;1
536554823;155 750 546;A01;2;7;0;2;3;15;1
536554823;155 750 547;B01;1;1;0;2;3;1;5
536554824;155 750 544;A01;0;10;0;2;2;16;1
536554824;155 750 545;B01;1;37;0;2;3;1;2
536554825;155 750 542;A01;1;7;0;1;1;26;1
536554826;155 750 540;A01;2;7;1;1;6;14;1
536554826;155 750 543;B01;2;7;0;2;6;24;1
536554827;155 750 539;A01;1;10;0;2;3;15;6
536554827;155 750 541;B01;2;10;0;2;6;16;0
536554828;155 750 537;A01;3;7;9;0;1;6;1
536554829;155 750 531;B01;3;7;0;2;4;23;1
536554829;155 750 533;A01;3;7;0;2;1;2;1
536554830;155 750 529;A01;3;1;0;2;1;1;5
536554830;155 750 532;B01;3;37;0;2;3;1;1
536554831;155 750 526;A01;1;7;0;2;3;26;1
536554832;155 750 525;A01;3;7;0;2;3;16;1
536554832;155 750 527;B01;3;7;0;2;1;0;1
536554833;155 750 528;B01;1;7;0;2;4;2;1
536554833;155 750 530;A01;1;33;0;2;1;2;1
536554834;155 750 521;A01;3;7;0;2;2;5;1
536554834;155 750 524;B01;1;32;0;2;1;1;3
536554835;155 750 522;A01;2;7;0;2;2;2;1
536554835;155 750 523;B01;2;50;0;2;1;26;3
536554836;155 750 519;B01;2;33;0;2;1;2;1
536554836;155 750 520;A01;2;7;0;2;3;13;1
536554837;155 750 518;A01;0;30;0;1;1;25;1
536554838;155 750 515;A01;1;7;2;5;1;21;1
536554839;155 750 512;A01;2;50;0;2;1;1;3
536554839;155 750 514;B01;2;7;0;2;3;1;1
536554840;155 750 513;C01;2;7;0;2;4;2;2
536554840;155 750 516;A01;2;7;0;2;1;2;1
536554840;155 750 517;B01;2;7;0;2;4;2;1
536554841;155 750 509;B01;2;33;0;2;1;1;1
536554841;155 750 510;A01;1;7;0;2;1;13;1
536554842;155 750 506;A01;2;7;0;1;4;4;1
536554843;155 750 504;C01;1;7;0;0;4;2;1
536554843;155 750 507;A01;1;7;0;2;1;2;1
536554843;155 750 511;B01;1;10;0;2;9;2;1
536554844;155 750 505;A01;0;7;0;2;3;15;1
536554844;155 750 508;B01;0;33;0;2;7;15;1
536554845;155 750 503;A01;0;50;12;0;1;14;3
536554846;155 750 499;B01;3;7;0;2;4;1;2
536554846;155 750 502;A01;3;7;0;2;1;2;1
536554847;155 750 498;A01;1;7;0;2;3;2;1
536554847;155 750 500;B01;1;80;0;2;0;2;3
536554848;155 750 497;A01;1;50;0;1;1;25;3
536554849;155 750 492;A01;3;7;0;1;1;1;2
536554850;155 750 490;A01;1;7;0;2;1;15;1
536554850;155 750 493;B01;1;33;0;2;1;1;1
536554851;155 750 489;A01;2;10;9;2;3;11;1
536554851;155 750 494;B01;2;7;0;2;5;1;1
536554852;155 750 485;A01;3;10;0;2;1;1;1
536554852;155 750 487;B01;3;10;0;2;4;1;1
536554853;155 750 481;B01;1;7;0;2;1;1;1
536554853;155 750 484;A01;1;50;0;2;8;19;3
536554854;155 750 482;C01;2;7;0;2;4;1;1
536554854;155 750 486;D01;2;7;0;2;4;2;2
536554854;155 750 488;E01;2;7;0;2;4;2;1
536554854;155 750 491;B01;2;10;0;2;4;1;1
536554854;155 750 495;A01;2;10;0;2;1;2;1
536554854;155 750 496;F01;2;7;0;2;4;2;1
536554855;155 750 479;A01;2;14;0;0;0;2;1
536554856;155 750 480;A01;3;7;0;2;5;15;1
536554856;155 750 483;B01;3;7;0;2;1;1;1
536554857;155 750 477;A01;2;50;0;1;1;2;3
536554858;155 750 476;A01;1;33;3;0;1;1;1
536554859;155 750 473;A01;2;7;0;2;1;2;1
536554859;155 750 475;B01;2;7;0;2;4;2;1
536554859;155 750 478;C01;2;7;0;2;4;2;1
536554860;155 750 471;A01;3;3;0;2;1;13;1
536554860;155 750 474;B01;1;7;0;2;1;23;1
536554861;155 750 470;A01;2;7;0;1;1;15;0
536554862;155 750 469;A01;2;7;0;2;8;10;1
536554862;155 750 472;B01;2;2;0;2;8;17;1
536554863;155 750 464;A01;3;7;0;1;1;20;1
536554864;155 750 461;B01;1;31;0;2;4;2;1
536554864;155 750 463;A01;1;7;0;2;3;2;1
536554865;155 750 459;B01;1;10;0;2;4;2;1
536554865;155 750 465;A01;1;7;0;2;1;2;1
536554865;155 750 467;C01;1;7;0;2;4;2;1
536554866;155 750 458;B01;1;17;0;2;0;12;0
536554866;155 750 460;A01;1;7;0;2;7;14;1
536554866;155 750 462;C01;1;10;0;2;6;2;1
536554866;155 750 466;D01;1;7;0;2;1;2;2
536554866;155 750 468;E01;1;7;0;2;3;0;1
536554867;155 750 456;A01;1;7;0;2;1;15;1
536554867;155 750 457;B01;1;33;0;2;8;1;1
536554868;155 750 451;A01;1;33;0;2;1;2;1
536554868;155 750 454;B01;1;7;0;0;5;23;1
536554869;155 750 453;A01;3;7;0;2;3;15;1
536554869;155 750 455;B01;3;1;0;2;8;1;5
536554870;155 750 450;B01;1;33;0;2;2;3;1
536554870;155 750 452;A01;1;7;0;2;6;13;1
536554871;155 750 448;B01;3;30;0;2;1;0;1
536554871;155 750 449;A01;3;7;0;2;7;15;1
536554872;155 750 445;A01;2;7;12;0;2;1;1
536554873;155 750 446;A01;1;7;4;0;1;2;1
536554874;155 750 444;B01;3;1;0;2;1;1;5
536554874;155 750 447;A01;3;7;0;0;0;1;1
536554875;155 750 443;A01;3;7;0;0;0;26;1
536554876;155 750 439;A01;3;7;0;2;1;17;1
536554876;155 750 440;B01;3;7;0;2;9;23;1
536554876;155 750 442;C01;3;7;0;2;4;0;1
536554877;155 750 438;A01;1;7;0;2;1;26;1
536554877;155 750 441;B01;2;17;0;2;2;1;1
536554878;155 750 434;A01;1;7;0;2;1;10;1
536554878;155 750 436;B01;1;33;0;2;1;6;1
536554879;155 750 433;C01;2;7;0;2;4;23;1
536554879;155 750 435;B01;2;7;0;2;9;23;1
536554879;155 750 437;A01;2;7;0;2;1;1;1
536554880;155 750 431;A01;3;7;0;1;1;17;0
536554881;155 750 429;A01;1;7;0;2;3;11;1
536554881;155 750 430;B01;1;7;0;2;7;1;1
536554881;155 750 432;C01;1;33;0;2;8;11;1
536554882;155 750 428;A01;1;7;0;1;1;1;1
536554883;155 750 426;A01;1;50;0;1;1;0;3
536554884;155 750 425;B01;1;7;0;2;8;15;1
536554884;155 750 427;A01;1;33;0;2;7;1;1
536554885;155 750 419;A01;1;7;0;2;1;2;1
536554885;155 750 423;B01;1;7;0;2;1;2;1
536554885;155 750 424;C01;1;7;0;2;4;2;1
536554886;155 750 418;Z01;2;7;0;2;1;15;1
536554886;155 750 421;B01;1;33;0;2;7;1;1
536554887;155 750 417;A01;2;32;0;2;3;2;1
536554887;155 750 420;B01;2;7;0;2;4;15;1
536554888;155 750 416;B01;3;50;0;2;4;15;3
536554888;155 750 422;A01;3;7;0;2;1;9;1
536554889;155 750 412;A01;1;33;0;1;1;25;1
536554890;155 750 413;B01;1;7;0;2;4;11;1
536554890;155 750 415;A01;1;34;0;2;8;3;1
536554891;155 750 411;A01;3;7;0;2;3;9;1
536554891;155 750 414;B01;3;31;0;2;4;9;1
536554892;155 750 409;A01;1;7;0;2;1;1;1
536554892;155 750 410;B01;2;7;0;2;1;1;1
536554893;155 750 404;B01;3;7;0;2;7;1;1
536554893;155 750 407;A01;3;7;0;2;1;1;1
536554894;155 750 402;B01;1;7;0;2;4;1;1
536554894;155 750 406;C01;1;7;0;2;4;1;2
536554894;155 750 408;A01;1;7;0;2;1;1;2
536554895;155 750 403;A01;1;7;0;1;2;1;1
536554896;155 750 401;A01;3;7;0;0;3;15;1
536554896;155 750 405;B01;3;1;0;2;1;17;5
536554897;155 750 400;A01;1;7;13;0;1;6;1
536554898;155 750 395;A01;1;33;0;2;8;3;1
536554898;155 750 399;B01;1;7;0;2;7;12;2
536554899;155 750 393;A01;3;7;0;2;2;9;1
536554899;155 750 398;B01;2;50;0;2;1;1;3
536554900;155 750 392;A01;1;7;14;0;1;2;1
536554900;155 750 394;B01;1;7;0;2;4;23;1
536554901;155 750 388;A01;2;7;0;2;1;2;1
536554901;155 750 390;B01;2;7;0;2;4;2;1
536554902;155 750 389;A01;1;7;6;0;1;1;1
536554903;155 750 387;A01;1;7;0;1;1;1;2
536554904;155 750 386;A01;1;10;0;1;1;1;1
536554905;155 750 385;B01;1;33;0;2;0;1;1
536554905;155 750 391;A01;2;37;0;2;2;1;1
536554906;155 750 384;A01;1;7;2;9;9;15;1
536554907;155 750 382;A01;2;7;0;1;2;15;2
536554908;155 750 380;A01;3;7;0;2;2;1;1
536554908;155 750 381;B01;1;1;0;2;8;19;5
536554909;155 750 379;A01;2;33;13;0;2;0;1
536554910;155 750 375;B01;2;31;0;2;8;3;1
536554910;155 750 376;A01;2;7;0;2;7;12;1
536554911;155 750 373;A01;1;7;0;2;4;1;1
536554911;155 750 374;B01;1;33;0;2;1;1;1
536554912;155 750 371;A01;1;7;0;2;2;20;1
536554912;155 750 372;B01;1;31;0;2;3;1;1
536554913;155 750 370;A01;2;3;15;0;1;1;1
536554914;155 750 369;A01;1;30;0;0;1;26;1
536554915;155 750 366;D01;2;32;0;9;1;23;1
536554915;155 750 377;B01;2;33;0;2;8;1;1
536554915;155 750 378;C01;2;7;0;2;1;23;1
536554915;155 750 383;A01;1;10;0;2;1;15;0
536554916;155 750 365;B01;2;7;0;2;1;2;1
536554916;155 750 368;A01;2;1;0;2;4;1;5
536554917;155 750 364;A01;1;1;0;1;1;1;5
536554918;155 750 361;A01;1;7;0;2;4;1;1
536554918;155 750 363;B01;1;7;0;2;1;1;0
536554919;155 750 359;A01;0;7;0;2;2;15;1
536554919;155 750 362;B01;0;50;0;2;1;1;3
536554920;155 750 360;A01;1;50;0;1;1;1;3
536554921;155 750 357;A01;2;7;0;1;4;4;2
536554922;155 750 358;A01;1;7;0;1;6;4;1
536554923;155 750 354;A01;1;31;0;2;1;3;3
536554923;155 750 356;B01;1;10;0;2;4;2;1
536554924;155 750 352;A01;2;33;0;2;3;7;1
536554924;155 750 353;B01;2;7;0;2;2;12;2
536554925;155 750 351;A01;3;7;0;2;2;1;1
536554925;155 750 355;B01;3;7;0;2;3;1;1
536554926;155 750 347;Z01;2;34;0;1;1;1;0
536554927;155 750 349;A01;2;7;0;1;8;1;2
536554928;155 750 345;A01;3;7;0;2;6;10;1
536554928;155 750 346;B01;3;7;0;2;1;2;1
536554929;155 750 341;Z01;1;1;0;1;1;1;5
536554930;155 750 342;A01;3;1;0;2;1;5;5
536554930;155 750 344;B01;0;7;0;2;3;15;1
536554931;155 750 340;A01;1;7;15;0;1;0;1
536554932;155 750 343;A01;2;40;0;1;1;1;3
536554933;155 750 339;A01;2;1;0;1;1;1;5
536554934;155 750 337;A01;1;7;9;0;1;1;1
536554935;155 750 336;A01;1;7;0;2;4;15;1
536554935;155 750 338;B01;1;7;0;2;1;2;1
536554936;155 750 334;A01;2;60;0;1;1;1;5
536554937;155 750 333;A01;1;7;0;0;3;24;2
536554937;155 750 335;B01;1;50;0;0;2;2;3
536554938;155 750 329;A01;1;7;0;9;3;2;1
536554938;155 750 332;B01;1;1;0;2;4;14;5
536554939;155 750 328;A01;0;7;0;2;1;2;1
536554939;155 750 331;B01;0;31;0;0;4;23;1
536554940;155 750 327;A01;1;30;0;2;1;2;1
536554940;155 750 330;B01;1;37;0;2;5;23;2
536554941;155 750 325;A01;1;80;0;2;1;26;3
536554941;155 750 326;B01;1;43;0;9;1;1;1
536554942;155 750 321;A01;1;31;0;2;2;17;1
536554942;155 750 324;B01;1;21;0;2;3;15;1
536554943;155 750 323;A01;3;33;0;1;1;1;1
536554944;155 750 320;B01;1;1;0;2;1;1;5
536554944;155 750 322;A01;1;7;0;2;3;1;2
536554945;155 750 316;B01;1;33;0;2;4;2;1
536554945;155 750 317;C01;3;7;0;2;5;1;1
536554945;155 750 318;A01;1;7;0;2;2;2;1
536554946;155 750 314;B01;1;30;0;2;1;1;3
536554946;155 750 319;A01;2;30;0;2;1;9;1
536554947;155 750 313;A01;2;33;1;0;1;0;1
536554948;155 750 315;A01;1;7;0;0;0;13;0
536554949;155 750 312;A01;2;80;0;1;1;1;3
536554950;155 750 307;B01;1;1;0;2;1;17;5
536554950;155 750 310;Z01;1;10;0;9;8;2;0
536554951;155 750 309;A01;0;80;0;2;1;26;3
536554951;155 750 311;B01;1;7;0;2;1;0;1
536554952;155 750 308;A01;2;7;12;0;2;11;1
536554953;155 750 306;Z01;1;1;0;1;1;1;5
536554954;155 750 304;A01;2;7;0;1;1;1;3
536554955;155 750 303;A01;3;31;0;0;0;1;1
536554956;155 750 302;B01;2;7;0;9;3;1;1
536554956;155 750 305;A01;2;80;0;2;1;1;3
536554957;155 750 298;B01;2;7;0;2;1;5;1
536554957;155 750 301;A01;1;7;0;2;1;13;2
536554958;155 750 297;A01;1;7;0;2;2;16;2
536554958;155 750 300;B01;3;50;0;2;0;0;3
536554959;155 750 295;A01;1;7;0;2;1;2;1
536554959;155 750 299;B01;1;50;0;2;4;2;3
536554960;155 750 293;A01;1;7;0;2;2;1;1
536554960;155 750 296;B01;2;7;0;2;8;16;2
536554961;155 750 291;A01;1;31;0;2;2;17;1
536554961;155 750 294;B01;2;7;0;2;3;19;1
536554962;155 750 288;B01;3;7;0;2;4;1;1
536554962;155 750 290;C01;3;37;0;2;4;23;2
536554962;155 750 292;A01;3;10;0;2;1;1;1
536554963;155 750 286;B01;3;7;0;0;0;0;1
536554963;155 750 289;A01;3;7;0;1;3;17;1
536554964;155 750 284;A01;1;10;0;2;2;1;1
536554964;155 750 287;B01;1;32;0;2;3;18;1
536554965;155 750 283;B01;2;32;0;2;1;1;1
536554965;155 750 285;A01;3;7;0;2;3;9;1
536554966;155 750 281;A01;1;7;2;0;1;26;1
536554967;155 750 278;A01;2;7;0;2;3;15;1
536554967;155 750 282;B01;1;1;0;2;8;1;5
536554968;155 750 277;A01;1;10;0;2;2;1;1
536554968;155 750 280;B01;1;7;0;2;3;15;1
536554969;155 750 276;A01;3;7;0;2;1;17;1
536554969;155 750 279;B01;3;7;0;2;5;23;1
536554970;155 750 275;A01;1;10;13;0;1;26;1
536554971;155 750 272;A01;0;33;0;2;3;18;1
536554971;155 750 274;B01;0;7;0;2;2;1;1
536554972;155 750 270;A01;0;7;0;2;3;13;1
536554972;155 750 273;B01;0;37;0;2;3;1;2
536554973;155 750 269;A01;3;10;14;2;2;1;1
536554973;155 750 271;B01;3;7;0;2;4;23;1
536554974;155 750 267;A01;3;7;0;2;1;1;1
536554974;155 750 268;B01;3;7;0;2;4;16;1
536554975;155 750 265;A01;3;7;0;1;6;16;1
536554976;155 750 259;B01;1;7;0;2;6;1;1
536554976;155 750 263;A01;2;7;0;2;3;13;1
536554976;155 750 266;C01;1;7;0;2;1;1;1
536554977;155 750 262;A01;3;7;0;2;8;15;2
536554977;155 750 264;B01;3;34;0;2;2;21;1
536554978;155 750 258;B01;3;1;0;2;7;19;5
536554978;155 750 261;A01;3;7;0;2;1;15;1
536554979;155 750 257;A01;1;32;0;2;1;1;1
536554979;155 750 260;B01;3;7;0;2;3;15;2
536554980;155 750 255;A01;1;7;0;1;2;1;1
536554981;155 750 254;A01;2;7;15;0;1;1;1
536554982;155 750 252;A01;2;7;4;0;1;1;1
536554983;155 750 251;A01;1;7;0;1;1;15;3
536554984;155 750 249;A01;3;7;0;2;1;2;1
536554984;155 750 253;B01;3;7;0;2;4;2;1
536554985;155 750 250;B01;1;7;0;2;1;2;1
536554985;155 750 256;A01;1;7;0;2;7;1;2
536554986;155 750 246;B01;3;33;0;2;2;1;1
536554986;155 750 248;A01;3;7;0;2;8;11;1
536554987;155 750 244;B01;2;7;1;0;1;21;1
536554987;155 750 245;C01;2;7;0;2;4;24;1
536554988;155 750 243;A01;3;30;0;2;1;16;1
536554988;155 750 247;B01;3;10;0;2;2;26;1
536554989;155 750 242;A01;2;7;0;1;2;1;1
536554990;155 750 241;A01;1;7;0;0;1;1;1
536554991;155 750 239;A01;3;7;0;1;0;15;0
536554992;155 750 238;A01;2;31;0;2;7;16;1
536554993;155 750 234;C01;1;7;0;2;1;15;0
536554993;155 750 237;B01;1;32;0;2;4;15;0
536554993;155 750 240;A01;2;7;0;2;0;15;0
536554994;155 750 235;A01;3;7;6;0;3;1;1
536554995;155 750 233;A01;1;10;0;1;7;16;1
536554996;155 750 232;B01;0;7;0;2;7;1;1
536554996;155 750 236;A01;0;7;0;2;1;19;1
536554997;155 750 229;B01;2;31;0;2;8;3;1
536554997;155 750 231;A01;2;7;0;2;7;12;1
536554998;155 750 228;A01;1;50;8;2;1;2;3
536554998;155 750 230;B01;2;7;0;9;3;15;1
536554999;155 750 224;A01;1;30;1;2;1;25;1
536554999;155 750 226;B01;2;10;0;2;1;1;1
536555000;155 750 220;B01;2;10;0;2;5;2;1
536555000;155 750 223;A01;2;43;0;2;1;2;1
536555000;155 750 225;C01;2;7;0;2;6;1;1
536555001;155 750 219;A01;1;1;1;0;3;13;5
536555001;155 750 222;B01;1;7;0;2;7;1;1
536555002;155 750 221;B01;2;7;0;2;1;1;1
536555002;155 750 227;A01;1;7;0;2;8;26;1
536555003;155 750 218;A01;1;42;6;0;1;19;1
536555004;155 750 217;A01;1;7;13;0;7;1;1
536555005;155 750 211;A01;2;31;0;2;1;21;1
536555005;155 750 214;C01;2;10;0;2;6;1;1
536555005;155 750 216;B01;1;7;0;0;6;1;0
536555006;155 750 210;B01;0;7;0;2;1;19;1
536555006;155 750 213;A01;2;99;0;2;2;19;1
536555007;155 750 212;B01;0;50;0;2;4;26;3
536555007;155 750 215;A01;0;0;0;2;0;0;0
536555008;155 750 209;A01;1;7;6;0;3;1;1
536555009;155 750 207;A01;2;50;0;1;1;1;3
536555010;155 750 208;A01;1;33;0;1;2;1;1
536555011;155 750 204;B01;2;7;0;2;1;1;1
536555011;155 750 205;A01;2;7;0;2;5;10;1
536555012;155 750 202;A01;1;7;6;0;8;13;1
536555013;155 750 201;A01;3;33;0;1;3;25;1
536555014;155 750 200;A01;1;37;0;2;1;2;0
536555014;155 750 203;B01;1;7;0;2;4;2;1
536555015;155 750 199;A01;1;7;4;0;0;0;1
536555016;155 750 196;A01;3;2;0;2;1;13;1
536555016;155 750 198;B01;3;7;0;2;1;26;1
536555017;155 750 194;B01;3;1;0;2;1;1;5
536555017;155 750 197;A01;1;31;0;9;1;5;1
536555018;155 750 192;A01;1;7;0;2;2;15;1
536555018;155 750 195;B01;2;34;0;2;1;1;1
536555019;155 750 191;A01;2;32;0;2;1;1;1
536555019;155 750 193;Z01;2;7;0;2;8;23;1
536555020;155 750 190;A01;1;7;2;0;1;1;1
536555021;155 750 188;A01;3;1;0;1;1;26;5
536555022;155 750 187;A01;1;7;0;0;0;0;1
536555023;155 750 186;A01;2;30;14;0;1;1;1
536555024;155 750 185;B01;1;7;0;2;6;23;1
536555024;155 750 189;A01;1;33;0;2;1;13;1
536555025;155 750 182;A01;2;10;0;2;4;4;1
536555025;155 750 184;B01;2;2;0;2;1;1;3
536555026;155 750 178;A01;2;7;0;2;3;1;1
536555026;155 750 181;B01;1;7;0;2;3;1;1
536555027;155 750 179;A01;2;7;0;2;1;1;1
536555027;155 750 180;B01;2;7;0;1;4;1;1
536555028;155 750 176;A01;1;7;0;2;1;15;1
536555028;155 750 177;B01;2;2;0;0;4;16;1
536555029;155 750 174;A01;3;7;6;0;1;1;1
536555030;155 750 172;A01;1;1;0;2;1;13;5
536555030;155 750 175;B01;2;1;0;2;0;1;5
536555031;155 750 171;B01;3;7;0;9;1;1;1
536555031;155 750 173;A01;3;50;0;2;1;5;3
536555032;155 750 167;A01;2;10;0;2;7;15;1
536555032;155 750 170;B01;1;1;0;2;1;1;5
536555033;155 750 168;A01;2;33;0;0;0;26;1