Num_Acc;id_vehicule;num_veh;senc;catv;obs;obsm;choc;manv;motor
536555034;155 750 164;A01;1;7;4;0;0;23;1
536555034;155 750 166;B01;1;14;1;0;2;2;1
536555034;155 750 169;C01;1;7;1;0;1;1;1
536555035;155 750 162;A01;1;7;0;2;1;1;1
536555035;155 750 165;B01;2;34;0;2;7;1;1
536555036;155 750 159;A01;3;33;6;0;1;26;1
536555037;155 750 160;A01;2;10;0;2;1;1;1
536555037;155 750 163;B01;2;16;0;2;4;2;1
536555038;155 750 158;A01;1;7;6;2;1;17;1
536555038;155 750 161;B01;1;7;6;2;6;15;1
536555039;155 750 156;A01;1;2;1;0;1;1;3
536555040;155 750 153;A01;1;30;0;2;8;1;3
536555040;155 750 157;B01;1;7;0;2;1;1;1
536555041;155 750 152;B01;3;99;0;2;1;2;3
536555041;155 750 155;A01;3;7;0;0;5;2;1
536555042;155 750 148;B01;0;10;14;0;4;2;1
536555042;155 750 149;C01;0;7;14;0;4;2;1
536555042;155 750 151;A01;3;17;14;0;1;2;1
536555042;155 750 154;D01;0;10;0;0;4;2;1
536555043;155 750 146;A01;1;7;2;0;1;1;1
536555044;155 750 147;A01;3;7;0;1;1;26;3
536555045;155 750 144;A01;0;7;0;0;1;0;1
536555046;155 750 143;A01;1;33;5;0;9;2;1
536555047;155 750 141;A01;0;1;0;0;1;14;5
536555048;155 750 139;A01;1;33;13;0;0;0;1
536555049;155 750 138;A01;3;7;1;2;3;16;1
536555049;155 750 140;B01;2;7;0;2;2;1;1
536555050;155 750 135;A01;1;7;0;2;1;0;1
536555050;155 750 137;B01;2;7;0;2;1;0;1
536555050;155 750 142;C01;2;7;0;2;3;0;1
536555050;155 750 145;D01;1;7;0;2;1;13;1
536555050;155 750 150;E01;1;7;1;0;1;26;1
536555051;155 750 133;A01;3;7;0;1;6;20;1
536555052;155 750 131;A01;2;7;6;0;2;14;1
536555053;155 750 129;A01;2;7;0;1;3;1;1
536555054;155 750 128;B01;1;1;0;2;8;1;5
536555054;155 750 132;A01;2;7;0;9;1;1;1
536555055;155 750 130;A01;1;7;0;2;3;11;1
536555055;155 750 134;B01;1;7;0;2;6;1;1
536555055;155 750 136;C01;1;7;0;2;5;1;1
536555056;155 750 122;A01;1;10;0;2;2;14;0
536555056;155 750 125;B01;1;33;0;2;3;1;1
536555057;155 750 126;B01;2;7;0;2;1;2;1
536555057;155 750 127;A01;2;2;0;0;4;23;1
536555058;155 750 121;A01;1;7;0;2;2;2;1
536555058;155 750 123;B01;1;10;0;2;6;2;1
536555059;155 750 120;A01;1;7;0;2;1;2;1
536555059;155 750 124;B01;1;7;0;2;4;2;1
536555060;155 750 119;A01;1;37;0;1;8;0;1
536555061;155 750 118;A01;2;2;12;0;1;16;1
536555062;155 750 117;A01;0;7;0;1;1;15;3
536555063;155 750 115;A01;2;10;0;2;3;11;3
536555063;155 750 116;B01;2;7;0;2;4;1;2
536555064;155 750 113;A01;0;80;0;0;2;1;3
536555065;155 750 112;A01;1;10;0;1;1;1;0
536555066;155 750 111;B01;2;7;0;2;8;1;1
536555066;155 750 114;A01;1;7;0;2;1;1;1
536555067;155 750 107;A01;1;7;15;0;2;1;1
536555068;155 750 109;A01;3;37;0;1;2;1;2
536555069;155 750 108;B01;2;50;0;2;1;1;3
536555069;155 750 110;A01;2;7;0;2;4;23;1
536555070;155 750 105;B01;3;2;0;2;8;1;1
536555070;155 750 106;A01;2;7;0;2;2;1;1
536555071;155 750 104;A01;3;33;0;0;8;1;1
536555072;155 750 100;A01;2;7;0;2;8;19;1
536555072;155 750 103;B01;1;7;0;2;1;1;1
536555073;155 750 095;A01;1;7;0;0;1;2;1
536555073;155 750 098;B01;1;30;0;0;0;0;1
536555074;155 750 097;A01;0;7;0;2;1;1;1
536555074;155 750 101;B01;0;7;0;2;1;1;1
536555075;155 750 096;A01;1;7;0;2;1;1;1
536555075;155 750 099;B01;1;7;0;2;4;1;1
536555075;155 750 102;C01;1;7;0;2;4;9;1
536555076;155 750 094;A01;0;7;12;0;0;0;1
536555077;155 750 089;A01;1;33;0;2;2;17;1
536555077;155 750 093;B01;0;7;0;2;3;0;2
536555078;155 750 090;B01;3;32;0;2;7;17;1
536555078;155 750 092;A01;3;10;0;2;3;9;1
536555079;155 750 086;A01;1;7;0;2;1;15;1
536555079;155 750 088;B01;2;7;0;2;1;1;1
536555080;155 750 085;C01;2;7;0;2;1;1;1
536555080;155 750 087;A01;2;7;0;2;4;1;1
536555080;155 750 091;B01;2;10;0;2;4;1;1
536555081;155 750 082;A01;1;1;0;2;3;19;5
536555081;155 750 084;B01;1;7;0;9;3;16;2
536555082;155 750 080;A01;3;2;0;2;8;16;3
536555082;155 750 083;B01;1;33;0;2;2;1;1
536555083;155 750 079;A01;1;7;0;1;3;1;3
536555084;155 750 077;B01;3;33;0;2;1;1;1
536555084;155 750 081;A01;3;7;0;2;6;19;1
536555085;155 750 076;B01;2;7;0;2;4;1;2
536555085;155 750 078;A01;2;7;0;2;1;2;1
536555086;155 750 073;A01;2;7;2;0;1;1;1
536555087;155 750 070;A01;1;7;0;2;7;22;2
536555087;155 750 075;B01;1;1;0;2;1;1;5
536555088;155 750 068;A01;1;10;0;0;0;15;1
536555088;155 750 071;B01;2;33;7;0;3;21;1
536555089;155 750 069;C01;1;7;1;0;1;1;1
536555089;155 750 072;B01;1;7;1;0;4;1;1
536555089;155 750 074;A01;1;7;0;0;4;23;2
536555090;155 750 066;A01;2;15;0;2;2;2;1
536555090;155 750 067;B01;2;1;0;2;3;2;5
536555091;155 750 062;A01;1;7;0;0;3;1;1
536555091;155 750 065;B01;2;7;0;0;3;1;1
536555092;155 750 060;A01;2;7;0;0;1;1;1
536555093;155 750 059;A01;1;7;0;2;2;2;1
536555093;155 750 064;B01;1;7;0;0;4;2;1
536555094;155 750 061;A01;1;7;0;2;8;15;1
536555094;155 750 063;B01;1;33;0;2;1;1;1
536555095;155 750 057;A01;2;2;0;0;7;10;1
536555096;155 750 058;A01;1;7;13;0;3;13;1
536555097;155 750 049;B01;2;33;0;2;1;1;1
536555097;155 750 052;A01;1;7;0;2;2;15;1
536555098;155 750 048;B01;2;7;0;2;0;1;1
536555098;155 750 053;C01;2;7;0;2;8;23;2
536555098;155 750 055;A01;2;32;0;2;1;1;1
536555099;155 750 047;A01;2;7;0;2;3;1;2
536555099;155 750 051;B01;1;30;0;2;2;19;1
536555100;155 750 046;A01;1;7;0;2;1;1;1
536555100;155 750 050;C01;1;10;0;2;1;1;1
536555100;155 750 054;D01;1;7;0;2;1;1;1
536555100;155 750 056;B01;1;7;0;2;4;1;3
536555101;155 750 041;B01;1;33;0;2;1;1;1
536555101;155 750 045;A01;2;7;0;2;1;1;1
536555102;155 750 040;A01;2;33;0;2;1;2;1
536555102;155 750 042;B01;2;7;0;2;5;0;1
536555103;155 750 039;A01;1;33;0;2;1;2;1
536555103;155 750 044;B01;1;7;0;2;2;17;1
536555104;155 750 038;A01;2;7;0;0;0;1;1
536555105;155 750 037;A01;3;7;0;1;1;0;1
536555106;155 750 033;A01;2;2;0;5;1;1;1
536555107;155 750 034;A01;1;7;0;2;1;2;1
536555107;155 750 036;B01;1;7;0;2;4;2;1
536555108;155 750 032;A01;0;7;0;2;2;12;1
536555108;155 750 035;B01;3;7;1;2;8;1;1
536555109;155 750 030;A01;1;7;7;0;3;1;1
536555110;155 750 028;A01;1;7;14;0;1;1;1
536555111;155 750 026;A01;2;99;0;2;3;13;0
536555111;155 750 029;B01;1;7;0;2;3;1;0
536555112;155 750 024;A01;3;7;0;1;2;1;1
536555113;155 750 025;A01;2;7;0;2;1;2;1
536555113;155 750 027;B01;2;7;0;2;4;2;2
536555114;155 750 021;A01;1;7;0;1;1;16;1
536555115;155 750 019;B01;3;10;0;2;3;1;1
536555115;155 750 022;A01;1;33;0;2;1;1;1
536555116;155 750 017;A01;1;7;0;2;0;26;1
536555116;155 750 020;B01;1;7;0;2;0;0;1
536555117;155 750 018;A01;1;7;0;2;2;15;1
536555117;155 750 023;B01;1;50;0;2;8;1;3
536555118;155 750 016;A01;2;7;2;0;7;1;1
536555119;155 750 015;A01;2;33;0;2;7;0;1
536555120;155 750 014;A01;1;7;0;1;1;1;1
536555121;155 750 013;A01;1;33;6;0;1;1;1
536555122;155 750 010;A01;1;7;0;2;4;23;1
536555122;155 750 011;B01;1;7;0;2;1;2;1
536555123;155 750 009;A01;2;7;3;2;3;13;1
536555123;155 750 012;B01;1;7;0;2;3;1;1
536555124;155 750 006;B01;1;7;3;2;1;0;1
536555124;155 750 008;A01;2;7;0;2;3;19;1
536555125;155 750 005;A01;1;21;0;2;6;19;1
536555125;155 750 007;B01;1;33;0;2;1;1;1
536555126;155 750 003;A01;1;2;0;6;1;1;1
536555127;155 750 002;A01;1;43;0;2;1;1;1
536555127;155 750 004;B01;1;7;0;2;4;1;1
536555128;155 750 001;A01;1;33;0;0;0;2;1
536555129;155 750 000;A01;1;7;2;0;5;1;1
536555130;155 749 997;A01;1;33;0;2;1;2;1
536555130;155 749 998;B01;1;7;0;2;5;14;1
536555131;155 749 996;A01;2;33;13;0;7;1;1
536555131;155 749 999;B01;1;7;0;2;1;9;1
536555132;155 749 995;A01;1;7;6;0;1;26;1
536555133;155 749 992;A01;1;7;0;2;3;13;1
536555133;155 749 994;B01;2;15;0;2;3;1;1
536555134;155 749 991;B01;2;33;0;2;3;0;1
536555134;155 749 993;A01;2;99;0;2;5;0;1
536555135;155 749 988;A01;2;31;0;0;1;1;1
536555135;155 749 990;B01;2;10;0;2;7;17;1
536555136;155 749 987;B01;2;13;0;2;7;1;1
536555136;155 749 989;A01;2;7;0;2;3;11;1
536555137;155 749 986;A01;2;33;5;0;7;0;1
536555138;155 749 984;B01;1;7;0;2;4;1;1
536555138;155 749 985;A01;2;33;0;2;1;2;1
536555139;155 749 980;A01;0;7;0;2;1;1;1
536555139;155 749 982;B01;0;10;0;2;4;23;1
536555140;155 749 979;A01;2;10;0;2;1;2;1
536555140;155 749 983;B01;2;17;0;2;6;2;1
536555141;155 749 977;A01;2;33;0;2;8;15;1
536555141;155 749 981;B01;2;10;0;2;2;1;1
536555142;155 749 976;A01;2;7;0;2;1;2;1
536555142;155 749 978;B01;2;7;0;2;4;2;1
536555143;155 749 974;B01;2;7;0;2;2;1;1
536555143;155 749 975;A01;1;7;0;2;3;13;1
536555144;155 749 971;B01;1;2;0;2;1;1;1
536555144;155 749 973;A01;2;7;0;2;7;15;1
536555145;155 749 969;A01;2;7;0;2;1;5;1
536555145;155 749 972;B01;1;10;0;2;1;1;1
536555146;155 749 967;A01;2;7;0;2;6;15;1
536555146;155 749 968;B01;1;32;0;2;1;17;1
536555147;155 749 965;A01;1;32;0;2;1;1;1
536555147;155 749 966;B01;3;7;0;2;3;23;1
536555148;155 749 963;A01;1;7;0;2;1;2;1
536555148;155 749 964;C01;1;7;0;2;4;2;1
536555148;155 749 970;B01;1;7;0;2;4;2;1
536555149;155 749 961;A01;1;7;13;0;2;14;1
536555150;155 749 959;B01;1;17;0;2;2;21;1
536555150;155 749 962;A01;1;17;13;2;2;13;1
536555151;155 749 957;A01;1;7;0;2;1;2;1
536555151;155 749 960;B01;1;15;0;2;4;2;1
536555152;155 749 958;A01;2;7;9;0;1;1;2
536555153;155 749 955;A01;1;2;8;0;1;14;1
536555154;155 749 956;A01;1;7;2;0;1;1;1
536555155;155 749 949;A01;1;7;13;2;2;1;1
536555155;155 749 951;B01;1;7;14;2;2;1;1
536555156;155 749 950;B01;1;50;0;2;1;1;3
536555156;155 749 953;A01;1;7;0;2;1;15;1
536555157;155 749 948;B01;1;1;0;2;1;1;5
536555157;155 749 954;A01;2;7;0;2;3;15;1
536555158;155 749 947;A01;2;7;0;2;1;2;1
536555158;155 749 952;B01;2;7;0;0;4;2;1
536555159;155 749 946;A01;1;32;0;0;0;0;6
536555160;155 749 944;A01;1;0;0;1;0;9;0
536555161;155 749 943;B01;1;17;3;0;7;1;0
536555162;155 749 942;B01;1;7;0;0;0;23;1
536555162;155 749 945;A01;1;7;0;0;3;1;1
536555163;155 749 939;B01;0;13;0;0;8;15;1
536555163;155 749 941;A01;0;50;0;2;1;1;3
536555164;155 749 937;A01;1;7;2;0;1;1;1
536555165;155 749 936;B01;3;50;15;2;7;1;3
536555165;155 749 940;A01;2;10;0;2;1;1;1
536555166;155 749 932;A01;3;20;0;1;3;2;3
536555167;155 749 933;B01;3;80;0;2;4;1;3
536555167;155 749 934;Z01;3;10;0;2;1;1;1
536555168;155 749 935;A01;1;10;0;0;3;15;1
536555168;155 749 938;B01;1;7;0;0;2;17;2
536555169;155 749 931;A01;2;7;0;1;2;15;1
536555170;155 749 928;A01;1;7;0;2;3;0;1
536555170;155 749 929;B01;2;7;0;0;3;1;1
536555171;155 749 927;A01;2;32;4;2;4;14;1
536555171;155 749 930;B01;1;43;0;2;1;2;1
536555172;155 749 926;B01;2;30;1;0;1;25;1
536555173;155 749 925;A01;1;7;6;0;3;2;1
536555174;155 749 923;A01;1;33;0;2;1;17;1
536555174;155 749 924;B01;1;7;0;2;6;15;1
536555175;155 749 922;A01;3;2;8;0;7;10;3
536555176;155 749 920;A01;3;7;5;1;5;14;1
536555177;155 749 918;A01;1;7;2;0;2;14;1
536555178;155 749 919;B01;1;32;0;2;1;1;1
536555178;155 749 921;A01;2;7;0;2;8;15;1
536555179;155 749 916;A01;2;99;2;1;2;2;1
536555180;155 749 915;A01;2;15;13;0;3;1;1
536555180;155 749 917;B01;2;7;13;0;1;1;1
536555181;155 749 912;A01;2;7;0;2;1;17;1
536555181;155 749 914;B01;1;7;0;2;1;1;1
536555182;155 749 913;A01;1;7;2;0;0;1;1
536555183;155 749 911;A01;1;7;0;1;2;1;1
536555184;155 749 909;A01;1;1;0;0;0;1;5
536555185;155 749 910;A01;2;33;0;0;0;1;1
536555186;155 749 908;A01;3;21;0;0;0;1;1
536555187;155 749 907;A01;2;7;15;0;2;1;1
536555188;155 749 906;A01;1;33;3;0;7;1;1
536555189;155 749 904;A01;1;7;0;2;1;1;1
536555189;155 749 905;B01;1;1;0;2;4;1;5
536555190;155 749 903;A01;3;7;15;0;3;1;1
536555191;155 749 900;A01;1;7;0;2;3;13;1
536555191;155 749 902;B01;2;7;0;2;3;1;1
536555192;155 749 898;A01;2;33;14;0;1;1;1
536555193;155 749 897;C01;1;7;0;2;1;2;1
536555193;155 749 899;A01;1;7;0;2;0;1;1
536555193;155 749 901;B01;1;7;0;2;1;1;1
536555194;155 749 896;A01;3;7;2;0;2;1;2
536555195;155 749 894;A01;3;7;0;2;3;1;1
536555195;155 749 895;B01;3;7;0;2;3;1;1
536555196;155 749 893;A01;3;38;0;1;2;7;1
536555197;155 749 892;A01;2;7;13;0;0;16;1
536555198;155 749 887;A01;1;2;16;0;8;2;1
536555198;155 749 890;B01;1;7;0;2;2;2;0
536555199;155 749 886;A01;1;7;0;2;3;5;3
536555199;155 749 889;B01;2;7;0;2;2;0;1
536555200;155 749 885;A01;1;7;0;2;0;0;1
536555200;155 749 888;B01;1;13;0;2;8;2;1
536555201;155 749 884;A01;1;7;0;0;1;1;1
536555202;155 749 879;A01;1;7;0;1;1;15;1
536555203;155 749 880;A01;2;7;2;0;2;1;1
536555204;155 749 881;A01;1;7;0;2;1;1;1
536555204;155 749 883;B01;0;10;0;2;7;1;1
536555205;155 749 875;A01;1;7;0;1;1;1;1
536555206;155 749 874;A01;1;7;0;2;1;17;1
536555206;155 749 877;B01;2;7;0;2;1;1;1
536555207;155 749 873;A01;2;7;0;1;2;1;1
536555208;155 749 872;A01;1;7;0;2;4;1;1
536555208;155 749 876;B01;1;7;0;2;1;1;1
536555209;155 749 871;A01;1;33;0;5;1;1;1
536555210;155 749 869;A01;2;7;16;0;9;1;1
536555211;155 749 866;B01;1;7;0;2;1;1;1
536555211;155 749 868;A01;1;7;0;2;4;1;3
536555212;155 749 865;A01;1;7;0;2;3;19;1
536555212;155 749 870;B01;2;7;0;2;1;1;1
536555213;155 749 864;A01;2;7;0;2;1;2;1
536555213;155 749 867;B01;2;7;0;2;4;23;1
536555214;155 749 862;A01;1;7;0;2;1;2;1
536555214;155 749 863;B01;1;7;0;0;4;2;1
536555215;155 749 858;A01;1;7;0;1;3;1;1
536555216;155 749 855;A01;2;7;2;0;3;13;1
536555217;155 749 857;B01;1;7;4;2;4;13;1
536555217;155 749 860;A01;1;7;0;2;1;1;1
536555217;155 749 861;C01;1;7;0;2;6;1;1
536555218;155 749 856;B01;1;7;13;0;0;0;1
536555218;155 749 859;A01;2;7;13;0;0;1;1
536555219;155 749 852;A01;1;31;3;0;8;1;1
536555220;155 749 850;B01;3;7;0;2;6;1;1
536555220;155 749 854;A01;3;7;0;2;1;1;1
536555221;155 749 849;B01;1;7;0;2;6;1;1
536555221;155 749 851;C01;1;7;0;2;4;3;1
536555221;155 749 853;A01;1;7;0;2;1;1;1
536555222;155 749 847;B01;1;10;0;2;5;1;1
536555222;155 749 848;A01;1;33;0;2;1;21;1
536555223;155 749 841;B01;2;33;0;2;1;1;1
536555223;155 749 844;A01;2;7;0;2;4;1;1
536555224;155 749 842;B01;1;33;4;2;9;2;1
536555224;155 749 845;A01;1;7;0;2;8;13;1
536555225;155 749 843;B01;2;7;0;2;1;1;1
536555225;155 749 846;A01;1;7;0;2;1;15;1
536555226;155 749 840;A01;2;7;4;0;3;1;1
536555227;155 749 834;A01;3;7;0;1;1;19;0
536555228;155 749 835;A01;1;99;13;0;7;14;1
536555229;155 749 833;A01;1;10;0;2;3;2;1
536555229;155 749 837;B01;1;7;0;2;5;2;2
536555229;155 749 839;C01;1;7;0;2;6;2;1
536555230;155 749 831;A01;1;7;0;2;2;2;1
536555230;155 749 836;B01;1;7;0;2;1;2;1
536555230;155 749 838;C01;1;7;0;2;5;0;1
536555231;155 749 830;A01;1;17;0;2;6;2;1
536555231;155 749 832;B01;1;7;0;2;1;2;1
536555232;155 749 826;B01;1;1;0;5;1;1;5
536555232;155 749 828;A01;1;1;0;5;1;1;5
536555233;155 749 824;B01;0;2;0;2;7;15;0
536555233;155 749 827;A01;0;7;0;2;8;15;0
536555234;155 749 822;B01;1;7;0;2;4;2;1
536555234;155 749 825;C01;1;7;0;2;4;2;1
536555234;155 749 829;A01;1;7;0;2;1;2;1
536555235;155 749 821;A01;2;7;13;0;2;14;1
536555236;155 749 820;A01;1;36;13;0;8;1;3
536555237;155 749 819;A01;2;33;0;2;1;2;1
536555237;155 749 823;B01;2;33;0;2;6;11;1
536555238;155 749 817;A01;3;7;4;0;1;0;1
536555239;155 749 818;A01;1;7;0;1;2;1;1
536555240;155 749 815;A01;1;33;0;0;0;26;1
536555241;155 749 813;A01;1;7;0;2;1;13;1
536555241;155 749 816;B01;2;10;0;2;3;1;1
536555242;155 749 811;B01;1;10;0;2;3;15;1
536555242;155 749 814;A01;1;7;0;2;1;1;1
536555243;155 749 808;A01;1;7;9;9;1;9;1
536555244;155 749 807;A01;2;7;0;2;1;1;1
536555244;155 749 809;B01;2;10;0;2;4;11;1
536555245;155 749 805;A01;1;10;0;2;1;2;1
536555245;155 749 806;B01;1;7;0;2;4;1;1
536555245;155 749 810;C01;1;7;0;2;9;1;1
536555245;155 749 812;D01;1;7;0;2;5;2;1
536555246;155 749 804;A01;3;7;0;1;6;15;1
536555247;155 749 801;A01;0;33;0;6;1;1;1
536555248;155 749 799;A01;2;2;0;2;1;2;1
536555248;155 749 802;B01;2;7;0;2;5;0;1
536555249;155 749 798;B01;2;7;6;2;6;1;1
536555249;155 749 803;A01;2;7;0;2;2;17;1
536555250;155 749 795;B01;2;30;0;2;3;1;1
536555250;155 749 797;A01;2;7;0;2;0;2;1
536555251;155 749 794;A01;3;7;6;1;1;20;0
536555252;155 749 796;B01;1;10;0;2;4;1;1
536555252;155 749 800;A01;1;7;0;2;1;1;1
536555253;155 749 793;A01;2;7;8;0;2;14;1
536555254;155 749 792;A01;3;7;0;1;1;0;1
536555255;155 749 791;A01;1;7;13;0;3;13;1
536555256;155 749 789;A01;2;7;1;0;1;2;1
536555257;155 749 788;A01;1;7;0;2;1;2;1
536555257;155 749 790;B01;1;7;0;2;4;2;1
536555258;155 749 787;A01;2;2;3;0;0;2;1
536555259;155 749 784;A01;2;7;0;2;2;1;1
536555259;155 749 786;B01;1;2;0;2;1;5;1
536555260;155 749 783;B01;2;7;0;2;1;1;1
536555260;155 749 785;A01;1;7;13;2;4;13;1
536555261;155 749 782;A01;2;10;4;0;7;1;1
536555262;155 749 781;A01;1;36;6;0;2;26;1
536555263;155 749 780;A01;2;7;0;1;2;1;1
536555264;155 749 779;A01;3;7;0;1;2;16;1
536555265;155 749 777;A01;2;7;0;0;9;1;1
536555266;155 749 775;A01;3;7;0;1;4;4;1
536555267;155 749 774;B01;1;7;0;2;3;12;1
536555267;155 749 778;A01;1;33;0;2;2;12;1
536555268;155 749 773;B01;1;21;0;2;1;1;1
536555268;155 749 776;A01;2;7;0;2;7;1;1
536555269;155 749 768;A01;1;7;0;2;1;1;1
536555269;155 749 772;B01;1;7;0;2;1;1;1
536555270;155 749 767;A01;2;7;0;2;1;8;1
536555270;155 749 771;B01;1;7;0;2;8;15;1
536555271;155 749 766;B01;1;1;0;0;4;2;5
536555271;155 749 769;A01;1;7;0;2;2;14;1
536555272;155 749 765;A01;3;7;0;0;0;15;1
536555272;155 749 770;B01;3;31;0;0;0;1;1
536555273;155 749 764;A01;3;33;0;0;7;23;1
536555274;155 749 762;A01;2;7;0;1;1;1;1
536555275;155 749 760;A01;3;7;0;1;1;1;1
536555276;155 749 758;A01;1;10;0;1;3;1;1
536555277;155 749 757;A01;3;30;0;2;1;1;1
536555277;155 749 759;B01;3;7;0;2;1;15;1
536555278;155 749 755;A01;1;2;0;2;4;18;1
536555278;155 749 756;B01;1;14;0;2;7;9;1
536555279;155 749 752;A01;2;2;0;9;0;1;1
536555280;155 749 750;B01;2;7;0;2;1;5;1
536555280;155 749 754;A01;1;33;0;2;1;13;1
536555281;155 749 751;A01;1;7;0;2;2;15;1
536555281;155 749 753;B01;2;2;0;2;1;1;1
536555282;155 749 749;A01;3;7;0;1;1;15;1
536555283;155 749 748;A01;2;7;0;1;1;1;1
536555284;155 749 746;A01;0;7;2;0;1;1;1
536555285;155 749 743;A01;1;7;0;2;7;9;1
536555285;155 749 745;B01;1;2;0;2;0;0;1
536555286;155 749 744;A01;2;7;0;0;1;1;1
536555286;155 749 747;B01;1;7;3;0;1;1;1
536555287;155 749 741;A01;2;33;13;0;2;1;1
536555288;155 749 739;B01;2;7;1;0;2;1;1
536555288;155 749 740;A01;2;7;1;0;6;24;1
536555289;155 749 738;A01;3;7;0;2;1;19;1
536555289;155 749 742;B01;3;7;0;2;8;0;1
536555290;155 749 736;A01;1;33;0;0;0;16;1
536555291;155 749 735;A01;1;7;0;2;3;26;1
536555292;155 749 734;A01;1;7;0;2;3;1;1
536555292;155 749 737;B01;2;2;0;2;1;1;1
536555293;155 749 733;A01;1;7;0;1;3;1;1
536555294;155 749 729;Z01;1;50;0;2;1;26;3
536555294;155 749 732;B01;2;31;0;2;8;1;1
536555295;155 749 730;A01;1;7;16;0;0;1;1
536555296;155 749 728;A01;1;10;0;2;2;1;1
536555296;155 749 731;B01;2;7;0;2;3;19;2
536555297;155 749 724;A01;1;30;0;2;1;26;3
536555297;155 749 727;Z01;2;7;0;2;1;26;0
536555298;155 749 725;A01;1;7;13;0;2;21;1
536555299;155 749 723;A01;2;7;0;2;1;1;1
536555299;155 749 726;B01;3;50;0;2;7;19;3
536555300;155 749 718;A01;1;7;0;2;3;16;1
536555300;155 749 722;B01;2;2;0;0;0;0;6
536555301;155 749 721;A01;2;1;0;0;9;1;5
536555302;155 749 717;B01;2;7;0;2;8;6;1
536555302;155 749 720;A01;1;7;0;2;2;19;1
536555303;155 749 719;A01;3;31;13;0;0;14;1
536555304;155 749 715;B01;1;7;0;2;5;2;1
536555304;155 749 716;A01;1;7;0;2;3;2;1
536555305;155 749 714;A01;1;7;8;0;2;1;1
536555306;155 749 712;A01;1;33;13;0;7;1;1
536555307;155 749 709;A01;0;10;0;1;2;2;1
536555308;155 749 710;B01;2;1;0;2;1;1;5
536555308;155 749 713;A01;1;7;0;2;3;15;1
536555309;155 749 708;A01;3;7;0;2;5;15;2
536555309;155 749 711;B01;3;33;0;2;1;1;1
536555310;155 749 705;A01;2;33;13;0;8;1;1
536555311;155 749 703;B01;0;2;0;2;1;1;1
536555311;155 749 706;A01;0;7;0;2;2;1;1
536555312;155 749 702;A01;1;33;0;2;3;13;1
536555312;155 749 707;B01;2;1;0;2;3;13;5
536555313;155 749 701;A01;1;7;14;0;1;1;1
536555313;155 749 704;B01;1;7;0;2;1;2;1
536555314;155 749 700;A01;0;31;6;0;1;0;0
536555315;155 749 699;A01;2;7;0;1;4;4;1
536555316;155 749 698;A01;1;7;13;0;9;0;0
536555317;155 749 697;A01;1;7;0;1;1;1;1
536555318;155 749 693;A01;3;7;0;0;7;11;1
536555318;155 749 695;B01;3;10;0;0;1;1;1
536555319;155 749 692;B01;0;10;0;2;9;1;1
536555319;155 749 696;A01;0;7;0;2;1;1;1
536555320;155 749 691;A01;2;33;0;2;1;5;1
536555320;155 749 694;B01;1;7;0;2;3;1;1
536555321;155 749 689;A01;3;7;0;2;1;10;1
536555321;155 749 690;B01;3;33;0;2;1;1;1
536555322;155 749 688;A01;3;7;0;1;2;2;1
536555323;155 749 684;A01;1;7;0;2;1;13;1
536555323;155 749 686;B01;2;7;0;2;1;23;1
536555324;155 749 683;A01;1;7;0;2;2;15;1
536555324;155 749 685;B01;2;30;0;2;1;1;1
536555325;155 749 681;A01;1;7;0;0;9;1;1
536555326;155 749 680;A01;2;7;2;0;2;1;1
536555327;155 749 679;A01;1;7;4;2;2;1;1
536555327;155 749 682;B01;1;10;0;2;2;1;1
536555328;155 749 676;A01;2;33;0;0;2;1;1
536555329;155 749 673;B01;3;33;0;2;3;1;1
536555329;155 749 674;A01;1;7;0;2;1;15;1
536555330;155 749 677;A01;2;7;0;2;2;15;1
536555330;155 749 678;B01;1;2;0;2;1;1;1
536555331;155 749 672;A01;1;7;0;2;1;1;1
536555331;155 749 675;B01;2;7;0;2;3;1;1
536555332;155 749 669;A01;3;7;0;1;1;1;1
536555333;155 749 667;A01;0;33;0;2;8;1;1
536555333;155 749 670;B01;0;7;0;2;3;15;1
536555334;155 749 666;A01;3;7;0;2;2;12;1
536555334;155 749 671;B01;3;7;0;2;6;1;1
536555335;155 749 659;B01;2;1;0;2;7;1;5
536555335;155 749 665;A01;2;7;0;2;1;9;1
536555336;155 749 661;A01;3;7;0;2;3;0;1
536555336;155 749 664;B01;3;3;0;2;1;0;1
536555337;155 749 663;A01;1;7;0;2;1;19;2
536555337;155 749 668;B01;2;33;0;2;7;1;1
536555338;155 749 660;B01;3;10;0;2;7;1;1
536555338;155 749 662;A01;3;50;0;2;5;9;3
536555339;155 749 657;A01;2;7;0;1;3;1;1
536555340;155 749 653;A01;2;7;0;2;3;13;1
536555340;155 749 656;B01;1;7;0;2;3;1;1
536555341;155 749 652;C01;2;7;0;2;6;1;2
536555341;155 749 655;A01;2;33;0;2;3;3;1
536555341;155 749 658;B01;2;10;0;2;5;1;2
536555342;155 749 651;B01;2;7;0;0;1;15;1
536555342;155 749 654;A01;1;7;0;0;1;1;1
536555343;155 749 647;B01;2;34;0;2;3;1;1
536555343;155 749 650;A01;2;7;0;2;5;12;1
536555344;155 749 646;Z01;1;7;0;2;1;2;1
536555344;155 749 649;A01;1;7;0;2;4;1;1
536555345;155 749 645;A01;1;33;0;2;4;1;1
536555345;155 749 648;B01;1;7;0;2;1;1;1
536555346;155 749 642;B01;1;10;13;2;8;1;1
536555346;155 749 644;A01;1;7;16;2;1;1;1