Num_Acc;id_vehicule;num_veh;senc;catv;obs;obsm;choc;manv;motor
536555637;155 749 115;A01;2;7;0;2;2;15;1
536555637;155 749 116;B01;1;2;0;2;1;1;1
536555638;155 749 114;A01;1;7;0;1;1;1;2
536555639;155 749 112;A01;2;7;0;2;4;1;1
536555639;155 749 113;B01;2;2;0;2;1;2;1
536555640;155 749 111;A01;2;33;9;0;1;21;1
536555641;155 749 109;A01;1;7;0;2;7;15;1
536555641;155 749 110;B01;2;1;0;2;1;1;5
536555642;155 749 106;A01;2;33;0;2;8;13;1
536555642;155 749 108;B01;1;14;0;2;8;1;0
536555643;155 749 102;D01;1;7;0;2;3;1;1
536555643;155 749 104;C01;1;7;0;2;1;1;1
536555643;155 749 105;A01;1;7;3;2;1;13;1
536555643;155 749 107;B01;1;7;0;2;1;1;1
536555644;155 749 101;B01;1;1;0;2;8;19;5
536555644;155 749 103;A01;1;7;0;2;1;1;1
536555645;155 749 098;B01;1;1;0;2;3;26;5
536555645;155 749 100;A01;1;7;0;9;7;17;1
536555646;155 749 099;A01;1;7;0;1;3;1;1
536555647;155 749 095;B01;1;33;0;0;0;16;1
536555647;155 749 097;A01;1;7;0;0;0;16;1
536555648;155 749 093;B01;2;7;0;2;7;0;1
536555648;155 749 096;A01;2;7;0;2;1;0;1
536555649;155 749 091;A01;1;7;0;2;3;13;1
536555649;155 749 092;B01;2;13;0;2;3;1;1
536555649;155 749 094;C01;1;7;0;2;1;1;1
536555650;155 749 090;A01;3;10;0;1;4;4;0
536555651;155 749 087;A01;1;31;0;2;1;1;1
536555651;155 749 089;B01;2;7;0;2;3;1;1
536555652;155 749 086;A01;0;7;0;9;2;14;1
536555652;155 749 088;B01;3;1;0;2;8;1;5
536555653;155 749 084;A01;2;33;0;0;9;1;1
536555654;155 749 083;A01;2;10;0;2;3;2;1
536555654;155 749 085;B01;2;43;0;2;5;2;1
536555655;155 749 079;B01;3;32;0;2;1;1;1
536555655;155 749 081;A01;3;7;0;2;7;14;2
536555656;155 749 080;A01;3;1;0;2;0;1;5
536555656;155 749 082;B01;1;7;0;2;1;9;1
536555657;155 749 078;A01;0;1;14;0;1;0;5
536555658;155 749 076;A01;0;50;0;0;0;21;3
536555659;155 749 075;B01;2;15;0;0;1;1;1
536555659;155 749 077;A01;1;10;0;2;1;15;1
536555660;155 749 074;A01;2;37;0;1;1;0;2
536555661;155 749 071;A01;1;7;0;2;1;13;1
536555661;155 749 073;B01;2;7;0;2;1;1;1
536555662;155 749 070;B01;0;50;0;9;1;15;3
536555662;155 749 072;A01;3;50;0;9;1;1;3
536555663;155 749 069;A01;3;30;14;0;1;6;0
536555664;155 749 068;A01;1;33;0;0;8;26;1
536555665;155 749 065;B01;1;50;0;2;1;2;3
536555665;155 749 067;A01;1;7;0;2;7;4;1
536555666;155 749 064;A01;1;7;0;9;8;15;1
536555666;155 749 066;B01;1;1;0;2;7;1;5
536555667;155 749 062;A01;2;7;9;0;9;17;1
536555668;155 749 061;A01;1;7;14;2;1;1;1
536555668;155 749 063;B01;1;7;0;2;8;0;1
536555669;155 749 058;A01;1;50;0;2;1;13;3
536555669;155 749 060;B01;2;7;0;2;2;23;1
536555670;155 749 057;A01;2;7;0;0;1;15;1
536555670;155 749 059;B01;2;1;0;0;1;1;5
536555671;155 749 055;B01;1;1;0;2;3;1;5
536555671;155 749 056;Z01;1;10;0;2;2;12;0
536555672;155 749 054;A01;1;33;0;0;1;1;1
536555673;155 749 051;A01;2;43;0;2;0;1;1
536555673;155 749 053;B01;2;80;0;2;0;1;3
536555674;155 749 050;B01;2;7;0;2;1;1;1
536555674;155 749 052;A01;1;7;0;2;1;13;1
536555675;155 749 048;A01;1;33;0;0;1;1;1
536555676;155 749 047;A01;1;33;0;2;1;1;1
536555676;155 749 049;B01;1;7;0;2;2;16;1
536555677;155 749 045;A01;2;7;0;2;1;13;1
536555677;155 749 046;B01;1;7;0;2;1;1;1
536555678;155 749 044;A01;1;7;0;1;2;16;1
536555679;155 749 041;B01;1;7;0;0;7;15;1
536555679;155 749 043;A01;1;32;0;2;1;1;1
536555680;155 749 040;A01;1;7;0;2;1;1;1
536555680;155 749 042;B01;1;1;0;2;5;19;5
536555681;155 749 039;A01;0;2;14;0;0;1;1
536555682;155 749 038;A01;2;36;1;0;1;1;1
536555683;155 749 036;A01;2;7;0;2;1;0;1
536555683;155 749 037;B01;1;7;0;2;1;0;1
536555684;155 749 034;B01;2;1;0;2;9;1;5
536555684;155 749 035;A01;1;7;0;2;3;1;1
536555685;155 749 033;A01;1;33;0;6;0;1;1
536555686;155 749 032;A01;2;7;0;0;0;0;1
536555687;155 749 030;A01;1;7;0;2;3;5;1
536555687;155 749 031;B01;1;7;0;2;3;2;1
536555688;155 749 029;A01;2;33;12;0;1;1;1
536555689;155 749 028;A01;1;33;0;0;8;1;1
536555690;155 749 026;B01;1;31;0;2;7;0;1
536555690;155 749 027;A01;1;7;13;2;6;2;1
536555691;155 749 025;A01;2;7;2;0;1;0;1
536555692;155 749 022;A01;1;7;0;2;3;15;1
536555692;155 749 023;B01;2;1;0;2;3;1;5
536555692;155 749 024;C01;2;7;0;2;1;1;1
536555693;155 749 020;A01;1;7;7;0;2;0;1
536555694;155 749 019;A01;1;2;0;2;1;26;1
536555694;155 749 021;B01;2;7;0;2;7;19;1
536555695;155 749 016;B01;0;20;0;2;1;1;0
536555695;155 749 018;A01;0;7;0;9;2;1;1
536555696;155 749 015;A01;3;7;0;2;1;9;1
536555696;155 749 017;B01;0;50;0;2;7;1;3
536555697;155 749 012;A01;1;7;9;2;3;9;1
536555697;155 749 014;B01;1;7;9;2;1;1;1
536555698;155 749 011;Z01;2;7;0;2;2;12;0
536555698;155 749 013;A01;2;33;0;2;1;1;1
536555699;155 749 009;A01;1;7;0;2;3;15;1
536555699;155 749 010;B01;2;7;0;2;2;1;1
536555700;155 749 008;A01;2;10;4;0;1;1;1
536555701;155 749 007;A01;3;7;0;1;3;1;1
536555702;155 749 003;A01;3;10;0;0;2;15;1
536555702;155 749 005;B01;1;2;0;0;5;1;1
536555703;155 749 000;A01;2;33;0;6;1;1;1
536555704;155 749 001;B01;1;10;0;2;4;2;1
536555704;155 749 002;C01;1;10;0;2;1;2;1
536555704;155 749 004;D01;1;7;0;2;4;0;1
536555704;155 749 006;A01;1;10;0;2;1;2;1
536555705;155 748 997;A01;1;7;3;0;1;21;1
536555706;155 748 998;A01;1;7;0;0;5;15;1
536555706;155 748 999;B01;2;1;0;0;4;1;5
536555707;155 748 994;B01;2;7;0;2;4;2;1
536555707;155 748 996;A01;1;33;0;2;1;2;1
536555708;155 748 992;A01;2;33;0;2;1;17;1
536555708;155 748 993;B01;2;15;0;2;8;26;1
536555708;155 748 995;C01;1;7;0;2;1;1;1
536555709;155 748 989;B01;1;10;0;2;4;2;1
536555709;155 748 991;A01;1;7;0;2;1;2;1
536555710;155 748 990;A01;2;10;0;1;7;1;1
536555711;155 748 984;A01;2;7;0;9;8;15;1
536555711;155 748 987;B01;1;1;0;2;1;1;5
536555712;155 748 985;A01;1;14;6;2;1;21;1
536555712;155 748 986;B01;1;14;0;2;6;2;1
536555712;155 748 988;C01;1;17;0;2;4;1;1
536555713;155 748 981;A01;1;33;0;0;1;21;1
536555713;155 748 983;B01;3;7;0;0;3;19;1
536555714;155 748 980;A01;2;10;0;2;2;11;1
536555714;155 748 982;B01;2;7;0;2;6;1;2
536555715;155 748 979;A01;1;7;2;0;7;1;1
536555716;155 748 978;A01;2;31;4;0;3;1;3
536555717;155 748 976;A01;2;7;0;2;1;1;1
536555717;155 748 977;B01;1;10;6;2;1;1;1
536555718;155 748 974;A01;1;33;0;2;1;3;1
536555718;155 748 975;B01;1;7;0;2;2;12;1
536555719;155 748 973;A01;1;2;8;0;1;1;1
536555720;155 748 970;A01;1;7;6;0;1;1;1
536555721;155 748 969;B01;2;7;0;2;4;2;1
536555721;155 748 971;C01;2;7;0;2;1;2;1
536555721;155 748 972;A01;2;7;0;2;4;2;1
536555722;155 748 964;A01;1;7;3;0;2;14;1
536555723;155 748 965;C01;1;7;0;9;0;2;1
536555723;155 748 966;A01;1;7;0;9;8;21;1
536555723;155 748 967;B01;1;7;0;9;2;21;1
536555724;155 748 962;B01;1;31;0;2;1;17;1
536555724;155 748 963;A01;1;10;0;2;6;11;1
536555725;155 748 961;A01;1;7;13;0;2;1;0
536555726;155 748 960;A01;1;33;13;0;1;0;1
536555727;155 748 959;A01;2;30;0;1;1;19;1
536555728;155 748 958;A01;2;7;2;0;1;11;1
536555729;155 748 957;A01;0;7;4;0;0;1;1
536555730;155 748 955;A01;2;14;9;2;1;6;1
536555730;155 748 956;B01;1;17;0;2;1;1;1
536555731;155 748 953;A01;1;33;0;2;1;2;1
536555731;155 748 954;B01;1;7;0;0;4;2;3
536555732;155 748 951;B01;2;7;0;2;7;1;1
536555732;155 748 952;A01;1;7;0;2;1;15;1
536555733;155 748 949;A01;3;7;0;2;3;15;1
536555733;155 748 950;B01;3;2;0;2;7;17;1
536555734;155 748 948;A01;1;7;16;0;0;0;1
536555735;155 748 947;A01;0;10;9;1;1;16;1
536555736;155 748 944;A01;1;7;0;2;4;1;3
536555736;155 748 945;B01;1;7;0;2;2;1;1
536555736;155 748 946;C01;1;10;0;2;1;2;1
536555737;155 748 941;A01;1;7;0;2;3;2;1
536555737;155 748 942;C01;1;7;3;0;5;1;1
536555737;155 748 943;B01;1;7;0;2;3;1;1
536555738;155 748 938;A01;2;14;1;2;6;1;1
536555738;155 748 939;B01;2;99;1;0;3;1;1
536555738;155 748 940;C01;2;7;1;0;6;26;1
536555739;155 748 936;B01;1;10;0;0;0;1;1
536555739;155 748 937;A01;1;7;4;0;1;1;1
536555740;155 748 933;C01;2;7;0;2;4;1;1
536555740;155 748 934;A01;2;7;0;2;1;1;1
536555740;155 748 935;B01;2;7;0;2;4;1;1
536555741;155 748 930;A01;1;7;0;2;1;1;1
536555741;155 748 931;B01;1;10;0;2;4;1;1
536555741;155 748 932;C01;1;7;0;2;4;1;1
536555742;155 748 928;A01;1;33;0;2;1;3;1
536555742;155 748 929;B01;1;7;0;2;6;11;1
536555743;155 748 925;B01;1;7;0;2;4;2;1
536555743;155 748 926;C01;1;10;0;2;4;2;1
536555743;155 748 927;A01;1;7;0;2;1;2;2
536555744;155 748 924;A01;2;7;8;0;1;13;1
536555745;155 748 923;A01;2;10;1;1;4;4;1
536555746;155 748 921;A01;2;7;0;2;7;15;1
536555746;155 748 922;B01;2;7;0;2;1;2;1
536555747;155 748 919;A01;2;7;0;2;1;1;1
536555747;155 748 920;B01;2;7;4;0;1;0;1
536555748;155 748 917;A01;3;10;0;2;4;4;1
536555748;155 748 918;B01;3;2;0;2;2;1;1
536555749;155 748 916;A01;3;7;0;1;3;1;1
536555750;155 748 914;A01;3;7;0;9;3;16;1
536555750;155 748 915;B01;3;1;0;2;1;5;5
536555751;155 748 912;B01;2;7;0;2;1;1;1
536555751;155 748 913;A01;2;7;0;2;7;1;2
536555752;155 748 911;A01;1;7;0;1;2;1;1
536555753;155 748 910;A01;3;31;0;1;1;21;1
536555754;155 748 909;A01;1;7;1;1;4;23;1
536555755;155 748 906;B01;1;7;0;2;4;2;1
536555755;155 748 907;A01;1;10;0;2;1;2;1
536555755;155 748 908;C01;1;7;0;2;4;2;1
536555756;155 748 904;B01;2;7;0;2;3;1;3
536555756;155 748 905;A01;3;7;0;2;2;16;1
536555757;155 748 900;B01;1;7;0;2;3;1;1
536555757;155 748 901;A01;2;7;3;2;2;26;1
536555758;155 748 899;A01;0;33;12;0;1;1;1
536555759;155 748 897;B01;2;7;0;2;1;1;1
536555759;155 748 898;A01;1;3;0;2;1;13;1
536555760;155 748 895;A01;2;7;0;2;1;1;1
536555760;155 748 896;B01;2;7;0;2;4;1;1
536555761;155 748 893;A01;1;50;0;2;1;1;3
536555761;155 748 894;B01;2;7;0;2;2;15;1
536555762;155 748 891;B01;1;33;0;2;1;1;1
536555762;155 748 892;A01;2;7;0;2;1;15;1
536555763;155 748 889;A01;1;7;0;2;1;1;1
536555763;155 748 890;B01;2;7;0;2;1;13;1
536555764;155 748 888;A01;1;7;0;1;2;1;1
536555765;155 748 887;A01;1;30;0;0;0;1;1
536555766;155 748 885;A01;1;7;0;2;2;2;1
536555766;155 748 886;B01;1;1;0;2;1;1;5
536555767;155 748 884;A01;2;7;0;1;0;0;1
536555768;155 748 883;A01;3;7;0;1;3;15;1
536555769;155 748 880;C01;3;7;0;2;6;1;1
536555769;155 748 881;B01;3;7;0;2;7;1;1
536555769;155 748 882;A01;3;7;8;2;1;8;1
536555770;155 748 878;A01;1;7;0;2;1;13;1
536555770;155 748 879;B01;2;7;0;2;1;1;1
536555771;155 748 876;A01;2;7;0;2;3;26;1
536555771;155 748 877;B01;1;7;0;2;1;1;1
536555772;155 748 874;A01;2;33;0;2;2;16;1
536555772;155 748 875;B01;2;7;0;2;6;1;1
536555773;155 748 872;A01;3;7;0;2;1;1;1
536555773;155 748 873;B01;3;1;0;2;4;1;5
536555774;155 748 870;A01;0;80;0;2;8;15;3
536555774;155 748 871;B01;1;2;0;2;7;17;1
536555775;155 748 868;B01;1;34;0;2;1;1;1
536555775;155 748 869;A01;2;7;0;2;3;13;1
536555776;155 748 866;B01;1;7;0;2;6;1;1
536555776;155 748 867;A01;2;7;0;2;3;19;1
536555777;155 748 864;A01;1;7;0;2;1;0;1
536555777;155 748 865;B01;1;7;0;2;4;0;1
536555778;155 748 863;A01;0;10;0;1;1;1;1
536555779;155 748 862;A01;1;7;1;0;2;14;1
536555780;155 748 860;B01;1;7;0;2;8;1;3
536555780;155 748 861;A01;1;34;0;2;1;1;1
536555781;155 748 858;B01;2;7;0;2;1;0;1
536555781;155 748 859;A01;1;7;0;2;1;13;1
536555782;155 748 856;A01;0;7;0;2;1;15;1
536555782;155 748 857;B01;1;7;0;2;2;1;1
536555783;155 748 854;B01;2;15;0;2;1;1;1
536555783;155 748 855;A01;2;10;0;2;3;15;1
536555784;155 748 852;A01;1;50;0;2;1;1;3
536555784;155 748 853;B01;1;7;0;9;7;16;1
536555785;155 748 851;A01;1;7;6;0;1;15;1
536555786;155 748 850;A01;3;7;0;2;1;0;0
536555787;155 748 849;A01;3;7;2;0;1;13;1
536555788;155 748 845;A01;1;7;0;2;2;1;1
536555788;155 748 846;B01;1;10;0;2;3;1;1
536555789;155 748 843;A01;0;10;0;2;1;13;1
536555789;155 748 844;B01;0;7;0;2;3;1;1
536555790;155 748 841;A01;2;31;0;2;4;12;1
536555790;155 748 842;B01;2;7;0;2;1;2;1
536555791;155 748 840;A01;2;7;0;1;1;1;1
536555792;155 748 838;Z01;2;7;0;2;2;12;0
536555792;155 748 839;A01;2;7;0;2;3;1;1
536555793;155 748 836;A01;0;80;0;2;1;1;3
536555793;155 748 837;B01;0;1;0;2;1;1;5
536555794;155 748 835;A01;2;33;0;1;1;17;1
536555795;155 748 834;A01;2;7;2;0;1;13;1
536555796;155 748 832;Y01;3;50;0;2;3;25;3
536555796;155 748 833;A01;3;32;0;2;2;26;1
536555797;155 748 831;A01;3;7;0;1;1;26;3
536555798;155 748 829;A01;3;7;0;2;3;15;1
536555798;155 748 830;B01;3;2;0;2;8;1;3
536555799;155 748 827;Z01;2;1;0;1;1;1;5
536555800;155 748 826;B01;2;50;0;2;2;2;3
536555800;155 748 828;A01;2;7;0;9;8;11;0
536555801;155 748 824;A01;2;7;0;1;2;1;2
536555802;155 748 823;A01;3;7;0;1;2;2;3
536555803;155 748 821;Z01;2;50;0;1;1;1;3
536555804;155 748 820;B01;1;32;14;2;3;13;6
536555804;155 748 822;A01;1;37;0;9;3;15;6
536555805;155 748 818;B01;3;7;0;2;1;0;1
536555805;155 748 819;A01;3;7;0;2;2;16;3
536555806;155 748 816;A01;2;10;0;2;7;19;1
536555806;155 748 817;B01;2;33;0;2;1;1;1
536555807;155 748 813;A01;2;7;14;2;4;1;1
536555807;155 748 814;B01;2;7;0;2;1;2;1
536555807;155 748 815;C01;2;7;0;2;1;2;1
536555808;155 748 811;A01;3;7;8;0;3;1;1
536555809;155 748 810;A01;1;33;0;2;1;2;1
536555809;155 748 812;B01;1;7;0;2;5;2;1
536555810;155 748 808;A01;3;1;0;2;8;9;5
536555810;155 748 809;B01;3;2;0;2;1;2;0
536555811;155 748 807;A01;3;99;15;0;8;26;0
536555812;155 748 803;C01;1;13;0;2;1;1;1
536555812;155 748 805;A01;1;31;0;2;4;1;1
536555812;155 748 806;B01;1;7;0;2;4;1;2
536555813;155 748 804;A01;2;2;0;1;1;0;1
536555814;155 748 801;B01;1;33;0;2;1;1;1
536555814;155 748 802;A01;2;7;0;2;2;15;1
536555815;155 748 797;B01;1;31;0;2;2;21;1
536555815;155 748 799;A01;1;7;0;2;3;22;1
536555816;155 748 798;A01;1;7;0;2;0;0;1
536555816;155 748 800;B01;1;7;0;2;1;14;1
536555817;155 748 794;B01;3;7;0;2;3;15;1
536555817;155 748 796;A01;1;33;0;2;2;17;1
536555818;155 748 792;Z01;3;0;0;2;2;1;0
536555818;155 748 795;A01;3;50;0;2;1;1;3
536555819;155 748 791;A01;3;1;0;2;1;1;5
536555819;155 748 793;B01;3;7;0;2;8;1;1
536555820;155 748 789;A01;2;7;0;2;3;13;1
536555820;155 748 790;B01;2;34;0;2;2;17;1
536555821;155 748 787;A01;1;2;0;2;7;21;1
536555821;155 748 788;B01;2;7;0;2;3;19;1
536555822;155 748 785;A01;3;50;0;2;1;19;3
536555822;155 748 786;B01;2;0;0;2;1;1;0
536555823;155 748 784;A01;2;7;0;1;2;19;1
536555824;155 748 783;A01;3;1;0;0;1;1;5
536555825;155 748 781;A01;1;7;3;0;1;26;1
536555826;155 748 780;B01;2;1;0;2;1;1;5
536555826;155 748 782;A01;1;10;0;9;1;1;1
536555827;155 748 777;B01;1;7;0;0;0;1;1
536555827;155 748 779;A01;2;31;0;0;2;17;1
536555828;155 748 778;A01;2;33;15;0;2;14;1
536555829;155 748 776;A01;2;7;6;0;1;5;1
536555830;155 748 773;A01;1;33;0;2;1;13;1
536555830;155 748 774;B01;2;7;0;9;8;13;1
536555831;155 748 771;C01;3;7;0;2;8;23;1
536555831;155 748 772;B01;3;7;0;2;1;1;1
536555831;155 748 775;A01;1;7;0;2;3;13;3
536555832;155 748 769;B01;2;15;0;2;8;1;1
536555832;155 748 770;A01;1;7;0;2;3;13;1
536555833;155 748 766;A01;2;7;0;0;6;23;1
536555833;155 748 768;B01;2;17;0;2;2;21;1
536555834;155 748 765;A01;0;7;6;0;3;1;1
536555835;155 748 764;A01;2;7;12;2;5;15;1
536555835;155 748 767;B01;2;33;12;2;3;1;1
536555836;155 748 762;B01;0;1;0;2;0;0;5
536555836;155 748 763;A01;2;7;0;0;0;15;1
536555837;155 748 761;A01;1;7;14;0;2;1;0
536555838;155 748 759;A01;2;7;0;2;8;11;1
536555838;155 748 760;B01;1;7;16;0;8;1;1
536555839;155 748 756;A01;3;36;0;0;9;26;1
536555840;155 748 757;A01;1;7;0;9;3;15;1
536555840;155 748 758;B01;1;31;0;2;1;1;1
536555841;155 748 755;A01;2;7;2;0;1;0;1
536555842;155 748 753;B01;1;10;0;2;0;0;1
536555842;155 748 754;A01;1;32;1;0;1;0;1
536555843;155 748 752;A01;1;7;2;0;1;19;2
536555844;155 748 751;A01;3;7;0;0;0;2;1
536555845;155 748 749;A01;2;7;10;0;1;6;1
536555846;155 748 750;A01;2;7;0;1;1;1;1
536555847;155 748 747;A01;2;33;0;2;1;1;1
536555847;155 748 748;B01;2;7;0;2;3;15;1
536555848;155 748 745;B01;1;33;0;2;3;1;1
536555848;155 748 746;A01;1;7;0;2;2;0;1
536555849;155 748 743;A01;2;10;0;2;3;9;1
536555849;155 748 744;B01;1;13;0;2;1;1;1
536555850;155 748 742;A01;1;7;2;0;1;14;1
536555851;155 748 741;A01;3;7;1;0;2;1;1
536555852;155 748 739;A01;2;2;1;0;1;0;1
536555852;155 748 740;B01;2;7;0;0;6;23;1
536555853;155 748 736;A01;2;7;0;2;2;11;1
536555853;155 748 737;B01;1;7;0;2;3;1;2
536555854;155 748 733;A01;1;7;10;0;2;14;1
536555855;155 748 734;A01;3;7;0;2;1;15;1
536555855;155 748 735;B01;3;33;0;2;1;1;1
536555856;155 748 731;A01;1;7;0;2;2;15;1
536555856;155 748 732;B01;1;32;0;0;4;15;1
536555857;155 748 730;A01;3;1;0;0;0;23;5
536555858;155 748 729;A01;1;7;15;0;1;13;1
536555859;155 748 727;A01;2;10;2;2;8;14;1
536555859;155 748 728;B01;1;10;0;2;8;13;1
536555860;155 748 725;A01;1;7;8;1;1;15;1
536555861;155 748 723;A01;2;7;0;2;1;1;1
536555861;155 748 724;B01;2;10;0;0;4;15;1
536555862;155 748 718;B01;1;7;0;0;8;15;1
536555862;155 748 720;A01;1;33;0;2;1;1;1
536555863;155 748 715;A01;1;10;0;9;1;1;1
536555863;155 748 716;B01;1;1;0;2;8;9;5
536555864;155 748 714;A01;1;43;14;0;0;0;1
536555865;155 748 711;A01;1;33;0;2;2;2;1
536555865;155 748 713;B01;1;7;0;2;8;2;0
536555866;155 748 710;A01;3;50;0;2;1;1;3
536555866;155 748 712;B01;3;10;0;2;2;16;0
536555867;155 748 707;A01;2;7;0;1;1;1;1
536555868;155 748 705;C01;1;33;0;2;1;1;1
536555868;155 748 706;A01;2;7;0;2;4;13;1
536555868;155 748 708;B01;1;33;0;2;1;1;1
536555868;155 748 709;D01;1;33;0;2;1;1;1
536555869;155 748 703;B01;1;7;0;2;7;9;1
536555869;155 748 704;A01;1;2;0;2;1;17;1
536555870;155 748 701;A01;2;7;0;2;3;1;1
536555870;155 748 702;B01;1;7;0;2;1;1;1
536555871;155 748 700;A01;2;7;0;1;1;17;1
536555872;155 748 699;A01;1;7;8;0;2;1;1
536555873;155 748 697;A01;1;7;13;0;2;2;1
536555874;155 748 696;B01;1;7;0;2;4;1;1
536555874;155 748 698;A01;1;7;0;2;1;2;2
536555875;155 748 694;A01;2;7;0;2;3;13;1
536555875;155 748 695;B01;1;7;0;2;3;0;1
536555876;155 748 692;B01;2;30;0;2;1;1;1
536555876;155 748 693;A01;1;7;0;2;1;15;1
536555877;155 748 690;A01;3;2;0;2;1;13;1
536555877;155 748 691;B01;3;21;0;2;3;23;1
536555878;155 748 689;A01;3;7;0;1;4;4;1
536555879;155 748 687;B01;3;14;0;2;3;1;1
536555879;155 748 688;A01;3;10;0;2;8;13;1
536555880;155 748 684;A01;1;7;0;2;3;19;1
536555880;155 748 686;B01;1;7;0;2;2;1;1
536555881;155 748 683;A01;2;7;0;2;2;12;1
536555881;155 748 685;B01;2;7;3;2;6;1;2
536555882;155 748 681;A01;3;7;0;2;5;15;1
536555882;155 748 682;B01;3;7;0;2;2;1;1
536555883;155 748 679;A01;1;10;3;0;6;1;1
536555883;155 748 680;B01;1;7;3;0;2;0;2
536555884;155 748 677;B01;1;7;0;2;6;26;1
536555884;155 748 678;A01;1;10;0;2;1;1;1
536555885;155 748 676;A01;1;10;13;0;1;1;1
536555886;155 748 674;A01;1;7;0;2;5;13;3
536555886;155 748 675;B01;1;10;0;2;8;1;1
536555887;155 748 671;A01;1;1;0;2;0;19;5
536555887;155 748 672;B01;1;33;0;2;8;1;1
536555888;155 748 670;A01;1;7;4;2;3;11;1
536555888;155 748 673;B01;1;7;0;2;5;12;1
536555889;155 748 668;A01;1;7;0;1;1;1;1
536555890;155 748 667;A01;2;33;0;2;1;3;1
536555890;155 748 669;B01;2;7;0;2;8;13;1
536555891;155 748 665;A01;1;7;0;2;1;1;1
536555891;155 748 666;B01;1;7;0;9;4;15;1
536555892;155 748 663;A01;2;10;0;2;1;13;1
536555892;155 748 664;B01;2;10;0;2;1;1;1
536555893;155 748 661;A01;3;2;0;2;1;1;3
536555893;155 748 662;B01;3;1;0;2;1;1;5
536555894;155 748 658;A01;1;2;8;0;1;1;1
536555895;155 748 659;A01;3;34;0;2;1;1;1
536555895;155 748 660;B01;3;7;0;0;7;15;3
536555896;155 748 656;B01;2;7;0;2;3;21;1
536555896;155 748 657;A01;2;33;0;2;2;17;1
536555897;155 748 652;A01;1;2;0;0;0;26;3
536555898;155 748 653;A01;1;34;12;2;7;3;1
536555898;155 748 654;B01;1;7;0;2;8;2;2
536555898;155 748 655;C01;2;10;0;2;1;2;1
536555899;155 748 651;A01;3;7;0;1;4;20;1
536555900;155 748 650;A01;3;7;0;1;2;5;1
536555901;155 748 648;A01;1;1;0;0;0;1;5
536555902;155 748 647;B01;3;7;0;2;5;1;2
536555902;155 748 649;A01;3;50;0;2;1;26;3
536555903;155 748 646;A01;3;43;13;0;0;14;1
536555904;155 748 641;C01;2;7;0;2;4;23;1
536555904;155 748 642;A01;2;10;0;2;1;2;1
536555904;155 748 644;D01;2;7;0;2;4;23;1
536555904;155 748 645;B01;2;7;0;2;4;23;1
536555905;155 748 640;B01;0;33;0;2;1;26;1
536555905;155 748 643;A01;0;7;0;2;3;9;1
536555906;155 748 638;A01;1;7;16;9;1;1;1
536555907;155 748 636;A01;1;13;0;2;1;1;1
536555907;155 748 637;B01;1;7;0;2;4;1;1
536555907;155 748 639;C01;1;7;0;2;4;1;1
536555908;155 748 635;A01;0;35;1;0;1;0;1
536555909;155 748 633;A01;0;7;0;2;8;21;1
536555909;155 748 634;B01;0;7;0;2;7;1;1
536555910;155 748 630;A01;1;10;0;1;2;1;1
536555911;155 748 631;A01;1;7;0;2;3;7;1
536555911;155 748 632;B01;1;33;0;2;7;7;1
536555912;155 748 629;A01;3;7;0;1;2;1;1
536555913;155 748 627;A01;2;7;0;2;4;1;3
536555913;155 748 628;B01;2;7;0;2;1;1;1
536555914;155 748 626;A01;2;7;1;0;3;13;1
536555915;155 748 624;A01;2;7;0;2;2;5;1
536555915;155 748 625;B01;1;7;0;2;2;1;1
536555916;155 748 622;B01;2;7;0;2;8;0;1
536555916;155 748 623;A01;2;33;0;2;2;17;1
536555917;155 748 620;A01;1;14;0;2;1;12;1
536555917;155 748 621;B01;1;7;0;2;4;1;1
536555918;155 748 618;A01;1;7;0;2;1;1;1
536555918;155 748 619;B01;2;7;0;2;1;9;1
536555919;155 748 617;A01;1;7;4;0;3;0;1
536555920;155 748 615;A01;3;30;0;4;1;1;1
536555920;155 748 616;B01;3;39;0;2;7;1;0
536555921;155 748 613;A01;3;1;0;2;1;1;5
536555921;155 748 614;B01;1;7;3;2;1;1;1
536555922;155 748 611;B01;2;10;0;2;7;15;1
536555922;155 748 612;A01;1;2;0;2;1;1;1
536555923;155 748 608;B01;2;7;0;2;6;1;2
536555923;155 748 609;C01;2;7;0;9;4;1;1
536555923;155 748 610;A01;2;7;0;2;3;1;1
536555924;155 748 605;C01;1;7;0;2;8;1;1
536555924;155 748 606;A01;1;33;0;2;3;3;1
536555924;155 748 607;B01;1;10;0;2;7;12;1
536555925;155 748 604;A01;3;33;0;1;2;1;3
536555926;155 748 602;B01;2;30;0;2;1;1;1
536555926;155 748 603;A01;1;14;0;2;3;1;1
536555927;155 748 600;B01;2;1;0;2;6;1;5
536555927;155 748 601;A01;2;7;0;2;6;23;2
536555928;155 748 598;A01;3;7;0;2;1;1;1
536555928;155 748 599;Z01;3;7;0;2;1;15;1
536555929;155 748 596;A01;1;7;0;2;2;15;2
536555929;155 748 597;B01;2;50;0;2;1;1;3
536555930;155 748 594;B01;2;60;0;2;1;1;5
536555930;155 748 595;A01;2;7;0;2;2;12;1
536555931;155 748 593;A01;1;33;0;1;2;21;1
536555932;155 748 591;B01;3;1;0;2;2;1;5
536555932;155 748 592;A01;3;1;0;2;1;5;5
536555933;155 748 589;A01;1;7;0;2;2;1;2
536555933;155 748 590;B01;1;1;0;2;4;1;5