Num_Acc;id_vehicule;num_veh;senc;catv;obs;obsm;choc;manv;motor
536556555;155 747 515;A01;1;7;2;0;2;14;1
536556556;155 747 513;B01;1;7;0;2;4;1;1
536556556;155 747 514;A01;1;30;0;2;1;2;1
536556557;155 747 512;A01;1;7;0;1;3;19;1
536556558;155 747 511;A01;1;1;0;0;1;2;5
536556559;155 747 510;A01;1;7;0;1;1;15;1
536556560;155 747 508;A01;1;7;4;0;0;0;1
536556561;155 747 507;A01;1;7;0;2;1;1;1
536556561;155 747 509;B01;1;10;0;2;5;1;1
536556562;155 747 506;A01;0;7;13;0;1;0;1
536556563;155 747 505;A01;1;37;0;0;0;1;1
536556564;155 747 502;B01;2;7;0;2;3;13;1
536556564;155 747 504;A01;1;7;0;2;3;1;1
536556565;155 747 501;B01;1;1;0;2;0;0;5
536556565;155 747 503;A01;1;7;0;2;0;0;1
536556566;155 747 497;B01;1;80;0;2;1;1;3
536556566;155 747 499;A01;1;7;0;2;7;16;1
536556567;155 747 498;B01;1;2;0;0;4;16;1
536556567;155 747 500;A01;1;7;0;2;2;1;1
536556568;155 747 496;A01;2;33;9;0;7;1;1
536556569;155 747 495;A01;1;10;0;1;1;1;1
536556570;155 747 492;A01;1;7;0;2;8;19;1
536556570;155 747 494;B01;2;2;0;2;1;1;1
536556571;155 747 493;A01;2;33;0;2;8;3;1
536556572;155 747 490;A01;2;7;1;0;2;14;2
536556573;155 747 488;A01;2;99;0;2;2;17;1
536556573;155 747 491;B01;2;15;0;2;6;1;1
536556574;155 747 487;B01;2;7;0;2;8;1;1
536556574;155 747 489;A01;2;7;0;2;2;14;1
536556575;155 747 484;A01;3;10;17;0;2;14;1
536556576;155 747 481;A01;1;33;0;0;8;1;1
536556577;155 747 480;B01;1;34;0;2;1;0;1
536556577;155 747 482;A01;1;7;0;2;3;9;1
536556578;155 747 477;A01;1;7;0;2;1;2;1
536556578;155 747 478;B01;1;3;0;2;4;2;1
536556579;155 747 479;A01;0;7;0;1;3;1;1
536556580;155 747 476;A01;1;7;0;1;1;0;1
536556581;155 747 474;A01;1;7;0;2;4;1;1
536556581;155 747 475;B01;1;7;0;2;1;2;1
536556582;155 747 473;A01;1;7;4;0;1;1;1
536556583;155 747 467;A01;3;7;0;2;1;26;1
536556583;155 747 468;B01;3;1;0;2;7;1;5
536556584;155 747 466;A01;3;7;0;1;3;1;1
536556585;155 747 464;A01;2;7;0;2;3;19;1
536556585;155 747 465;B01;2;7;0;2;1;1;1
536556586;155 747 462;B01;0;33;0;2;7;26;1
536556586;155 747 463;A01;1;7;0;2;1;1;1
536556587;155 747 461;A01;2;38;8;0;7;1;1
536556588;155 747 460;A01;1;7;0;1;1;1;0
536556589;155 747 459;A01;1;7;2;0;3;13;1
536556590;155 747 457;A01;2;7;0;2;1;26;1
536556590;155 747 458;B01;2;7;0;2;4;0;1
536556591;155 747 455;A01;3;7;0;2;3;15;1
536556591;155 747 456;B01;3;1;0;2;8;18;5
536556592;155 747 453;A01;3;33;5;0;9;1;1
536556592;155 747 454;B01;3;33;5;0;0;21;1
536556593;155 747 452;A01;1;7;0;1;1;1;1
536556594;155 747 451;A01;3;0;0;1;6;4;0
536556595;155 747 450;A01;2;33;0;6;1;1;1
536556596;155 747 448;A01;1;7;0;2;1;2;1
536556596;155 747 449;B01;1;32;0;2;4;2;1
536556597;155 747 446;A01;1;7;0;2;1;13;1
536556597;155 747 447;B01;2;7;0;2;1;1;1
536556598;155 747 444;A01;3;7;0;1;1;1;2
536556599;155 747 441;A01;2;7;0;2;3;13;1
536556599;155 747 442;B01;1;7;0;2;3;1;1
536556600;155 747 443;A01;3;7;0;2;3;1;1
536556600;155 747 445;B01;3;7;0;2;3;15;1
536556601;155 747 438;A01;1;7;0;2;1;17;2
536556601;155 747 440;B01;2;7;0;2;1;1;1
536556602;155 747 437;A01;2;7;0;2;0;0;1
536556602;155 747 439;B01;3;30;0;2;0;0;1
536556603;155 747 436;A01;3;33;0;0;8;1;1
536556604;155 747 434;A01;3;7;0;2;1;15;1
536556604;155 747 435;B01;3;31;0;2;1;1;1
536556605;155 747 433;A01;1;7;15;0;0;1;1
536556606;155 747 431;A01;3;37;0;1;7;9;1
536556607;155 747 430;A01;0;2;0;2;3;0;1
536556607;155 747 432;B01;2;15;0;0;5;1;1
536556608;155 747 429;A01;1;7;0;1;2;1;1
536556609;155 747 428;A01;1;33;0;0;0;1;1
536556610;155 747 426;A01;1;99;0;1;2;20;1
536556611;155 747 424;A01;0;7;1;0;3;0;1
536556611;155 747 425;B01;0;7;0;2;3;24;2
536556612;155 747 423;A01;1;7;3;0;2;2;1
536556613;155 747 422;A01;2;99;13;0;1;0;1
536556614;155 747 421;A01;1;33;0;0;0;21;1
536556615;155 747 419;A01;2;33;0;2;1;1;1
536556615;155 747 420;B01;1;7;0;2;3;1;1
536556616;155 747 418;A01;1;7;3;0;1;1;1
536556617;155 747 416;A01;1;7;0;2;3;9;2
536556617;155 747 417;B01;1;33;0;2;1;26;1
536556618;155 747 415;A01;2;7;1;2;2;1;1
536556619;155 747 414;A01;1;7;0;1;2;1;1
536556620;155 747 413;A01;1;7;0;1;1;1;1
536556621;155 747 411;A01;0;10;0;9;0;0;1
536556621;155 747 412;B01;0;50;0;2;0;1;3
536556622;155 747 407;A01;2;14;0;2;1;13;1
536556622;155 747 408;B01;2;15;0;2;6;2;1
536556623;155 747 404;A01;2;7;0;2;1;2;1
536556623;155 747 405;B01;2;7;0;2;4;2;1
536556623;155 747 406;C01;2;7;0;0;0;0;1
536556624;155 747 399;B01;2;7;0;2;9;0;1
536556624;155 747 400;A01;2;37;0;2;0;0;0
536556624;155 747 401;C01;2;7;0;2;9;0;1
536556624;155 747 402;D01;2;7;0;2;9;0;1
536556624;155 747 403;E01;2;7;0;2;1;0;1
536556625;155 747 396;A01;1;34;0;2;8;26;1
536556625;155 747 397;B01;1;7;0;2;0;12;2
536556625;155 747 398;C01;1;7;0;2;5;23;1
536556626;155 747 394;A01;1;31;0;2;1;26;1
536556626;155 747 395;B01;1;10;0;2;7;14;2
536556627;155 747 392;A01;1;7;1;2;1;1;1
536556627;155 747 393;B01;1;7;0;2;4;0;1
536556628;155 747 390;A01;1;7;0;2;6;1;1
536556628;155 747 391;B01;1;32;0;2;1;2;1
536556629;155 747 389;A01;2;33;0;0;7;3;1
536556630;155 747 387;A01;2;33;0;2;1;1;1
536556630;155 747 388;B01;1;7;0;2;1;1;1
536556631;155 747 385;A01;3;7;0;2;2;15;1
536556631;155 747 386;B01;3;7;0;2;1;1;0
536556632;155 747 384;A01;2;7;0;1;1;1;1
536556633;155 747 382;A01;1;2;0;2;1;1;1
536556633;155 747 383;B01;2;7;0;2;2;15;1
536556634;155 747 381;A01;1;99;0;9;7;17;0
536556635;155 747 379;A01;2;33;0;2;1;1;1
536556635;155 747 380;B01;2;7;0;2;4;1;1
536556636;155 747 376;B01;1;7;0;2;3;1;1
536556636;155 747 377;C01;3;7;0;2;6;26;2
536556636;155 747 378;A01;3;2;0;2;1;9;1
536556637;155 747 374;A01;1;7;9;2;5;16;1
536556637;155 747 375;B01;0;1;0;2;0;0;0
536556638;155 747 372;A01;1;50;0;2;8;19;3
536556638;155 747 373;B01;1;7;0;2;2;1;1
536556639;155 747 370;B01;2;7;0;2;3;1;1
536556639;155 747 371;A01;2;7;0;2;3;15;1
536556640;155 747 369;A01;2;7;8;0;1;14;1
536556641;155 747 367;Z01;1;7;0;9;0;0;0
536556641;155 747 368;A01;1;1;0;2;0;0;5
536556642;155 747 365;A01;1;7;0;0;0;0;1
536556642;155 747 366;B01;1;1;0;2;1;5;5
536556643;155 747 362;A01;2;7;0;2;7;15;1
536556643;155 747 363;B01;1;7;0;2;1;1;1
536556644;155 747 361;A01;3;7;0;1;1;19;1
536556645;155 747 360;A01;1;7;0;1;2;1;0
536556646;155 747 358;B01;1;7;0;2;9;1;1
536556646;155 747 359;A01;1;14;0;2;3;13;1
536556647;155 747 356;A01;2;30;0;2;1;1;1
536556647;155 747 357;B01;2;7;0;2;4;23;1
536556648;155 747 355;A01;1;30;12;0;1;0;1
536556649;155 747 354;A01;2;7;8;0;1;1;1
536556650;155 747 353;A01;3;32;0;0;0;1;1
536556651;155 747 351;A01;3;7;6;0;2;1;3
536556651;155 747 352;B01;3;50;0;2;1;1;3
536556652;155 747 349;A01;3;7;0;2;1;6;1
536556652;155 747 350;B01;3;80;0;2;1;2;2
536556653;155 747 347;A01;3;7;0;9;8;15;2
536556653;155 747 348;B01;3;1;0;2;1;15;5
536556654;155 747 345;C01;1;33;0;2;1;1;1
536556654;155 747 346;B01;2;7;0;2;1;15;1
536556655;155 747 344;A01;2;50;0;1;1;1;3
536556656;155 747 342;A01;0;7;0;2;2;12;1
536556656;155 747 343;B01;0;33;0;2;8;1;1
536556657;155 747 340;A01;2;7;0;2;1;9;1
536556657;155 747 341;B01;2;7;0;2;4;1;1
536556658;155 747 338;A01;2;7;0;2;1;1;1
536556658;155 747 339;B01;1;80;0;2;4;1;3
536556659;155 747 334;C01;1;7;0;2;4;23;1
536556659;155 747 335;D01;1;7;0;2;4;23;1
536556659;155 747 336;A01;1;37;15;2;1;1;1
536556659;155 747 337;B01;1;7;0;2;4;23;1
536556660;155 747 332;A01;1;36;0;2;2;17;3
536556660;155 747 333;B01;1;1;0;2;3;2;5
536556661;155 747 331;A01;1;30;1;0;1;1;1
536556662;155 747 330;A01;1;50;1;0;1;14;3
536556663;155 747 327;A01;2;1;1;0;1;2;5
536556663;155 747 328;B01;2;7;0;0;4;24;1
536556664;155 747 325;A01;1;10;0;2;3;1;3
536556664;155 747 326;B01;1;7;0;2;6;1;1
536556665;155 747 324;A01;3;7;0;1;4;4;1
536556666;155 747 321;B01;2;7;0;2;4;1;1
536556666;155 747 322;C01;2;7;0;2;4;2;1
536556666;155 747 323;A01;2;7;0;2;1;2;2
536556667;155 747 320;C01;2;7;0;1;0;0;0
536556668;155 747 318;A01;2;7;0;1;3;2;1
536556669;155 747 317;A01;1;7;0;2;1;1;1
536556669;155 747 319;B01;1;50;0;2;3;1;3
536556670;155 747 314;A01;1;10;0;2;6;15;1
536556670;155 747 315;B01;1;33;0;2;1;15;1
536556671;155 747 311;A01;2;7;0;2;1;2;1
536556671;155 747 312;B01;1;7;0;2;4;2;1
536556672;155 747 309;C01;2;7;0;2;3;21;1
536556672;155 747 310;B01;1;7;0;2;3;21;1
536556672;155 747 313;A01;2;17;0;2;6;21;1
536556673;155 747 307;A01;1;3;0;2;1;11;3
536556673;155 747 308;B01;2;33;0;2;1;1;1
536556674;155 747 306;A01;1;10;2;0;3;13;1
536556675;155 747 303;B01;1;2;0;2;1;1;1
536556675;155 747 305;A01;2;7;0;2;1;17;1
536556676;155 747 304;A01;3;7;8;0;1;2;1
536556677;155 747 301;B01;2;7;0;2;2;15;1
536556677;155 747 302;A01;1;2;0;2;1;17;1
536556678;155 747 300;A01;0;7;0;1;0;9;1
536556679;155 747 298;A01;1;7;2;0;2;1;1
536556680;155 747 297;A01;1;7;0;2;2;1;1
536556680;155 747 299;B01;1;7;0;2;3;1;1
536556681;155 747 295;A01;2;7;0;2;2;15;1
536556681;155 747 296;B01;1;2;0;2;1;19;1
536556682;155 747 294;A01;2;7;14;0;1;1;1
536556683;155 747 292;A01;3;7;15;0;8;1;1
536556684;155 747 291;A01;2;7;0;2;4;15;1
536556684;155 747 293;B01;2;10;0;2;1;1;1
536556685;155 747 289;B01;1;7;0;2;4;2;1
536556685;155 747 290;A01;1;33;0;2;1;2;1
536556686;155 747 287;A01;2;7;0;0;0;9;0
536556686;155 747 288;B01;2;7;0;2;2;1;1
536556687;155 747 285;Z01;0;7;0;0;0;0;0
536556687;155 747 286;B01;3;32;4;2;0;1;1
536556688;155 747 284;A01;1;7;15;0;1;1;1
536556689;155 747 281;Z01;2;31;0;1;1;1;0
536556690;155 747 278;A01;3;38;0;1;0;1;1
536556691;155 747 277;A01;2;7;9;0;1;1;1
536556692;155 747 276;A01;3;33;1;0;1;26;1
536556693;155 747 274;A01;2;7;0;2;1;0;1
536556693;155 747 275;B01;1;20;0;2;1;1;1
536556694;155 747 273;A01;2;7;7;0;1;1;1
536556695;155 747 271;B01;2;15;0;2;1;1;1
536556695;155 747 272;A01;1;7;5;2;1;13;1
536556696;155 747 268;A01;1;7;2;0;1;1;1
536556697;155 747 269;A01;1;34;0;2;3;19;1
536556697;155 747 270;B01;2;7;0;2;3;11;1
536556698;155 747 267;A01;3;40;0;1;2;26;3
536556699;155 747 265;A01;1;7;0;2;2;17;1
536556699;155 747 266;B01;1;7;0;0;6;2;1
536556700;155 747 263;B01;2;50;0;2;8;19;3
536556700;155 747 264;A01;2;7;0;2;2;1;1
536556701;155 747 262;A01;1;33;0;0;8;1;1
536556702;155 747 259;A01;2;3;0;2;0;0;1
536556702;155 747 261;B01;1;10;0;2;2;1;1
536556703;155 747 258;B01;3;50;0;2;1;1;3
536556703;155 747 260;A01;0;7;0;2;4;4;1
536556704;155 747 255;B01;1;2;0;2;3;1;1
536556704;155 747 257;A01;2;10;0;2;3;1;1
536556705;155 747 254;A01;1;7;0;2;2;17;1
536556705;155 747 256;B01;1;2;0;0;8;15;1
536556706;155 747 252;A01;2;10;13;0;9;0;1
536556707;155 747 251;A01;2;33;0;2;7;3;1
536556707;155 747 253;Z01;2;7;0;2;3;1;0
536556708;155 747 249;B01;1;15;0;0;4;2;1
536556708;155 747 250;A01;1;10;3;2;1;2;1
536556709;155 747 247;A01;1;7;0;2;6;1;1
536556709;155 747 248;Z01;3;7;0;2;6;0;0
536556710;155 747 244;A01;1;7;0;1;4;4;1
536556711;155 747 241;C01;2;7;0;2;1;1;1
536556711;155 747 243;D01;2;7;0;2;4;1;1
536556711;155 747 245;A01;2;7;3;0;9;1;1
536556711;155 747 246;B01;2;7;0;2;9;1;1
536556712;155 747 240;A01;2;7;0;2;3;15;1
536556712;155 747 242;B01;1;31;0;2;3;1;1
536556713;155 747 238;B01;1;33;0;2;1;1;1
536556713;155 747 239;A01;1;7;0;2;6;11;0
536556714;155 747 237;A01;2;7;1;0;2;1;3
536556715;155 747 236;A01;1;7;17;0;1;1;1
536556716;155 747 233;A01;1;7;0;2;1;2;1
536556716;155 747 234;B01;1;7;0;0;4;2;1
536556717;155 747 235;A01;1;31;0;0;0;12;3
536556718;155 747 232;A01;2;7;0;1;3;1;1
536556719;155 747 231;Z01;1;7;0;1;1;1;1
536556720;155 747 229;B01;2;7;0;2;8;15;1
536556720;155 747 230;A01;2;2;0;2;1;17;1
536556721;155 747 228;A01;3;10;0;1;4;20;1
536556722;155 747 227;A01;1;7;0;1;2;0;1
536556723;155 747 226;A01;2;7;0;1;3;1;1
536556724;155 747 225;A01;2;33;0;0;8;2;1
536556725;155 747 224;A01;2;7;2;0;8;17;1
536556726;155 747 223;A01;1;10;12;1;1;16;0
536556727;155 747 222;A01;0;7;0;1;3;15;1
536556728;155 747 220;B01;2;33;0;2;0;0;1
536556728;155 747 221;A01;2;7;0;2;6;15;1
536556729;155 747 219;A01;2;7;3;0;3;1;1
536556730;155 747 216;A01;3;1;0;2;5;2;5
536556730;155 747 218;B01;3;15;0;2;5;2;1
536556731;155 747 214;A01;2;7;0;2;3;26;1
536556731;155 747 217;B01;2;7;0;2;3;26;1
536556732;155 747 213;B01;1;7;0;2;1;1;1
536556732;155 747 215;A01;2;7;0;2;1;5;1
536556733;155 747 212;A01;0;32;0;1;1;1;1
536556734;155 747 210;A01;3;7;0;1;6;4;3
536556735;155 747 209;B01;1;7;6;0;8;1;1
536556735;155 747 211;A01;1;7;0;2;1;9;1
536556736;155 747 206;A01;3;33;0;1;2;1;1
536556737;155 747 205;A01;2;7;0;2;2;13;1
536556737;155 747 208;B01;1;7;0;2;2;1;1
536556738;155 747 203;A01;1;7;0;2;3;1;1
536556738;155 747 204;B01;1;7;0;2;5;1;1
536556738;155 747 207;C01;1;7;0;2;4;15;1
536556739;155 747 201;A01;3;13;0;2;8;17;3
536556739;155 747 202;B01;0;32;0;0;0;0;3
536556740;155 747 197;B01;3;33;0;2;8;9;1
536556740;155 747 200;A01;2;7;0;2;1;1;1
536556741;155 747 196;A01;2;7;0;2;3;1;1
536556741;155 747 199;B01;1;7;0;2;1;1;1
536556742;155 747 193;B01;1;7;0;2;4;2;1
536556742;155 747 195;C01;1;7;0;2;4;2;2
536556742;155 747 198;A01;1;37;0;2;1;2;1
536556743;155 747 192;B01;1;7;0;2;1;1;1
536556743;155 747 194;A01;2;7;0;2;1;13;1
536556744;155 747 191;A01;1;36;0;0;1;1;1
536556745;155 747 188;A01;1;2;0;2;1;13;1
536556745;155 747 189;B01;2;7;0;2;2;1;1
536556746;155 747 187;A01;1;7;0;2;2;15;1
536556746;155 747 190;B01;1;50;0;2;1;1;3
536556747;155 747 185;A01;1;7;8;0;9;1;1
536556748;155 747 184;A01;2;33;0;0;8;2;1
536556749;155 747 183;A01;1;2;0;2;1;1;1
536556749;155 747 186;B01;0;50;0;2;8;5;3
536556750;155 747 179;A01;2;7;0;2;1;1;1
536556750;155 747 181;B01;2;33;0;2;4;1;1
536556750;155 747 182;C01;2;7;0;0;4;1;1
536556751;155 747 177;B01;1;7;0;2;3;1;1
536556751;155 747 180;A01;2;7;0;2;3;17;2
536556752;155 747 178;A01;2;7;13;0;9;14;1
536556753;155 747 174;A01;3;31;3;0;8;13;1
536556754;155 747 173;A01;2;7;0;2;1;1;1
536556754;155 747 175;B01;1;7;0;2;1;21;1
536556755;155 747 168;D01;1;7;1;0;1;2;1
536556755;155 747 170;A01;1;10;0;0;4;23;1
536556755;155 747 171;C01;1;7;0;0;4;23;1
536556755;155 747 172;B01;1;7;0;0;4;23;1
536556756;155 747 166;B01;1;15;0;0;4;1;6
536556756;155 747 169;A01;1;15;0;2;1;1;1
536556757;155 747 165;A01;2;15;0;2;1;1;1
536556757;155 747 167;B01;1;7;0;2;1;13;1
536556758;155 747 161;A01;1;31;13;0;7;1;1
536556759;155 747 160;A01;2;7;6;2;8;1;1
536556759;155 747 163;Z01;2;7;0;2;0;0;0
536556759;155 747 164;B01;2;7;0;2;7;0;1
536556760;155 747 159;D01;1;7;0;2;8;0;2
536556760;155 747 162;A01;1;15;0;2;1;0;0
536556761;155 747 157;A01;2;2;0;2;3;1;1
536556761;155 747 158;B01;1;7;0;2;3;1;1
536556762;155 747 155;A01;1;7;0;2;6;1;1
536556762;155 747 156;B01;1;7;0;2;2;1;1
536556763;155 747 153;A01;0;2;17;0;1;0;1
536556764;155 747 151;A01;2;7;0;2;5;12;1
536556764;155 747 154;B01;2;2;0;2;6;1;1
536556765;155 747 149;A01;2;7;0;1;2;19;1
536556766;155 747 145;B01;2;7;0;2;3;1;1
536556766;155 747 148;A01;2;10;8;2;2;1;1
536556767;155 747 144;A01;3;80;0;0;9;1;3
536556768;155 747 142;D01;2;7;0;2;4;2;1
536556768;155 747 143;C01;2;7;0;2;4;2;1
536556768;155 747 146;F01;2;7;0;2;1;2;1
536556768;155 747 147;A01;2;7;0;2;1;2;1
536556768;155 747 150;B01;2;7;0;2;4;2;1
536556768;155 747 152;E01;2;7;0;2;4;2;3
536556769;155 747 138;B01;1;1;0;0;4;2;5
536556769;155 747 141;A01;1;7;0;9;1;2;1
536556770;155 747 137;A01;3;7;0;2;6;15;1
536556770;155 747 140;B01;3;2;0;2;1;17;1
536556771;155 747 135;A01;0;7;8;0;0;20;2
536556772;155 747 133;A01;2;33;0;2;3;1;1
536556772;155 747 134;B01;1;7;0;2;3;1;2
536556773;155 747 130;B01;1;7;0;2;4;21;1
536556773;155 747 132;C01;1;7;0;2;1;1;1
536556773;155 747 136;D01;1;7;0;2;2;21;1
536556773;155 747 139;A01;1;7;0;2;1;10;1
536556774;155 747 128;A01;2;33;0;2;1;1;1
536556774;155 747 131;B01;1;21;0;2;6;15;1
536556775;155 747 125;B01;1;7;0;2;4;1;2
536556775;155 747 127;A01;1;7;0;2;1;2;1
536556776;155 747 126;A01;1;7;0;2;8;1;1
536556776;155 747 129;B01;1;15;0;2;1;21;1
536556777;155 747 123;A01;2;33;0;6;1;1;1
536556778;155 747 122;A01;2;7;15;2;1;17;1
536556778;155 747 124;B01;2;7;0;0;3;15;1
536556779;155 747 121;A01;3;33;0;0;7;1;1
536556780;155 747 117;A01;2;7;0;2;1;2;1
536556780;155 747 120;B01;2;7;0;2;4;23;2
536556781;155 747 116;A01;1;14;1;2;1;1;1
536556781;155 747 118;B01;1;14;0;0;0;23;1
536556782;155 747 115;A01;2;7;0;2;3;13;1
536556782;155 747 119;B01;1;7;13;2;3;1;2
536556783;155 747 114;A01;1;7;0;0;0;9;1
536556784;155 747 111;A01;1;7;0;0;4;1;1
536556784;155 747 113;B01;1;7;0;2;1;2;1
536556785;155 747 112;A01;1;33;13;6;2;1;1
536556786;155 747 110;A01;2;7;4;0;1;16;1
536556787;155 747 109;A01;2;33;0;0;9;26;1
536556788;155 747 107;A01;1;7;3;0;1;1;1
536556789;155 747 108;A01;2;7;13;0;2;0;1
536556790;155 747 103;A01;1;7;0;1;0;1;1
536556791;155 747 102;A01;2;7;0;2;1;13;1
536556791;155 747 105;B01;1;7;0;0;1;1;1
536556791;155 747 106;C01;1;15;0;0;3;1;1
536556792;155 747 099;B01;1;1;0;2;0;0;5
536556792;155 747 101;A01;1;14;0;2;0;0;1
536556793;155 747 096;A01;2;15;0;2;8;1;1
536556793;155 747 098;B01;1;33;0;2;8;0;1
536556794;155 747 094;A01;1;1;0;0;0;0;5
536556795;155 747 092;A01;1;7;0;1;0;1;1
536556796;155 747 090;A01;2;15;0;1;5;1;1
536556797;155 747 088;A01;2;2;0;2;1;26;1
536556797;155 747 091;B01;2;7;0;0;3;15;1
536556798;155 747 087;B01;2;7;0;2;0;1;1
536556798;155 747 089;A01;1;7;0;2;0;1;1
536556799;155 747 084;A01;1;31;0;0;0;0;1
536556800;155 747 083;A01;1;7;0;2;3;1;2
536556800;155 747 086;B01;2;7;0;2;3;1;1
536556801;155 747 081;A01;2;10;0;2;3;13;1
536556801;155 747 082;B01;1;17;0;2;3;1;1
536556801;155 747 085;C01;2;7;14;0;1;1;3
536556802;155 747 080;A01;2;7;0;1;1;1;3
536556803;155 747 077;A01;3;21;0;2;3;13;1
536556803;155 747 078;B01;3;1;0;2;1;1;5
536556804;155 747 076;A01;2;7;11;0;8;1;1
536556804;155 747 079;B01;1;17;0;0;2;1;6
536556805;155 747 074;A01;3;7;0;9;3;11;1
536556805;155 747 075;B01;2;2;0;2;2;1;1
536556806;155 747 071;A01;2;7;0;2;3;10;1
536556806;155 747 073;B01;2;7;0;2;2;1;1
536556807;155 747 067;Z01;1;2;0;2;0;26;1
536556807;155 747 069;A01;1;7;0;2;3;26;1
536556808;155 747 068;B01;2;7;0;2;4;1;1
536556808;155 747 070;A01;2;7;0;2;1;1;1
536556808;155 747 072;C01;2;7;0;2;6;1;1
536556809;155 747 065;B01;1;17;0;2;3;1;1
536556809;155 747 066;A01;2;7;0;2;1;13;1
536556810;155 747 062;A01;1;7;0;2;7;12;1
536556810;155 747 064;B01;1;2;0;2;8;2;1
536556811;155 747 059;B01;1;7;0;2;1;1;2
536556811;155 747 061;A01;2;7;0;2;1;13;1
536556812;155 747 060;A01;2;1;0;2;4;2;5
536556812;155 747 063;B01;2;15;0;2;2;1;1
536556813;155 747 058;A01;2;50;12;0;1;19;3
536556814;155 747 052;B01;1;7;0;2;8;15;1
536556814;155 747 054;A01;2;33;0;2;2;17;1
536556815;155 747 053;B01;1;15;0;2;3;11;1
536556815;155 747 056;A01;1;7;0;2;2;17;2
536556816;155 747 051;A01;1;7;0;2;2;17;1
536556816;155 747 055;B01;1;1;0;2;8;1;5
536556816;155 747 057;C01;1;1;0;2;4;1;5
536556817;155 747 050;A01;3;7;0;1;2;21;1
536556818;155 747 047;A01;3;7;0;2;1;2;1
536556818;155 747 049;B01;3;7;0;2;4;2;1
536556819;155 747 046;B01;1;7;0;2;8;15;1
536556819;155 747 048;A01;1;10;0;2;2;17;1
536556820;155 747 043;A01;2;2;12;0;1;1;1
536556821;155 747 040;A01;3;7;0;2;1;2;1
536556821;155 747 041;B01;3;7;0;2;5;1;1
536556821;155 747 044;C01;3;7;0;2;8;1;1
536556822;155 747 037;A01;1;2;0;2;8;2;1
536556822;155 747 039;B01;1;10;0;2;2;2;1
536556823;155 747 036;A01;2;7;0;2;2;2;1
536556823;155 747 038;B01;2;1;0;0;4;2;5
536556824;155 747 035;A01;1;7;0;1;1;1;0
536556825;155 747 031;B01;0;1;0;2;1;1;5
536556825;155 747 033;A01;0;7;0;9;3;1;2
536556826;155 747 030;A01;2;7;0;1;1;2;1
536556827;155 747 029;A01;2;33;0;2;1;17;1
536556827;155 747 032;B01;2;10;0;2;3;15;1
536556828;155 747 028;A01;2;7;0;2;3;9;1
536556828;155 747 034;B01;1;30;0;2;1;1;1
536556829;155 747 025;A01;2;10;0;2;3;19;1
536556829;155 747 027;B01;2;1;0;2;1;1;5
536556830;155 747 022;A01;0;7;0;1;1;1;1
536556830;155 747 024;B01;0;1;0;2;8;15;5
536556831;155 747 018;B01;3;7;4;2;3;0;1
536556831;155 747 021;A01;3;7;3;2;3;11;1
536556831;155 747 023;C01;3;7;4;2;3;1;1
536556831;155 747 026;T01;3;7;3;2;0;1;1
536556832;155 747 020;A01;2;7;1;0;2;1;1
536556833;155 747 017;B01;2;2;0;2;1;1;1
536556833;155 747 019;A01;1;7;0;0;7;15;1
536556834;155 747 014;A01;1;33;13;0;1;1;1
536556835;155 747 012;A01;2;7;0;2;2;15;1
536556835;155 747 016;B01;1;33;0;2;1;1;1
536556836;155 747 013;A01;2;7;0;2;3;26;1
536556836;155 747 015;B01;1;2;0;2;1;1;1
536556837;155 747 011;A01;2;33;3;0;0;1;1
536556838;155 747 009;A01;0;7;6;0;1;0;1
536556839;155 747 010;A01;3;7;2;0;1;26;6
536556840;155 747 008;A01;2;33;6;0;2;1;1
536556841;155 747 004;B01;0;99;0;0;4;16;0
536556841;155 747 006;A01;3;33;0;2;1;1;1
536556842;155 747 001;A01;1;7;0;0;2;2;1
536556842;155 747 002;B01;1;1;0;2;0;2;5
536556843;155 747 005;B01;2;7;0;2;7;1;1
536556843;155 747 007;A01;1;2;0;2;1;1;1
536556844;155 746 999;A01;2;13;15;0;0;1;1
536556845;155 747 000;B01;1;7;0;2;4;1;1
536556845;155 747 003;A01;1;7;0;2;1;1;1
536556846;155 746 996;A01;1;7;0;1;1;20;1
536556847;155 746 997;A01;2;7;0;2;1;21;1
536556847;155 746 998;B01;1;10;0;2;3;1;1
536556848;155 746 995;A01;2;10;13;0;2;0;1
536556849;155 746 993;A01;2;7;4;0;3;1;1
536556850;155 746 991;A01;1;7;0;2;1;13;1
536556850;155 746 994;B01;2;7;0;2;1;1;1
536556851;155 746 990;A01;2;10;0;9;1;1;1
536556852;155 746 988;A01;3;1;0;6;3;1;5
536556853;155 746 986;A01;1;1;0;1;1;1;5
536556854;155 746 984;A01;1;2;0;0;0;1;1
536556855;155 746 982;B01;2;7;4;2;8;2;1
536556855;155 746 983;A01;2;7;0;2;2;12;1
536556856;155 746 981;A01;1;7;0;2;3;13;1
536556856;155 746 985;B01;1;7;0;2;3;1;1
536556857;155 746 978;A01;3;7;2;0;8;1;1
536556858;155 746 976;A01;3;7;0;2;3;13;1
536556858;155 746 980;B01;3;7;0;2;3;1;1
536556859;155 746 977;A01;1;7;0;2;2;15;2
536556859;155 746 979;B01;2;7;0;2;6;15;1
536556860;155 746 975;A01;1;7;0;0;0;1;1
536556861;155 746 971;A01;1;7;0;2;8;15;1
536556861;155 746 974;B01;1;33;0;2;7;1;1
536556862;155 746 973;A01;2;7;15;0;3;1;1
536556863;155 746 970;B01;3;33;0;2;1;1;1