Num_Acc;id_vehicule;num_veh;senc;catv;obs;obsm;choc;manv;motor
536556863;155 746 972;A01;3;7;0;2;7;1;1
536556864;155 746 966;A01;1;2;0;2;1;1;1
536556864;155 746 969;B01;2;7;0;2;4;1;1
536556865;155 746 964;A01;1;15;0;2;1;1;0
536556865;155 746 968;B01;1;15;0;2;4;1;0
536556866;155 746 961;B01;3;7;0;2;5;2;3
536556866;155 746 963;A01;3;7;0;2;2;2;1
536556866;155 746 965;C01;3;7;0;2;5;2;1
536556867;155 746 962;B01;1;7;8;2;6;2;1
536556867;155 746 967;A01;1;7;0;2;2;0;2
536556868;155 746 959;B01;2;7;0;2;4;12;2
536556868;155 746 960;Z01;2;7;0;2;1;1;0
536556869;155 746 957;A01;3;7;8;0;1;16;1
536556870;155 746 955;C01;1;7;0;0;4;23;1
536556870;155 746 956;B01;1;7;0;0;4;23;1
536556870;155 746 958;A01;1;33;0;2;1;2;1
536556871;155 746 951;B01;1;7;4;2;6;21;1
536556871;155 746 954;A01;1;7;4;2;1;2;1
536556872;155 746 949;A01;1;7;0;1;2;1;1
536556873;155 746 950;B01;2;7;4;2;6;1;1
536556873;155 746 952;A01;2;15;0;2;2;12;1
536556874;155 746 948;Z01;2;7;0;2;0;0;1
536556874;155 746 953;B01;2;33;0;2;7;2;1
536556875;155 746 945;A01;3;7;0;1;2;1;1
536556876;155 746 944;A01;1;7;0;2;8;11;1
536556876;155 746 947;B01;1;33;0;2;7;1;1
536556877;155 746 942;A01;2;7;0;1;2;1;1
536556878;155 746 939;B01;3;7;0;2;1;1;1
536556878;155 746 941;A01;3;7;0;2;1;1;1
536556879;155 746 938;B01;2;33;0;2;1;1;1
536556879;155 746 940;A01;2;7;0;2;6;1;1
536556880;155 746 937;A01;1;33;0;0;0;0;1
536556881;155 746 935;A01;1;7;13;0;1;14;1
536556882;155 746 933;A01;3;7;0;1;2;1;1
536556883;155 746 934;A01;3;7;0;2;2;1;1
536556883;155 746 936;B01;0;1;0;2;4;19;5
536556884;155 746 929;A01;1;33;0;0;4;1;4
536556885;155 746 931;B01;1;7;0;2;3;10;1
536556885;155 746 932;A01;1;7;0;2;2;1;1
536556886;155 746 930;A01;1;7;8;1;1;1;1
536556887;155 746 923;B01;2;7;0;2;1;1;1
536556887;155 746 925;A01;1;10;0;2;2;15;1
536556888;155 746 927;A01;3;7;0;2;8;1;1
536556888;155 746 928;B01;3;33;0;2;1;15;1
536556889;155 746 919;A01;1;7;0;2;1;26;0
536556889;155 746 921;B01;2;7;0;2;1;0;0
536556890;155 746 918;B01;1;7;0;2;0;0;1
536556890;155 746 922;A01;1;7;0;2;3;26;1
536556891;155 746 917;A01;2;7;0;2;1;26;1
536556891;155 746 920;B01;1;7;0;2;4;26;1
536556891;155 746 924;C01;1;7;0;2;1;0;1
536556891;155 746 926;D01;1;7;0;2;1;26;1
536556892;155 746 915;A01;2;7;0;1;2;1;1
536556893;155 746 916;A01;1;7;0;1;2;1;1
536556894;155 746 913;A01;3;7;0;1;0;0;1
536556895;155 746 912;A01;2;7;0;2;8;15;1
536556895;155 746 914;B01;2;38;0;2;1;1;1
536556896;155 746 907;A01;1;30;0;2;8;15;1
536556896;155 746 910;B01;2;30;0;2;1;17;1
536556897;155 746 906;A01;2;7;0;2;2;16;1
536556897;155 746 909;B01;2;7;0;2;3;7;1
536556898;155 746 903;A01;1;7;0;1;3;26;0
536556899;155 746 904;A01;1;30;0;2;1;1;1
536556899;155 746 905;B01;1;10;0;2;4;23;1
536556900;155 746 899;A01;3;50;0;0;0;1;3
536556901;155 746 898;C01;1;7;0;2;0;0;1
536556901;155 746 900;A01;1;7;0;2;0;0;1
536556901;155 746 902;B01;1;7;0;2;0;0;1
536556902;155 746 893;A01;1;33;14;0;1;21;1
536556902;155 746 894;B01;1;7;14;0;6;23;1
536556903;155 746 891;C01;2;99;0;2;1;1;1
536556903;155 746 895;A01;1;7;0;2;3;13;1
536556903;155 746 897;B01;2;99;12;2;6;21;1
536556904;155 746 890;A01;2;7;0;2;2;19;1
536556904;155 746 896;C01;1;7;0;2;0;19;1
536556904;155 746 901;B01;1;80;0;2;2;19;3
536556905;155 746 887;A01;2;7;1;0;2;1;1
536556906;155 746 888;A01;1;7;8;0;3;1;1
536556907;155 746 889;A01;3;7;0;2;5;15;1
536556907;155 746 892;B01;3;2;0;2;1;1;1
536556908;155 746 884;A01;2;37;0;0;7;16;1
536556909;155 746 886;A01;3;7;8;0;1;14;1
536556910;155 746 883;A01;1;7;13;0;1;0;1
536556911;155 746 882;A01;3;7;0;2;2;15;1
536556911;155 746 885;B01;3;33;0;2;2;1;1
536556912;155 746 881;A01;1;7;12;0;3;13;1
536556913;155 746 877;A01;1;7;0;2;3;9;1
536556913;155 746 878;B01;1;31;0;2;1;3;1
536556914;155 746 876;A01;1;7;0;1;2;17;1
536556915;155 746 875;B01;0;33;0;2;2;17;1
536556915;155 746 879;A01;3;7;0;2;3;15;1
536556916;155 746 874;A01;3;13;0;2;2;9;1
536556916;155 746 880;B01;3;50;0;2;4;1;3
536556917;155 746 872;B01;1;7;0;1;3;1;2
536556918;155 746 871;A01;1;7;0;2;4;1;1
536556918;155 746 873;B01;1;1;16;2;1;1;5
536556919;155 746 868;A01;1;7;0;2;3;22;1
536556919;155 746 870;B01;1;1;1;0;7;1;5
536556920;155 746 865;A01;0;80;0;2;4;1;3
536556920;155 746 867;B01;2;7;0;2;1;1;1
536556921;155 746 864;A01;1;37;0;2;1;1;0
536556921;155 746 866;B01;2;7;0;2;9;0;1
536556922;155 746 859;A01;1;2;0;2;1;5;1
536556922;155 746 861;B01;1;7;0;2;1;1;1
536556923;155 746 862;A01;3;7;0;2;3;15;1
536556923;155 746 869;B01;2;10;0;2;2;1;1
536556924;155 746 857;A01;1;7;0;2;3;15;1
536556924;155 746 858;B01;1;31;0;2;1;17;1
536556925;155 746 855;A01;1;7;0;1;3;1;1
536556926;155 746 853;A01;3;7;14;0;2;26;1
536556927;155 746 852;A01;3;1;0;0;0;0;5
536556928;155 746 851;A01;0;7;0;0;9;15;1
536556929;155 746 847;A01;2;7;0;2;0;16;1
536556929;155 746 849;B01;2;50;0;2;0;1;3
536556930;155 746 846;A01;2;33;0;2;3;0;1
536556930;155 746 848;Z01;2;0;0;2;0;0;0
536556931;155 746 845;B01;1;34;0;2;3;1;1
536556931;155 746 850;Z01;2;99;0;2;3;15;1
536556932;155 746 844;A01;1;7;0;1;1;16;1
536556933;155 746 842;A01;1;30;0;0;8;1;3
536556934;155 746 843;A01;2;2;0;0;8;1;3
536556935;155 746 839;A01;1;7;8;0;1;1;1
536556936;155 746 840;A01;2;15;0;1;1;26;1
536556937;155 746 838;A01;1;7;0;1;2;16;1
536556938;155 746 837;A01;3;3;4;0;4;1;1
536556938;155 746 841;B01;3;7;0;2;1;1;1
536556939;155 746 834;A01;1;7;3;2;1;26;1
536556939;155 746 836;B01;1;7;0;2;0;0;1
536556940;155 746 831;A01;3;7;0;2;7;1;1
536556940;155 746 832;B01;3;32;0;2;1;16;1
536556941;155 746 830;A01;0;7;0;1;1;15;1
536556942;155 746 829;A01;3;33;4;0;8;2;1
536556943;155 746 825;B01;1;7;0;2;1;1;2
536556943;155 746 827;A01;1;7;0;2;1;15;1
536556944;155 746 824;A01;1;7;0;2;1;1;1
536556944;155 746 828;B01;1;7;0;2;4;23;1
536556944;155 746 833;C01;1;7;0;2;4;23;1
536556944;155 746 835;D01;1;7;0;2;4;23;1
536556945;155 746 822;A01;2;10;0;2;8;1;1
536556945;155 746 826;B01;2;7;0;2;2;1;1
536556946;155 746 820;A01;3;7;2;0;1;1;1
536556947;155 746 817;A01;2;38;0;2;6;15;1
536556947;155 746 819;B01;2;33;0;2;1;1;1
536556948;155 746 818;A01;2;7;0;2;1;2;1
536556948;155 746 821;B01;2;7;0;2;4;2;1
536556948;155 746 823;C01;2;7;0;2;4;2;1
536556949;155 746 815;B01;1;10;0;0;6;23;1
536556949;155 746 816;A01;1;33;0;2;1;1;1
536556950;155 746 814;A01;1;7;0;1;3;2;1
536556951;155 746 807;A01;2;7;0;2;1;26;1
536556951;155 746 809;B01;2;99;0;2;8;9;0
536556952;155 746 808;A01;3;30;0;2;1;12;1
536556952;155 746 811;B01;3;7;0;2;1;15;1
536556953;155 746 806;A01;1;7;0;2;3;9;1
536556953;155 746 812;B01;1;33;0;2;6;1;1
536556954;155 746 805;A01;1;7;8;0;1;14;1
536556955;155 746 803;A01;2;7;0;2;1;13;1
536556955;155 746 804;B01;1;7;0;2;1;1;1
536556956;155 746 798;A01;2;7;0;1;2;1;1
536556957;155 746 796;B01;2;7;0;0;7;23;1
536556957;155 746 800;A01;1;7;0;1;3;1;1
536556958;155 746 795;A01;2;7;0;2;3;13;1
536556958;155 746 799;B01;1;7;0;2;3;1;1
536556958;155 746 801;C01;2;7;0;2;6;1;2
536556959;155 746 797;A01;1;7;0;2;1;1;0
536556959;155 746 802;B01;2;37;0;2;5;15;0
536556960;155 746 794;A01;1;7;0;1;5;4;1
536556961;155 746 789;A01;2;7;0;2;1;26;1
536556961;155 746 791;B01;2;7;0;2;3;1;1
536556962;155 746 790;C01;1;7;0;2;3;2;1
536556962;155 746 792;A01;2;7;0;2;3;1;1
536556962;155 746 793;B01;1;7;0;2;3;1;1
536556963;155 746 787;A01;1;7;0;0;9;17;1
536556964;155 746 788;A01;1;10;0;1;2;1;1
536556965;155 746 783;A01;1;7;0;1;1;1;1
536556966;155 746 784;B01;0;7;0;2;8;1;1
536556966;155 746 786;A01;0;31;0;2;1;9;1
536556967;155 746 781;A01;3;50;0;2;1;1;3
536556967;155 746 785;B01;3;7;0;2;6;1;1
536556968;155 746 779;A01;3;10;0;1;1;1;1
536556969;155 746 778;A01;2;7;10;0;2;0;1
536556970;155 746 775;B01;3;1;0;2;1;1;5
536556970;155 746 777;A01;3;7;0;2;3;26;1
536556971;155 746 776;C01;3;33;0;2;2;0;0
536556971;155 746 780;A01;3;7;0;2;6;23;6
536556971;155 746 782;B01;3;33;0;2;2;23;0
536556972;155 746 774;A01;2;7;13;0;1;19;0
536556973;155 746 771;B01;1;1;0;0;0;1;5
536556973;155 746 773;A01;1;0;0;9;0;0;0
536556974;155 746 769;A01;1;7;0;2;3;13;1
536556974;155 746 772;B01;2;7;0;2;3;21;1
536556975;155 746 764;A01;3;10;2;0;1;15;1
536556976;155 746 765;B01;1;10;0;2;4;1;1
536556976;155 746 767;A01;1;33;0;2;1;3;1
536556977;155 746 763;A01;1;7;0;2;1;13;1
536556977;155 746 766;B01;2;37;0;2;1;1;1
536556978;155 746 760;A01;1;1;0;0;0;1;5
536556979;155 746 761;A01;3;32;0;2;2;1;1
536556979;155 746 762;B01;3;7;0;2;2;1;1
536556980;155 746 759;A01;3;7;3;0;1;26;1
536556981;155 746 756;A01;1;33;6;0;1;16;1
536556982;155 746 755;A01;3;7;0;1;3;15;1
536556983;155 746 757;A01;2;7;0;2;2;15;1
536556983;155 746 758;B01;1;33;0;2;3;1;1
536556984;155 746 752;B01;0;7;0;0;2;1;1
536556984;155 746 754;A01;0;7;0;0;1;1;1
536556985;155 746 751;A01;1;7;3;0;1;1;2
536556986;155 746 750;A01;1;33;0;2;1;13;1
536556986;155 746 753;B01;2;7;0;2;1;1;1
536556987;155 746 748;A01;1;33;0;2;1;1;1
536556987;155 746 749;B01;1;7;0;2;4;1;1
536556988;155 746 744;A01;1;7;0;2;5;17;1
536556988;155 746 746;B01;1;2;0;2;3;1;1
536556989;155 746 745;A01;2;30;0;2;1;1;1
536556989;155 746 747;B01;1;7;0;2;1;15;1
536556990;155 746 742;A01;1;7;0;2;1;15;1
536556990;155 746 743;B01;2;3;1;2;1;1;1
536556991;155 746 739;A01;0;7;1;1;1;1;2
536556992;155 746 741;A01;2;2;0;0;0;26;1
536556993;155 746 737;A01;1;7;0;2;3;0;1
536556993;155 746 740;B01;2;1;0;2;1;1;5
536556994;155 746 735;B01;1;7;0;2;1;1;2
536556994;155 746 738;A01;2;43;0;2;7;15;1
536556995;155 746 732;B01;2;2;0;2;1;21;1
536556995;155 746 736;A01;2;7;0;0;6;23;1
536556996;155 746 731;B01;1;7;0;2;3;0;1
536556996;155 746 734;A01;2;13;0;2;1;13;1
536556997;155 746 730;B01;1;10;0;2;3;1;1
536556997;155 746 733;A01;2;7;12;2;3;13;1
536556998;155 746 729;A01;2;7;2;0;7;17;1
536556999;155 746 725;A01;3;7;0;2;0;5;1
536556999;155 746 727;B01;3;80;0;2;0;21;2
536557000;155 746 723;A01;1;7;0;2;1;1;1
536557000;155 746 726;B01;1;1;0;2;3;1;5
536557001;155 746 724;B01;2;50;0;2;1;1;3
536557001;155 746 728;A01;1;7;0;2;1;15;1
536557002;155 746 721;A01;2;7;11;0;1;1;1
536557003;155 746 722;A01;2;7;0;9;3;1;1
536557004;155 746 720;A01;3;37;0;2;0;16;3
536557005;155 746 716;A01;0;10;0;2;3;1;1
536557005;155 746 717;B01;0;7;0;2;1;1;1
536557006;155 746 714;B01;1;7;0;2;3;15;1
536557006;155 746 719;A01;1;33;8;2;1;13;1
536557007;155 746 715;A01;3;7;0;2;3;1;3
536557007;155 746 718;B01;;7;0;2;5;1;2
536557008;155 746 712;A01;1;7;0;1;1;1;1
536557009;155 746 711;A01;1;7;0;2;7;15;1
536557009;155 746 713;B01;2;80;0;2;8;1;2
536557010;155 746 709;A01;1;7;0;2;3;13;1
536557010;155 746 710;B01;2;7;0;2;8;1;1
536557011;155 746 707;A01;1;7;0;1;2;1;1
536557012;155 746 703;A01;1;2;8;0;0;0;1
536557013;155 746 702;A01;2;7;0;2;5;15;1
536557013;155 746 706;B01;1;33;0;2;1;1;1
536557014;155 746 705;A01;3;34;0;2;3;7;1
536557014;155 746 708;B01;3;7;0;2;7;16;3
536557015;155 746 700;B01;1;7;1;2;2;21;1
536557015;155 746 701;C01;1;7;0;2;5;17;1
536557016;155 746 699;A01;2;1;0;0;0;1;5
536557017;155 746 697;B01;1;7;0;2;0;16;1
536557017;155 746 698;A01;2;50;0;2;0;5;3
536557018;155 746 696;A01;3;32;0;2;1;1;1
536557019;155 746 695;A01;2;7;0;1;3;1;2
536557020;155 746 694;A01;3;7;0;9;3;26;0
536557021;155 746 690;A01;2;7;0;2;3;19;3
536557021;155 746 693;B01;1;7;0;2;2;1;1
536557022;155 746 691;A01;2;7;0;2;1;11;1
536557022;155 746 692;B01;1;33;0;2;0;0;1
536557023;155 746 688;A01;1;7;0;1;3;19;1
536557024;155 746 686;A01;1;7;6;0;1;13;1
536557025;155 746 687;A01;2;7;0;2;3;15;2
536557025;155 746 689;B01;1;34;0;2;8;1;1
536557026;155 746 681;A01;2;2;0;2;1;1;1
536557026;155 746 683;B01;2;7;0;2;4;1;1
536557027;155 746 677;A01;2;30;0;2;8;17;1
536557027;155 746 679;B01;2;7;0;2;3;15;1
536557028;155 746 676;A01;2;7;0;2;2;13;1
536557028;155 746 678;B01;1;7;0;2;3;1;1
536557029;155 746 684;A01;2;7;0;2;7;14;1
536557029;155 746 685;B01;2;30;0;2;8;1;1
536557030;155 746 673;A01;2;10;0;2;5;26;1
536557030;155 746 675;B01;2;80;0;2;3;1;3
536557031;155 746 671;B01;1;2;0;2;2;1;1
536557031;155 746 674;A01;2;7;0;2;3;9;1
536557032;155 746 670;B01;2;1;0;2;1;7;5
536557032;155 746 672;A01;2;7;0;2;3;22;2
536557033;155 746 667;A01;0;33;0;2;1;0;1
536557033;155 746 669;B01;0;7;0;2;3;15;1
536557034;155 746 666;A01;2;10;13;0;1;0;1
536557035;155 746 665;A01;3;10;0;2;3;9;1
536557035;155 746 668;B01;3;33;0;2;1;1;1
536557036;155 746 663;A01;1;10;0;2;1;9;1
536557036;155 746 664;B01;2;1;0;2;7;2;5
536557037;155 746 659;A01;2;7;0;2;8;9;0
536557037;155 746 662;B01;1;7;0;2;3;1;1
536557038;155 746 658;A01;3;7;0;9;2;16;1
536557038;155 746 660;B01;3;80;0;2;8;1;3
536557039;155 746 657;A01;1;10;0;2;1;1;1
536557039;155 746 661;B01;1;7;0;2;6;15;1
536557040;155 746 655;A01;2;7;13;0;1;1;1
536557041;155 746 654;A01;0;7;0;2;2;19;1
536557041;155 746 656;B01;2;33;0;2;1;1;1
536557042;155 746 652;A01;2;7;2;0;9;0;1
536557043;155 746 651;A01;1;7;0;2;1;1;1
536557043;155 746 653;B01;1;7;0;2;4;1;1
536557044;155 746 648;A01;1;7;4;0;8;1;1
536557045;155 746 646;A01;2;33;0;2;8;3;1
536557045;155 746 649;B01;2;7;0;2;7;12;1
536557046;155 746 647;B01;3;1;0;2;7;0;5
536557046;155 746 650;A01;3;30;0;2;7;26;1
536557047;155 746 643;A01;1;7;0;2;1;13;1
536557047;155 746 644;B01;2;7;0;2;1;1;2
536557048;155 746 642;A01;2;1;0;1;3;21;5
536557049;155 746 645;A01;1;7;0;1;3;1;1
536557050;155 746 639;A01;1;50;0;0;0;1;3
536557051;155 746 637;B01;1;7;0;2;5;15;1
536557051;155 746 641;A01;2;2;0;2;1;16;1
536557052;155 746 635;A01;1;34;0;2;1;17;1
536557052;155 746 638;B01;1;7;0;2;3;15;1
536557053;155 746 634;A01;0;7;3;2;1;5;1
536557053;155 746 636;B01;0;7;0;2;3;0;1
536557053;155 746 640;C01;0;7;5;2;1;0;1
536557054;155 746 633;A01;3;1;0;1;1;1;5
536557055;155 746 631;A01;0;2;0;0;0;0;1
536557056;155 746 628;A01;1;7;0;2;7;1;1
536557056;155 746 632;B01;2;7;0;2;1;7;1
536557057;155 746 629;A01;1;7;1;0;2;1;1
536557057;155 746 630;B01;1;7;0;2;6;24;3
536557058;155 746 625;A01;2;7;0;2;1;2;2
536557058;155 746 626;B01;2;7;0;2;4;0;1
536557059;155 746 627;A01;2;80;0;0;1;2;3
536557060;155 746 623;A01;3;31;1;2;0;15;0
536557060;155 746 624;Z01;1;10;0;2;0;0;0
536557061;155 746 619;B01;2;7;0;2;2;2;2
536557061;155 746 621;A01;2;7;0;0;4;0;1
536557062;155 746 616;A01;2;10;0;1;3;1;1
536557063;155 746 617;Z01;3;0;0;1;1;19;0
536557064;155 746 613;A01;1;30;0;2;1;1;1
536557064;155 746 615;B01;2;7;0;2;1;23;1
536557065;155 746 612;A01;2;7;13;0;3;14;1
536557066;155 746 614;B01;0;33;0;2;1;1;1
536557066;155 746 622;A01;2;7;0;2;2;15;1
536557067;155 746 611;A01;1;7;0;2;2;1;1
536557068;155 746 610;A01;1;7;13;0;2;1;1
536557069;155 746 607;B01;3;1;0;2;4;19;5
536557069;155 746 609;A01;3;7;0;2;1;1;1
536557070;155 746 602;A01;1;7;0;0;0;0;0
536557070;155 746 604;B01;1;7;4;2;0;12;0
536557070;155 746 608;C01;1;7;0;2;3;1;2
536557071;155 746 603;A01;1;33;0;2;1;1;1
536557071;155 746 606;B01;2;1;0;2;7;15;5
536557072;155 746 601;A01;1;33;0;2;1;1;1
536557072;155 746 605;B01;2;7;0;2;5;15;1
536557073;155 746 599;A01;3;2;0;2;1;5;1
536557073;155 746 600;B01;3;7;0;2;7;1;1
536557074;155 746 598;A01;1;7;3;0;9;14;1
536557075;155 746 597;A01;3;7;8;0;9;14;2
536557076;155 746 593;B01;2;7;0;2;3;1;1
536557076;155 746 594;A01;1;7;0;2;3;13;1
536557077;155 746 595;A01;0;7;0;1;1;16;1
536557078;155 746 591;A01;2;1;0;1;1;2;5
536557079;155 746 592;B01;1;50;0;2;7;0;3
536557079;155 746 596;A01;2;7;0;2;1;0;1
536557080;155 746 590;A01;2;7;2;0;1;1;1
536557081;155 746 587;B01;2;2;0;0;8;1;1
536557081;155 746 589;A01;1;7;0;2;1;19;1
536557082;155 746 586;A01;1;32;8;0;1;14;1
536557083;155 746 585;A01;1;37;0;2;7;16;1
536557083;155 746 588;B01;3;50;0;2;4;9;3
536557084;155 746 583;B01;1;7;0;1;2;2;0
536557085;155 746 581;A01;1;34;0;1;1;1;1
536557086;155 746 580;A01;2;33;4;0;8;21;1
536557087;155 746 582;B01;3;33;0;2;7;3;1
536557087;155 746 584;A01;3;7;0;2;3;19;1
536557088;155 746 578;A01;2;33;0;0;8;1;1
536557089;155 746 576;A01;0;7;0;2;3;16;1
536557089;155 746 579;B01;0;7;0;2;1;1;1
536557090;155 746 575;A01;1;2;0;2;1;2;1
536557090;155 746 577;B01;1;7;0;2;4;2;3
536557091;155 746 573;A01;3;7;0;0;0;14;1
536557092;155 746 571;A01;1;15;0;0;8;1;1
536557093;155 746 570;A01;1;7;1;0;1;2;1
536557093;155 746 574;B01;1;13;0;2;4;0;1
536557094;155 746 569;A01;1;7;0;2;7;22;1
536557094;155 746 572;B01;1;2;1;0;8;18;1
536557095;155 746 566;B01;1;50;0;2;1;18;3
536557095;155 746 568;A01;1;7;0;9;2;16;1
536557096;155 746 563;B01;3;33;0;2;1;1;1
536557096;155 746 567;A01;3;7;0;2;2;15;1
536557097;155 746 561;A01;3;1;0;2;1;1;5
536557097;155 746 564;B01;3;7;0;9;4;1;1
536557098;155 746 559;C01;2;10;0;2;1;1;1
536557098;155 746 562;A01;1;7;0;2;1;13;1
536557098;155 746 565;B01;2;10;0;2;1;1;1
536557099;155 746 558;A01;2;7;0;2;1;1;1
536557099;155 746 560;B01;1;7;0;2;3;15;1
536557100;155 746 554;A01;1;33;0;2;1;3;1
536557100;155 746 557;B01;1;7;0;2;4;1;1
536557101;155 746 552;A01;1;14;0;2;1;1;1
536557101;155 746 556;B01;1;7;0;2;4;1;1
536557102;155 746 550;A01;1;7;0;2;3;13;1
536557102;155 746 551;B01;2;7;0;2;3;1;2
536557103;155 746 553;B01;1;15;0;0;6;1;1
536557103;155 746 555;A01;1;10;4;0;1;1;1
536557104;155 746 547;A01;1;32;0;0;0;0;3
536557105;155 746 545;B01;2;7;0;2;4;2;0
536557105;155 746 549;A01;2;7;0;2;1;2;1
536557106;155 746 543;A01;1;10;0;2;3;1;1
536557106;155 746 546;B01;2;99;0;2;3;9;6
536557107;155 746 541;A01;3;10;2;0;1;13;1
536557108;155 746 540;B01;2;7;0;2;4;2;2
536557108;155 746 542;A01;2;7;0;2;1;2;1
536557109;155 746 536;A01;2;7;0;2;7;15;1
536557109;155 746 538;B01;1;32;0;2;3;23;1
536557110;155 746 533;A01;2;10;0;2;1;2;1
536557110;155 746 537;B01;2;7;0;2;4;2;1
536557110;155 746 539;C01;2;10;0;2;4;2;1
536557110;155 746 544;D01;2;7;0;2;4;2;1
536557110;155 746 548;E01;2;14;0;2;4;2;1
536557111;155 746 535;A01;2;50;12;0;3;13;3
536557112;155 746 532;A01;1;7;0;2;1;0;1
536557112;155 746 534;B01;1;7;0;2;1;1;1
536557113;155 746 528;B01;3;60;0;2;8;19;5
536557113;155 746 531;A01;1;7;0;2;1;15;1
536557114;155 746 530;A01;0;2;6;0;1;15;1
536557115;155 746 526;A01;2;15;0;2;3;0;1
536557115;155 746 529;B01;1;7;0;0;3;0;1
536557116;155 746 527;A01;2;7;0;1;7;1;2
536557117;155 746 525;A01;1;7;2;0;1;13;1
536557118;155 746 524;A01;2;1;6;0;2;0;5
536557119;155 746 522;B01;1;7;9;2;7;15;1
536557119;155 746 523;A01;2;10;9;2;1;1;1
536557120;155 746 520;A01;1;50;1;2;1;1;3
536557120;155 746 521;B01;1;7;1;2;3;26;1
536557121;155 746 518;A01;1;7;13;0;9;1;1
536557122;155 746 519;A01;1;7;0;0;7;1;1
536557123;155 746 515;A01;2;33;0;0;0;0;0
536557124;155 746 513;A01;1;7;0;1;2;1;1
536557125;155 746 512;A01;2;7;0;2;3;21;1
536557125;155 746 516;B01;2;7;0;2;5;16;2
536557126;155 746 509;A01;0;7;0;2;1;13;1
536557126;155 746 511;B01;0;7;0;2;1;1;1
536557127;155 746 508;A01;1;2;13;0;0;21;1
536557128;155 746 506;B01;1;7;0;2;3;2;1
536557128;155 746 510;A01;1;7;0;0;4;15;1
536557129;155 746 503;A01;1;7;0;1;2;1;1
536557130;155 746 504;A01;1;10;0;2;1;2;1
536557130;155 746 505;B01;1;7;0;2;4;1;1
536557130;155 746 507;C01;1;7;0;2;4;1;1
536557131;155 746 501;A01;2;7;13;0;1;1;1
536557132;155 746 499;B01;1;7;0;2;1;1;1
536557132;155 746 502;A01;1;7;0;0;4;1;1
536557133;155 746 498;Z01;2;10;0;1;1;1;1
536557134;155 746 497;A01;2;7;0;2;0;2;1
536557134;155 746 500;Z01;2;99;0;2;0;0;0
536557135;155 746 496;A01;1;7;2;0;0;13;1
536557136;155 746 495;A01;2;7;13;0;3;1;1
536557137;155 746 494;A01;1;80;12;0;1;14;3
536557138;155 746 492;A01;2;7;13;0;3;13;1
536557139;155 746 491;A01;2;33;0;0;9;1;1
536557140;155 746 488;A01;1;10;0;2;2;2;1
536557140;155 746 490;B01;1;7;0;2;4;1;3
536557140;155 746 493;C01;1;7;0;2;4;2;1
536557141;155 746 487;A01;2;2;0;2;8;1;3
536557141;155 746 489;Z01;2;10;0;2;8;17;0
536557142;155 746 486;A01;1;32;0;0;0;1;1
536557143;155 746 485;A01;1;7;2;0;2;1;1
536557144;155 746 481;A01;2;1;0;1;3;1;5
536557145;155 746 482;A01;2;7;2;0;5;0;1
536557146;155 746 478;B01;2;33;0;2;1;3;1
536557146;155 746 483;A01;2;7;0;2;8;11;1
536557146;155 746 484;C01;2;7;0;2;5;1;1
536557147;155 746 477;A01;1;7;0;2;1;13;1
536557147;155 746 480;B01;2;7;0;2;1;1;1
536557148;155 746 476;B01;2;7;0;2;3;15;1
536557148;155 746 479;A01;2;32;0;2;1;2;1
536557149;155 746 473;A01;2;43;0;2;3;26;1
536557149;155 746 475;B01;1;50;0;2;1;5;3
536557150;155 746 472;B01;;7;1;0;6;24;1
536557150;155 746 474;A01;1;7;1;0;1;26;1
536557151;155 746 471;A01;1;7;4;0;6;1;0
536557152;155 746 470;A01;1;33;0;0;0;2;1
536557153;155 746 468;A01;0;2;7;0;1;1;1
536557154;155 746 467;A01;1;1;0;1;3;15;5
536557155;155 746 465;A01;3;33;0;2;1;1;1
536557155;155 746 469;B01;3;7;0;2;6;9;1
536557156;155 746 463;A01;2;7;0;1;2;2;0
536557157;155 746 460;C01;2;7;0;2;4;21;1
536557157;155 746 464;A01;2;7;0;2;1;2;2
536557157;155 746 466;B01;2;7;0;2;4;2;1
536557158;155 746 461;A01;1;7;8;0;9;1;1
536557159;155 746 459;B01;2;1;0;2;8;1;5
536557159;155 746 462;Z01;2;7;0;2;2;16;2
536557160;155 746 458;A01;3;10;6;0;1;1;1
536557161;155 746 454;A01;2;7;8;0;8;26;2
536557162;155 746 452;A01;2;7;0;2;2;1;1
536557162;155 746 456;B01;2;1;0;2;4;2;5
536557162;155 746 457;C01;2;1;0;2;4;2;5
536557163;155 746 449;A01;1;7;0;2;5;1;3
536557163;155 746 455;B01;1;7;0;2;3;13;1
536557164;155 746 450;B01;2;1;0;9;8;2;5
536557164;155 746 453;A01;1;7;0;9;7;2;1
536557165;155 746 448;A01;1;7;0;1;3;1;1
536557166;155 746 447;A01;2;7;15;0;1;1;1
536557167;155 746 445;A01;2;7;3;0;2;1;1
536557168;155 746 443;A01;2;7;0;2;3;2;1
536557168;155 746 446;B01;2;7;2;2;7;17;1
536557169;155 746 440;B01;1;30;0;2;1;0;1
536557169;155 746 442;A01;1;7;0;2;2;20;1
536557170;155 746 441;A01;1;7;0;2;2;10;1
536557170;155 746 444;B01;1;33;0;2;1;1;1
536557171;155 746 438;A01;2;7;4;0;1;1;1
536557172;155 746 437;A01;2;7;0;2;1;13;1
536557172;155 746 439;B01;1;7;0;2;1;1;1
536557173;155 746 434;B01;2;7;0;2;2;16;1
536557173;155 746 436;A01;2;31;0;2;8;18;1
536557174;155 746 433;A01;2;7;4;0;1;2;1