Num_Acc;id_vehicule;num_veh;senc;catv;obs;obsm;choc;manv;motor
536557472;155 745 891;B01;2;7;0;2;2;1;1
536557473;155 745 883;A01;3;30;0;1;1;25;1
536557474;155 745 881;Z01;2;10;0;9;0;0;0
536557474;155 745 884;B01;2;1;0;2;3;1;5
536557475;155 745 879;B01;1;7;3;2;6;1;1
536557475;155 745 880;A01;1;10;0;2;2;2;1
536557475;155 745 882;C01;1;10;3;2;5;1;1
536557476;155 745 875;A01;1;50;0;2;8;3;3
536557476;155 745 877;B01;1;7;4;2;8;22;1
536557476;155 745 878;C01;1;10;0;2;7;1;1
536557477;155 745 873;Z01;1;7;0;0;0;5;1
536557477;155 745 876;A01;2;7;0;2;9;1;1
536557478;155 745 872;B01;2;32;0;2;8;3;1
536557478;155 745 874;A01;2;7;0;2;7;12;3
536557479;155 745 870;A01;3;7;0;2;2;16;3
536557479;155 745 871;B01;3;34;0;2;4;1;1
536557480;155 745 866;A01;2;10;0;2;1;2;1
536557480;155 745 867;B01;2;7;0;2;4;2;2
536557480;155 745 869;C01;2;7;0;2;4;2;2
536557481;155 745 865;A01;2;7;0;2;9;11;2
536557481;155 745 868;B01;2;7;0;2;2;1;1
536557482;155 745 863;A01;1;50;0;2;8;15;3
536557482;155 745 864;Z01;1;33;9;2;1;1;0
536557483;155 745 861;A01;2;7;0;2;1;2;2
536557483;155 745 862;B01;2;7;0;2;4;2;1
536557484;155 745 860;A01;2;10;0;1;3;1;1
536557485;155 745 858;A01;2;7;0;2;1;12;1
536557486;155 745 857;B01;1;1;0;2;6;1;5
536557486;155 745 859;A01;1;7;0;2;3;1;1
536557487;155 745 856;A01;1;7;6;0;1;13;0
536557488;155 745 855;A01;2;13;0;0;0;1;1
536557489;155 745 853;A01;1;30;0;2;7;17;1
536557489;155 745 854;B01;3;7;0;2;3;15;1
536557490;155 745 850;A01;2;7;0;2;1;2;1
536557490;155 745 851;B01;2;7;0;2;4;2;1
536557491;155 745 849;A01;0;7;0;2;1;19;1
536557491;155 745 852;B01;0;7;0;2;1;0;2
536557492;155 745 847;A01;3;7;0;2;1;1;1
536557492;155 745 848;B01;3;7;0;2;4;1;3
536557493;155 745 844;A01;2;10;0;2;2;12;1
536557493;155 745 846;B01;2;33;0;2;8;1;1
536557494;155 745 843;A01;2;7;0;9;3;0;1
536557494;155 745 845;B01;3;1;0;2;0;0;5
536557495;155 745 839;B01;3;7;0;2;8;1;1
536557495;155 745 842;A01;3;32;0;2;2;1;1
536557496;155 745 836;B01;2;7;0;2;9;2;1
536557496;155 745 838;C01;2;10;0;2;4;2;1
536557496;155 745 841;A01;2;7;0;2;1;2;1
536557497;155 745 837;A01;2;7;0;2;0;17;1
536557497;155 745 840;B01;1;1;0;2;0;21;5
536557498;155 745 834;A01;1;43;0;0;7;1;1
536557499;155 745 831;A01;1;7;0;2;3;1;1
536557499;155 745 833;B01;1;0;0;2;5;12;0
536557500;155 745 832;A01;2;7;0;2;7;15;1
536557500;155 745 835;B01;2;7;0;2;1;1;1
536557501;155 745 826;A01;1;7;4;2;1;1;1
536557501;155 745 828;B01;1;7;0;2;4;1;1
536557501;155 745 829;C01;1;10;0;2;1;1;1
536557501;155 745 830;D01;1;7;0;2;3;1;1
536557502;155 745 825;A01;3;33;0;2;3;17;1
536557502;155 745 827;B01;3;7;0;2;8;15;1
536557503;155 745 824;A01;1;30;0;2;7;1;3
536557504;155 745 823;A01;1;33;0;0;9;1;1
536557505;155 745 820;A01;0;7;0;2;5;15;1
536557505;155 745 822;B01;0;2;0;2;1;1;1
536557506;155 745 819;A01;2;7;0;2;3;15;1
536557506;155 745 821;B01;1;33;0;2;1;1;1
536557507;155 745 816;A01;3;7;0;0;9;16;1
536557508;155 745 817;A01;1;7;0;2;1;13;1
536557508;155 745 818;B01;2;7;0;2;1;1;1
536557509;155 745 812;B01;2;7;0;2;1;1;1
536557509;155 745 815;A01;2;7;8;2;7;15;1
536557510;155 745 811;A01;1;7;0;2;1;1;1
536557510;155 745 813;B01;1;7;0;2;4;15;1
536557511;155 745 810;A01;1;7;0;2;3;2;1
536557511;155 745 814;B01;1;31;0;2;2;3;0
536557512;155 745 807;B01;0;34;0;2;1;1;1
536557512;155 745 809;A01;0;10;0;2;3;15;1
536557513;155 745 806;B01;1;34;0;2;8;10;1
536557513;155 745 808;A01;1;7;0;2;2;17;1
536557514;155 745 804;A01;1;50;1;0;1;14;3
536557514;155 745 805;B01;1;7;0;2;6;0;1
536557515;155 745 802;B01;2;1;0;2;1;2;5
536557515;155 745 803;A01;2;7;0;2;5;2;3
536557516;155 745 799;A01;1;7;0;2;4;16;1
536557516;155 745 801;B01;1;33;0;2;1;1;1
536557517;155 745 798;A01;1;7;0;2;2;10;1
536557517;155 745 800;B01;2;7;0;2;1;1;1
536557518;155 745 797;A01;2;2;0;1;1;5;1
536557519;155 745 796;A01;0;50;12;0;1;0;3
536557520;155 745 793;A01;3;7;1;0;1;2;0
536557521;155 745 794;A01;1;7;0;2;3;15;3
536557521;155 745 795;B01;1;32;0;2;1;1;1
536557522;155 745 791;A01;2;34;0;2;7;17;1
536557522;155 745 792;B01;2;13;0;2;3;15;1
536557523;155 745 788;A01;1;14;0;2;2;16;1
536557523;155 745 790;B01;2;7;0;2;3;16;1
536557524;155 745 787;A01;1;10;0;1;1;2;1
536557525;155 745 786;A01;2;7;0;2;1;13;1
536557525;155 745 789;B01;1;7;0;2;1;1;1
536557526;155 745 783;B01;1;40;0;2;3;1;3
536557526;155 745 785;A01;1;7;9;4;1;1;1
536557527;155 745 781;A01;0;10;0;2;3;1;0
536557527;155 745 784;B01;0;7;0;2;0;0;0
536557528;155 745 779;A01;2;50;12;0;1;1;3
536557529;155 745 780;A01;3;7;0;2;1;26;1
536557529;155 745 782;B01;3;32;0;2;4;2;1
536557530;155 745 774;A01;2;7;0;2;3;15;1
536557530;155 745 777;B01;2;50;0;2;1;1;3
536557531;155 745 773;C01;1;14;0;2;3;1;1
536557531;155 745 776;A01;1;7;0;2;1;1;2
536557531;155 745 778;B01;1;7;0;2;4;1;1
536557533;155 745 769;A01;2;7;8;2;8;16;1
536557533;155 745 771;Z01;2;0;0;2;0;0;0
536557534;155 745 768;A01;0;7;0;2;0;16;1
536557534;155 745 770;B01;0;37;0;2;0;1;1
536557535;155 745 766;B01;1;33;0;2;1;13;1
536557535;155 745 767;A01;1;7;0;2;3;10;1
536557536;155 745 763;B01;2;10;0;2;2;0;1
536557536;155 745 764;A01;2;1;0;0;0;0;5
536557537;155 745 761;C01;1;50;0;2;7;9;3
536557537;155 745 765;A01;1;7;0;9;3;19;6
536557538;155 745 760;B01;3;7;0;2;3;2;0
536557538;155 745 762;A01;3;10;0;2;1;1;0
536557539;155 745 757;A01;2;33;0;2;1;1;1
536557539;155 745 759;B01;2;1;0;2;4;1;5
536557540;155 745 756;B01;2;33;0;0;0;17;1
536557540;155 745 758;A01;2;7;0;0;0;15;1
536557541;155 745 754;A01;1;10;0;1;1;16;1
536557542;155 745 752;B01;1;7;6;2;2;1;1
536557542;155 745 755;A01;1;7;1;2;1;1;1
536557543;155 745 751;B01;3;7;0;2;3;19;1
536557543;155 745 753;A01;3;50;0;2;1;1;3
536557544;155 745 749;A01;3;7;12;0;3;17;1
536557545;155 745 750;A01;0;7;0;1;3;13;3
536557546;155 745 747;A01;3;1;0;2;0;1;5
536557546;155 745 748;B01;3;1;0;2;1;1;5
536557547;155 745 746;A01;3;7;12;0;3;13;1
536557548;155 745 744;A01;2;10;0;2;2;1;3
536557548;155 745 745;B01;2;7;0;2;4;23;2
536557549;155 745 743;A01;1;7;0;1;4;4;0
536557550;155 745 739;A01;2;7;0;2;6;2;1
536557550;155 745 741;B01;2;33;0;2;1;2;1
536557551;155 745 736;B01;1;7;0;2;7;1;1
536557551;155 745 738;A01;2;7;0;2;1;1;1
536557552;155 745 733;A01;1;10;0;2;3;1;1
536557552;155 745 735;B01;2;7;0;2;2;15;1
536557553;155 745 729;A01;1;7;0;2;7;2;1
536557553;155 745 732;B01;1;7;0;2;2;2;1
536557554;155 745 726;A01;1;50;0;2;7;26;3
536557554;155 745 728;B01;1;7;0;9;0;17;0
536557555;155 745 723;A01;2;7;0;2;3;13;1
536557555;155 745 725;B01;1;17;0;2;1;1;1
536557556;155 745 722;A01;0;7;0;9;8;15;1
536557556;155 745 724;B01;2;50;0;2;1;2;3
536557557;155 745 719;A01;2;30;0;1;0;2;1
536557558;155 745 718;B01;2;7;0;2;9;1;3
536557558;155 745 720;A01;1;7;0;2;1;17;1
536557558;155 745 721;C01;2;10;0;2;8;1;1
536557559;155 745 715;B01;1;7;0;2;2;1;1
536557559;155 745 717;A01;1;50;0;2;3;15;3
536557560;155 745 714;B01;1;7;0;2;4;2;1
536557560;155 745 716;A01;1;7;0;2;1;2;1
536557561;155 745 713;A01;1;2;0;0;0;2;1
536557562;155 745 711;A01;3;7;0;2;1;15;1
536557562;155 745 712;B01;3;1;0;2;1;1;5
536557563;155 745 709;A01;1;32;0;2;1;21;1
536557563;155 745 710;B01;2;7;0;2;3;15;1
536557564;155 745 708;A01;0;33;12;0;1;1;1
536557565;155 745 707;A01;0;7;13;0;8;1;1
536557566;155 745 706;A01;3;7;0;2;1;16;1
536557567;155 745 703;A01;1;7;0;4;7;26;1
536557567;155 745 705;B01;1;40;0;2;1;1;3
536557568;155 745 702;A01;1;7;0;0;4;23;1
536557568;155 745 704;B01;1;7;0;2;2;2;1
536557569;155 745 701;A01;1;7;9;0;1;1;1
536557570;155 745 700;A01;2;7;0;0;9;9;1
536557571;155 745 698;A01;3;7;0;1;3;1;1
536557572;155 745 697;B01;1;33;0;2;1;1;1
536557572;155 745 699;A01;1;7;0;2;3;1;1
536557573;155 745 694;A01;3;0;0;2;6;20;0
536557573;155 745 696;B01;3;0;0;2;1;1;0
536557574;155 745 693;B01;3;33;0;0;0;0;1
536557574;155 745 695;A01;3;7;0;2;2;15;1
536557575;155 745 691;A01;1;7;0;2;8;24;2
536557575;155 745 692;B01;1;1;1;0;1;2;5
536557576;155 745 690;A01;3;7;0;1;1;2;1
536557577;155 745 687;A01;0;7;0;2;3;2;1
536557577;155 745 688;B01;0;14;0;2;3;2;1
536557578;155 745 686;B01;2;1;0;2;7;1;5
536557578;155 745 689;A01;2;7;0;2;1;19;2
536557579;155 745 682;A01;2;7;0;2;1;1;1
536557579;155 745 684;B01;1;7;1;2;1;15;1
536557580;155 745 681;C01;0;10;0;2;4;0;1
536557580;155 745 683;B01;3;10;0;2;1;21;1
536557580;155 745 685;A01;3;7;0;2;1;1;1
536557581;155 745 678;B01;2;50;0;2;1;19;3
536557581;155 745 680;A01;1;7;0;9;3;19;1
536557582;155 745 674;A01;2;7;0;2;1;2;1
536557582;155 745 676;C01;2;7;0;2;4;2;2
536557582;155 745 677;D01;2;7;0;2;4;2;2
536557582;155 745 679;B01;2;13;0;2;1;2;3
536557583;155 745 673;A01;1;30;0;2;1;1;1
536557583;155 745 675;B01;2;37;0;2;6;19;1
536557584;155 745 672;A01;3;14;0;1;4;26;1
536557585;155 745 671;A01;1;7;1;0;3;15;1
536557586;155 745 670;A01;3;3;12;0;1;21;1
536557587;155 745 669;A01;3;38;0;1;1;1;1
536557588;155 745 668;A01;3;7;0;1;8;15;1
536557589;155 745 666;Z01;1;1;0;1;1;1;5
536557590;155 745 665;B01;3;7;0;2;1;1;1
536557590;155 745 667;A01;3;7;0;2;9;1;1
536557591;155 745 663;B01;3;7;0;2;3;23;2
536557591;155 745 664;A01;1;10;0;2;7;26;1
536557592;155 745 661;A01;1;10;0;1;1;1;1
536557593;155 745 660;A01;0;7;0;1;2;1;2
536557594;155 745 662;A01;0;7;0;1;1;19;1
536557595;155 745 658;A01;0;7;0;1;3;1;2
536557596;155 745 657;C01;0;1;0;2;7;1;5
536557596;155 745 659;A01;0;7;0;2;1;26;3
536557597;155 745 655;A01;2;10;0;1;2;26;1
536557598;155 745 654;B01;2;50;0;2;1;1;3
536557598;155 745 656;A01;2;7;0;2;2;16;2
536557599;155 745 651;B01;3;33;0;2;3;18;1
536557599;155 745 653;A01;3;7;0;2;3;1;3
536557600;155 745 650;A01;1;7;0;2;3;15;1
536557600;155 745 652;B01;1;50;0;2;8;1;3
536557601;155 745 648;A01;1;33;0;2;1;2;1
536557601;155 745 649;B01;1;1;0;2;4;2;5
536557602;155 745 647;A01;1;7;0;1;7;1;2
536557603;155 745 645;A01;1;7;0;1;7;14;2
536557604;155 745 644;B01;2;30;0;2;4;0;1
536557604;155 745 646;A01;2;0;0;2;1;0;0
536557605;155 745 643;A01;3;7;0;1;1;1;0
536557606;155 745 640;A01;3;7;0;2;1;1;1
536557606;155 745 642;B01;3;1;0;2;1;1;5
536557607;155 745 639;A01;2;7;0;2;2;15;1
536557607;155 745 641;B01;1;1;0;2;1;1;5
536557608;155 745 638;A01;1;7;0;1;1;1;1
536557609;155 745 637;A01;2;7;0;1;3;26;2
536557610;155 745 635;A01;2;7;0;9;3;1;1
536557610;155 745 636;B01;1;1;1;2;7;1;5
536557611;155 745 633;A01;2;7;0;1;1;15;1
536557612;155 745 631;B01;2;7;0;2;1;1;1
536557612;155 745 632;C01;2;7;0;2;3;1;1
536557612;155 745 634;A01;1;7;0;2;3;13;1
536557613;155 745 630;A01;0;37;0;1;2;16;1
536557614;155 745 629;A01;3;7;0;1;3;15;1
536557615;155 745 628;A01;2;33;0;0;8;15;1
536557616;155 745 627;A01;3;7;8;0;2;1;1
536557617;155 745 626;A01;2;7;0;1;1;1;2
536557618;155 745 623;A01;2;7;0;2;1;2;1
536557618;155 745 625;B01;2;7;0;2;4;1;1
536557619;155 745 619;C01;1;7;0;2;4;1;1
536557619;155 745 621;A01;1;7;12;2;3;2;1
536557619;155 745 624;B01;1;7;0;2;6;2;1
536557620;155 745 618;A01;2;7;0;2;1;1;2
536557620;155 745 620;B01;2;7;0;2;4;1;1
536557620;155 745 622;C01;2;10;0;2;3;1;1
536557621;155 745 614;B01;1;30;0;2;5;1;3
536557621;155 745 617;A01;2;7;0;2;1;1;2
536557622;155 745 615;A01;1;7;0;2;1;1;1
536557622;155 745 616;B01;1;7;0;2;4;1;2
536557623;155 745 613;A01;1;1;9;0;7;15;5
536557624;155 745 612;A01;2;7;0;1;3;1;1
536557625;155 745 609;B01;3;33;0;2;1;1;1
536557625;155 745 610;A01;3;7;0;2;2;16;1
536557626;155 745 606;A01;3;50;0;0;0;1;3
536557627;155 745 604;A01;1;7;0;0;5;15;1
536557627;155 745 605;B01;2;33;0;2;1;1;1
536557628;155 745 601;B01;2;7;0;2;5;16;1
536557628;155 745 603;A01;1;2;0;2;1;16;1
536557629;155 745 600;A01;2;7;0;2;3;13;1
536557629;155 745 602;B01;2;7;0;2;3;1;1
536557630;155 745 598;A01;1;7;1;0;1;0;1
536557631;155 745 597;A01;1;33;0;2;1;19;1
536557631;155 745 599;B01;2;10;0;2;2;1;1
536557632;155 745 595;A01;1;7;2;0;1;11;1
536557633;155 745 594;A01;3;7;0;2;3;9;1
536557633;155 745 596;B01;3;80;0;2;1;19;3
536557634;155 745 590;B01;1;14;0;2;1;1;1
536557634;155 745 592;A01;1;7;0;2;8;1;1
536557635;155 745 591;A01;1;7;0;2;1;5;1
536557635;155 745 593;B01;1;7;0;2;1;26;1
536557636;155 745 589;A01;1;7;2;0;1;13;1
536557637;155 745 588;A01;0;32;3;0;2;0;1
536557638;155 745 587;A01;1;7;11;0;3;1;1
536557639;155 745 586;A01;1;30;0;0;0;0;1
536557640;155 745 582;A01;2;34;0;0;1;17;1
536557640;155 745 583;B01;2;7;0;0;8;10;1
536557641;155 745 580;A01;1;33;0;0;0;1;1
536557642;155 745 579;A01;3;7;0;2;1;15;1
536557642;155 745 581;B01;3;2;0;2;8;1;1
536557643;155 745 576;A01;1;7;0;0;8;24;1
536557643;155 745 577;B01;1;1;1;0;1;1;5
536557644;155 745 575;A01;3;10;0;2;3;1;1
536557644;155 745 578;B01;3;2;0;2;1;1;1
536557645;155 745 572;Z01;1;7;0;2;2;0;0
536557645;155 745 574;B01;1;7;0;2;8;1;1
536557646;155 745 571;A01;2;7;0;2;2;19;1
536557646;155 745 573;B01;2;33;0;2;3;1;1
536557647;155 745 569;A01;1;10;0;2;1;15;1
536557647;155 745 570;B01;2;33;0;2;3;21;1
536557648;155 745 567;B01;2;7;0;2;2;1;1
536557648;155 745 568;A01;2;7;0;2;3;19;1
536557649;155 745 565;A01;0;10;1;0;2;1;1
536557649;155 745 566;B01;0;7;1;0;0;0;1
536557650;155 745 564;A01;1;7;16;0;1;1;1
536557651;155 745 562;A01;1;7;0;2;1;2;1
536557651;155 745 563;B01;1;7;0;2;4;2;1
536557652;155 745 561;A01;2;2;0;0;0;1;1
536557653;155 745 559;B01;1;7;0;2;1;1;1
536557653;155 745 560;A01;0;2;0;2;7;1;1
536557654;155 745 555;A01;2;7;0;2;1;13;1
536557654;155 745 557;C01;1;7;0;2;8;21;1
536557654;155 745 558;B01;1;7;0;2;1;1;1
536557655;155 745 553;A01;3;33;0;2;7;17;1
536557655;155 745 554;B01;3;7;0;2;8;1;1
536557655;155 745 556;C01;3;7;0;2;6;2;2
536557656;155 745 552;A01;2;33;0;0;9;0;0
536557657;155 745 551;A01;2;7;0;1;3;15;1
536557658;155 745 550;A01;1;7;13;0;1;14;1
536557659;155 745 549;A01;3;7;0;1;2;2;1
536557660;155 745 546;A01;0;7;0;2;6;9;1
536557660;155 745 548;B01;3;33;0;2;1;1;1
536557661;155 745 542;B01;1;2;0;2;7;26;1
536557661;155 745 544;A01;1;10;0;2;1;26;1
536557662;155 745 541;A01;1;2;0;2;1;1;1
536557662;155 745 543;B01;2;7;0;2;3;1;3
536557663;155 745 539;A01;1;7;2;0;3;14;1
536557664;155 745 538;A01;1;7;0;2;3;1;1
536557664;155 745 540;B01;2;7;0;2;3;13;1
536557665;155 745 537;A01;2;7;0;1;3;1;1
536557666;155 745 534;A01;1;7;0;2;1;16;1
536557666;155 745 536;B01;1;7;0;2;1;1;1
536557667;155 745 533;A01;2;2;0;2;1;13;1
536557667;155 745 535;B01;1;7;0;2;1;1;1
536557668;155 745 528;A01;1;7;0;2;6;11;2
536557668;155 745 530;B01;1;7;0;2;9;1;1
536557668;155 745 532;C01;1;10;0;2;1;1;1
536557669;155 745 529;B01;1;7;0;2;1;1;1
536557669;155 745 531;A01;2;7;0;2;2;15;2
536557670;155 745 526;A01;1;7;0;0;1;13;1
536557671;155 745 521;A01;1;10;0;2;1;1;1
536557671;155 745 522;B01;1;7;0;2;9;1;1
536557671;155 745 524;C01;1;10;0;2;9;1;1
536557671;155 745 525;D01;1;7;0;2;9;1;2
536557671;155 745 527;E01;1;7;0;2;4;1;1
536557672;155 745 520;B01;2;2;0;2;1;1;1
536557672;155 745 523;A01;1;10;0;2;7;19;1
536557673;155 745 517;B01;2;10;0;2;4;2;1
536557673;155 745 519;A01;2;31;0;2;1;2;1
536557674;155 745 516;A01;1;31;0;2;3;11;1
536557674;155 745 518;B01;2;7;0;2;3;1;1
536557675;155 745 513;B01;3;33;0;2;1;1;1
536557675;155 745 515;A01;3;10;0;2;7;1;1
536557676;155 745 512;B01;2;7;0;2;3;1;1
536557676;155 745 514;A01;1;7;0;2;3;1;2
536557677;155 745 511;A01;1;7;2;0;1;2;1
536557678;155 745 510;A01;2;33;2;0;2;0;1
536557679;155 745 507;A01;1;7;2;0;1;1;1
536557680;155 745 506;A01;2;2;0;0;0;16;1
536557681;155 745 504;A01;1;2;0;2;1;13;1
536557681;155 745 505;B01;1;7;0;0;3;15;1
536557682;155 745 502;B01;1;2;0;2;1;17;1
536557682;155 745 503;A01;1;7;0;0;3;10;2
536557683;155 745 500;B01;2;1;0;2;1;1;5
536557683;155 745 501;A01;1;10;0;2;1;15;1
536557684;155 745 498;B01;2;7;0;2;3;1;1
536557684;155 745 499;A01;1;7;0;2;3;13;1
536557685;155 745 496;A01;1;7;0;2;2;0;1
536557685;155 745 497;B01;1;15;0;0;4;0;1
536557686;155 745 494;A01;1;7;0;2;1;1;1
536557686;155 745 495;B01;2;99;0;2;2;1;1
536557687;155 745 492;B01;2;1;0;2;3;13;5
536557687;155 745 493;A01;2;7;0;9;2;17;1
536557688;155 745 491;A01;0;2;13;0;1;1;1
536557689;155 745 489;A01;1;7;13;2;3;13;1
536557689;155 745 490;B01;2;7;12;2;3;1;1
536557690;155 745 486;C01;2;15;0;2;7;1;1
536557690;155 745 487;A01;2;7;0;2;4;9;1
536557690;155 745 488;B01;2;15;0;2;1;1;1
536557691;155 745 484;A01;1;7;0;2;3;9;1
536557691;155 745 485;B01;1;33;0;2;1;1;1
536557692;155 745 482;B01;2;31;0;2;1;1;1
536557692;155 745 483;A01;1;7;0;2;2;15;1
536557693;155 745 481;A01;1;7;0;0;9;1;1
536557694;155 745 480;A01;3;33;1;0;1;1;1
536557695;155 745 478;B01;1;7;3;2;3;1;1
536557695;155 745 479;A01;2;7;3;2;1;13;1
536557696;155 745 477;A01;3;33;8;0;1;1;1
536557697;155 745 474;A01;2;33;0;2;1;1;1
536557697;155 745 475;B01;1;7;0;2;6;9;1
536557698;155 745 473;A01;1;15;0;1;2;1;1
536557699;155 745 472;A01;3;7;1;1;1;20;1
536557700;155 745 471;A01;2;7;15;9;9;1;1
536557701;155 745 469;A01;2;7;0;2;3;10;1
536557701;155 745 470;B01;2;7;0;2;2;1;1
536557702;155 745 468;A01;1;7;0;0;1;1;1
536557703;155 745 467;A01;1;7;0;1;1;1;1
536557704;155 745 465;A01;2;7;0;2;6;1;1
536557704;155 745 466;B01;2;7;0;2;2;3;1
536557705;155 745 463;A01;1;7;0;2;1;1;1
536557705;155 745 464;B01;1;7;0;0;1;1;1
536557706;155 745 461;B01;1;7;0;2;6;1;1
536557706;155 745 462;A01;1;34;0;2;1;1;1
536557707;155 745 460;A01;2;33;0;0;8;1;1
536557708;155 745 458;A01;2;34;3;2;8;3;1
536557708;155 745 459;B01;2;10;0;2;5;12;1
536557709;155 745 456;A01;1;10;0;2;1;26;1
536557709;155 745 457;B01;1;7;0;2;4;2;1
536557710;155 745 454;A01;1;7;0;2;4;1;2
536557710;155 745 455;B01;1;7;0;2;1;1;1
536557711;155 745 453;A01;1;32;4;0;1;0;1
536557712;155 745 451;A01;2;7;4;2;8;13;1
536557712;155 745 452;B01;2;7;1;0;3;2;1
536557713;155 745 449;A01;2;33;0;2;1;2;1
536557713;155 745 450;B01;2;7;0;0;4;1;1
536557714;155 745 447;A01;1;33;0;2;1;2;1
536557714;155 745 448;B01;1;7;0;2;4;1;1
536557715;155 745 445;A01;2;7;9;2;1;0;1
536557715;155 745 446;B01;2;7;0;2;1;1;1
536557716;155 745 442;A01;2;7;4;2;1;1;1
536557716;155 745 443;B01;2;7;4;2;4;2;1
536557716;155 745 444;C01;2;7;4;2;4;2;1
536557717;155 745 440;A01;2;7;0;2;6;11;1
536557717;155 745 441;B01;2;33;0;2;1;3;1
536557718;155 745 432;B01;1;7;0;2;2;16;1
536557718;155 745 435;A01;1;7;0;2;2;12;1
536557719;155 745 427;A01;2;15;0;2;1;2;1
536557719;155 745 428;H01;2;7;0;2;4;1;1
536557719;155 745 429;B01;2;7;0;2;4;1;2
536557719;155 745 430;C01;2;7;0;2;4;1;1
536557719;155 745 431;D01;2;7;0;2;4;1;1
536557719;155 745 433;E01;2;7;0;2;4;1;1
536557719;155 745 434;G01;2;7;0;2;4;1;2
536557719;155 745 436;I01;2;10;0;2;4;1;1
536557719;155 745 437;J01;2;10;0;2;4;1;1
536557719;155 745 438;K01;2;7;0;2;4;1;3
536557719;155 745 439;F01;2;7;0;2;7;1;1
536557720;155 745 421;A01;3;7;0;2;1;13;1
536557720;155 745 422;B01;3;7;0;2;1;1;1
536557721;155 745 423;C01;1;7;0;2;4;23;1
536557721;155 745 425;B01;1;7;0;2;4;23;1
536557721;155 745 426;A01;1;10;0;2;1;2;1
536557722;155 745 420;A01;3;30;0;1;1;21;1
536557723;155 745 418;A01;3;2;0;0;7;1;1
536557724;155 745 416;A01;1;10;0;9;2;2;1
536557724;155 745 417;B01;1;1;0;0;4;2;5
536557725;155 745 415;B01;2;33;0;2;1;1;1
536557725;155 745 419;A01;1;7;0;2;7;15;1
536557726;155 745 413;A01;3;7;0;2;2;15;2
536557726;155 745 414;B01;3;37;0;2;1;1;1
536557727;155 745 410;A01;0;7;0;2;2;15;1
536557727;155 745 411;B01;0;7;0;2;2;1;1
536557728;155 745 407;A01;1;33;0;2;0;3;1
536557728;155 745 409;B01;1;7;0;0;0;2;1
536557729;155 745 408;A01;3;7;0;2;3;9;1
536557729;155 745 412;B01;2;33;0;2;7;1;1
536557730;155 745 405;A01;2;2;0;2;1;1;1
536557730;155 745 406;B01;2;7;0;2;6;1;1
536557731;155 745 401;B01;3;50;0;0;0;0;3
536557731;155 745 402;A01;0;7;0;2;0;0;0
536557732;155 745 403;A01;1;50;0;2;1;14;3
536557732;155 745 404;B01;2;7;0;2;1;1;2
536557733;155 745 400;A01;1;34;0;1;0;26;1
536557734;155 745 397;A01;2;7;0;2;2;15;1
536557734;155 745 398;B01;1;34;0;2;3;1;1
536557735;155 745 396;A01;3;7;0;9;3;9;1
536557735;155 745 399;B01;2;50;0;2;1;1;3
536557736;155 745 394;A01;2;7;0;2;1;13;1
536557736;155 745 395;B01;1;7;0;2;1;1;1
536557737;155 745 391;A01;2;7;0;2;1;15;1
536557737;155 745 393;B01;2;34;0;2;1;1;1
536557738;155 745 392;A01;1;7;0;1;1;25;1
536557739;155 745 389;A01;1;7;0;1;0;15;1
536557740;155 745 388;A01;2;7;0;2;3;16;1
536557740;155 745 390;B01;1;33;0;2;2;15;1
536557741;155 745 385;A01;1;7;0;2;1;10;1
536557741;155 745 387;B01;2;2;0;2;1;26;1
536557742;155 745 384;A01;2;7;1;0;2;1;1
536557742;155 745 386;B01;1;7;0;2;7;23;2
536557743;155 745 382;A01;1;7;0;1;1;1;1
536557744;155 745 381;A01;3;30;0;2;3;13;1
536557744;155 745 383;B01;3;30;0;2;2;2;1
536557745;155 745 379;A01;0;10;0;1;1;16;1
536557746;155 745 380;A01;2;10;1;0;2;14;1
536557747;155 745 377;B01;0;7;0;2;1;1;1
536557747;155 745 378;A01;0;31;0;2;8;1;1
536557748;155 745 375;A01;2;7;6;0;1;21;1
536557749;155 745 374;A01;1;7;0;2;3;15;1
536557749;155 745 376;B01;1;33;0;2;3;17;1
536557750;155 745 373;A01;1;33;13;0;3;26;1
536557751;155 745 372;A01;3;7;0;1;2;26;1
536557752;155 745 369;B01;1;7;0;2;2;19;0
536557752;155 745 371;A01;2;7;0;2;1;19;1
536557753;155 745 370;A01;2;7;0;1;1;1;0
536557754;155 745 368;A01;1;30;0;0;0;20;1
536557755;155 745 367;A01;3;7;0;1;3;15;1
536557756;155 745 364;A01;2;32;0;9;1;17;1
536557756;155 745 366;B01;3;1;0;2;1;26;5
536557757;155 745 365;A01;2;30;0;0;0;21;1
536557758;155 745 363;A01;2;7;8;0;1;0;1
536557759;155 745 361;A01;1;30;0;1;1;1;1
536557760;155 745 360;B01;2;7;0;2;1;1;2
536557760;155 745 362;A01;1;7;0;2;1;21;1
536557761;155 745 358;A01;2;7;0;1;1;1;1
536557762;155 745 357;A01;3;7;0;2;8;19;1
536557762;155 745 359;B01;3;33;0;2;1;1;1
536557763;155 745 354;A01;1;7;0;2;5;15;1
536557763;155 745 355;B01;2;30;0;2;1;1;1
536557764;155 745 353;A01;1;7;0;2;2;9;1
536557764;155 745 356;B01;3;1;0;2;4;1;5
536557765;155 745 351;A01;2;7;0;9;4;9;1
536557765;155 745 352;B01;3;1;0;2;4;2;5
536557766;155 745 349;A01;1;7;15;0;1;15;1