Num_Acc;id_vehicule;num_veh;senc;catv;obs;obsm;choc;manv;motor
536558066;155 744 810;A01;1;7;0;2;1;2;1
536558066;155 744 812;C01;1;7;0;2;6;2;2
536558067;155 744 804;B01;1;7;0;2;2;15;1
536558067;155 744 806;A01;2;32;0;2;1;26;1
536558068;155 744 800;C01;1;7;0;2;1;1;1
536558068;155 744 802;A01;2;7;0;2;1;5;1
536558068;155 744 805;B01;1;7;0;2;1;1;1
536558068;155 744 807;D01;1;7;0;2;1;0;1
536558069;155 744 801;A01;2;33;0;2;1;26;1
536558069;155 744 803;B01;2;10;0;2;5;1;1
536558070;155 744 799;A01;1;7;0;1;3;15;1
536558071;155 744 798;A01;1;10;0;1;1;16;1
536558072;155 744 797;A01;3;7;0;1;1;15;3
536558073;155 744 793;A01;3;32;0;2;1;0;1
536558073;155 744 796;B01;3;7;0;2;8;0;1
536558074;155 744 791;A01;1;7;0;2;6;10;1
536558074;155 744 794;B01;1;43;0;2;1;1;1
536558075;155 744 792;A01;1;7;0;2;2;1;1
536558075;155 744 795;B01;1;1;0;2;4;11;5
536558076;155 744 788;A01;2;7;0;2;2;1;1
536558076;155 744 790;B01;2;7;0;2;6;1;1
536558077;155 744 787;A01;1;33;0;2;1;1;1
536558078;155 744 786;A01;3;7;0;2;3;1;1
536558078;155 744 789;B01;3;7;0;2;2;1;2
536558079;155 744 785;A01;0;7;0;1;1;19;1
536558080;155 744 783;Z01;2;1;0;1;1;1;5
536558081;155 744 782;A01;0;31;0;2;1;0;1
536558081;155 744 784;B01;0;33;0;2;0;0;1
536558082;155 744 779;A01;1;7;1;0;3;13;2
536558083;155 744 778;A01;1;1;0;2;1;1;5
536558083;155 744 781;B01;1;1;0;2;4;1;5
536558084;155 744 776;C01;2;33;0;2;4;21;1
536558084;155 744 777;A01;2;7;0;2;4;1;1
536558084;155 744 780;B01;2;33;0;2;1;21;1
536558085;155 744 773;A01;3;7;4;2;9;18;1
536558085;155 744 775;B01;3;7;0;2;3;0;1
536558086;155 744 772;A01;2;10;0;2;5;1;1
536558086;155 744 774;B01;2;7;0;2;3;16;1
536558087;155 744 769;B01;1;34;0;0;7;1;1
536558087;155 744 771;A01;2;80;0;0;1;19;3
536558088;155 744 768;B01;1;7;0;2;3;23;1
536558088;155 744 770;A01;2;33;0;2;1;3;1
536558089;155 744 767;A01;1;7;0;0;0;0;1
536558090;155 744 765;A01;2;7;0;1;3;16;1
536558091;155 744 764;A01;2;7;0;2;3;19;2
536558091;155 744 766;B01;2;32;0;2;1;1;1
536558092;155 744 763;A01;2;7;14;0;3;13;1
536558093;155 744 762;A01;3;10;5;0;3;1;1
536558094;155 744 758;A01;1;7;0;0;3;1;1
536558094;155 744 761;B01;1;10;9;2;1;1;1
536558095;155 744 759;A01;1;33;0;2;1;17;1
536558095;155 744 760;B01;1;7;0;2;3;15;1
536558096;155 744 757;A01;1;50;9;0;1;25;3
536558097;155 744 756;A01;3;7;0;1;3;20;1
536558098;155 744 754;A01;2;7;0;2;3;15;1
536558098;155 744 755;B01;2;2;0;2;1;17;3
536558099;155 744 753;A01;1;10;0;1;4;26;1
536558100;155 744 751;B01;2;2;0;2;2;1;1
536558100;155 744 752;A01;1;10;0;2;5;10;1
536558101;155 744 749;A01;2;7;0;2;1;13;1
536558101;155 744 750;B01;1;7;0;2;1;1;1
536558102;155 744 748;A01;2;7;0;1;1;16;1
536558103;155 744 744;A01;2;7;0;2;4;2;0
536558103;155 744 745;B01;2;30;0;2;1;2;1
536558104;155 744 742;A01;0;33;0;0;0;0;1
536558105;155 744 743;A01;3;30;0;0;0;1;3
536558106;155 744 739;B01;1;7;0;2;1;21;0
536558106;155 744 741;A01;2;7;0;2;7;15;1
536558107;155 744 737;A01;2;33;12;2;2;26;1
536558107;155 744 738;B01;1;7;0;2;2;1;1
536558108;155 744 736;A01;1;7;2;0;1;1;1
536558109;155 744 734;A01;2;7;6;0;2;1;1
536558110;155 744 733;A01;1;1;0;2;1;13;5
536558110;155 744 735;B01;2;1;0;2;1;1;5
536558111;155 744 732;A01;1;7;1;1;2;15;1
536558112;155 744 730;A01;1;7;2;9;9;14;1
536558113;155 744 728;B01;3;10;0;2;6;24;1
536558113;155 744 731;A01;3;38;1;0;7;1;1
536558114;155 744 727;A01;2;7;0;2;4;4;1
536558114;155 744 729;B01;2;1;0;2;1;1;5
536558115;155 744 724;A01;0;1;0;0;0;0;5
536558115;155 744 726;B01;1;34;0;2;7;2;1
536558116;155 744 723;Z01;2;1;0;1;4;19;5
536558117;155 744 722;A01;1;2;0;2;1;15;1
536558117;155 744 725;B01;2;7;0;2;3;1;1
536558118;155 744 720;A01;1;7;0;2;3;1;1
536558118;155 744 721;B01;1;7;12;0;5;23;0
536558119;155 744 718;A01;3;7;8;0;1;15;1
536558120;155 744 719;A01;1;7;14;0;2;1;1
536558121;155 744 717;A01;1;7;0;1;2;26;1
536558122;155 744 715;A01;1;7;0;1;2;1;1
536558123;155 744 713;A01;1;10;0;2;3;15;1
536558123;155 744 716;B01;1;32;0;2;5;17;1
536558124;155 744 712;A01;1;7;0;2;3;15;1
536558124;155 744 714;B01;1;2;0;2;2;17;1
536558125;155 744 710;B01;2;7;0;2;1;2;1
536558125;155 744 711;A01;2;10;0;2;4;26;1
536558126;155 744 708;A01;2;7;9;1;1;15;1
536558127;155 744 707;A01;2;10;0;2;1;2;1
536558127;155 744 709;B01;2;7;0;2;4;2;1
536558128;155 744 706;A01;3;7;0;1;2;1;1
536558129;155 744 703;B01;3;7;0;2;1;1;1
536558129;155 744 705;A01;3;7;0;2;1;13;1
536558130;155 744 702;A01;2;1;0;2;1;1;5
536558130;155 744 704;Z01;2;30;0;2;7;1;0
536558131;155 744 701;A01;0;7;0;1;2;1;1
536558132;155 744 699;A01;1;7;1;2;1;1;1
536558132;155 744 700;B01;1;7;0;2;4;1;1
536558133;155 744 697;A01;1;7;2;0;1;1;1
536558134;155 744 696;A01;1;33;0;2;1;1;1
536558134;155 744 698;B01;2;1;0;2;1;1;5
536558135;155 744 694;A01;1;33;0;2;0;0;1
536558135;155 744 695;B01;1;60;0;2;1;26;5
536558136;155 744 693;A01;2;7;8;6;8;1;1
536558137;155 744 692;A01;1;99;0;0;0;21;5
536558138;155 744 691;A01;2;7;9;0;1;1;1
536558139;155 744 688;A01;1;7;0;2;2;1;1
536558139;155 744 690;B01;1;1;0;2;5;1;5
536558140;155 744 687;A01;2;1;0;2;7;17;5
536558140;155 744 689;B01;2;1;0;2;8;1;5
536558141;155 744 685;A01;2;7;1;0;2;2;1
536558141;155 744 686;B01;2;7;0;2;6;23;1
536558142;155 744 684;A01;2;2;0;0;7;1;1
536558143;155 744 682;A01;1;30;0;2;2;12;1
536558143;155 744 683;B01;1;37;0;2;3;7;1
536558144;155 744 681;A01;2;7;3;0;1;14;1
536558145;155 744 680;A01;1;7;13;0;0;21;1
536558146;155 744 679;A01;0;7;0;1;1;26;1
536558147;155 744 678;A01;1;10;0;1;1;15;3
536558148;155 744 677;A01;3;31;0;0;0;1;1
536558149;155 744 673;B01;1;1;0;2;3;18;5
536558149;155 744 676;A01;0;7;0;2;2;1;1
536558150;155 744 672;A01;1;33;0;2;1;17;1
536558150;155 744 675;B01;2;7;0;2;1;9;1
536558151;155 744 671;A01;1;7;0;2;3;11;1
536558151;155 744 674;B01;2;7;0;2;3;1;1
536558152;155 744 668;A01;1;7;3;0;1;1;1
536558153;155 744 667;A01;1;2;0;2;2;1;1
536558153;155 744 669;B01;0;2;0;2;1;9;3
536558154;155 744 662;B01;2;7;0;2;1;1;1
536558154;155 744 665;A01;1;7;0;2;1;13;1
536558155;155 744 661;B01;1;1;0;2;7;1;5
536558155;155 744 664;A01;2;7;0;2;2;15;1
536558156;155 744 660;A01;2;7;0;2;3;19;1
536558156;155 744 663;B01;1;7;0;2;7;1;1
536558157;155 744 659;A01;2;7;0;0;0;1;6
536558158;155 744 657;Z01;3;0;0;1;0;2;0
536558159;155 744 655;A01;1;7;0;2;3;17;1
536558159;155 744 658;B01;1;21;0;2;6;1;1
536558160;155 744 654;A01;1;7;0;2;7;12;1
536558160;155 744 656;B01;1;30;0;2;3;1;1
536558161;155 744 652;A01;3;31;2;0;1;1;1
536558162;155 744 651;A01;1;33;0;0;8;1;1
536558163;155 744 650;B01;3;7;0;2;8;11;1
536558163;155 744 653;A01;3;7;0;2;2;1;1
536558164;155 744 649;A01;0;7;0;9;2;0;1
536558165;155 744 647;A01;2;7;2;0;2;1;1
536558166;155 744 646;A01;1;7;0;2;8;15;1
536558166;155 744 648;B01;1;33;0;2;0;0;1
536558167;155 744 644;A01;2;7;0;2;1;6;1
536558167;155 744 645;B01;1;7;0;2;1;1;1
536558168;155 744 641;A01;2;7;0;2;1;1;1
536558168;155 744 642;B01;2;7;13;0;4;1;3
536558169;155 744 640;A01;1;33;13;0;0;1;1
536558170;155 744 639;A01;2;7;0;2;3;1;1
536558170;155 744 643;B01;3;7;0;2;7;1;1
536558171;155 744 637;B01;1;10;0;2;3;1;1
536558171;155 744 638;A01;2;7;0;2;3;1;1
536558172;155 744 636;A01;1;7;2;0;7;1;1
536558173;155 744 635;A01;2;15;0;1;7;1;1
536558174;155 744 634;A01;1;10;2;0;1;13;1
536558175;155 744 631;A01;1;21;0;2;3;5;1
536558175;155 744 633;B01;2;7;0;2;3;5;1
536558176;155 744 630;A01;1;7;2;0;1;0;0
536558177;155 744 629;A01;2;7;0;2;1;11;1
536558177;155 744 632;B01;2;7;0;2;4;2;1
536558178;155 744 625;A01;1;7;0;2;3;1;1
536558178;155 744 628;B01;2;3;0;2;3;1;1
536558179;155 744 624;A01;0;7;0;2;3;15;3
536558179;155 744 626;B01;0;30;0;2;2;17;1
536558180;155 744 623;A01;3;2;0;2;5;19;1
536558180;155 744 627;B01;3;7;0;2;2;1;1
536558181;155 744 619;B01;3;7;0;2;3;13;1
536558181;155 744 622;A01;3;7;0;2;3;13;1
536558182;155 744 618;B01;0;99;0;2;8;9;0
536558182;155 744 621;A01;0;7;0;2;1;19;1
536558183;155 744 615;B01;2;10;0;2;1;1;1
536558183;155 744 617;A01;1;7;0;2;1;1;1
536558183;155 744 620;C01;1;7;0;2;3;1;1
536558184;155 744 614;A01;2;2;0;2;1;1;1
536558184;155 744 616;B01;1;7;0;2;7;15;1
536558185;155 744 612;A01;1;7;0;2;4;1;1
536558185;155 744 613;B01;1;7;0;2;1;1;1
536558186;155 744 611;A01;3;7;2;0;3;1;1
536558187;155 744 608;A01;1;36;15;0;1;1;1
536558188;155 744 607;A01;2;32;0;1;1;21;1
536558189;155 744 606;A01;3;7;13;0;1;0;1
536558190;155 744 605;A01;1;7;0;2;8;9;1
536558190;155 744 609;B01;2;7;0;2;1;1;1
536558191;155 744 600;A01;2;7;0;2;3;13;1
536558191;155 744 602;B01;1;7;0;2;3;1;1
536558192;155 744 601;A01;2;33;0;2;5;17;1
536558192;155 744 604;B01;2;7;0;2;3;9;1
536558193;155 744 603;A01;1;7;0;1;1;16;2
536558194;155 744 595;A01;1;7;0;9;8;9;2
536558194;155 744 598;B01;2;1;0;2;1;16;5
536558195;155 744 596;A01;2;7;0;0;1;0;1
536558195;155 744 599;B01;1;7;0;0;1;0;1
536558196;155 744 594;A01;2;7;0;9;1;5;2
536558196;155 744 597;B01;2;1;0;2;8;19;5
536558197;155 744 592;A01;1;7;6;0;1;1;6
536558198;155 744 591;A01;2;7;0;2;1;15;1
536558198;155 744 593;B01;1;7;9;2;1;1;1
536558199;155 744 589;B01;1;7;0;2;7;0;1
536558199;155 744 590;A01;1;34;0;0;0;15;1
536558200;155 744 588;A01;2;33;0;0;0;1;1
536558201;155 744 587;A01;1;7;6;0;0;0;1
536558202;155 744 584;A01;1;7;0;2;2;9;1
536558202;155 744 585;B01;1;1;0;2;5;1;5
536558203;155 744 581;A01;2;10;0;2;2;2;1
536558203;155 744 583;B01;2;50;0;0;4;2;3
536558204;155 744 582;B01;3;50;0;2;2;15;3
536558204;155 744 586;A01;3;7;0;2;3;2;1
536558205;155 744 580;A01;1;7;6;0;1;1;1
536558206;155 744 578;A01;1;7;0;2;7;1;1
536558206;155 744 579;B01;1;30;0;0;0;0;1
536558207;155 744 576;A01;2;38;2;0;7;1;1
536558208;155 744 575;A01;2;31;0;2;1;2;1
536558208;155 744 577;B01;2;7;0;0;4;1;1
536558209;155 744 571;A01;1;7;0;2;1;13;1
536558209;155 744 573;B01;2;7;0;2;1;1;1
536558210;155 744 570;B01;2;7;0;0;4;1;1
536558210;155 744 574;A01;2;33;0;2;1;1;1
536558211;155 744 572;A01;1;7;0;1;2;16;1
536558212;155 744 569;A01;1;14;0;1;1;1;1
536558213;155 744 568;A01;1;7;13;0;1;1;1
536558214;155 744 566;A01;2;7;0;6;1;1;1
536558215;155 744 564;B01;1;32;0;0;4;16;1
536558215;155 744 565;A01;1;7;0;2;1;16;1
536558216;155 744 563;B01;1;80;0;2;2;1;3
536558216;155 744 567;A01;2;7;0;2;7;1;2
536558217;155 744 560;A01;1;33;13;0;0;1;1
536558217;155 744 562;B01;2;7;0;0;0;0;1
536558218;155 744 559;B01;2;7;0;2;2;15;3
536558218;155 744 561;A01;1;33;0;2;2;3;3
536558219;155 744 557;A01;1;33;0;6;0;21;1
536558220;155 744 555;A01;2;33;0;2;1;13;1
536558220;155 744 556;B01;1;7;0;2;2;1;1
536558221;155 744 554;A01;0;34;0;2;1;1;1
536558221;155 744 558;B01;0;7;0;2;1;1;1
536558222;155 744 553;A01;3;2;13;0;2;1;1
536558223;155 744 552;A01;2;7;4;0;2;1;1
536558224;155 744 548;A01;1;32;0;2;1;17;1
536558224;155 744 550;B01;1;7;0;2;3;15;1
536558225;155 744 549;B01;3;31;1;0;2;21;1
536558225;155 744 551;A01;3;7;0;2;3;15;1
536558226;155 744 546;A01;2;7;0;2;1;12;1
536558226;155 744 547;B01;2;15;0;0;8;2;1
536558227;155 744 544;A01;3;7;0;0;0;1;1
536558228;155 744 542;A01;2;10;1;0;8;4;3
536558228;155 744 543;B01;1;7;0;2;1;23;1
536558228;155 744 545;Y01;3;1;1;2;1;24;5
536558229;155 744 540;A01;1;32;0;2;1;1;1
536558229;155 744 541;B01;1;7;0;2;6;1;1
536558230;155 744 537;A01;1;7;0;2;6;19;1
536558230;155 744 539;B01;1;33;0;2;1;26;1
536558231;155 744 535;B01;3;1;0;2;2;1;5
536558231;155 744 538;A01;3;7;0;2;3;15;2
536558232;155 744 536;A01;1;7;3;0;0;14;1
536558233;155 744 534;A01;0;32;0;0;0;1;0
536558234;155 744 530;A01;3;10;0;2;2;17;1
536558234;155 744 532;B01;3;1;0;2;4;1;5
536558235;155 744 531;A01;1;10;0;2;2;16;1
536558235;155 744 533;B01;1;50;0;2;3;1;3
536558236;155 744 528;A01;1;31;0;2;1;0;6
536558236;155 744 529;B01;1;10;0;2;2;9;1
536558237;155 744 526;A01;1;7;13;0;2;14;1
536558238;155 744 525;A01;3;7;0;2;2;14;1
536558238;155 744 527;B01;3;7;0;2;6;1;1
536558239;155 744 523;B01;2;50;0;2;3;15;3
536558239;155 744 524;A01;1;7;0;2;2;1;1
536558240;155 744 522;A01;3;7;8;0;1;0;1
536558241;155 744 521;A01;3;7;0;1;1;26;2
536558242;155 744 518;A01;3;7;0;0;0;0;0
536558242;155 744 520;B01;3;50;12;0;8;1;3
536558243;155 744 517;A01;2;7;6;0;2;2;1
536558244;155 744 516;A01;3;7;0;2;1;17;1
536558244;155 744 519;B01;3;32;0;2;1;1;1
536558245;155 744 514;A01;2;33;3;0;0;1;1
536558246;155 744 512;A01;1;10;0;2;1;5;1
536558246;155 744 515;B01;2;15;0;2;1;1;1
536558247;155 744 511;B01;1;10;0;9;1;15;1
536558247;155 744 513;A01;2;2;0;2;1;1;1
536558248;155 744 510;A01;2;7;2;0;6;14;1
536558249;155 744 509;A01;1;7;0;0;0;1;1
536558250;155 744 507;A01;2;33;8;0;0;1;1
536558251;155 744 506;A01;3;7;0;2;3;16;1
536558251;155 744 508;B01;1;2;0;2;1;1;1
536558252;155 744 505;B01;1;15;1;1;2;1;1
536558253;155 744 504;A01;2;7;0;1;1;0;1
536558254;155 744 501;A01;2;7;0;2;3;10;1
536558254;155 744 503;B01;2;33;0;2;1;1;1
536558255;155 744 500;A01;1;7;0;0;6;15;1
536558255;155 744 502;B01;1;32;0;2;1;17;1
536558256;155 744 496;B01;1;7;16;0;6;1;1
536558256;155 744 498;A01;1;7;16;2;2;17;1
536558257;155 744 495;A01;3;7;0;2;1;13;1
536558257;155 744 497;B01;3;7;0;2;1;1;1
536558258;155 744 492;A01;3;7;0;2;3;1;1
536558258;155 744 494;B01;3;7;0;2;7;1;1
536558259;155 744 493;A01;0;2;6;0;0;1;1
536558260;155 744 490;A01;2;7;0;0;0;0;1
536558261;155 744 491;A01;2;7;16;0;9;17;1
536558262;155 744 486;A01;1;33;15;0;1;13;1
536558263;155 744 485;A01;3;7;13;2;1;2;2
536558263;155 744 488;C01;3;1;0;0;4;2;5
536558263;155 744 489;B01;3;7;0;2;4;2;3
536558264;155 744 484;B01;2;32;0;2;3;13;1
536558264;155 744 487;A01;2;7;0;2;2;17;1
536558265;155 744 483;A01;2;21;1;0;7;1;1
536558266;155 744 480;B01;2;1;0;2;4;13;5
536558266;155 744 482;A01;2;7;0;9;2;17;1
536558267;155 744 479;A01;1;32;0;2;1;1;1
536558267;155 744 481;B01;2;7;0;2;2;13;1
536558268;155 744 474;A01;2;7;0;2;3;13;1
536558268;155 744 476;B01;1;10;0;2;3;1;1
536558269;155 744 473;C01;2;7;0;0;3;23;1
536558269;155 744 477;A01;2;7;0;2;2;5;1
536558269;155 744 478;B01;2;15;0;2;2;1;1
536558270;155 744 472;A01;2;7;0;2;8;13;1
536558270;155 744 475;B01;1;7;0;2;6;1;1
536558271;155 744 470;A01;1;7;0;0;3;1;1
536558271;155 744 471;B01;2;7;0;0;2;1;1
536558272;155 744 468;A01;1;7;0;0;9;17;1
536558273;155 744 466;A01;2;7;0;2;1;15;1
536558273;155 744 469;B01;1;33;0;2;1;1;1
536558274;155 744 463;B01;1;7;13;2;3;1;1
536558274;155 744 464;A01;2;7;0;2;3;13;1
536558275;155 744 462;A01;1;0;0;1;0;0;0
536558276;155 744 459;A01;2;33;0;2;1;1;1
536558276;155 744 460;B01;2;7;0;0;5;1;1
536558277;155 744 458;A01;2;7;13;0;1;26;1
536558278;155 744 457;A01;1;7;0;1;1;1;1
536558279;155 744 456;A01;1;7;0;9;2;14;1
536558280;155 744 454;A01;3;7;6;0;3;1;1
536558281;155 744 453;A01;1;31;0;2;1;1;1
536558281;155 744 455;B01;1;7;0;2;3;1;1
536558282;155 744 452;A01;2;7;0;0;9;0;1
536558283;155 744 451;A01;1;33;8;0;7;1;1
536558284;155 744 448;A01;1;7;3;0;3;13;1
536558285;155 744 449;A01;1;2;0;2;1;1;1
536558285;155 744 450;B01;2;7;0;2;3;1;1
536558286;155 744 445;A01;2;7;6;2;4;1;1
536558287;155 744 444;A01;2;7;2;0;3;13;1
536558288;155 744 446;A01;1;7;0;2;5;15;1
536558288;155 744 447;B01;2;7;0;2;1;1;1
536558289;155 744 443;A01;1;7;16;0;1;16;1
536558290;155 744 440;B01;2;7;0;2;1;1;1
536558290;155 744 441;A01;1;10;0;2;1;13;1
536558291;155 744 439;B01;1;7;0;2;3;9;1
536558291;155 744 442;A01;2;7;0;2;2;1;1
536558292;155 744 433;A01;2;7;0;2;1;2;1
536558292;155 744 435;B01;2;10;0;2;4;2;1
536558292;155 744 437;C01;2;7;0;2;4;2;1
536558292;155 744 438;D01;2;7;0;2;4;2;1
536558293;155 744 434;A01;3;7;0;2;7;15;0
536558293;155 744 436;B01;3;33;0;2;1;1;1
536558294;155 744 430;B01;2;7;0;2;1;1;1
536558294;155 744 432;A01;1;10;0;2;8;19;1
536558295;155 744 428;A01;2;33;0;2;1;1;1
536558295;155 744 431;B01;2;7;0;2;4;12;1
536558296;155 744 424;A01;1;1;0;2;4;1;5
536558296;155 744 426;B01;1;7;0;2;2;1;1
536558297;155 744 422;A01;3;7;0;1;1;1;1
536558298;155 744 421;B01;2;7;0;2;1;1;1
536558298;155 744 423;A01;2;7;4;2;1;9;1
536558298;155 744 425;C01;2;7;0;2;3;1;1
536558299;155 744 419;A01;1;7;15;0;3;1;1
536558300;155 744 418;Z01;2;7;0;1;9;19;0
536558301;155 744 417;A01;2;7;2;2;7;14;1
536558301;155 744 420;B01;2;10;0;2;3;21;1
536558302;155 744 416;A01;2;7;2;0;1;1;1
536558303;155 744 415;A01;3;1;15;0;1;1;5
536558304;155 744 414;A01;2;7;6;0;1;14;1
536558305;155 744 411;B01;2;7;13;2;3;13;1
536558305;155 744 413;A01;1;14;0;2;5;21;1
536558306;155 744 410;A01;2;7;0;2;1;15;1
536558306;155 744 412;B01;1;1;0;2;1;1;5
536558307;155 744 406;B01;2;7;0;2;4;1;1
536558307;155 744 408;C01;2;7;0;2;1;1;1
536558307;155 744 409;A01;2;7;0;2;4;1;1
536558308;155 744 405;A01;1;7;0;2;0;0;1
536558308;155 744 407;B01;2;7;0;2;1;9;1
536558309;155 744 404;A01;1;33;6;0;1;13;1
536558310;155 744 401;A01;1;50;0;0;0;0;3
536558311;155 744 399;B01;2;7;0;2;6;1;1
536558311;155 744 402;C01;2;7;0;2;3;1;1
536558311;155 744 403;A01;2;33;0;2;2;3;1
536558312;155 744 398;A01;2;10;0;2;3;1;1
536558312;155 744 400;B01;1;36;0;2;3;1;1
536558313;155 744 396;A01;1;7;0;1;7;1;1
536558314;155 744 397;A01;1;7;0;1;2;1;1
536558315;155 744 393;A01;1;1;14;0;0;16;5
536558316;155 744 392;A01;2;33;0;2;1;5;1
536558316;155 744 395;B01;2;7;6;2;7;1;1
536558317;155 744 391;A01;3;30;0;2;2;15;1
536558317;155 744 394;B01;3;7;0;2;3;1;1
536558318;155 744 389;A01;1;7;13;0;1;26;1
536558319;155 744 390;A01;1;7;0;1;1;26;1
536558320;155 744 388;A01;0;99;8;0;1;1;1
536558321;155 744 385;A01;1;10;0;2;4;1;1
536558321;155 744 386;B01;1;2;0;2;1;1;3
536558322;155 744 383;A01;2;7;2;0;1;1;2
536558323;155 744 384;B01;1;2;0;2;4;15;1
536558323;155 744 387;A01;1;7;0;2;2;17;1
536558324;155 744 382;A01;2;33;0;1;2;21;1
536558325;155 744 380;A01;1;7;13;0;1;1;1
536558326;155 744 379;A01;2;7;0;2;4;2;1
536558326;155 744 381;B01;2;1;0;2;1;2;5
536558327;155 744 375;A01;1;30;0;2;4;14;1
536558327;155 744 378;Z01;1;7;0;2;1;1;0
536558328;155 744 374;B01;3;2;0;2;2;19;1
536558328;155 744 377;A01;2;7;0;2;1;1;2
536558329;155 744 372;A01;2;7;0;0;4;2;3
536558329;155 744 373;B01;2;7;0;0;1;2;1
536558329;155 744 376;C01;2;7;0;0;1;2;1
536558330;155 744 370;A01;2;10;0;0;9;13;1
536558331;155 744 369;A01;1;7;0;2;7;15;1
536558331;155 744 371;B01;1;2;0;2;1;1;1
536558332;155 744 368;A01;1;31;0;0;9;1;1
536558333;155 744 364;A01;1;7;0;2;1;2;1
536558333;155 744 367;B01;1;7;4;2;4;1;1
536558334;155 744 362;B01;1;7;0;2;5;1;1
536558334;155 744 366;A01;1;7;0;2;1;19;1
536558335;155 744 363;A01;2;7;0;2;3;1;1
536558335;155 744 365;B01;1;7;0;2;1;1;3
536558336;155 744 361;A01;2;31;8;0;1;1;1
536558337;155 744 359;A01;0;7;12;0;1;1;1
536558338;155 744 358;A01;2;7;0;0;6;2;1
536558338;155 744 360;B01;2;7;0;2;1;2;1
536558339;155 744 356;A01;1;30;13;0;0;2;1
536558339;155 744 357;B01;1;0;0;0;0;0;0
536558340;155 744 354;A01;3;33;0;0;0;0;1
536558341;155 744 352;A01;1;7;5;0;0;13;1
536558342;155 744 350;A01;2;33;0;2;1;2;1
536558342;155 744 353;B01;2;7;0;2;4;2;1
536558343;155 744 349;B01;2;7;0;2;1;15;1
536558343;155 744 351;A01;1;7;0;2;3;1;1
536558344;155 744 346;A01;2;7;0;2;1;13;1
536558344;155 744 348;B01;1;7;0;2;1;1;1
536558345;155 744 345;A01;1;43;0;2;0;9;1
536558345;155 744 347;B01;1;10;0;2;1;9;1
536558346;155 744 343;B01;1;10;0;2;1;1;1
536558346;155 744 344;A01;1;7;0;2;4;1;1
536558347;155 744 342;A01;1;7;0;1;0;0;2
536558348;155 744 340;B01;1;31;0;2;1;1;1
536558348;155 744 341;A01;2;7;0;2;3;13;1
536558349;155 744 335;B01;1;7;0;2;4;2;1
536558349;155 744 337;C01;1;7;0;2;1;2;1
536558349;155 744 339;A01;1;7;0;2;4;2;1
536558350;155 744 336;B01;1;7;0;2;4;2;1
536558350;155 744 338;A01;1;10;0;2;1;2;1
536558351;155 744 333;A01;2;7;0;2;1;26;1
536558351;155 744 334;B01;2;33;0;2;1;13;1
536558352;155 744 332;A01;2;7;0;2;4;2;1
536558353;155 744 330;B01;2;7;0;2;3;15;1
536558353;155 744 331;A01;1;7;0;2;2;21;1
536558354;155 744 326;A01;2;7;0;2;3;1;1
536558354;155 744 328;B01;2;7;0;2;1;1;1
536558355;155 744 327;B01;2;1;0;2;1;1;5
536558355;155 744 329;A01;1;7;0;0;5;15;1
536558356;155 744 324;A01;1;7;0;2;3;1;1
536558356;155 744 325;B01;1;7;0;2;4;15;1
536558357;155 744 323;A01;1;7;9;0;1;1;1
536558358;155 744 322;A01;2;7;2;0;1;2;1
536558359;155 744 321;A01;1;7;0;1;2;1;1
536558360;155 744 320;A01;1;7;0;9;3;1;1
536558361;155 744 319;A01;3;7;0;1;3;1;1
536558362;155 744 317;A01;1;7;4;0;3;1;1
536558363;155 744 316;Y01;2;33;15;2;1;1;1
536558363;155 744 318;A01;2;7;15;0;4;10;1
536558364;155 744 314;A01;1;2;0;9;1;13;1
536558364;155 744 315;B01;1;21;0;2;6;1;1
536558365;155 744 313;A01;1;7;0;2;1;2;1
536558366;155 744 312;A01;3;7;12;0;2;1;2
536558367;155 744 309;B01;1;1;0;2;1;1;5
536558367;155 744 311;A01;3;7;0;2;2;1;1
536558368;155 744 307;A01;2;33;0;2;1;18;1
536558368;155 744 310;B01;2;7;0;2;5;1;1
536558369;155 744 306;B01;3;7;0;2;1;1;1
536558369;155 744 308;A01;3;7;0;2;2;15;1
536558370;155 744 305;A01;1;10;6;0;1;1;1
536558371;155 744 304;A01;3;7;2;0;1;14;2
536558372;155 744 301;A01;3;50;0;2;1;13;3
536558372;155 744 303;B01;3;7;0;2;1;1;1
536558373;155 744 300;A01;2;7;1;0;1;13;3
536558374;155 744 299;A01;1;7;0;2;4;23;1
536558374;155 744 302;B01;1;7;0;2;1;2;1
536558375;155 744 296;A01;2;7;4;0;3;0;1
536558376;155 744 294;B01;2;7;0;2;1;1;1
536558376;155 744 297;A01;1;3;0;2;1;15;3
536558377;155 744 295;A01;2;7;0;2;1;2;1
536558377;155 744 298;B01;1;7;0;2;4;1;1
536558378;155 744 290;A01;2;10;0;2;5;14;1
536558378;155 744 293;B01;2;50;0;2;1;16;3
536558379;155 744 289;A01;1;33;0;2;6;11;1
536558379;155 744 291;B01;1;15;0;2;4;0;1
536558380;155 744 288;A01;2;7;0;2;1;15;1
536558380;155 744 292;B01;1;7;0;2;1;1;1
536558381;155 744 284;A01;2;7;0;2;1;1;1
536558381;155 744 286;B01;2;7;0;2;4;1;1
536558382;155 744 285;B01;2;1;0;2;1;0;5
536558382;155 744 287;A01;2;7;0;2;3;23;2
536558383;155 744 282;A01;1;7;0;2;1;2;1
536558383;155 744 283;B01;1;7;0;2;4;2;1
536558384;155 744 280;A01;2;7;1;1;3;17;2