Num_Acc;id_vehicule;num_veh;senc;catv;obs;obsm;choc;manv;motor
536558385;155 744 279;A01;1;7;0;2;1;1;1
536558385;155 744 281;B01;1;7;0;2;4;1;1
536558386;155 744 278;A01;1;7;2;0;1;1;6
536558387;155 744 277;A01;2;33;0;0;1;3;1
536558388;155 744 275;B01;0;2;0;2;2;17;1
536558388;155 744 276;A01;3;7;0;2;3;15;1
536558389;155 744 272;A01;2;7;0;2;2;11;1
536558389;155 744 273;B01;2;33;0;2;7;1;1
536558390;155 744 266;A01;2;33;0;2;2;1;1
536558390;155 744 269;B01;2;31;0;2;3;7;1
536558390;155 744 270;C01;1;7;0;2;2;23;2
536558391;155 744 265;A01;2;32;0;2;1;1;1
536558391;155 744 268;B01;2;7;0;2;6;1;1
536558392;155 744 264;B01;1;7;0;2;8;15;1
536558392;155 744 267;A01;1;7;0;2;1;1;1
536558393;155 744 262;A01;1;7;12;1;3;1;1
536558394;155 744 261;B01;1;7;0;2;5;12;1
536558394;155 744 263;A01;1;33;0;2;8;3;1
536558395;155 744 256;A01;0;33;14;2;8;19;1
536558395;155 744 258;B01;1;32;1;2;1;1;1
536558396;155 744 253;C01;2;7;0;2;4;2;1
536558396;155 744 255;A01;2;33;0;2;1;3;1
536558396;155 744 257;B01;2;7;0;2;6;2;1
536558397;155 744 251;A01;1;7;0;2;3;15;1
536558397;155 744 252;B01;2;2;0;2;1;0;1
536558397;155 744 254;C01;1;10;0;2;3;1;1
536558398;155 744 248;B01;1;50;0;2;1;1;3
536558398;155 744 250;A01;2;7;0;9;5;1;0
536558399;155 744 245;A01;2;10;0;2;4;1;1
536558399;155 744 247;B01;2;14;0;2;1;2;4
536558399;155 744 249;C01;2;7;0;2;1;2;1
536558400;155 744 244;A01;3;7;0;1;1;26;1
536558401;155 744 243;A01;3;7;0;2;1;1;1
536558401;155 744 246;B01;3;7;0;2;4;1;1
536558402;155 744 241;B01;2;10;0;2;1;2;1
536558402;155 744 242;A01;2;7;0;2;4;1;1
536558403;155 744 239;A01;2;10;0;2;2;16;1
536558403;155 744 240;B01;2;1;0;2;3;1;5
536558404;155 744 237;A01;2;7;0;2;1;1;1
536558404;155 744 238;B01;2;7;0;2;4;1;1
536558405;155 744 236;A01;2;1;0;0;0;1;5
536558406;155 744 233;A01;1;34;0;2;1;1;1
536558406;155 744 235;B01;2;7;0;2;5;15;1
536558407;155 744 232;B01;3;7;0;2;1;13;1
536558407;155 744 234;A01;3;50;0;2;1;1;3
536558408;155 744 231;A01;3;50;0;0;0;26;3
536558409;155 744 230;A01;3;50;8;1;1;25;3
536558410;155 744 229;A01;1;1;0;1;0;0;5
536558411;155 744 228;A01;2;7;0;0;9;0;1
536558412;155 744 227;A01;1;7;3;0;1;21;1
536558413;155 744 224;B01;2;7;0;9;4;2;1
536558413;155 744 226;A01;2;7;0;2;3;2;2
536558414;155 744 223;A01;3;1;0;0;1;15;5
536558415;155 744 221;A01;1;33;0;0;0;1;1
536558416;155 744 220;B01;2;33;0;2;7;1;1
536558416;155 744 222;A01;1;50;0;2;1;19;3
536558417;155 744 219;B01;1;33;0;2;1;1;1
536558417;155 744 225;A01;1;7;0;2;7;15;1
536558418;155 744 218;A01;1;7;13;0;1;2;1
536558419;155 744 217;A01;3;7;0;2;1;24;1
536558420;155 744 214;A01;2;7;0;2;3;1;1
536558420;155 744 216;B01;1;7;0;2;2;1;1
536558421;155 744 212;A01;1;7;0;2;2;15;1
536558421;155 744 215;B01;2;50;0;2;1;1;3
536558422;155 744 211;A01;3;7;0;2;2;10;1
536558422;155 744 213;B01;2;33;0;2;2;1;1
536558423;155 744 207;A01;1;10;0;1;2;1;1
536558424;155 744 206;A01;1;7;0;2;7;13;1
536558424;155 744 209;B01;2;7;0;2;1;1;1
536558425;155 744 205;A01;3;0;0;0;0;15;0
536558426;155 744 202;A01;1;10;0;2;3;0;1
536558426;155 744 204;B01;1;1;1;2;1;1;0
536558427;155 744 201;B01;1;33;0;2;1;1;1
536558427;155 744 203;A01;2;10;0;2;3;5;1
536558428;155 744 200;A01;1;7;13;0;1;1;2
536558429;155 744 198;A01;1;7;0;1;0;0;0
536558430;155 744 195;A01;3;50;0;2;8;19;3
536558430;155 744 197;B01;1;7;0;2;1;1;1
536558431;155 744 196;A01;1;7;0;2;5;16;1
536558431;155 744 199;B01;1;80;0;2;1;1;3
536558432;155 744 192;B01;3;34;0;2;5;1;0
536558432;155 744 194;A01;3;7;0;2;3;1;1
536558433;155 744 189;B01;3;33;0;2;2;1;1
536558433;155 744 193;A01;3;7;0;2;3;9;1
536558434;155 744 190;A01;1;7;0;2;3;15;1
536558434;155 744 191;B01;2;33;0;2;1;1;1
536558435;155 744 188;A01;2;7;0;1;2;20;1
536558436;155 744 186;A01;1;7;13;0;1;13;1
536558437;155 744 185;A01;1;7;0;2;8;15;1
536558437;155 744 187;B01;1;50;0;2;2;17;3
536558438;155 744 183;A01;1;30;1;0;7;16;1
536558439;155 744 182;A01;1;7;0;2;1;2;1
536558439;155 744 184;B01;1;7;0;2;5;1;1
536558440;155 744 180;A01;3;7;0;2;1;1;1
536558440;155 744 181;B01;3;7;0;2;4;1;1
536558441;155 744 179;A01;3;7;6;0;7;14;1
536558442;155 744 176;A01;0;7;6;0;9;1;1
536558443;155 744 177;A01;1;7;0;2;2;15;1
536558443;155 744 178;B01;2;33;0;2;1;13;1
536558444;155 744 174;A01;1;50;0;2;3;5;3
536558444;155 744 175;B01;1;7;0;9;8;15;1
536558445;155 744 173;A01;1;7;2;0;1;26;1
536558446;155 744 172;A01;1;33;12;0;3;2;1
536558447;155 744 170;A01;3;7;8;0;3;13;1
536558448;155 744 169;B01;1;7;0;2;3;1;1
536558448;155 744 171;A01;3;7;0;2;6;9;1
536558449;155 744 168;A01;2;7;1;0;2;1;1
536558450;155 744 164;A01;2;7;0;2;2;15;1
536558450;155 744 167;B01;1;31;0;2;1;1;1
536558451;155 744 162;B01;1;7;0;2;2;1;1
536558451;155 744 166;A01;1;7;0;2;3;9;1
536558452;155 744 161;A01;1;7;0;2;1;2;1
536558452;155 744 163;B01;1;7;0;2;4;2;2
536558452;155 744 165;C01;1;7;0;2;1;2;1
536558453;155 744 159;A01;3;7;0;2;1;2;1
536558453;155 744 160;B01;3;30;0;2;4;1;1
536558454;155 744 156;A01;1;7;0;1;7;19;2
536558455;155 744 157;A01;1;7;0;2;6;9;1
536558455;155 744 158;B01;1;2;0;2;1;1;1
536558456;155 744 154;A01;0;7;0;2;1;1;1
536558456;155 744 155;B01;3;7;0;2;4;1;1
536558457;155 744 151;A01;3;33;0;2;1;1;1
536558457;155 744 153;B01;3;7;0;2;6;1;1
536558458;155 744 150;B01;2;7;0;2;5;23;1
536558458;155 744 152;A01;2;30;0;2;1;2;1
536558459;155 744 149;A01;1;7;0;1;1;16;1
536558460;155 744 147;B01;1;7;0;2;2;12;3
536558460;155 744 148;A01;1;7;12;2;3;1;1
536558461;155 744 143;A01;3;7;1;0;1;1;1
536558462;155 744 142;A01;2;7;0;2;1;2;1
536558462;155 744 144;B01;2;7;0;2;4;2;1
536558462;155 744 146;C01;2;7;0;2;1;2;1
536558463;155 744 141;B01;2;50;0;2;3;26;3
536558463;155 744 145;A01;2;7;0;2;2;16;1
536558464;155 744 138;B01;1;1;0;2;4;1;5
536558464;155 744 140;A01;1;7;0;2;1;2;1
536558465;155 744 137;A01;3;33;0;2;1;2;1
536558465;155 744 139;B01;3;7;0;2;5;2;2
536558466;155 744 136;A01;1;7;0;1;1;1;1
536558467;155 744 134;A01;2;7;0;2;2;15;1
536558467;155 744 135;B01;1;50;0;2;2;25;3
536558468;155 744 132;A01;2;10;0;2;1;1;1
536558468;155 744 133;Z01;1;7;0;2;1;13;1
536558469;155 744 130;A01;2;99;0;2;7;1;3
536558470;155 744 129;B01;2;7;0;2;3;0;1
536558470;155 744 131;A01;1;7;0;2;2;0;1
536558471;155 744 127;A01;3;7;0;1;1;1;1
536558472;155 744 126;A01;3;7;0;2;1;26;1
536558472;155 744 128;B01;3;2;0;2;1;1;1
536558473;155 744 123;A01;1;7;0;2;4;2;1
536558473;155 744 125;B01;1;7;0;2;1;2;1
536558474;155 744 122;B01;2;7;0;2;3;13;1
536558474;155 744 124;A01;1;7;0;2;1;13;1
536558475;155 744 121;A01;3;7;0;1;1;1;1
536558476;155 744 118;A01;2;1;0;2;7;1;5
536558476;155 744 120;B01;2;50;0;2;8;1;3
536558477;155 744 117;B01;2;7;0;2;5;20;1
536558477;155 744 119;A01;2;30;0;2;1;1;1
536558478;155 744 114;A01;2;7;0;0;7;20;1
536558478;155 744 116;B01;2;1;0;0;2;20;5
536558479;155 744 115;A01;3;7;0;1;1;1;1
536558480;155 744 111;A01;3;7;0;2;2;2;1
536558480;155 744 113;B01;3;1;0;2;0;0;5
536558481;155 744 110;B01;1;7;0;2;8;15;1
536558481;155 744 112;A01;1;33;0;2;2;17;1
536558482;155 744 107;A01;3;7;0;2;2;15;2
536558482;155 744 109;B01;3;0;0;2;3;19;3
536558483;155 744 106;B01;2;43;0;2;3;13;1
536558483;155 744 108;A01;2;7;0;2;3;13;1
536558484;155 744 104;B01;3;7;0;2;1;1;1
536558484;155 744 105;A01;0;7;0;2;4;9;1
536558485;155 744 103;A01;1;7;8;0;1;19;1
536558486;155 744 100;B01;0;7;0;0;0;0;1
536558486;155 744 102;A01;1;7;0;2;2;1;1
536558487;155 744 099;A01;1;1;0;2;0;9;5
536558487;155 744 101;B01;2;7;0;2;3;0;1
536558488;155 744 097;B01;3;7;0;2;1;15;1
536558488;155 744 098;A01;3;2;0;2;1;1;1
536558489;155 744 096;A01;1;37;0;1;7;1;2
536558490;155 744 094;A01;1;33;0;2;3;1;1
536558490;155 744 095;B01;1;10;0;2;4;1;1
536558491;155 744 091;A01;2;7;0;2;1;16;1
536558491;155 744 093;B01;2;1;0;2;1;1;5
536558492;155 744 092;A01;1;10;0;1;1;16;1
536558493;155 744 089;A01;3;7;0;1;2;1;1
536558494;155 744 087;B01;1;7;0;2;1;1;1
536558494;155 744 088;C01;1;7;0;2;1;1;1
536558494;155 744 090;A01;2;10;0;2;1;13;1
536558495;155 744 085;A01;2;7;0;2;1;2;1
536558495;155 744 086;B01;2;7;0;2;4;23;1
536558496;155 744 084;A01;0;7;0;1;2;0;1
536558497;155 744 082;A01;1;30;0;2;1;2;1
536558497;155 744 083;B01;1;7;0;2;5;2;3
536558498;155 744 079;B01;2;7;0;2;1;1;1
536558498;155 744 081;A01;1;7;0;2;3;1;1
536558499;155 744 078;A01;1;7;0;2;2;9;1
536558499;155 744 080;B01;2;50;0;2;1;5;3
536558500;155 744 077;SB01;1;7;0;1;3;5;1
536558501;155 744 075;B01;3;7;0;2;2;15;1
536558501;155 744 076;A01;3;2;0;2;1;2;1
536558502;155 744 073;A01;1;7;2;0;8;0;1
536558503;155 744 072;B01;1;10;0;2;8;0;3
536558503;155 744 074;A01;1;7;0;2;1;1;1
536558504;155 744 070;A01;3;7;0;1;2;16;1
536558505;155 744 069;A01;0;7;0;2;4;23;0
536558505;155 744 071;B01;0;0;0;2;1;0;0
536558506;155 744 068;A01;2;7;13;0;2;14;1
536558507;155 744 067;A01;1;7;0;1;4;20;1
536558508;155 744 065;A01;2;7;0;1;2;1;1
536558509;155 744 064;A01;1;10;0;2;3;15;1
536558509;155 744 066;B01;1;7;0;2;2;2;1
536558510;155 744 062;A01;3;7;12;0;2;21;1
536558511;155 744 061;A01;1;7;0;2;1;5;1
536558511;155 744 063;B01;1;15;0;2;1;1;1
536558512;155 744 059;A01;2;33;0;0;0;26;1
536558513;155 744 058;B01;1;10;0;2;2;21;1
536558513;155 744 060;A01;2;7;0;2;2;13;1
536558514;155 744 056;A01;1;10;8;0;3;13;1
536558515;155 744 054;A01;1;7;0;0;0;0;1
536558516;155 744 055;A01;3;7;0;2;1;2;1
536558516;155 744 057;B01;3;7;0;2;4;2;2
536558517;155 744 052;A01;2;7;13;0;7;1;2
536558518;155 744 050;A01;1;31;0;0;0;0;1
536558519;155 744 051;A01;3;7;0;2;1;1;1
536558519;155 744 053;B01;3;7;0;2;7;19;2
536558520;155 744 049;A01;2;10;13;0;3;0;1
536558521;155 744 048;A01;1;7;0;1;2;1;1
536558522;155 744 047;A01;2;33;0;0;9;1;1
536558523;155 744 046;A01;1;7;0;1;1;1;1
536558524;155 744 045;A01;1;7;8;0;9;1;1
536558525;155 744 041;A01;2;7;8;1;8;1;1
536558526;155 744 040;B01;1;7;0;2;9;1;1
536558526;155 744 042;A01;1;7;0;2;1;2;1
536558526;155 744 043;C01;1;7;0;2;1;2;1
536558526;155 744 044;D01;1;7;0;2;4;2;1
536558527;155 744 039;A01;2;7;13;0;1;0;1
536558528;155 744 036;A01;0;7;2;0;1;1;1
536558529;155 744 034;A01;3;7;13;0;1;26;3
536558530;155 744 033;B01;1;32;0;2;1;1;1
536558530;155 744 035;A01;2;7;0;2;2;15;1
536558531;155 744 032;A01;2;7;6;0;3;1;1
536558532;155 744 029;A01;1;7;13;0;9;14;1
536558533;155 744 030;A01;2;7;0;2;3;2;1
536558533;155 744 031;B01;2;7;0;2;5;0;1
536558534;155 744 026;A01;2;7;0;2;1;17;1
536558534;155 744 028;B01;1;7;0;2;1;1;1
536558535;155 744 025;B01;1;32;0;2;7;17;1
536558535;155 744 027;A01;1;7;0;2;8;10;1
536558536;155 744 023;B01;2;7;2;2;5;17;1
536558536;155 744 024;A01;2;7;2;2;3;1;1
536558537;155 744 022;A01;2;7;0;1;1;1;1
536558538;155 744 020;A01;1;10;4;0;2;1;1
536558539;155 744 018;B01;3;7;0;2;6;0;1
536558539;155 744 019;A01;3;10;0;2;2;0;1
536558540;155 744 016;A01;2;7;0;2;3;9;1
536558540;155 744 017;B01;2;33;0;2;2;1;1
536558541;155 744 015;Z01;2;7;0;1;3;1;0
536558542;155 744 013;A01;1;7;0;2;2;13;1
536558542;155 744 014;B01;2;7;0;2;2;1;1
536558543;155 744 005;B01;1;99;0;2;6;1;0
536558543;155 744 006;A01;2;7;0;2;1;9;1
536558544;155 744 003;A01;1;7;0;2;1;2;1
536558544;155 744 004;B01;1;15;0;0;6;1;1
536558545;155 744 002;A01;1;7;13;0;1;1;1
536558546;155 744 000;A01;1;7;0;2;1;13;1
536558546;155 744 001;B01;2;7;0;2;1;1;1
536558547;155 743 998;A01;2;7;0;0;3;1;1
536558547;155 743 999;B01;1;7;0;0;8;1;1
536558548;155 743 997;A01;2;7;13;0;1;1;1
536558549;155 743 995;A01;2;33;0;2;3;15;0
536558549;155 743 996;B01;1;7;0;2;3;0;1
536558550;155 743 993;B01;1;33;0;2;4;16;1
536558550;155 743 994;A01;1;7;0;2;1;12;1
536558551;155 743 991;A01;1;7;0;2;4;23;2
536558551;155 743 992;B01;1;7;0;2;1;1;0
536558552;155 743 990;A01;2;7;13;0;1;1;1
536558553;155 743 988;A01;3;7;0;2;2;26;1
536558553;155 743 989;B01;3;7;0;2;3;1;1
536558554;155 743 985;C01;1;7;0;2;5;23;1
536558554;155 743 986;B01;1;7;0;2;4;23;1
536558554;155 743 987;A01;1;10;0;2;2;2;1
536558555;155 743 984;A01;1;7;0;1;2;1;1
536558556;155 743 983;A01;3;7;0;1;1;1;1
536558557;155 743 981;A01;1;7;0;2;2;19;1
536558557;155 743 982;B01;2;7;0;2;1;1;1
536558558;155 743 980;A01;2;10;0;1;4;20;0
536558559;155 743 978;A01;0;30;0;2;1;17;1
536558559;155 743 979;B01;2;7;0;2;3;15;1
536558560;155 743 976;AB01;3;1;0;2;8;19;5
536558560;155 743 977;Z01;1;7;0;2;0;0;0
536558561;155 743 975;A01;2;7;15;0;1;1;1
536558562;155 743 973;A01;2;7;0;9;2;15;1
536558562;155 743 974;B01;1;50;0;2;1;1;3
536558563;155 743 972;A01;1;7;0;1;3;1;1
536558564;155 743 970;A01;3;7;1;2;3;9;1
536558564;155 743 971;B01;3;50;1;2;1;1;3
536558565;155 743 968;A01;2;33;0;2;1;17;1
536558565;155 743 969;B01;2;7;0;2;6;15;1
536558566;155 743 966;B01;2;7;0;2;6;2;1
536558566;155 743 967;A01;2;7;0;2;2;2;1
536558567;155 743 964;B01;2;7;0;2;1;1;1
536558567;155 743 965;A01;1;30;0;0;0;1;1
536558568;155 743 961;C01;2;1;0;0;1;0;5
536558568;155 743 962;A01;1;7;0;0;0;0;0
536558568;155 743 963;B01;1;7;0;0;0;0;0
536558569;155 743 959;B01;2;50;0;2;8;1;3
536558569;155 743 960;A01;2;7;0;2;3;1;1
536558570;155 743 958;A01;2;7;0;1;2;16;1
536558571;155 743 957;A01;3;7;2;0;1;1;1
536558572;155 743 956;A01;3;7;0;1;3;1;1
536558573;155 743 954;A01;3;7;0;2;3;15;1
536558573;155 743 955;B01;2;7;0;2;2;2;1
536558574;155 743 952;B01;2;33;0;2;4;23;1
536558574;155 743 953;A01;2;7;0;2;1;1;1
536558575;155 743 950;B01;1;7;0;2;3;16;1
536558575;155 743 951;A01;1;15;0;2;2;16;1
536558576;155 743 947;C01;1;7;0;2;6;1;1
536558576;155 743 948;A01;1;7;0;2;3;13;1
536558576;155 743 949;B01;1;7;0;2;9;1;1
536558577;155 743 944;Z01;2;32;0;2;1;1;1
536558577;155 743 945;B01;1;32;0;2;1;23;1
536558578;155 743 942;B01;1;10;0;0;4;24;1
536558578;155 743 943;A01;1;7;0;2;1;1;1
536558579;155 743 940;A01;1;7;0;2;9;1;1
536558579;155 743 941;B01;2;7;5;0;8;12;1
536558580;155 743 939;A01;2;7;0;1;1;15;1
536558581;155 743 938;A01;1;10;13;0;7;1;1
536558582;155 743 937;A01;1;7;8;0;2;14;1
536558583;155 743 936;A01;0;7;0;1;1;15;1
536558584;155 743 935;A01;1;7;0;1;5;2;1
536558585;155 743 933;B01;3;50;0;2;1;2;3
536558585;155 743 934;A01;1;10;0;2;1;9;1
536558586;155 743 932;A01;3;7;0;1;1;1;1
536558587;155 743 930;A01;1;33;0;2;1;1;1
536558587;155 743 931;B01;1;1;0;2;8;19;5
536558588;155 743 929;A01;3;7;14;0;1;1;1
536558589;155 743 928;A01;2;37;1;0;2;12;3
536558590;155 743 927;A01;3;10;0;1;5;4;1
536558591;155 743 925;A01;2;7;0;2;2;9;1
536558591;155 743 926;B01;1;1;0;2;7;15;5
536558592;155 743 922;C01;2;7;0;2;1;2;1
536558592;155 743 923;A01;1;7;0;2;4;2;1
536558592;155 743 924;B01;1;7;0;2;1;2;1
536558593;155 743 921;A01;3;33;0;9;7;15;1
536558594;155 743 917;A01;3;10;0;2;1;2;1
536558594;155 743 918;B01;3;7;0;2;4;2;3
536558594;155 743 919;D01;3;7;0;2;4;2;1
536558594;155 743 920;C01;3;10;0;2;4;2;0
536558595;155 743 916;A01;1;7;4;0;2;14;1
536558596;155 743 915;A01;3;7;0;1;5;4;1
536558597;155 743 912;A01;1;7;0;2;1;18;1
536558597;155 743 913;B01;1;7;4;2;4;1;2
536558597;155 743 914;C01;1;7;0;2;2;1;2
536558598;155 743 910;B01;2;2;0;2;1;1;1
536558598;155 743 911;A01;2;7;0;2;3;8;1
536558599;155 743 909;Z01;2;1;0;1;8;26;5
536558600;155 743 907;B01;2;7;0;2;3;1;1
536558600;155 743 908;A01;1;60;0;2;1;1;5
536558601;155 743 905;B01;3;32;0;2;1;1;1
536558601;155 743 906;A01;3;7;0;9;6;11;1
536558602;155 743 904;A01;1;10;0;1;3;16;1
536558603;155 743 902;B01;1;60;0;0;7;1;5
536558603;155 743 903;A01;2;7;0;2;1;15;2
536558604;155 743 900;A01;2;7;0;2;2;15;2
536558604;155 743 901;B01;1;2;0;2;1;1;1
536558605;155 743 899;A01;1;50;0;0;1;1;3
536558606;155 743 898;A01;2;7;1;0;1;13;2
536558607;155 743 896;A01;3;33;0;2;1;0;1
536558607;155 743 897;B01;3;7;0;2;2;0;2
536558608;155 743 893;B01;1;33;1;0;1;1;0
536558609;155 743 891;A01;1;7;0;2;1;13;1
536558609;155 743 892;B01;2;7;0;2;1;23;1
536558611;155 743 888;B01;2;7;0;2;1;1;2
536558611;155 743 889;A01;2;7;0;2;2;1;1
536558612;155 743 886;A01;1;1;1;0;2;1;5
536558612;155 743 887;B01;1;7;1;9;2;24;1
536558613;155 743 884;A01;0;7;4;2;1;1;1
536558613;155 743 885;B01;0;7;4;2;4;12;2
536558614;155 743 883;Z01;2;7;0;1;4;4;0
536558615;155 743 882;A01;2;7;8;0;1;5;2
536558616;155 743 880;B01;0;7;0;0;8;24;0
536558616;155 743 881;A01;2;7;1;0;3;16;1
536558617;155 743 879;A01;1;7;8;0;1;1;1
536558618;155 743 877;A01;1;7;0;2;1;15;1
536558618;155 743 878;B01;2;30;0;2;1;1;1
536558619;155 743 876;A01;1;7;0;1;1;5;1
536558620;155 743 875;A01;3;50;12;0;2;14;3
536558621;155 743 873;A01;0;38;0;2;1;1;1
536558621;155 743 874;B01;0;7;0;2;1;1;1
536558622;155 743 870;A01;1;31;0;2;1;17;1
536558622;155 743 871;B01;1;21;0;2;5;15;1
536558623;155 743 869;A01;1;7;0;2;8;15;1
536558623;155 743 872;B01;1;33;0;2;1;2;1
536558624;155 743 868;A01;1;7;0;1;2;12;1
536558625;155 743 866;A01;2;7;0;2;1;2;1
536558625;155 743 867;B01;2;7;0;2;4;2;1
536558626;155 743 864;A01;0;7;0;2;4;5;0
536558626;155 743 865;B01;0;10;0;2;2;5;1
536558627;155 743 862;A01;1;7;4;0;1;11;1
536558628;155 743 861;A01;2;33;0;2;2;1;1
536558628;155 743 863;B01;2;1;0;2;3;15;5
536558629;155 743 860;A01;1;7;0;1;2;1;0
536558630;155 743 857;A01;3;21;13;0;3;0;1
536558631;155 743 858;B01;1;1;0;2;3;0;5
536558631;155 743 859;A01;1;7;1;0;8;26;1
536558632;155 743 854;A01;3;37;0;1;1;2;1
536558633;155 743 853;A01;1;7;2;0;1;1;1
536558634;155 743 852;A01;0;7;0;1;1;0;0
536558635;155 743 850;A01;1;99;0;0;1;2;0
536558635;155 743 851;B01;1;1;0;0;4;1;5
536558636;155 743 847;A01;1;10;0;9;2;9;1
536558636;155 743 849;B01;1;1;0;0;4;1;5
536558637;155 743 846;B01;3;7;0;2;2;19;1
536558637;155 743 848;A01;3;7;0;2;3;2;2
536558638;155 743 845;A01;3;7;8;0;0;0;1
536558639;155 743 843;B01;3;7;0;2;1;0;1
536558639;155 743 844;A01;3;7;0;2;2;14;1
536558640;155 743 842;A01;3;7;0;1;2;1;1
536558641;155 743 841;A01;0;7;0;1;2;1;1
536558642;155 743 839;A01;2;7;0;9;1;2;1
536558642;155 743 840;B01;2;99;0;0;4;1;6
536558643;155 743 838;A01;2;43;0;1;2;1;1
536558644;155 743 837;A01;2;7;13;0;9;14;1
536558645;155 743 835;A01;2;7;0;2;8;11;1
536558645;155 743 836;B01;2;33;0;2;7;3;1
536558646;155 743 833;A01;1;7;0;9;2;1;1
536558646;155 743 834;B01;1;50;0;2;4;2;3
536558647;155 743 832;A01;2;7;0;1;1;19;1
536558648;155 743 831;A01;3;7;13;0;3;1;1
536558649;155 743 828;B01;1;7;0;2;3;20;3
536558649;155 743 830;A01;1;32;0;2;2;17;1
536558650;155 743 827;A01;2;7;0;2;1;13;1
536558650;155 743 829;B01;1;7;0;2;1;1;1
536558651;155 743 824;A01;1;7;3;0;1;1;1
536558652;155 743 825;A01;1;31;0;2;1;1;1
536558652;155 743 826;B01;3;7;12;0;3;19;6
536558653;155 743 822;A01;1;7;2;0;1;1;1
536558654;155 743 821;A01;1;2;0;2;1;2;1
536558654;155 743 823;B01;1;7;0;2;6;16;0
536558655;155 743 820;A01;2;7;13;0;8;13;1
536558656;155 743 818;A01;1;7;0;2;0;0;1
536558656;155 743 819;B01;2;10;0;2;1;1;1
536558657;155 743 814;B01;1;34;1;2;1;18;1
536558657;155 743 816;A01;1;7;0;2;7;23;1
536558658;155 743 813;A01;1;10;0;2;7;17;1
536558658;155 743 815;B01;1;7;0;2;3;15;1
536558659;155 743 811;B01;1;33;0;0;1;3;1
536558659;155 743 812;A01;1;10;0;0;3;10;1
536558660;155 743 809;B01;1;2;0;2;1;26;1
536558660;155 743 810;A01;1;7;0;2;3;26;1
536558661;155 743 806;A01;2;7;1;0;2;2;1
536558661;155 743 807;B01;1;2;0;2;4;23;1
536558661;155 743 808;C01;1;7;0;2;4;23;1
536558662;155 743 803;A01;2;7;2;0;1;14;1
536558663;155 743 802;A01;1;7;0;2;8;15;1
536558663;155 743 804;B01;1;34;0;2;7;17;1
536558664;155 743 800;B01;1;7;0;2;1;1;1
536558664;155 743 801;A01;2;7;0;2;1;13;1
536558665;155 743 797;A01;1;7;0;2;1;1;1
536558665;155 743 798;C01;1;7;0;2;4;1;1
536558665;155 743 799;B01;1;10;0;2;4;1;1
536558666;155 743 796;A01;2;7;2;0;7;14;1
536558667;155 743 794;A01;2;33;0;2;2;11;1
536558667;155 743 795;B01;2;7;0;0;6;15;3
536558668;155 743 793;A01;2;7;13;0;1;17;1
536558669;155 743 791;A01;2;7;6;0;3;1;1
536558670;155 743 790;A01;1;7;0;2;1;1;1
536558670;155 743 792;B01;1;10;0;2;3;1;1
536558671;155 743 789;A01;1;3;8;0;1;1;1
536558672;155 743 788;A01;2;10;2;0;3;1;1
536558673;155 743 787;A01;2;7;0;0;0;1;1
536558674;155 743 785;A01;1;33;0;0;0;1;1
536558675;155 743 786;A01;1;2;0;0;0;0;1
536558676;155 743 784;A01;3;31;0;0;0;0;1
536558677;155 743 779;B01;2;10;0;2;1;1;6
536558677;155 743 780;A01;2;7;0;2;8;19;1
536558678;155 743 777;B01;2;7;0;2;1;1;1
536558678;155 743 778;C01;2;7;0;2;1;1;1
536558678;155 743 781;D01;2;7;0;2;8;1;2
536558678;155 743 782;E01;2;7;0;2;6;1;1
536558678;155 743 783;A01;1;7;0;2;1;5;2
536558679;155 743 775;A01;1;7;0;2;3;13;1
536558679;155 743 776;B01;2;7;0;2;3;1;1
536558680;155 743 774;A01;3;10;0;1;2;15;1
536558681;155 743 773;A01;2;7;2;0;8;1;1
536558682;155 743 772;A01;1;15;0;0;7;1;1
536558683;155 743 768;A01;1;7;0;2;1;5;1
536558683;155 743 770;B01;2;7;0;2;1;1;2
536558683;155 743 771;C01;2;7;0;2;1;1;1
536558684;155 743 767;A01;2;7;0;2;3;13;1
536558684;155 743 769;B01;1;7;0;2;3;1;1
536558685;155 743 766;A01;2;7;13;0;2;13;1
536558686;155 743 765;A01;1;33;4;0;3;0;1
536558687;155 743 762;A01;2;30;0;2;1;13;1
536558687;155 743 764;B01;1;7;0;2;1;2;1
536558688;155 743 760;A01;2;7;0;2;1;0;1
536558688;155 743 761;B01;2;7;0;0;4;0;1
536558688;155 743 763;C01;2;7;0;2;2;0;1
536558689;155 743 758;B01;1;14;0;2;3;1;1
536558689;155 743 759;A01;2;7;0;2;3;13;1
536558690;155 743 755;A01;1;2;0;0;0;5;1
536558691;155 743 754;A01;2;7;4;2;2;17;1
536558691;155 743 756;B01;2;33;0;0;0;0;1
536558691;155 743 757;C01;2;7;4;0;5;1;1
536558692;155 743 752;A01;1;7;0;2;1;1;1
536558692;155 743 753;B01;2;7;0;2;2;15;2
536558693;155 743 749;A01;1;10;2;0;3;13;1
536558694;155 743 747;B01;2;7;0;0;8;1;1
536558694;155 743 748;A01;0;7;0;2;1;19;1
536558695;155 743 745;A01;1;7;6;1;3;0;1
536558696;155 743 743;C01;1;7;0;2;3;1;1
536558696;155 743 744;A01;2;7;0;2;3;1;1
536558696;155 743 746;B01;2;7;0;2;1;1;1
536558697;155 743 741;A01;0;80;0;0;0;0;3
536558698;155 743 740;B01;1;38;0;2;3;14;1
536558698;155 743 742;A01;2;7;0;2;1;13;1
536558699;155 743 736;B01;3;14;0;2;2;1;1