Num_Acc;id_vehicule;num_veh;senc;catv;obs;obsm;choc;manv;motor
536558699;155 743 738;A01;3;7;0;2;8;19;1
536558700;155 743 737;A01;1;7;0;2;1;2;1
536558700;155 743 739;B01;1;7;0;0;4;2;2
536558701;155 743 735;A01;3;17;0;1;3;1;1
536558702;155 743 733;A01;1;7;0;2;1;13;1
536558702;155 743 734;B01;2;7;0;2;3;1;1
536558703;155 743 731;A01;2;7;13;0;6;0;1
536558703;155 743 732;B01;2;7;0;2;1;2;1
536558704;155 743 730;A01;2;2;0;0;0;0;1
536558705;155 743 727;A01;1;7;0;2;3;13;1
536558705;155 743 728;B01;2;7;0;2;3;1;1
536558706;155 743 723;A01;1;33;0;2;1;1;1
536558706;155 743 724;B01;2;10;0;0;8;15;1
536558707;155 743 725;C01;2;7;0;2;1;1;1
536558707;155 743 726;A01;1;7;0;2;1;13;1
536558707;155 743 729;B01;2;7;0;2;8;1;1
536558708;155 743 720;A01;1;7;2;0;2;14;1
536558709;155 743 719;A01;1;7;0;0;9;1;1
536558710;155 743 721;A01;1;7;0;2;2;13;1
536558710;155 743 722;B01;2;7;0;2;2;13;1
536558711;155 743 718;A01;2;7;0;1;3;1;1
536558712;155 743 716;A01;1;7;2;0;1;1;1
536558713;155 743 717;A01;2;7;17;0;1;1;1
536558714;155 743 715;A01;1;15;8;0;1;1;0
536558715;155 743 714;A01;3;7;6;0;1;1;1
536558716;155 743 712;A01;2;7;0;2;3;15;1
536558716;155 743 713;B01;1;1;0;2;1;1;5
536558717;155 743 710;A01;2;7;0;2;1;2;1
536558717;155 743 711;B01;2;7;0;0;4;2;1
536558718;155 743 709;A01;1;7;0;1;1;15;1
536558719;155 743 708;A01;1;7;2;0;3;1;1
536558720;155 743 705;A01;2;7;0;2;2;0;1
536558720;155 743 707;B01;2;7;0;0;6;1;1
536558721;155 743 704;B01;1;2;0;2;1;1;1
536558721;155 743 706;A01;1;7;0;2;5;23;1
536558722;155 743 703;A01;1;7;15;0;1;1;1
536558723;155 743 702;A01;1;7;13;0;1;1;1
536558724;155 743 700;A01;1;7;0;2;3;5;1
536558724;155 743 701;B01;2;7;0;2;3;1;1
536558725;155 743 696;A01;1;1;0;2;7;1;5
536558725;155 743 697;B01;1;7;0;2;2;26;1
536558726;155 743 694;A01;1;7;0;2;4;2;1
536558726;155 743 695;B01;1;7;0;2;1;2;1
536558727;155 743 693;A01;1;31;0;0;2;16;1
536558728;155 743 691;A01;3;7;6;0;3;0;1
536558729;155 743 690;A01;2;7;3;2;2;2;1
536558729;155 743 692;B01;2;7;3;2;6;1;1
536558730;155 743 687;B01;3;7;0;9;3;2;1
536558730;155 743 689;A01;3;1;0;2;1;19;5
536558731;155 743 686;Z01;1;7;0;2;0;0;0
536558731;155 743 688;B01;1;7;0;2;0;2;1
536558732;155 743 685;A01;2;7;13;0;2;1;1
536558733;155 743 681;C01;1;7;0;2;1;2;1
536558733;155 743 683;A01;1;7;0;2;4;2;1
536558733;155 743 684;B01;1;7;0;2;4;2;1
536558734;155 743 680;A01;2;7;0;0;7;15;1
536558734;155 743 682;B01;1;7;0;2;1;1;1
536558735;155 743 678;B01;1;1;0;2;8;1;5
536558735;155 743 679;A01;1;10;0;9;2;17;1
536558736;155 743 676;A01;1;14;0;2;2;1;1
536558736;155 743 677;B01;1;7;0;2;6;15;1
536558737;155 743 674;A01;1;7;0;0;0;0;1
536558737;155 743 675;B01;2;7;0;0;0;0;1
536558738;155 743 673;A01;1;7;6;0;1;1;1
536558739;155 743 672;A01;1;7;0;0;1;26;1
536558740;155 743 671;A01;1;7;4;0;9;0;1
536558741;155 743 669;A01;1;7;0;2;1;0;1
536558741;155 743 670;B01;1;7;0;2;4;0;1
536558742;155 743 667;A01;1;7;0;2;6;2;1
536558742;155 743 668;B01;1;7;0;2;5;0;1
536558743;155 743 666;A01;2;7;4;0;3;1;1
536558744;155 743 663;A01;2;7;0;2;4;16;1
536558744;155 743 665;B01;2;7;0;2;1;1;1
536558745;155 743 661;A01;1;7;0;2;1;2;2
536558745;155 743 662;C01;1;7;0;2;4;2;1
536558745;155 743 664;B01;1;7;0;2;4;2;1
536558746;155 743 656;A01;1;10;0;2;3;12;1
536558746;155 743 658;B01;1;7;0;2;5;1;1
536558746;155 743 659;C01;1;7;0;2;4;2;1
536558746;155 743 660;D01;1;10;0;2;4;2;1
536558747;155 743 655;B01;2;7;0;2;6;11;1
536558747;155 743 657;A01;2;7;4;2;2;1;1
536558748;155 743 653;A01;1;7;3;0;1;2;1
536558749;155 743 652;A01;2;7;0;2;5;14;1
536558749;155 743 654;B01;2;33;0;2;7;3;1
536558750;155 743 649;B01;1;33;0;2;1;3;1
536558750;155 743 651;Z01;1;10;0;0;0;13;0
536558751;155 743 647;A01;1;10;4;2;2;1;3
536558751;155 743 648;B01;1;10;4;2;4;23;1
536558751;155 743 650;C01;1;7;4;2;4;23;2
536558752;155 743 644;B01;1;7;0;2;9;1;2
536558752;155 743 645;C01;1;7;0;2;6;23;1
536558752;155 743 646;A01;1;7;0;2;1;1;1
536558753;155 743 642;A01;2;15;0;2;2;12;1
536558753;155 743 643;B01;2;7;0;2;8;1;1
536558754;155 743 640;A01;2;31;0;2;1;3;1
536558754;155 743 641;B01;2;7;0;2;4;1;1
536558755;155 743 637;A01;1;7;0;2;1;2;1
536558755;155 743 639;B01;1;7;0;2;4;2;1
536558756;155 743 636;B01;2;7;0;2;0;0;1
536558756;155 743 638;A01;2;7;0;2;0;0;1
536558757;155 743 634;B01;1;10;0;2;4;2;0
536558757;155 743 635;A01;1;10;0;2;1;2;1
536558758;155 743 631;A01;2;7;0;2;1;2;1
536558758;155 743 632;B01;2;7;0;2;4;2;1
536558759;155 743 630;A01;2;30;0;2;5;15;1
536558759;155 743 633;B01;1;7;0;2;2;1;1
536558760;155 743 627;A01;2;15;0;2;2;12;1
536558760;155 743 629;B01;2;7;0;2;6;0;1
536558761;155 743 626;B01;1;50;0;1;1;1;3
536558761;155 743 628;A01;1;50;0;2;1;1;3
536558762;155 743 622;B01;1;7;0;2;5;2;2
536558762;155 743 625;A01;1;7;0;2;2;2;2
536558763;155 743 623;B01;1;7;0;2;3;1;1
536558763;155 743 624;A01;2;50;0;2;0;15;3
536558764;155 743 620;B01;2;7;0;2;4;2;2
536558764;155 743 621;A01;2;7;0;2;1;2;2
536558765;155 743 617;A01;1;7;0;2;3;1;1
536558765;155 743 619;B01;1;7;0;2;1;9;2
536558766;155 743 616;A01;1;7;0;2;3;11;1
536558766;155 743 618;B01;1;32;0;2;7;3;1
536558767;155 743 615;A01;0;7;1;0;1;1;1
536558768;155 743 613;A01;1;14;0;1;1;25;1
536558769;155 743 612;B01;1;34;0;2;8;0;1
536558769;155 743 614;A01;1;14;0;2;2;12;1
536558770;155 743 609;A01;0;7;0;2;0;0;1
536558770;155 743 611;B01;0;1;0;2;0;0;5
536558771;155 743 607;Z01;1;50;0;4;0;1;3
536558771;155 743 610;A01;2;40;0;1;2;1;3
536558772;155 743 606;B01;1;33;4;2;8;3;1
536558772;155 743 608;A01;1;7;4;0;7;14;2
536558773;155 743 604;A01;1;7;4;0;9;0;1
536558774;155 743 602;A01;2;7;0;2;2;15;1
536558774;155 743 605;B01;1;32;0;2;1;1;1
536558775;155 743 600;A01;2;17;0;2;1;1;1
536558775;155 743 601;B01;2;10;0;2;4;1;1
536558775;155 743 603;C01;2;7;0;2;4;1;1
536558776;155 743 597;B01;1;31;0;2;3;21;1
536558776;155 743 599;A01;1;7;0;2;2;15;1
536558777;155 743 596;A01;1;7;0;2;1;13;1
536558777;155 743 598;B01;2;10;0;2;1;1;1
536558778;155 743 594;A01;2;7;13;0;3;21;1
536558779;155 743 592;B01;2;10;0;2;4;1;1
536558779;155 743 595;A01;2;7;0;2;1;1;1
536558780;155 743 591;A01;2;37;0;2;3;1;1
536558780;155 743 593;B01;1;33;0;2;2;1;1
536558781;155 743 589;A01;1;7;13;0;1;21;1
536558782;155 743 588;A01;1;30;0;2;5;0;1
536558782;155 743 590;B01;1;7;0;2;2;0;1
536558783;155 743 586;A01;2;7;0;2;1;1;1
536558783;155 743 587;B01;2;7;0;2;4;1;1
536558784;155 743 585;A01;2;32;0;0;0;21;1
536558785;155 743 583;A01;1;33;0;0;7;1;1
536558786;155 743 582;B01;0;34;0;2;8;1;1
536558786;155 743 584;A01;0;7;0;2;1;15;1
536558787;155 743 579;A01;2;15;0;2;7;1;1
536558787;155 743 581;B01;2;7;0;2;8;13;1
536558788;155 743 578;A01;2;50;0;1;1;1;3
536558789;155 743 576;B01;1;50;0;2;0;0;3
536558789;155 743 580;Z01;1;7;0;9;0;1;0
536558790;155 743 574;A01;2;33;0;2;2;17;1
536558790;155 743 577;B01;2;7;0;2;4;11;1
536558791;155 743 571;Z01;2;1;0;2;6;17;5
536558791;155 743 573;B01;2;1;0;2;3;1;5
536558792;155 743 572;B01;1;7;0;2;0;1;1
536558792;155 743 575;A01;1;15;0;2;7;12;1
536558793;155 743 569;B01;2;10;0;2;5;23;1
536558793;155 743 570;A01;2;32;0;2;1;2;1
536558794;155 743 565;A01;2;7;0;2;7;12;1
536558794;155 743 567;B01;2;33;0;2;3;3;1
536558795;155 743 563;A01;3;7;0;2;3;11;2
536558795;155 743 566;B01;3;7;0;2;3;1;2
536558796;155 743 564;A01;1;10;0;2;1;15;1
536558796;155 743 568;B01;1;33;0;2;2;1;1
536558797;155 743 561;A01;3;7;0;2;1;11;1
536558797;155 743 562;B01;3;7;0;2;1;1;1
536558798;155 743 560;A01;1;7;0;1;2;1;1
536558799;155 743 559;A01;3;33;0;0;0;2;1
536558801;155 743 554;B01;2;7;0;2;1;1;2
536558801;155 743 556;A01;1;7;0;2;1;1;1
536558802;155 743 555;A01;3;7;0;2;8;9;1
536558802;155 743 557;B01;3;7;8;2;1;1;1
536558803;155 743 553;A01;1;80;12;0;8;15;3
536558804;155 743 549;A01;3;7;0;1;2;1;1
536558805;155 743 551;A01;1;43;0;2;1;1;1
536558805;155 743 552;B01;1;10;0;2;5;1;1
536558806;155 743 548;A01;2;7;0;1;7;1;1
536558807;155 743 546;C01;2;10;0;2;3;1;1
536558807;155 743 547;B01;2;10;0;2;5;1;1
536558807;155 743 550;A01;2;33;0;2;5;3;1
536558808;155 743 544;A01;2;7;0;2;1;1;1
536558809;155 743 543;B01;2;7;0;2;1;1;1
536558809;155 743 545;A01;2;2;0;2;7;1;1
536558810;155 743 542;A01;1;31;0;1;1;1;1
536558811;155 743 539;A01;1;2;0;2;2;14;1
536558811;155 743 541;B01;1;2;0;2;8;14;3
536558812;155 743 538;A01;1;7;0;2;2;1;1
536558812;155 743 540;B01;1;7;0;2;3;20;1
536558813;155 743 536;A01;0;13;0;1;0;16;1
536558814;155 743 535;A01;1;7;1;0;3;13;2
536558815;155 743 534;B01;1;50;0;2;4;1;3
536558815;155 743 537;A01;1;7;0;2;1;2;2
536558816;155 743 533;A01;1;0;0;1;1;1;0
536558817;155 743 530;B01;2;2;0;2;2;17;1
536558817;155 743 532;A01;2;10;0;2;3;13;1
536558818;155 743 528;A01;1;7;0;0;0;1;1
536558819;155 743 527;A01;2;33;0;2;2;1;1
536558819;155 743 531;B01;1;7;0;2;3;9;1
536558820;155 743 526;B01;2;33;0;2;3;1;1
536558820;155 743 529;A01;2;7;0;2;1;15;1
536558821;155 743 524;A01;1;7;0;2;3;0;1
536558821;155 743 525;B01;2;7;0;2;1;0;2
536558822;155 743 522;A01;1;34;0;5;1;1;1
536558823;155 743 520;B01;1;7;0;2;4;23;1
536558823;155 743 523;A01;1;7;0;2;1;1;1
536558824;155 743 519;A01;2;7;0;2;1;10;1
536558824;155 743 521;B01;2;7;0;2;2;1;1
536558825;155 743 518;A01;3;2;0;0;7;21;3
536558826;155 743 516;B01;2;33;0;2;8;1;1
536558826;155 743 517;A01;1;10;0;2;3;15;1
536558827;155 743 514;A01;1;33;3;0;1;1;1
536558828;155 743 513;A01;1;2;0;0;0;1;1
536558829;155 743 512;A01;3;7;0;2;3;19;0
536558829;155 743 515;B01;1;34;0;2;2;23;0
536558830;155 743 508;A01;2;7;12;0;2;14;1
536558831;155 743 507;A01;2;10;0;2;1;1;0
536558831;155 743 511;Y01;2;1;0;2;0;1;5
536558832;155 743 505;B01;0;7;0;2;2;15;1
536558832;155 743 509;A01;2;30;0;2;1;1;1
536558833;155 743 506;A01;0;7;8;0;7;1;1
536558833;155 743 510;B01;0;7;0;2;1;1;1
536558834;155 743 503;B01;1;7;0;2;1;1;1
536558834;155 743 504;A01;2;1;0;2;1;5;5
536558835;155 743 502;A01;0;37;2;0;1;15;1
536558836;155 743 501;A01;2;2;12;0;2;14;1
536558837;155 743 498;A01;2;7;0;2;0;15;0
536558837;155 743 500;B01;3;50;0;2;7;1;3
536558838;155 743 497;B01;1;30;0;2;7;1;1
536558838;155 743 499;A01;1;7;0;2;3;0;1
536558839;155 743 496;A01;3;2;0;1;1;1;1
536558840;155 743 493;B01;2;33;4;2;4;23;1
536558840;155 743 495;A01;2;33;4;2;1;1;1
536558841;155 743 491;B01;2;7;0;2;8;1;1
536558841;155 743 494;A01;1;50;0;2;7;15;3
536558842;155 743 490;A01;3;7;0;1;4;20;1
536558843;155 743 489;A01;1;7;0;2;8;1;1
536558843;155 743 492;B01;2;7;0;2;8;1;1
536558844;155 743 487;A01;1;7;0;0;9;0;1
536558845;155 743 486;A01;2;7;0;2;3;11;1
536558845;155 743 488;B01;1;2;0;2;4;5;1
536558846;155 743 483;A01;1;7;0;2;2;15;1
536558846;155 743 485;B01;1;7;9;2;1;1;1
536558847;155 743 481;A01;1;7;0;2;1;17;1
536558847;155 743 482;B01;2;7;0;2;1;0;1
536558848;155 743 480;A01;2;7;0;1;3;13;1
536558849;155 743 478;A01;1;10;0;1;1;1;1
536558850;155 743 484;A01;1;7;0;1;3;15;1
536558851;155 743 477;B01;3;7;0;2;2;12;1
536558851;155 743 479;A01;3;7;0;2;3;1;1
536558852;155 743 475;A01;2;3;8;0;2;1;1
536558853;155 743 473;A01;1;7;0;2;2;15;3
536558853;155 743 476;B01;2;50;0;2;1;1;3
536558854;155 743 471;A01;0;7;0;2;6;15;1
536558854;155 743 474;B01;0;43;0;2;1;2;1
536558855;155 743 472;A01;2;7;4;0;1;13;1
536558856;155 743 470;B01;3;10;0;1;1;26;1
536558857;155 743 468;A01;3;1;14;0;1;21;5
536558858;155 743 466;B01;3;1;0;2;3;1;5
536558858;155 743 469;A01;3;7;0;2;8;9;1
536558859;155 743 465;A01;1;7;0;2;3;17;1
536558859;155 743 467;B01;2;14;0;2;3;1;1
536558860;155 743 462;A01;3;7;0;2;6;15;1
536558860;155 743 464;B01;1;32;0;2;1;1;1
536558861;155 743 459;B01;1;7;0;2;2;2;1
536558861;155 743 461;A01;1;10;0;2;1;15;1
536558862;155 743 458;A01;1;2;0;2;5;14;1
536558862;155 743 460;B01;1;7;0;2;2;15;1
536558863;155 743 456;B01;1;43;0;2;3;1;1
536558863;155 743 463;A01;1;7;0;2;5;15;1
536558864;155 743 455;B01;1;7;0;2;1;1;0
536558864;155 743 457;A01;2;3;0;2;3;13;0
536558865;155 743 454;A01;0;7;0;1;1;15;1
536558866;155 743 452;A01;2;37;0;1;1;16;1
536558867;155 743 450;A01;2;7;1;1;2;21;2
536558867;155 743 453;B01;2;10;0;0;6;23;1
536558868;155 743 449;B01;3;2;0;2;1;21;1
536558868;155 743 451;A01;3;33;0;2;3;9;1
536558869;155 743 447;A01;3;7;0;1;2;0;1
536558869;155 743 448;B01;3;7;0;2;1;2;1
536558870;155 743 442;A01;2;30;0;2;1;13;1
536558870;155 743 445;B01;1;7;0;2;8;1;1
536558871;155 743 441;A01;2;33;0;2;8;18;1
536558871;155 743 444;B01;1;7;0;2;1;15;1
536558872;155 743 443;B01;2;2;0;2;1;19;1
536558872;155 743 446;A01;1;7;0;2;3;1;1
536558873;155 743 439;B01;3;2;0;2;2;1;1
536558873;155 743 440;A01;2;7;0;2;8;9;1
536558874;155 743 438;A01;2;33;0;0;0;1;1
536558875;155 743 436;A01;1;7;0;2;2;9;2
536558875;155 743 437;B01;1;7;0;2;6;23;3
536558876;155 743 435;A01;1;7;16;0;1;1;1
536558877;155 743 433;A01;2;7;0;2;5;18;0
536558877;155 743 434;B01;2;50;0;2;1;1;3
536558878;155 743 429;A01;2;7;0;2;2;16;1
536558878;155 743 431;B01;2;50;0;2;3;1;3
536558879;155 743 428;B01;0;10;0;2;4;15;1
536558879;155 743 432;A01;0;33;0;2;1;16;1
536558880;155 743 426;A01;2;7;2;0;2;1;1
536558881;155 743 423;A01;2;7;0;2;1;2;1
536558881;155 743 425;B01;2;7;0;2;4;1;1
536558882;155 743 421;A01;1;1;0;5;1;1;5
536558883;155 743 420;B01;1;33;0;2;7;1;1
536558883;155 743 424;A01;1;7;0;2;2;1;1
536558884;155 743 417;A01;1;10;0;2;1;2;1
536558884;155 743 419;B01;1;7;0;2;4;2;1
536558884;155 743 422;C01;1;7;0;2;4;0;1
536558884;155 743 427;D01;1;7;0;2;4;0;1
536558884;155 743 430;E01;1;7;0;0;4;0;1
536558885;155 743 416;A01;2;33;13;0;1;14;1
536558886;155 743 415;A01;3;1;8;0;1;1;5
536558887;155 743 414;B01;3;37;0;2;1;1;1
536558887;155 743 418;A01;3;50;0;2;8;15;3
536558888;155 743 413;A01;3;10;0;1;6;4;1
536558889;155 743 410;A01;1;7;0;1;3;1;1
536558890;155 743 409;A01;1;7;2;0;1;1;1
536558891;155 743 411;A01;1;7;2;0;1;14;1
536558892;155 743 412;A01;3;7;11;0;1;14;1
536558893;155 743 407;A01;2;31;4;0;3;17;1
536558894;155 743 404;B01;2;7;0;0;0;0;1
536558894;155 743 408;A01;1;7;0;2;1;13;1
536558895;155 743 403;A01;2;33;0;2;1;12;1
536558895;155 743 406;B01;2;10;0;2;5;12;1
536558896;155 743 402;A01;2;60;0;2;8;19;5
536558896;155 743 405;B01;1;7;0;9;2;1;1
536558897;155 743 401;A01;1;7;13;1;3;21;1
536558898;155 743 400;A01;3;7;1;1;1;1;1
536558899;155 743 398;A01;2;7;2;0;3;0;1
536558900;155 743 397;A01;1;7;0;2;3;21;2
536558900;155 743 399;B01;2;7;0;2;3;11;1
536558901;155 743 394;A01;1;7;0;0;0;1;1
536558902;155 743 395;B01;1;7;0;2;1;2;1
536558902;155 743 396;A01;1;7;0;2;4;2;1
536558903;155 743 393;A01;1;7;13;0;2;1;1
536558904;155 743 392;A01;2;7;0;1;1;15;1
536558905;155 743 390;A01;1;7;6;9;3;17;1
536558905;155 743 391;B01;2;1;0;2;1;1;5
536558906;155 743 388;A01;1;99;0;0;8;1;1
536558907;155 743 389;A01;1;7;0;2;1;1;1
536558908;155 743 386;A01;2;33;12;0;8;1;1
536558909;155 743 385;A01;1;7;0;2;1;1;1
536558909;155 743 387;B01;1;7;0;2;4;1;1
536558910;155 743 382;B01;1;33;0;2;1;1;1
536558910;155 743 384;A01;2;7;0;2;3;15;1
536558911;155 743 378;B01;3;2;0;2;8;1;1
536558911;155 743 380;A01;3;7;0;2;3;15;1
536558912;155 743 376;A01;2;7;1;2;8;24;1
536558912;155 743 379;B01;2;50;1;2;1;1;3
536558913;155 743 375;B01;1;7;0;2;3;15;1
536558913;155 743 377;A01;1;2;0;2;1;1;1
536558914;155 743 372;A01;1;1;0;2;7;1;5
536558914;155 743 374;B01;2;7;0;9;1;1;1
536558915;155 743 373;A01;1;7;2;0;1;14;1
536558916;155 743 369;B01;3;7;0;2;6;1;1
536558916;155 743 371;A01;3;7;0;2;1;15;1
536558917;155 743 367;A01;3;1;0;0;0;1;5
536558918;155 743 366;A01;3;7;0;2;3;1;1
536558918;155 743 370;B01;3;50;0;2;1;19;3
536558919;155 743 365;A01;2;7;0;2;3;1;1
536558919;155 743 368;B01;0;2;0;2;1;19;1
536558920;155 743 361;A01;1;31;0;2;9;17;1
536558920;155 743 364;B01;1;7;0;2;3;15;1
536558921;155 743 360;A01;1;7;13;0;3;1;1
536558922;155 743 363;A01;1;2;0;0;3;16;1
536558923;155 743 358;B01;1;7;0;2;3;1;1
536558923;155 743 359;C01;1;7;0;2;1;23;1
536558923;155 743 362;A01;2;7;0;2;1;15;1
536558924;155 743 357;A01;1;7;0;1;1;1;1
536558925;155 743 355;A01;2;7;6;0;9;1;1
536558926;155 743 353;A01;1;7;0;0;2;15;1
536558926;155 743 356;B01;2;1;0;2;1;1;5
536558927;155 743 352;B01;1;7;0;1;7;1;1
536558928;155 743 351;A01;3;7;0;2;2;1;1
536558928;155 743 354;B01;3;7;0;2;3;1;2
536558929;155 743 350;A01;1;7;2;0;9;1;1
536558930;155 743 349;A01;3;7;8;0;9;26;1
536558931;155 743 348;A01;1;2;0;1;1;3;1
536558932;155 743 347;A01;1;7;0;1;1;1;1
536558933;155 743 345;A01;2;2;0;2;7;15;1
536558933;155 743 346;B01;1;7;0;2;2;1;1
536558934;155 743 343;B01;2;7;0;2;3;15;1
536558934;155 743 344;A01;2;7;0;2;2;17;1
536558935;155 743 341;A01;1;7;0;0;9;1;1
536558936;155 743 340;A01;1;33;0;2;1;2;1
536558936;155 743 342;B01;1;10;0;2;4;2;1
536558937;155 743 335;A01;2;7;0;2;6;24;1
536558937;155 743 337;B01;2;7;1;0;2;1;1
536558938;155 743 333;A01;2;7;0;0;4;1;1
536558938;155 743 339;B01;1;7;0;2;1;17;3
536558939;155 743 332;B01;2;7;0;0;4;2;1
536558939;155 743 334;A01;2;7;0;2;1;2;1
536558940;155 743 329;A01;1;7;0;2;8;22;1
536558940;155 743 331;B01;1;1;1;0;7;1;5
536558941;155 743 328;A01;1;7;0;2;8;26;1
536558941;155 743 330;B01;1;32;0;2;1;2;1
536558942;155 743 327;A01;3;10;0;1;3;5;1
536558943;155 743 326;A01;2;33;0;0;0;0;1
536558944;155 743 323;A01;1;7;0;1;1;2;1
536558945;155 743 321;A01;3;33;16;0;7;1;1
536558946;155 743 322;B01;2;1;0;2;1;26;5
536558946;155 743 325;A01;1;7;0;2;2;16;1
536558947;155 743 319;A01;1;30;0;0;7;17;1
536558948;155 743 317;A01;3;7;0;1;7;1;1
536558949;155 743 314;A01;3;31;15;0;7;1;1
536558950;155 743 312;Z01;1;50;0;1;8;26;3
536558951;155 743 313;A01;1;31;0;0;2;1;1
536558952;155 743 311;A01;2;7;0;2;3;17;1
536558952;155 743 315;C01;2;7;0;2;8;1;1
536558952;155 743 316;B01;1;7;0;2;3;1;1
536558952;155 743 320;E01;1;7;0;2;3;1;3
536558952;155 743 324;D01;1;7;0;2;1;1;1
536558953;155 743 305;B01;1;7;0;2;1;1;1
536558953;155 743 310;A01;1;50;0;2;8;5;3
536558954;155 743 306;A01;1;7;0;0;1;1;1
536558954;155 743 309;B01;1;1;0;2;4;1;5
536558955;155 743 304;B01;3;1;0;2;7;1;5
536558955;155 743 308;A01;1;7;0;2;1;15;1
536558956;155 743 303;A01;2;33;0;0;0;17;1
536558957;155 743 301;A01;3;7;2;0;1;0;1
536558958;155 743 299;A01;3;14;16;0;3;1;1
536558959;155 743 298;A01;1;2;0;2;1;26;1
536558959;155 743 302;B01;2;7;0;2;8;26;1
536558960;155 743 297;A01;3;33;4;0;1;13;1
536558961;155 743 296;B01;2;50;0;2;0;26;3
536558961;155 743 300;A01;2;7;0;2;2;26;1
536558962;155 743 294;A01;2;7;3;0;3;1;1
536558963;155 743 292;B01;2;7;7;0;8;1;1
536558963;155 743 295;A01;1;7;0;2;1;19;1
536558964;155 743 287;A01;2;33;0;2;2;2;1
536558964;155 743 290;B01;2;50;0;2;3;11;3
536558965;155 743 289;B01;3;33;0;2;7;1;1
536558965;155 743 293;A01;3;7;0;2;1;19;1
536558966;155 743 286;A01;1;7;0;2;2;1;1
536558966;155 743 291;B01;1;80;0;2;7;1;3
536558967;155 743 284;A01;1;7;8;2;3;13;1
536558967;155 743 285;B01;2;7;8;2;3;1;1
536558968;155 743 283;B01;1;7;0;2;2;1;1
536558968;155 743 288;A01;1;10;0;2;3;11;1
536558969;155 743 280;A01;1;7;0;2;1;1;1
536558969;155 743 281;B01;3;60;0;2;8;19;5
536558970;155 743 279;A01;3;7;0;2;1;1;1
536558970;155 743 282;B01;3;10;0;2;3;15;1
536558971;155 743 276;A01;3;30;0;0;0;1;1
536558972;155 743 273;C01;2;15;0;2;7;1;1
536558972;155 743 274;A01;2;33;0;2;1;9;1
536558972;155 743 277;B01;2;33;0;2;4;9;1
536558973;155 743 269;A01;3;7;9;0;8;19;1
536558973;155 743 271;B01;3;7;0;2;1;0;3
536558974;155 743 268;A01;0;7;0;2;2;20;1
536558974;155 743 270;B01;0;33;0;2;1;18;1
536558975;155 743 267;A01;1;36;2;0;1;13;1
536558976;155 743 266;A01;1;33;9;0;2;1;1
536558977;155 743 261;B01;1;7;0;2;3;1;1
536558977;155 743 265;A01;1;7;0;2;4;1;3
536558978;155 743 263;A01;0;7;0;1;1;0;1
536558979;155 743 260;A01;2;7;0;9;6;15;1
536558979;155 743 264;B01;2;1;0;2;1;1;5
536558980;155 743 258;A01;1;33;0;0;0;1;1
536558981;155 743 257;A01;1;10;0;2;3;1;1
536558981;155 743 262;B01;1;14;0;2;3;11;4
536558982;155 743 259;A01;3;20;0;1;1;1;1
536558983;155 743 250;A01;1;7;0;2;2;2;1
536558983;155 743 254;B01;1;2;0;0;4;2;1
536558984;155 743 251;Y01;2;1;0;2;1;1;5
536558984;155 743 255;A01;2;7;0;2;3;20;2
536558985;155 743 253;B01;2;7;0;2;1;5;1
536558985;155 743 256;A01;1;7;0;2;3;1;1
536558986;155 743 249;A01;1;7;0;2;3;1;1
536558986;155 743 252;B01;1;7;0;2;5;1;1
536558987;155 743 246;B01;2;7;0;2;3;1;1
536558987;155 743 248;A01;1;1;0;2;1;1;5
536558988;155 743 243;A01;3;7;0;2;2;2;1
536558988;155 743 247;B01;1;30;0;2;6;11;1
536558989;155 743 244;A01;2;33;0;1;7;26;1
536558990;155 743 242;B01;2;7;0;2;1;1;1
536558990;155 743 245;A01;2;7;0;2;3;10;1
536558991;155 743 238;A01;1;7;0;2;3;1;1
536558991;155 743 241;B01;2;7;0;2;3;1;1
536558992;155 743 237;A01;3;1;0;2;2;19;5
536558992;155 743 240;B01;3;7;0;9;3;16;1
536558993;155 743 235;A01;3;1;0;1;1;1;5
536558994;155 743 236;A01;1;7;0;2;2;14;3
536558994;155 743 239;B01;1;31;0;2;8;1;1
536558995;155 743 234;A01;1;17;16;0;8;13;1
536558996;155 743 231;B01;1;7;0;2;4;2;1
536558996;155 743 233;A01;1;7;0;2;1;2;1
536558997;155 743 230;A01;1;7;0;1;1;1;3
536558998;155 743 228;B01;2;7;0;2;1;1;1
536558998;155 743 232;A01;1;7;0;2;1;13;1
536558999;155 743 221;A01;2;7;0;2;3;24;2
536558999;155 743 224;B01;2;1;0;2;1;2;5
536559000;155 743 219;A01;1;33;0;2;4;23;1
536559000;155 743 222;C01;1;7;0;2;1;2;1
536559000;155 743 226;B01;1;7;0;2;4;23;1
536559001;155 743 218;A01;0;30;8;0;1;0;1
536559002;155 743 217;A01;1;10;0;2;1;1;1
536559002;155 743 220;B01;2;33;0;2;1;1;1
536559002;155 743 223;C01;2;33;0;2;8;1;1
536559003;155 743 211;A01;1;2;0;2;1;15;1
536559003;155 743 214;B01;1;7;0;2;6;15;1
536559004;155 743 209;A01;1;7;10;0;1;14;1
536559005;155 743 210;A01;2;7;0;2;3;17;1
536559005;155 743 213;B01;1;33;0;2;3;1;1
536559006;155 743 208;B01;1;38;0;2;6;1;1
536559006;155 743 212;A01;2;32;0;2;1;1;1
536559006;155 743 216;C01;1;32;0;2;1;1;1
536559007;155 743 205;A01;0;50;12;0;1;1;3