Num_Acc;id_vehicule;num_veh;senc;catv;obs;obsm;choc;manv;motor
536559621;155 742 148;A01;3;7;0;2;3;15;1
536559621;155 742 149;B01;2;2;0;2;3;1;1
536559622;155 742 146;A01;0;7;0;2;8;19;1
536559622;155 742 147;B01;2;10;0;2;1;1;1
536559623;155 742 144;B01;3;7;0;2;0;15;1
536559623;155 742 145;A01;3;7;0;2;0;0;1
536559624;155 742 143;A01;3;37;0;1;5;7;1
536559625;155 742 141;A01;1;7;8;2;8;1;1
536559625;155 742 142;B01;1;7;0;2;1;0;1
536559626;155 742 139;A01;1;7;0;2;2;9;1
536559626;155 742 140;B01;1;7;0;2;3;1;1
536559627;155 742 137;A01;2;10;0;4;6;24;1
536559627;155 742 138;B01;2;40;1;2;2;1;0
536559628;155 742 135;A01;1;7;0;2;2;15;1
536559628;155 742 136;B01;2;50;0;2;1;1;3
536559629;155 742 133;B01;2;1;0;2;8;19;5
536559629;155 742 134;A01;1;7;12;2;7;19;2
536559630;155 742 131;B01;1;7;0;2;8;15;1
536559630;155 742 132;A01;1;7;0;2;2;17;2
536559631;155 742 129;A01;3;7;0;2;7;15;1
536559631;155 742 130;B01;3;33;0;2;2;1;1
536559632;155 742 127;B01;1;2;0;2;2;17;1
536559632;155 742 128;A01;1;7;0;2;3;15;1
536559633;155 742 125;B01;2;7;0;2;1;1;1
536559633;155 742 126;A01;1;50;0;2;1;5;3
536559634;155 742 124;A01;1;7;0;1;1;26;1
536559635;155 742 122;B01;2;2;0;2;1;1;1
536559635;155 742 123;A01;2;10;0;2;1;10;1
536559636;155 742 120;B01;2;2;0;2;1;1;1
536559636;155 742 121;A01;3;7;0;2;3;9;1
536559637;155 742 119;A01;3;33;12;2;3;17;1
536559638;155 742 116;B01;3;33;0;2;1;1;1
536559638;155 742 117;A01;3;7;0;2;3;15;1
536559638;155 742 118;C01;3;7;1;0;6;24;1
536559639;155 742 114;B01;3;50;0;2;7;1;3
536559639;155 742 115;A01;3;7;0;2;1;9;1
536559640;155 742 113;A01;3;7;2;0;1;14;1
536559641;155 742 111;A01;1;10;0;2;1;13;1
536559641;155 742 112;B01;2;7;0;2;1;21;1
536559642;155 742 109;B01;1;1;0;2;1;1;5
536559642;155 742 110;A01;2;7;0;2;2;1;1
536559643;155 742 106;B01;1;37;0;2;4;7;4
536559643;155 742 107;A01;1;7;0;2;1;7;1
536559644;155 742 104;A01;1;1;0;2;1;19;5
536559644;155 742 105;B01;1;37;0;2;8;1;4
536559645;155 742 102;B01;1;7;0;2;1;1;1
536559645;155 742 103;A01;1;7;0;2;4;26;1
536559646;155 742 097;A01;3;7;0;2;1;2;1
536559646;155 742 098;D01;3;7;0;2;4;2;1
536559646;155 742 099;C01;3;7;0;2;1;0;2
536559646;155 742 100;B01;3;7;0;2;1;2;1
536559646;155 742 101;E01;3;7;0;2;1;2;1
536559647;155 742 096;A01;2;50;0;1;1;1;3
536559648;155 742 094;A01;3;7;0;2;2;1;2
536559648;155 742 095;B01;3;7;0;2;6;9;1
536559649;155 742 093;A01;2;7;3;0;9;0;1
536559650;155 742 091;A01;2;10;0;2;3;1;1
536559650;155 742 092;B01;1;7;0;2;8;1;1
536559651;155 742 089;B01;1;7;8;0;3;1;1
536559651;155 742 090;A01;1;7;0;2;2;12;1
536559652;155 742 088;A01;1;14;12;0;1;1;1
536559653;155 742 082;A01;1;7;0;2;5;16;1
536559653;155 742 083;B01;1;1;0;2;1;1;5
536559654;155 742 078;A01;2;14;0;2;7;16;1
536559654;155 742 079;B01;2;7;0;2;8;16;1
536559655;155 742 076;A01;2;7;0;2;8;11;1
536559655;155 742 077;B01;2;32;0;2;7;1;1
536559656;155 742 074;B01;1;1;0;2;1;1;5
536559656;155 742 075;A01;2;7;0;2;1;15;1
536559657;155 742 071;A01;0;13;0;2;1;1;1
536559657;155 742 072;B01;0;1;0;2;0;0;5
536559658;155 742 069;A01;3;7;0;2;1;16;0
536559658;155 742 070;B01;3;80;0;2;8;2;3
536559659;155 742 067;A01;3;7;0;2;1;11;1
536559659;155 742 068;B01;3;7;0;2;1;2;1
536559660;155 742 065;A01;3;7;14;2;2;1;1
536559660;155 742 066;B01;3;7;0;2;3;1;1
536559661;155 742 063;FC01;2;17;0;2;8;9;1
536559661;155 742 064;FB01;1;1;0;2;1;16;5
536559662;155 742 061;B01;3;7;0;9;3;1;1
536559662;155 742 062;A01;3;1;0;2;1;15;5
536559663;155 742 059;A01;1;7;0;2;1;2;1
536559663;155 742 060;B01;1;7;0;2;4;2;1
536559664;155 742 056;A01;2;7;0;2;2;2;2
536559664;155 742 057;B01;2;7;0;2;6;2;0
536559665;155 742 054;A01;2;7;0;2;3;15;1
536559665;155 742 055;B01;2;7;0;2;1;17;1
536559666;155 742 052;A01;3;7;0;2;6;17;1
536559666;155 742 053;B01;3;33;0;2;7;17;1
536559667;155 742 050;B01;1;7;0;2;5;1;1
536559667;155 742 051;A01;1;50;0;2;1;1;3
536559668;155 742 048;B01;2;7;0;2;4;1;2
536559668;155 742 049;A01;2;50;0;2;1;1;3
536559669;155 742 047;A01;2;7;0;1;3;1;1
536559670;155 742 045;A01;2;7;0;2;1;9;1
536559670;155 742 046;B01;2;32;0;2;7;26;1
536559671;155 742 042;A01;1;33;0;2;0;21;1
536559672;155 742 040;B01;1;10;0;2;1;5;1
536559672;155 742 043;A01;1;7;0;2;8;15;1
536559673;155 742 039;A01;2;7;0;0;0;16;1
536559673;155 742 041;B01;1;1;0;0;0;21;5
536559674;155 742 036;B01;1;7;0;2;5;2;1
536559674;155 742 038;A01;1;33;0;2;1;2;1
536559675;155 742 037;Z01;3;10;0;1;1;16;0
536559676;155 742 034;A01;2;33;0;2;3;3;1
536559676;155 742 035;B01;2;7;0;2;3;1;2
536559677;155 742 031;A01;1;7;0;2;5;1;1
536559677;155 742 033;B01;1;30;0;2;6;11;1
536559678;155 742 032;A01;3;7;0;1;3;15;1
536559679;155 742 030;A01;2;33;0;0;8;16;1
536559680;155 742 027;A01;1;30;0;2;3;1;1
536559680;155 742 028;B01;1;34;0;2;8;1;1
536559681;155 742 025;A01;2;7;0;0;0;1;0
536559681;155 742 026;B01;2;7;0;2;1;13;1
536559681;155 742 029;C01;1;7;0;2;3;1;1
536559682;155 742 024;A01;1;50;0;0;0;0;3
536559683;155 742 023;A01;1;7;1;0;2;15;1
536559684;155 742 018;A01;1;7;0;2;1;1;1
536559684;155 742 019;B01;1;7;0;2;4;23;1
536559684;155 742 021;C01;1;7;0;2;4;23;1
536559684;155 742 022;D01;1;10;0;2;4;23;1
536559685;155 742 017;B01;3;7;0;2;4;1;2
536559685;155 742 020;A01;3;7;0;2;1;2;1
536559686;155 742 015;A01;1;33;0;2;1;21;1
536559686;155 742 016;B01;1;7;0;2;4;1;1
536559687;155 742 013;A01;2;31;0;2;1;1;3
536559687;155 742 014;B01;2;7;0;2;2;1;2
536559688;155 742 011;A01;2;7;0;1;4;4;2
536559689;155 742 010;A01;1;50;0;0;0;1;3
536559690;155 742 008;B01;3;50;0;2;8;19;3
536559690;155 742 009;A01;1;10;0;2;1;1;1
536559691;155 742 005;A01;1;10;0;1;1;1;1
536559692;155 742 006;A01;2;15;0;2;2;12;1
536559692;155 742 007;B01;2;7;0;2;4;1;1
536559693;155 742 002;B01;3;10;0;2;8;1;1
536559693;155 742 004;A01;3;30;0;2;1;1;1
536559694;155 742 003;A01;2;7;0;1;1;2;1
536559695;155 742 000;A01;2;10;0;1;3;15;1
536559696;155 741 998;A01;2;7;0;1;1;1;1
536559697;155 741 999;B01;1;10;0;2;3;1;1
536559697;155 742 001;A01;1;7;0;2;3;15;1
536559698;155 741 997;A01;3;7;6;0;1;16;1
536559699;155 741 996;A01;1;10;0;1;4;26;1
536559700;155 741 994;B01;1;2;0;2;8;1;1
536559700;155 741 995;A01;2;7;0;2;3;15;1
536559701;155 741 991;A01;2;50;0;2;6;16;3
536559701;155 741 992;B01;1;7;0;2;6;17;1
536559701;155 741 993;C01;1;10;0;0;0;0;0
536559702;155 741 988;A01;1;33;0;2;5;2;1
536559702;155 741 989;B01;3;7;0;2;3;9;2
536559703;155 741 987;A01;1;7;0;2;2;9;0
536559703;155 741 990;B01;2;1;0;2;1;1;5
536559704;155 741 985;B01;0;7;0;2;8;15;1
536559704;155 741 986;A01;2;33;1;2;1;1;1
536559705;155 741 983;B01;1;33;0;2;1;1;1
536559705;155 741 984;A01;2;7;0;2;7;15;1
536559706;155 741 981;A01;2;31;0;0;0;2;1
536559707;155 741 982;A01;2;7;13;0;1;26;1
536559708;155 741 979;A01;1;7;0;2;2;5;1
536559708;155 741 980;B01;3;7;0;2;2;1;1
536559709;155 741 977;A01;1;50;0;1;1;1;3
536559710;155 741 973;A01;1;7;8;0;1;1;1
536559710;155 741 975;B01;2;7;0;2;1;15;1
536559711;155 741 970;A01;3;7;0;2;1;1;1
536559711;155 741 971;B01;3;38;0;2;6;15;1
536559712;155 741 972;A01;1;7;0;2;1;1;1
536559712;155 741 974;B01;1;7;0;2;4;1;1
536559713;155 741 968;A01;3;13;0;2;8;13;1
536559713;155 741 969;B01;3;33;0;2;2;1;1
536559714;155 741 967;A01;2;30;0;0;0;1;1
536559715;155 741 966;A01;3;3;0;1;2;1;3
536559716;155 741 965;A01;1;33;2;0;1;13;1
536559717;155 741 964;A01;1;3;0;1;2;0;1
536559718;155 741 962;B01;1;7;0;0;7;1;1
536559718;155 741 963;A01;1;7;0;2;1;1;1
536559719;155 741 960;A01;1;7;14;0;0;1;1
536559720;155 741 959;B01;0;7;0;2;1;15;1
536559720;155 741 961;A01;1;33;0;2;7;1;1
536559721;155 741 956;A01;1;7;0;2;3;10;1
536559721;155 741 958;B01;1;2;0;2;1;2;1
536559722;155 741 955;A01;1;7;0;2;1;1;1
536559722;155 741 957;B01;2;7;0;2;1;1;1
536559723;155 741 953;B01;1;7;0;2;1;1;1
536559723;155 741 954;A01;2;7;0;2;7;1;1
536559724;155 741 949;A01;;7;8;0;2;26;1
536559725;155 741 944;B01;2;7;0;2;4;2;1
536559725;155 741 946;C01;2;7;0;2;4;2;1
536559725;155 741 947;E01;2;7;0;2;5;2;1
536559725;155 741 948;F01;2;10;0;2;0;2;1
536559725;155 741 950;G01;2;17;0;2;6;1;1
536559725;155 741 951;A01;2;10;0;2;3;2;1
536559725;155 741 952;D01;2;10;0;2;4;2;1
536559726;155 741 943;A01;1;7;0;2;3;9;1
536559726;155 741 945;B01;1;7;0;2;2;15;1
536559727;155 741 942;A01;3;15;1;1;6;16;1
536559728;155 741 939;A01;1;7;0;2;3;1;1
536559728;155 741 940;B01;2;33;0;2;8;1;1
536559728;155 741 941;C01;2;33;0;2;1;1;1
536559729;155 741 937;A01;2;33;0;0;1;0;1
536559730;155 741 933;A01;1;3;0;2;3;13;1
536559730;155 741 935;B01;2;7;0;2;3;1;1
536559731;155 741 934;B01;2;7;0;2;4;23;1
536559731;155 741 936;A01;2;7;0;2;1;1;1
536559731;155 741 938;C01;2;7;0;2;4;23;1
536559732;155 741 931;A01;1;35;0;2;1;19;1
536559732;155 741 932;B01;2;7;0;2;8;1;1
536559733;155 741 928;A01;2;38;0;2;3;1;1
536559733;155 741 930;B01;1;33;0;2;1;5;1
536559734;155 741 925;B01;2;33;0;2;1;1;1
536559734;155 741 926;A01;1;7;0;2;6;9;1
536559735;155 741 927;A01;1;14;0;2;1;1;1
536559735;155 741 929;B01;1;7;0;2;4;1;1
536559736;155 741 923;A01;1;7;0;2;7;15;1
536559736;155 741 924;B01;2;10;0;2;1;1;1
536559737;155 741 919;A01;3;7;0;2;1;1;1
536559737;155 741 920;C01;3;7;0;2;5;1;3
536559737;155 741 921;B01;3;7;0;2;4;1;1
536559737;155 741 922;D01;3;10;0;2;4;1;1
536559738;155 741 917;A01;3;33;0;2;1;11;1
536559738;155 741 918;B01;3;7;0;2;6;0;3
536559739;155 741 915;A01;1;7;0;2;7;15;1
536559739;155 741 916;B01;2;32;0;2;1;1;1
536559740;155 741 913;A01;1;30;0;2;1;26;1
536559740;155 741 914;B01;1;7;0;2;4;0;1
536559741;155 741 912;A01;2;7;0;1;1;1;1
536559742;155 741 910;A01;3;50;0;2;3;13;3
536559742;155 741 911;B01;0;7;0;2;3;1;1
536559743;155 741 906;A01;0;10;0;2;1;14;1
536559743;155 741 907;B01;0;7;0;2;3;23;1
536559744;155 741 902;A01;2;50;0;0;1;0;3
536559745;155 741 901;A01;1;7;0;1;3;1;1
536559746;155 741 899;A01;3;7;0;2;2;9;1
536559746;155 741 900;B01;3;30;0;2;1;11;1
536559747;155 741 897;A01;3;7;0;2;4;15;1
536559747;155 741 898;B01;3;14;0;2;1;2;1
536559748;155 741 895;A01;3;33;0;2;1;1;1
536559748;155 741 896;B01;3;2;0;2;2;15;1
536559749;155 741 893;A01;2;31;0;2;1;17;1
536559749;155 741 894;B01;2;7;0;2;3;15;3
536559750;155 741 891;B01;1;33;0;2;7;1;1
536559750;155 741 892;A01;1;33;0;2;6;11;1
536559751;155 741 890;A01;2;7;4;0;4;1;1
536559752;155 741 888;A01;0;10;0;2;2;17;1
536559752;155 741 889;B01;0;50;0;2;8;1;3
536559753;155 741 886;Y01;2;1;0;2;1;3;5
536559753;155 741 887;A01;1;7;0;2;3;15;1
536559754;155 741 884;A01;3;7;0;2;1;1;3
536559754;155 741 885;B01;3;33;0;2;4;1;1
536559755;155 741 883;A01;2;60;12;0;1;1;5
536559756;155 741 881;A01;1;80;0;2;1;5;3
536559756;155 741 882;B01;1;32;0;2;1;1;1
536559757;155 741 880;A01;1;7;0;1;3;1;2
536559758;155 741 879;A01;3;7;0;1;1;16;1
536559759;155 741 877;A01;1;10;0;2;4;2;1
536559759;155 741 878;B01;1;7;0;2;1;2;1
536559760;155 741 875;A01;1;80;0;2;1;1;3
536559760;155 741 876;B01;0;7;0;2;3;22;1
536559761;155 741 873;B01;2;1;0;0;1;5;5
536559761;155 741 874;A01;2;7;0;0;2;9;1
536559762;155 741 872;A01;1;1;0;0;8;2;5
536559763;155 741 870;B01;2;80;0;2;3;2;3
536559763;155 741 871;A01;2;7;0;2;5;17;2
536559764;155 741 868;B01;3;7;0;2;4;0;2
536559764;155 741 869;A01;3;7;0;2;1;26;2
536559765;155 741 866;A01;1;7;0;2;1;15;1
536559765;155 741 867;B01;2;43;0;2;3;0;1
536559766;155 741 863;B01;1;7;0;2;6;2;1
536559766;155 741 864;C01;1;80;0;2;7;3;3
536559766;155 741 865;A01;1;7;0;2;3;1;1
536559767;155 741 861;B01;2;33;0;2;2;0;1
536559767;155 741 862;A01;2;7;0;2;8;15;1
536559768;155 741 859;B01;3;60;0;2;1;17;5
536559768;155 741 860;A01;3;7;0;9;2;26;2
536559769;155 741 858;A01;1;10;1;1;4;26;3
536559770;155 741 855;C01;3;7;0;9;0;1;1
536559770;155 741 856;A01;1;7;0;2;2;1;1
536559770;155 741 857;B01;2;34;3;2;3;1;1
536559771;155 741 854;A01;1;37;0;1;2;1;1
536559772;155 741 853;A01;2;33;0;1;3;3;0
536559773;155 741 851;A01;0;50;0;2;1;1;3
536559773;155 741 852;B01;0;60;0;2;1;1;5
536559774;155 741 850;Z01;2;50;0;1;1;25;3
536559775;155 741 849;A01;3;7;0;1;1;1;2
536559776;155 741 848;A01;2;7;14;1;1;2;1
536559777;155 741 847;A01;1;7;0;1;7;1;1
536559778;155 741 845;B01;1;7;0;2;3;1;1
536559778;155 741 846;A01;2;33;0;1;2;1;1
536559779;155 741 844;A01;1;50;0;1;1;1;3
536559780;155 741 842;B01;3;10;0;2;4;2;1
536559780;155 741 843;A01;3;14;0;2;1;2;1
536559781;155 741 841;A01;2;32;0;1;1;2;1
536559782;155 741 840;A01;1;7;13;0;1;1;1
536559783;155 741 838;A01;1;2;0;2;1;1;1
536559783;155 741 839;B01;1;10;0;0;6;26;1
536559784;155 741 837;A01;1;33;8;0;1;2;1
536559785;155 741 835;B01;1;15;0;2;3;1;1
536559785;155 741 836;A01;2;7;0;2;3;13;1
536559786;155 741 833;A01;1;7;0;0;7;1;1
536559786;155 741 834;B01;2;7;0;2;1;15;1
536559787;155 741 830;C01;1;7;0;0;1;1;1
536559787;155 741 831;A01;2;7;0;0;1;17;1
536559787;155 741 832;B01;2;10;0;0;3;16;1
536559788;155 741 827;A01;2;7;3;2;1;5;1
536559788;155 741 828;B01;1;33;0;2;3;1;1
536559788;155 741 829;C01;1;33;0;2;1;1;1
536559789;155 741 826;A01;1;7;2;0;3;1;1
536559790;155 741 824;B01;3;7;0;2;3;16;1
536559790;155 741 825;A01;3;7;0;2;1;1;1
536559791;155 741 822;A01;1;7;0;2;1;1;1
536559791;155 741 823;B01;1;10;0;0;4;23;1
536559792;155 741 821;A01;0;38;0;1;1;1;1
536559793;155 741 819;B01;2;7;0;2;3;1;1
536559793;155 741 820;A01;1;2;0;2;1;13;1
536559794;155 741 817;B01;2;7;0;2;2;1;1
536559794;155 741 818;A01;1;2;0;2;3;19;1
536559795;155 741 816;A01;1;7;6;0;1;14;1
536559796;155 741 814;A01;1;7;0;2;2;15;0
536559796;155 741 815;B01;1;33;0;2;2;13;1
536559797;155 741 813;A01;2;7;0;1;2;1;1
536559798;155 741 810;A01;0;10;0;2;2;1;1
536559798;155 741 811;B01;0;2;0;2;3;15;1
536559799;155 741 809;A01;0;7;5;0;1;1;3
536559800;155 741 807;A01;2;7;0;2;1;13;1
536559800;155 741 808;B01;1;15;0;2;1;1;1
536559801;155 741 805;B01;1;7;11;2;1;1;1
536559801;155 741 806;A01;1;7;11;2;7;19;1
536559802;155 741 803;B01;0;1;0;2;2;19;5
536559802;155 741 804;A01;0;7;0;0;5;26;1
536559803;155 741 801;B01;2;7;0;2;3;1;1
536559803;155 741 802;A01;2;7;0;2;2;1;1
536559804;155 741 799;B01;2;1;0;2;1;1;5
536559804;155 741 800;A01;1;7;0;2;1;15;1
536559805;155 741 797;B01;1;7;0;2;1;1;1
536559805;155 741 798;A01;2;7;0;0;3;16;1
536559806;155 741 795;B01;2;7;0;2;1;1;1
536559806;155 741 796;A01;1;7;0;0;7;1;1
536559807;155 741 794;A01;1;7;2;0;3;1;1
536559808;155 741 793;A01;1;7;15;0;0;0;1
536559809;155 741 792;A01;1;10;8;0;1;1;1
536559810;155 741 790;A01;0;32;0;2;1;14;1
536559810;155 741 791;B01;0;7;0;2;3;15;1
536559811;155 741 788;B01;3;0;0;2;0;5;0
536559811;155 741 789;A01;3;33;6;2;3;1;1
536559812;155 741 786;A01;1;7;0;2;3;1;1
536559812;155 741 787;B01;2;7;0;2;1;13;1
536559813;155 741 785;A01;1;33;0;6;1;1;1
536559814;155 741 784;A01;1;7;0;1;2;21;1
536559815;155 741 783;A01;2;7;2;0;1;1;1
536559816;155 741 781;A01;3;7;0;2;1;15;2
536559816;155 741 782;B01;1;7;0;2;1;1;1
536559817;155 741 780;A01;1;80;11;0;9;0;3
536559818;155 741 777;A01;3;7;0;2;7;13;1
536559818;155 741 778;B01;3;7;0;2;6;1;1
536559818;155 741 779;C01;3;7;0;2;1;1;1
536559819;155 741 774;A01;3;10;16;0;9;0;1
536559820;155 741 773;A01;2;7;15;0;1;13;1
536559821;155 741 772;A01;2;7;16;0;0;1;1
536559822;155 741 770;A01;1;33;0;2;1;17;1
536559822;155 741 771;B01;1;7;0;2;3;10;1
536559823;155 741 768;A01;1;7;0;2;1;2;1
536559823;155 741 769;B01;1;7;13;0;4;1;1
536559824;155 741 766;A01;1;2;0;2;1;13;1
536559824;155 741 767;B01;2;7;0;2;1;1;1
536559825;155 741 765;A01;2;7;0;1;4;4;1
536559826;155 741 763;A01;1;33;0;0;7;1;1
536559826;155 741 764;B01;1;33;8;0;8;1;1
536559827;155 741 761;B01;1;7;0;2;5;15;1
536559827;155 741 762;A01;2;2;0;2;1;1;1
536559828;155 741 758;C01;1;10;0;2;1;1;1
536559828;155 741 759;A01;2;7;0;2;2;13;1
536559828;155 741 760;B01;1;7;0;2;1;1;1
536559829;155 741 756;A01;3;7;0;2;1;15;1
536559829;155 741 757;B01;1;80;0;0;8;15;3
536559830;155 741 751;E01;2;7;0;2;5;1;1
536559830;155 741 752;A01;2;10;0;2;3;14;1
536559830;155 741 753;B01;2;17;0;2;5;1;1
536559830;155 741 754;C01;2;15;0;2;7;0;1
536559830;155 741 755;D01;2;7;0;2;5;13;1
536559831;155 741 746;A01;1;7;0;2;6;1;1
536559831;155 741 747;Z01;1;7;0;2;1;2;1
536559832;155 741 744;Z01;2;7;0;2;1;1;1
536559832;155 741 745;A01;2;7;0;2;4;1;1
536559833;155 741 742;A01;1;7;0;2;4;23;1
536559833;155 741 743;Z01;1;7;0;2;1;1;0
536559834;155 741 739;B01;2;7;0;2;3;11;1
536559834;155 741 740;A01;2;33;0;2;1;3;1
536559834;155 741 741;C01;2;7;0;2;5;1;1
536559835;155 741 737;A01;2;7;0;2;1;1;1
536559835;155 741 738;B01;2;7;0;2;4;1;1
536559836;155 741 736;A01;2;7;3;0;5;1;1
536559837;155 741 734;A01;1;33;3;2;1;16;1
536559837;155 741 735;B01;2;34;0;2;1;1;1
536559838;155 741 731;A01;2;10;0;2;3;2;3
536559838;155 741 732;B01;2;7;0;2;4;1;1
536559838;155 741 733;C01;2;7;0;2;4;0;2
536559839;155 741 730;A01;2;33;0;0;0;26;1
536559840;155 741 728;A01;2;34;0;2;1;3;1
536559840;155 741 729;B01;2;7;0;2;4;1;1
536559841;155 741 726;A01;2;7;3;0;1;1;1
536559841;155 741 727;B01;2;7;13;0;0;1;2
536559842;155 741 724;A01;2;10;0;2;4;1;1
536559842;155 741 725;B01;2;10;0;2;4;1;1
536559843;155 741 722;A01;2;7;0;2;1;15;1
536559843;155 741 723;B01;2;7;0;2;8;1;1
536559844;155 741 720;A01;2;7;0;2;1;1;1
536559844;155 741 721;B01;2;7;0;2;4;1;2
536559845;155 741 719;A01;1;7;0;1;2;1;1
536559846;155 741 717;B01;1;7;0;2;8;0;1
536559846;155 741 718;A01;1;15;0;2;1;12;1
536559847;155 741 715;B01;2;15;0;2;4;2;1
536559847;155 741 716;A01;2;7;0;2;1;2;1
536559848;155 741 713;A01;1;1;0;2;1;0;5
536559848;155 741 714;B01;1;7;0;2;5;1;1
536559849;155 741 711;B01;1;50;0;2;1;1;3
536559849;155 741 712;A01;2;7;0;2;0;1;1
536559850;155 741 709;A01;2;7;0;2;4;26;1
536559850;155 741 710;B01;2;7;0;2;1;2;1
536559851;155 741 707;B01;1;7;0;2;4;16;0
536559851;155 741 708;A01;1;7;0;2;1;1;1
536559852;155 741 705;A01;1;7;0;2;1;26;1
536559852;155 741 706;B01;1;33;0;2;4;2;1
536559853;155 741 702;C01;1;10;0;2;2;11;1
536559853;155 741 703;A01;1;33;0;2;1;2;1
536559853;155 741 704;B01;1;7;0;2;4;2;1
536559854;155 741 700;A01;1;33;0;2;1;2;1
536559854;155 741 701;B01;1;10;0;2;0;2;1
536559855;155 741 699;A01;3;30;0;0;1;1;1
536559856;155 741 697;A01;2;1;0;2;4;1;5
536559856;155 741 698;Z01;1;7;0;2;1;14;0
536559857;155 741 695;B01;2;37;0;2;1;1;1
536559857;155 741 696;A01;1;7;0;2;1;17;1
536559858;155 741 694;A01;1;7;0;2;2;26;1
536559859;155 741 693;A01;1;32;0;1;1;0;1
536559860;155 741 692;A01;1;33;0;1;1;0;1
536559861;155 741 691;A01;2;37;0;0;0;1;1
536559862;155 741 689;A01;1;7;0;9;3;2;1
536559862;155 741 690;B01;2;50;0;2;1;5;3
536559863;155 741 688;A01;1;37;0;1;3;0;1
536559864;155 741 686;A01;1;7;0;2;8;11;1
536559864;155 741 687;B01;2;7;0;2;0;0;1
536559865;155 741 684;A01;1;7;6;0;3;0;1
536559865;155 741 685;B01;1;10;0;2;1;1;1
536559866;155 741 683;A01;3;7;1;0;3;13;1
536559867;155 741 679;A01;3;7;0;2;2;1;0
536559867;155 741 680;B01;3;50;0;2;1;1;3
536559868;155 741 678;A01;3;7;0;1;1;1;1
536559869;155 741 677;A01;3;7;3;0;9;13;1
536559870;155 741 676;A01;2;7;0;1;2;26;1
536559871;155 741 674;B01;1;7;0;2;4;23;1
536559871;155 741 675;A01;1;7;0;2;1;0;1
536559872;155 741 673;A01;3;7;0;1;3;1;1
536559873;155 741 670;A01;1;15;0;2;2;2;1
536559873;155 741 671;B01;1;10;0;2;4;2;1
536559873;155 741 672;C01;1;7;0;2;4;2;1
536559874;155 741 666;B01;0;7;0;2;7;1;0
536559874;155 741 667;A01;0;7;0;0;0;0;0
536559875;155 741 665;A01;1;7;0;1;3;1;1
536559876;155 741 663;A01;3;7;9;2;1;26;1
536559876;155 741 664;B01;3;7;9;2;1;1;1
536559877;155 741 661;A01;3;7;0;2;2;15;1
536559877;155 741 662;B01;0;7;0;2;1;1;1
536559878;155 741 657;D01;1;7;0;2;4;2;1
536559878;155 741 658;A01;1;7;0;2;1;2;1
536559878;155 741 659;B01;1;7;0;2;4;2;1
536559878;155 741 660;C01;1;7;0;2;4;2;1
536559879;155 741 655;A01;3;7;0;2;1;2;1
536559879;155 741 656;B01;3;10;0;0;4;26;1
536559880;155 741 653;A01;2;7;0;2;1;1;1
536559880;155 741 654;B01;1;7;0;2;5;15;1
536559881;155 741 651;A01;3;1;0;2;0;0;5
536559881;155 741 652;B01;3;50;0;2;0;0;3
536559882;155 741 649;A01;3;3;0;2;2;2;1
536559882;155 741 650;B01;3;1;0;2;4;2;5
536559883;155 741 647;A01;1;7;0;1;1;1;1
536559884;155 741 645;A01;1;7;0;2;1;1;1
536559884;155 741 646;B01;1;7;0;2;4;1;1
536559885;155 741 644;A01;1;7;0;1;1;1;1
536559886;155 741 642;A01;3;7;0;2;1;13;1
536559886;155 741 643;B01;3;7;0;2;1;1;1
536559887;155 741 640;A01;1;7;6;2;1;9;1
536559887;155 741 641;B01;2;7;0;2;8;1;1
536559888;155 741 638;A01;3;7;0;2;2;17;1
536559888;155 741 639;B01;3;7;0;2;6;1;1
536559889;155 741 636;A01;2;7;0;2;1;13;1
536559889;155 741 637;B01;2;7;12;2;3;1;1
536559890;155 741 634;A01;1;7;0;2;3;1;1
536559890;155 741 635;B01;1;2;0;2;8;0;1
536559891;155 741 632;B01;1;7;0;1;1;1;1
536559891;155 741 633;A01;1;7;0;2;1;1;1
536559892;155 741 630;B01;3;1;0;2;7;1;5
536559892;155 741 631;A01;3;10;0;2;3;9;1
536559893;155 741 629;A01;2;30;0;0;8;16;3
536559894;155 741 627;A01;2;7;15;2;3;9;1
536559894;155 741 628;B01;2;7;15;2;2;1;1
536559895;155 741 625;B01;1;33;0;2;8;1;1
536559895;155 741 626;A01;1;7;0;2;7;9;1
536559896;155 741 624;A01;2;10;0;1;1;1;1
536559897;155 741 623;A01;1;10;0;1;4;4;1
536559898;155 741 621;B01;3;7;0;2;6;26;1
536559898;155 741 622;A01;3;7;0;2;1;26;1
536559899;155 741 618;A01;3;43;0;2;2;2;1
536559899;155 741 619;B01;1;7;0;2;3;2;1
536559900;155 741 617;A01;3;30;0;0;7;1;1
536559901;155 741 616;A01;2;7;6;0;1;14;1
536559902;155 741 614;B01;1;43;0;2;1;1;1
536559902;155 741 615;A01;3;7;0;2;5;9;1
536559903;155 741 613;A01;2;7;10;0;1;14;1
536559904;155 741 611;A01;2;7;0;2;1;13;1
536559904;155 741 612;B01;1;7;0;2;1;1;1
536559905;155 741 610;A01;1;33;0;1;1;1;1
536559906;155 741 608;A01;1;7;0;2;2;1;1
536559906;155 741 609;B01;1;7;0;2;8;15;1
536559907;155 741 606;A01;1;7;0;2;7;17;1
536559907;155 741 607;B01;1;50;0;2;8;2;3
536559908;155 741 604;A01;1;7;0;2;3;13;1
536559908;155 741 605;B01;2;7;0;2;3;1;1