Num_Acc;id_vehicule;num_veh;senc;catv;obs;obsm;choc;manv;motor
536559909;155 741 602;B01;2;34;0;2;1;1;1
536559909;155 741 603;A01;1;7;0;2;2;15;1
536559910;155 741 600;A01;1;33;1;2;9;2;1
536559910;155 741 601;B01;1;7;0;2;7;2;1
536559911;155 741 598;A01;3;33;0;2;1;1;1
536559911;155 741 599;B01;3;7;0;2;5;1;2
536559912;155 741 593;A01;2;7;0;1;2;1;1
536559913;155 741 590;A01;2;7;0;2;4;23;0
536559913;155 741 591;B01;2;7;0;2;4;23;0
536559913;155 741 592;C01;2;7;0;2;1;0;1
536559914;155 741 589;A01;1;7;0;0;3;1;1
536559915;155 741 587;B01;3;1;0;2;1;9;5
536559915;155 741 588;A01;1;50;0;2;1;5;3
536559916;155 741 585;B01;3;50;0;2;1;1;3
536559916;155 741 586;A01;1;7;0;2;3;9;1
536559917;155 741 584;A01;1;1;8;0;1;1;5
536559918;155 741 583;A01;1;33;0;1;1;1;1
536559919;155 741 581;A01;3;7;0;2;1;5;1
536559919;155 741 582;B01;3;7;0;2;0;0;1
536559920;155 741 579;A01;1;33;0;2;7;17;1
536559920;155 741 580;B01;1;7;0;2;8;15;1
536559921;155 741 578;Z01;2;7;0;1;1;1;0
536559922;155 741 576;A01;1;7;0;2;6;15;1
536559922;155 741 577;B01;2;7;2;2;1;1;1
536559923;155 741 573;A01;1;7;0;2;1;2;1
536559923;155 741 574;B01;1;7;0;2;4;2;1
536559923;155 741 575;C01;1;7;0;2;4;2;2
536559924;155 741 571;B01;0;50;0;2;7;1;3
536559924;155 741 572;A01;0;7;0;2;1;1;1
536559925;155 741 570;Z01;1;7;0;1;0;26;0
536559926;155 741 568;A01;0;7;0;2;8;6;1
536559926;155 741 569;B01;3;7;0;2;1;7;3
536559927;155 741 566;B01;3;31;0;2;8;1;1
536559927;155 741 567;A01;3;7;0;2;8;15;1
536559928;155 741 564;A01;3;7;0;2;2;16;0
536559928;155 741 565;B01;3;50;0;2;1;15;3
536559929;155 741 562;B01;1;7;0;2;3;1;1
536559929;155 741 563;A01;2;7;0;2;3;13;1
536559930;155 741 560;B01;1;7;0;2;4;1;1
536559930;155 741 561;A01;1;10;0;2;1;1;1
536559931;155 741 558;A01;1;7;0;2;3;15;1
536559931;155 741 559;B01;1;2;0;2;1;17;1
536559932;155 741 557;B01;3;7;0;2;2;14;1
536559933;155 741 555;B01;2;80;0;2;1;1;3
536559933;155 741 556;A01;1;7;0;2;2;1;1
536559934;155 741 553;A01;1;7;0;2;2;1;1
536559934;155 741 554;B01;1;50;0;2;1;1;3
536559935;155 741 552;A01;1;33;13;0;1;1;1
536559936;155 741 550;A01;2;10;0;2;3;1;1
536559936;155 741 551;B01;2;1;0;2;3;15;5
536559937;155 741 548;A01;2;7;0;2;3;15;1
536559937;155 741 549;B01;1;33;0;2;8;1;1
536559938;155 741 546;A01;2;7;0;2;8;22;1
536559938;155 741 547;B01;2;1;0;2;3;1;5
536559939;155 741 544;B01;2;33;0;2;9;1;1
536559939;155 741 545;A01;1;7;0;2;1;6;2
536559940;155 741 542;A01;3;7;0;2;1;15;1
536559940;155 741 543;B01;2;34;0;2;7;17;1
536559941;155 741 540;A01;1;10;0;2;3;15;1
536559941;155 741 541;B01;2;30;0;2;1;1;1
536559942;155 741 539;A01;1;7;0;1;1;26;1
536559943;155 741 536;A01;3;7;0;0;0;26;1
536559943;155 741 537;Y01;3;1;0;2;0;0;5
536559944;155 741 534;A01;1;7;0;2;1;26;1
536559944;155 741 535;B01;2;7;0;2;1;2;1
536559945;155 741 533;A01;1;14;0;0;8;16;1
536559946;155 741 531;A01;2;7;0;2;1;1;1
536559946;155 741 532;B01;1;7;0;2;4;16;1
536559947;155 741 530;A01;0;7;0;2;3;17;2
536559948;155 741 529;A01;1;7;0;1;1;26;3
536559949;155 741 528;A01;1;7;13;0;9;1;1
536559950;155 741 526;A01;1;7;0;2;2;1;2
536559950;155 741 527;B01;3;33;0;2;8;9;1
536559951;155 741 524;B01;0;37;0;2;2;1;1
536559951;155 741 525;A01;0;7;0;2;1;1;1
536559952;155 741 522;B01;3;50;0;2;1;1;3
536559952;155 741 523;A01;3;7;0;2;3;1;1
536559953;155 741 521;A01;2;7;0;1;1;1;2
536559954;155 741 519;B01;2;7;0;2;5;9;1
536559954;155 741 520;A01;1;7;0;2;1;2;1
536559955;155 741 517;A01;1;7;0;2;0;0;1
536559955;155 741 518;B01;1;7;0;2;0;0;1
536559956;155 741 515;B01;1;7;0;2;1;1;1
536559956;155 741 516;A01;1;7;0;2;5;1;1
536559957;155 741 513;A01;2;2;0;2;1;3;1
536559957;155 741 514;B01;2;33;0;2;8;1;1
536559958;155 741 511;A01;2;33;0;2;1;9;1
536559958;155 741 512;B01;2;7;0;2;4;1;1
536559959;155 741 509;B01;2;10;0;2;5;2;1
536559959;155 741 510;A01;2;43;0;2;1;2;1
536559960;155 741 506;B01;2;33;0;2;1;1;1
536559960;155 741 507;A01;2;31;0;2;4;14;1
536559960;155 741 508;Z01;2;0;0;2;1;1;0
536559961;155 741 503;Z01;2;10;0;2;8;1;0
536559961;155 741 504;A01;2;31;0;2;8;3;1
536559961;155 741 505;B01;2;10;0;2;7;1;1
536559962;155 741 502;A01;3;33;0;1;2;5;1
536559963;155 741 501;A01;1;1;0;1;8;1;5
536559964;155 741 500;A01;2;32;0;1;2;1;1
536559965;155 741 498;A01;3;30;0;2;1;2;1
536559965;155 741 499;B01;3;30;0;2;4;0;1
536559966;155 741 497;Z01;1;7;0;1;3;1;2
536559967;155 741 496;A01;3;7;0;1;6;0;1
536559968;155 741 494;A01;2;32;0;2;1;17;1
536559968;155 741 495;Z01;2;7;0;2;6;22;2
536559969;155 741 491;A01;0;32;0;1;3;21;1
536559970;155 741 489;A01;2;7;0;2;1;2;1
536559970;155 741 490;B01;2;7;0;2;4;2;1
536559971;155 741 486;A01;3;50;0;2;1;19;3
536559971;155 741 488;B01;2;7;0;2;8;2;2
536559972;155 741 485;B01;1;32;0;2;7;1;1
536559972;155 741 487;A01;1;7;0;2;3;11;1
536559973;155 741 482;A01;2;1;0;2;7;0;5
536559973;155 741 484;Z01;0;7;0;9;1;0;0
536559974;155 741 481;A01;1;7;0;2;3;1;1
536559974;155 741 483;B01;3;1;0;2;1;19;5
536559975;155 741 477;A01;1;2;0;2;6;15;1
536559975;155 741 479;B01;1;7;0;2;2;1;2
536559976;155 741 475;A01;1;10;0;1;1;1;1
536559977;155 741 472;A01;1;50;0;1;8;1;3
536559978;155 741 471;A01;1;7;6;0;1;1;1
536559979;155 741 468;A01;1;7;0;1;1;1;1
536559980;155 741 469;A01;3;10;0;2;3;2;3
536559980;155 741 470;B01;3;7;0;2;5;1;1
536559981;155 741 466;A01;3;3;0;2;3;13;1
536559981;155 741 467;B01;3;14;0;2;8;1;1
536559982;155 741 465;A01;3;33;0;1;2;1;1
536559983;155 741 463;X01;3;7;0;2;0;0;0
536559983;155 741 464;A01;2;2;0;2;8;0;1
536559984;155 741 462;A01;2;7;0;1;1;1;1
536559985;155 741 459;B01;1;80;0;2;4;11;3
536559985;155 741 461;A01;1;30;0;2;1;1;1
536559986;155 741 457;B01;2;7;0;2;5;15;1
536559986;155 741 458;A01;1;7;0;2;1;17;1
536559986;155 741 460;C01;2;7;0;2;3;1;2
536559987;155 741 453;B01;3;7;0;2;6;15;1
536559987;155 741 456;A01;1;7;0;2;0;0;1
536559988;155 741 454;A01;1;7;0;2;1;1;1
536559988;155 741 455;B01;1;7;0;1;1;1;1
536559989;155 741 451;A01;1;7;0;2;1;15;3
536559989;155 741 452;B01;2;50;0;2;1;19;3
536559990;155 741 450;A01;2;13;0;1;3;15;1
536559991;155 741 449;A01;1;7;0;1;2;1;1
536559992;155 741 447;A01;1;7;0;2;1;1;1
536559992;155 741 448;C01;1;2;16;0;7;1;3
536559993;155 741 445;A01;1;7;0;2;7;15;1
536559993;155 741 446;B01;2;31;0;2;1;1;1
536559994;155 741 442;A01;1;10;0;2;1;13;1
536559994;155 741 443;B01;0;7;0;2;1;1;1
536559995;155 741 439;A01;2;34;0;2;1;1;1
536559995;155 741 440;B01;1;7;0;2;1;15;1
536559996;155 741 441;A01;1;32;0;2;8;18;1
536559996;155 741 444;B01;1;7;0;2;7;16;2
536559997;155 741 437;A01;2;43;0;2;3;3;1
536559997;155 741 438;B01;2;7;0;2;7;12;1
536559998;155 741 434;A01;1;7;0;2;5;23;2
536559998;155 741 436;B01;1;1;0;2;3;1;5
536559999;155 741 433;B01;2;33;0;2;8;1;1
536559999;155 741 435;A01;2;33;0;2;7;1;1
536560000;155 741 431;A01;1;80;0;2;1;1;3
536560000;155 741 432;B01;2;50;0;2;1;1;3
536560001;155 741 429;A01;2;10;0;2;5;4;1
536560001;155 741 430;B01;1;43;0;2;3;1;1
536560002;155 741 428;A01;3;7;0;1;2;1;1
536560003;155 741 426;A01;1;33;0;2;2;17;1
536560003;155 741 427;B01;1;10;0;2;3;15;1
536560004;155 741 425;A01;3;7;0;1;6;4;1
536560005;155 741 422;A01;2;7;0;2;2;15;1
536560005;155 741 424;B01;1;7;0;2;3;1;1
536560006;155 741 421;A01;1;7;0;2;2;2;1
536560006;155 741 423;B01;1;7;0;2;3;2;1
536560007;155 741 418;A01;2;7;0;2;3;13;1
536560007;155 741 419;B01;2;2;0;2;8;2;3
536560008;155 741 417;A01;1;7;9;2;1;15;1
536560008;155 741 420;B01;2;2;12;2;3;1;1
536560009;155 741 414;A01;1;7;0;2;2;0;1
536560009;155 741 416;B01;1;7;0;2;3;0;2
536560010;155 741 413;A01;1;1;0;2;1;19;5
536560010;155 741 415;B01;1;7;0;2;8;1;1
536560011;155 741 412;A01;1;7;0;9;1;26;1
536560012;155 741 410;B01;1;7;0;2;3;0;1
536560012;155 741 411;A01;2;32;0;2;1;0;1
536560013;155 741 408;A01;1;7;0;2;1;1;1
536560013;155 741 409;B01;1;7;0;2;4;23;2
536560014;155 741 407;A01;2;1;0;1;1;1;5
536560015;155 741 404;B01;3;50;15;2;1;5;3
536560015;155 741 406;A01;3;7;0;2;2;23;1
536560016;155 741 403;A01;1;7;0;2;2;16;3
536560016;155 741 405;B01;2;1;0;2;1;0;5
536560017;155 741 401;A01;3;7;8;0;3;13;1
536560018;155 741 402;A01;0;10;0;1;3;26;0
536560019;155 741 400;A01;0;7;8;0;1;1;1
536560020;155 741 399;A01;1;7;0;1;1;17;1
536560021;155 741 398;A01;3;10;0;1;1;20;1
536560022;155 741 397;A01;1;43;1;0;1;1;1
536560023;155 741 394;B01;1;1;0;2;1;1;5
536560023;155 741 396;A01;1;10;0;9;4;26;1
536560024;155 741 393;A01;3;7;0;2;1;5;1
536560024;155 741 395;B01;3;37;0;2;1;1;1
536560025;155 741 390;B01;3;7;0;2;3;1;1
536560025;155 741 392;A01;3;33;0;2;3;11;1
536560026;155 741 389;A01;3;7;0;2;2;1;1
536560026;155 741 391;B01;3;1;0;2;0;0;5
536560027;155 741 386;A01;2;7;0;1;2;1;1
536560028;155 741 385;A01;2;1;0;2;2;1;5
536560028;155 741 387;B01;2;7;0;2;6;23;1
536560029;155 741 383;A01;2;7;0;2;1;15;1
536560030;155 741 382;B01;0;7;0;0;3;15;2
536560030;155 741 384;A01;1;32;0;0;0;15;1
536560031;155 741 380;A01;1;34;0;2;1;15;1
536560031;155 741 381;B01;2;32;0;2;7;17;1
536560032;155 741 378;A01;3;34;0;0;0;0;1
536560032;155 741 379;B01;3;0;0;0;0;0;0
536560033;155 741 375;B01;3;1;1;0;1;1;5
536560033;155 741 377;A01;0;7;0;2;7;22;2
536560034;155 741 374;B01;1;7;0;2;7;16;1
536560034;155 741 376;A01;1;30;0;2;3;18;1
536560035;155 741 373;A01;3;7;0;0;1;1;1
536560036;155 741 371;A01;1;34;0;6;1;19;1
536560037;155 741 372;B01;1;1;0;2;0;0;5
536560038;155 741 368;A01;1;30;8;0;0;20;1
536560039;155 741 369;B01;2;50;0;2;0;0;3
536560039;155 741 370;A01;1;7;0;9;2;15;1
536560040;155 741 367;A01;3;7;8;0;2;14;1
536560041;155 741 364;A01;1;7;0;2;2;0;1
536560041;155 741 366;B01;1;15;0;0;6;1;1
536560042;155 741 363;B01;1;7;0;9;2;15;1
536560042;155 741 365;A01;2;1;0;2;1;1;5
536560043;155 741 361;A01;2;33;0;2;1;1;1
536560043;155 741 362;B01;2;7;0;0;8;15;1
536560044;155 741 358;A01;2;7;3;0;2;1;1
536560045;155 741 359;A01;2;7;0;2;1;1;1
536560045;155 741 360;B01;2;7;0;2;4;1;2
536560046;155 741 355;A01;1;10;3;2;1;11;1
536560046;155 741 357;B01;1;15;0;2;8;1;1
536560047;155 741 354;A01;2;7;0;2;5;14;1
536560047;155 741 356;B01;2;7;0;2;3;1;1
536560048;155 741 351;A01;2;34;0;2;1;2;1
536560048;155 741 353;B01;1;10;0;2;3;10;1
536560049;155 741 352;A01;1;7;4;0;1;2;1
536560050;155 741 348;A01;1;7;0;2;2;17;1
536560050;155 741 350;B01;1;1;0;2;4;15;5
536560051;155 741 346;A01;2;32;0;2;3;3;1
536560051;155 741 347;B01;2;7;0;2;7;1;1
536560051;155 741 349;C01;2;7;0;2;6;1;1
536560052;155 741 344;A01;2;15;1;0;7;15;1
536560052;155 741 345;B01;0;7;0;0;8;22;1
536560053;155 741 341;A01;2;33;0;2;1;0;1
536560053;155 741 343;B01;2;7;0;2;4;0;2
536560054;155 741 339;A01;1;31;0;0;1;26;1
536560055;155 741 336;A01;2;7;0;2;1;13;1
536560055;155 741 338;B01;1;33;0;2;1;1;1
536560056;155 741 335;B01;1;10;0;2;1;1;1
536560056;155 741 337;A01;1;7;0;2;4;1;1
536560057;155 741 334;A01;1;7;2;0;7;2;1
536560058;155 741 331;A01;2;32;0;0;7;1;1
536560059;155 741 332;B01;2;7;0;2;1;1;1
536560059;155 741 333;A01;1;7;0;2;1;13;1
536560060;155 741 330;A01;2;7;3;0;1;1;1
536560061;155 741 328;B01;1;7;0;2;8;1;1
536560061;155 741 329;A01;1;7;0;2;5;4;1
536560062;155 741 327;A01;1;7;0;1;1;1;1
536560063;155 741 326;A01;2;30;0;1;1;19;1
536560064;155 741 324;B01;1;10;0;2;1;1;1
536560064;155 741 325;A01;2;33;0;2;1;13;1
536560065;155 741 322;A01;1;7;0;2;1;9;1
536560065;155 741 323;B01;3;50;0;2;7;1;3
536560066;155 741 321;A01;0;2;0;0;0;1;1
536560067;155 741 319;A01;3;30;0;0;0;1;1
536560068;155 741 318;B01;3;31;0;2;1;1;1
536560068;155 741 320;A01;3;7;0;2;3;1;1
536560069;155 741 315;A01;1;7;0;2;5;14;1
536560069;155 741 316;B01;1;2;0;2;1;1;1
536560070;155 741 314;A01;2;33;0;2;1;1;1
536560070;155 741 317;B01;3;7;0;2;5;9;1
536560071;155 741 311;A01;2;7;6;0;1;13;1
536560072;155 741 312;A01;2;7;0;2;1;15;1
536560072;155 741 313;B01;1;50;0;2;1;1;3
536560073;155 741 310;A01;1;33;4;0;6;1;1
536560074;155 741 308;A01;1;33;0;2;8;1;1
536560074;155 741 309;B01;1;7;0;2;2;12;1
536560075;155 741 307;A01;2;33;0;0;0;1;1
536560076;155 741 305;A01;1;31;0;0;1;1;1
536560077;155 741 304;A01;1;7;0;2;1;1;1
536560077;155 741 306;B01;2;1;0;2;3;19;5
536560078;155 741 300;A01;1;2;0;2;1;17;1
536560078;155 741 302;C01;1;7;0;2;8;1;1
536560078;155 741 303;B01;2;7;0;2;3;1;1
536560079;155 741 299;Z01;1;7;0;2;8;10;1
536560079;155 741 301;B01;1;2;0;2;1;1;1
536560080;155 741 296;A01;2;7;0;2;7;2;1
536560080;155 741 298;B01;1;7;0;2;2;1;1
536560081;155 741 295;B01;2;30;0;2;1;0;1
536560081;155 741 297;A01;1;7;0;2;2;2;2
536560082;155 741 293;A01;1;7;0;1;1;1;1
536560083;155 741 292;A01;2;7;0;2;2;1;1
536560083;155 741 294;B01;1;10;0;2;1;1;1
536560084;155 741 291;A01;3;7;0;1;1;26;1
536560085;155 741 290;A01;1;7;0;1;7;1;1
536560086;155 741 288;A01;3;7;0;1;8;9;1
536560087;155 741 287;B01;2;33;0;2;2;2;1
536560087;155 741 289;A01;2;7;0;2;6;1;3
536560088;155 741 281;A01;2;7;0;2;3;5;1
536560088;155 741 283;B01;1;7;0;2;6;1;1
536560088;155 741 284;C01;2;7;0;2;5;2;2
536560089;155 741 279;A01;2;7;0;2;1;2;2
536560089;155 741 280;B01;2;7;0;2;4;2;1
536560089;155 741 282;C01;2;7;0;2;1;2;1
536560089;155 741 285;D01;2;7;0;2;1;2;1
536560089;155 741 286;E01;2;7;0;2;4;1;1
536560090;155 741 278;A01;3;7;0;0;1;1;1
536560091;155 741 275;B01;3;50;0;2;1;2;3
536560091;155 741 277;A01;3;30;0;2;1;5;1
536560092;155 741 274;B01;1;7;0;2;8;1;1
536560092;155 741 276;A01;2;7;0;2;1;15;2
536560093;155 741 272;A01;3;33;0;2;1;17;1
536560093;155 741 273;B01;3;7;0;2;2;15;1
536560094;155 741 271;A01;3;7;0;1;4;20;1
536560095;155 741 267;A01;2;7;0;2;4;1;1
536560095;155 741 268;B01;2;7;0;2;1;2;1
536560095;155 741 270;C01;2;31;0;2;1;2;1
536560096;155 741 265;A01;1;10;2;2;3;1;1
536560096;155 741 266;B01;2;7;13;2;2;13;1
536560097;155 741 262;B01;1;7;0;2;7;16;1
536560097;155 741 264;A01;1;99;0;2;1;19;3
536560098;155 741 261;B01;1;1;13;0;2;21;5
536560098;155 741 263;A01;1;21;0;0;0;17;1
536560099;155 741 260;A01;3;37;0;1;7;16;1
536560100;155 741 258;B01;0;1;0;2;1;1;5
536560100;155 741 259;A01;0;10;0;2;2;1;0
536560101;155 741 256;A01;3;10;0;2;1;1;1
536560101;155 741 257;B01;3;80;0;2;2;19;3
536560102;155 741 254;A01;2;10;0;2;1;1;1
536560102;155 741 255;B01;2;10;0;2;4;1;1
536560103;155 741 253;A01;2;7;0;1;1;0;1
536560104;155 741 252;A01;2;15;0;0;8;1;1
536560105;155 741 249;A01;3;7;0;2;1;1;1
536560105;155 741 250;B01;3;60;0;2;7;19;5
536560106;155 741 248;B01;1;38;2;0;5;21;1
536560106;155 741 251;A01;2;21;0;0;0;26;1
536560107;155 741 246;A01;3;7;0;2;1;15;1
536560107;155 741 247;B01;3;10;0;2;8;1;1
536560108;155 741 242;A01;2;14;0;1;3;1;1
536560109;155 741 241;A01;2;17;0;2;2;2;1
536560109;155 741 243;B01;2;7;0;2;4;2;1
536560109;155 741 244;C01;2;7;0;2;4;2;1
536560109;155 741 245;D01;2;7;0;0;5;2;1
536560110;155 741 240;A01;1;7;0;1;1;1;2
536560111;155 741 239;A01;3;7;0;1;1;1;1
536560112;155 741 237;B01;0;60;0;2;8;1;5
536560112;155 741 238;A01;0;7;0;2;8;23;1
536560113;155 741 235;A01;1;14;0;2;2;19;1
536560113;155 741 236;B01;1;7;0;2;3;19;1
536560114;155 741 232;B01;2;33;0;2;1;2;1
536560114;155 741 233;A01;2;10;0;0;5;15;1
536560115;155 741 231;A01;0;7;0;2;8;15;1
536560115;155 741 234;B01;1;7;0;2;1;1;1
536560116;155 741 228;A01;2;10;0;2;1;1;1
536560116;155 741 230;B01;2;38;0;0;4;1;1
536560117;155 741 229;A01;3;7;0;1;2;15;1
536560118;155 741 225;B01;2;1;0;0;4;13;5
536560118;155 741 227;A01;2;10;0;2;2;13;1
536560119;155 741 224;B01;1;31;0;2;7;17;0
536560119;155 741 226;A01;1;7;0;2;3;15;0
536560120;155 741 222;B01;1;1;0;0;8;1;5
536560120;155 741 223;A01;1;7;0;2;2;2;1
536560121;155 741 221;A01;2;43;0;0;1;1;1
536560122;155 741 220;A01;2;7;16;0;9;14;1
536560123;155 741 216;A01;1;7;0;2;1;13;1
536560123;155 741 218;C01;2;7;0;2;3;1;1
536560123;155 741 219;B01;2;7;0;2;1;1;1
536560124;155 741 215;A01;0;15;0;2;3;1;1
536560124;155 741 217;B01;0;7;0;2;3;15;1
536560125;155 741 212;B01;2;33;0;2;1;1;1
536560125;155 741 214;A01;2;7;0;2;2;16;1
536560126;155 741 211;A01;2;33;0;2;2;2;1
536560126;155 741 213;B01;2;7;0;2;3;2;0
536560127;155 741 209;A01;2;33;1;0;2;1;1
536560128;155 741 208;A01;1;7;8;4;8;26;1
536560128;155 741 210;B01;1;40;0;2;1;0;3
536560129;155 741 204;A01;2;10;15;2;2;26;1
536560129;155 741 206;B01;2;10;0;2;1;1;1
536560130;155 741 205;A01;1;7;0;2;1;15;1
536560130;155 741 207;B01;2;32;0;2;1;1;1
536560131;155 741 202;A01;1;33;16;0;1;17;1
536560132;155 741 201;A01;1;7;0;2;1;26;1
536560132;155 741 203;B01;1;30;0;2;4;1;0
536560133;155 741 199;A01;2;33;0;2;1;1;1
536560133;155 741 200;B01;3;7;0;2;5;9;1
536560134;155 741 197;A01;3;7;0;2;7;12;1
536560134;155 741 198;B01;3;1;0;2;3;0;5
536560135;155 741 195;A01;1;7;8;0;1;1;1
536560136;155 741 196;A01;1;33;6;0;3;13;1
536560137;155 741 190;A01;2;7;0;2;8;22;3
536560137;155 741 193;B01;3;1;1;0;1;1;5
536560138;155 741 189;A01;1;7;0;2;1;5;1
536560138;155 741 192;B01;2;7;0;2;1;1;1
536560138;155 741 194;C01;2;7;0;2;3;1;1
536560139;155 741 188;A01;1;7;0;2;3;0;3
536560139;155 741 191;B01;2;34;0;2;3;13;1
536560140;155 741 183;B01;1;10;0;0;5;1;1
536560140;155 741 186;A01;1;32;0;2;1;2;1
536560141;155 741 181;B01;1;7;0;2;3;1;1
536560141;155 741 182;C01;2;31;0;2;7;1;1
536560141;155 741 184;A01;2;7;0;2;3;13;1
536560142;155 741 180;A01;3;7;0;1;2;1;1
536560143;155 741 178;A01;1;33;3;0;1;0;1
536560144;155 741 177;B01;2;17;0;2;3;1;1
536560144;155 741 179;A01;2;7;3;2;2;14;2
536560145;155 741 176;A01;1;7;0;0;9;17;1
536560146;155 741 171;A01;2;7;0;2;2;16;1
536560146;155 741 174;B01;1;80;0;2;1;21;3
536560147;155 741 172;A01;1;31;8;0;1;0;1
536560148;155 741 169;A01;1;7;0;0;4;1;1
536560148;155 741 170;B01;1;7;0;2;1;2;1
536560148;155 741 173;C01;1;7;0;2;1;2;1
536560148;155 741 175;D01;1;7;0;2;1;2;2
536560149;155 741 164;A01;1;10;0;2;7;15;1
536560149;155 741 167;B01;2;2;0;2;1;1;1
536560150;155 741 165;B01;3;33;0;2;1;1;1
536560150;155 741 168;A01;0;10;0;2;5;4;1
536560151;155 741 163;A01;3;7;0;2;1;15;1
536560151;155 741 166;B01;3;7;0;2;2;1;1
536560152;155 741 162;A01;2;7;8;0;2;9;1
536560153;155 741 157;A01;1;7;0;2;1;2;1
536560153;155 741 160;B01;1;7;0;2;4;1;0
536560154;155 741 156;A01;2;7;0;2;1;1;1
536560154;155 741 159;B01;1;50;0;0;4;14;3
536560155;155 741 155;A01;1;7;0;2;4;15;1
536560155;155 741 158;B01;1;7;0;2;1;2;1
536560155;155 741 161;C01;2;7;8;2;3;1;1
536560156;155 741 152;A01;2;7;0;2;3;2;1
536560156;155 741 153;B01;2;7;0;2;5;2;1
536560157;155 741 151;B01;3;50;0;2;7;1;3
536560157;155 741 154;A01;2;7;0;2;3;9;1
536560158;155 741 150;A01;1;7;0;1;1;1;1
536560159;155 741 148;A01;2;1;0;2;7;19;5
536560159;155 741 149;B01;2;7;0;2;1;16;1
536560160;155 741 147;A01;3;7;0;1;4;20;1
536560161;155 741 145;A01;1;7;3;0;9;1;3
536560162;155 741 144;A01;1;7;0;2;1;13;1
536560162;155 741 146;B01;2;7;0;0;1;1;1
536560163;155 741 141;B01;1;7;0;2;1;15;1
536560163;155 741 143;A01;1;50;0;2;1;25;3
536560164;155 741 137;A01;2;7;0;2;5;2;1
536560164;155 741 139;B01;2;1;0;2;4;2;5
536560164;155 741 142;C01;2;1;0;2;4;2;5
536560165;155 741 138;A01;3;7;0;2;2;1;1
536560165;155 741 140;B01;3;7;0;2;7;15;1
536560166;155 741 135;A01;3;50;0;2;4;11;3
536560166;155 741 136;B01;3;7;0;2;1;1;2
536560167;155 741 130;B01;1;7;0;2;1;5;0
536560167;155 741 133;A01;2;7;0;2;1;1;1
536560168;155 741 129;A01;2;1;0;0;0;0;5
536560169;155 741 128;B01;2;7;0;2;3;15;1
536560169;155 741 131;A01;1;3;0;2;2;1;3
536560170;155 741 127;A01;3;36;6;0;8;1;1
536560171;155 741 124;A01;2;7;16;0;9;1;1
536560172;155 741 123;A01;1;7;0;2;3;17;3
536560172;155 741 125;B01;2;7;13;2;1;1;1
536560172;155 741 126;C01;1;7;0;2;6;1;1
536560173;155 741 122;A01;3;7;1;0;4;23;1
536560174;155 741 118;B01;2;21;0;2;8;1;1
536560174;155 741 121;A01;1;31;0;2;1;1;1
536560175;155 741 116;A01;3;7;0;2;4;2;1
536560175;155 741 117;B01;3;7;0;2;1;1;1
536560175;155 741 120;C01;3;7;0;2;6;1;1
536560176;155 741 115;A01;2;33;6;0;1;1;1
536560177;155 741 114;A01;1;7;12;0;1;26;1
536560178;155 741 111;A01;0;1;0;2;1;1;5
536560178;155 741 113;B01;3;10;0;9;8;1;1
536560179;155 741 110;A01;3;7;0;1;4;4;1
536560180;155 741 109;A01;2;10;0;2;1;12;1
536560180;155 741 112;B01;2;7;0;2;0;1;1
536560181;155 741 108;A01;0;7;4;0;1;0;1
536560182;155 741 104;A01;1;7;0;2;1;2;1
536560182;155 741 106;B01;1;7;0;2;4;1;1
536560183;155 741 105;B01;2;1;0;0;4;15;5
536560183;155 741 107;A01;2;2;15;2;2;17;1
536560184;155 741 100;B01;1;10;0;2;1;2;1
536560184;155 741 103;A01;1;10;0;1;1;1;1
536560185;155 741 099;A01;2;10;0;2;1;15;1
536560185;155 741 101;B01;1;33;0;2;1;1;1
536560186;155 741 096;C01;1;7;0;2;4;2;1
536560186;155 741 097;A01;1;7;0;2;1;17;1
536560186;155 741 098;B01;1;7;0;2;8;13;1
536560186;155 741 102;D01;1;7;0;2;4;2;1
536560187;155 741 095;A01;3;50;0;0;0;16;3
536560188;155 741 091;A01;2;7;0;2;7;2;1
536560188;155 741 094;B01;2;1;0;2;8;2;5
536560189;155 741 089;A01;2;7;0;2;1;2;1
536560189;155 741 092;B01;2;2;0;2;4;2;1
536560190;155 741 088;B01;2;7;0;2;4;2;1
536560190;155 741 090;C01;2;7;0;2;4;1;1
536560190;155 741 093;A01;2;7;0;2;4;2;1
536560191;155 741 087;A01;1;33;0;0;7;1;1
536560192;155 741 084;A01;2;15;0;2;6;0;1
536560192;155 741 086;B01;2;15;0;2;2;2;1
536560193;155 741 083;A01;2;7;0;2;5;19;1
536560193;155 741 085;B01;1;43;0;2;1;19;1
536560194;155 741 082;A01;1;7;1;0;3;0;1
536560195;155 741 078;B01;1;37;0;2;6;24;1
536560195;155 741 080;A01;1;7;0;2;1;1;1
536560196;155 741 077;A01;2;7;0;2;1;1;1
536560196;155 741 079;B01;2;7;0;0;8;10;1
536560197;155 741 074;A01;2;7;0;2;1;2;1
536560197;155 741 076;B01;2;7;0;2;4;2;1
536560197;155 741 081;C01;2;7;0;2;4;2;1
536560198;155 741 073;A01;2;7;0;2;1;1;1
536560198;155 741 075;B01;2;10;0;2;4;16;0
536560199;155 741 071;B01;1;33;0;2;1;3;1
536560199;155 741 072;A01;1;7;0;2;2;13;1
536560200;155 741 070;A01;2;7;3;0;1;1;1
536560201;155 741 066;A01;1;7;0;2;3;2;1
536560202;155 741 065;A01;1;7;0;2;2;1;1
536560202;155 741 069;B01;1;7;0;2;1;15;1
536560203;155 741 064;A01;1;10;0;2;4;1;1