Num_Acc;id_vehicule;num_veh;senc;catv;obs;obsm;choc;manv;motor
536560203;155 741 067;B01;1;10;0;2;1;1;1
536560203;155 741 068;C01;1;7;0;2;3;21;1
536560204;155 741 054;B01;1;7;0;9;2;1;1
536560204;155 741 056;C01;1;33;0;2;9;3;1
536560204;155 741 058;F01;1;7;0;9;3;1;1
536560204;155 741 061;D01;1;7;0;2;5;1;1
536560204;155 741 062;E01;1;7;0;9;3;1;1
536560204;155 741 063;A01;1;34;0;2;2;3;1
536560205;155 741 055;C01;1;7;0;0;4;1;1
536560205;155 741 057;A01;1;10;0;2;1;2;1
536560205;155 741 060;B01;1;10;0;2;4;1;1
536560206;155 741 059;A01;3;10;0;1;1;15;1
536560207;155 741 052;A01;1;7;4;0;3;1;1
536560208;155 741 051;A01;1;7;0;2;6;2;1
536560208;155 741 053;Z01;1;30;0;2;1;2;0
536560209;155 741 046;A01;1;10;0;2;4;26;1
536560209;155 741 048;Z01;1;2;0;2;4;26;1
536560210;155 741 049;A01;3;7;2;0;3;14;1
536560211;155 741 045;A01;1;7;0;2;4;1;1
536560211;155 741 047;B01;1;7;0;2;4;2;1
536560211;155 741 050;C01;1;7;0;2;1;2;1
536560212;155 741 044;A01;3;7;8;0;4;26;1
536560213;155 741 037;B01;2;33;0;2;0;0;1
536560213;155 741 039;C01;1;7;0;2;0;0;1
536560213;155 741 041;A01;1;7;0;2;3;13;1
536560214;155 741 038;A01;3;7;0;2;4;23;1
536560214;155 741 043;B01;3;50;0;2;1;2;3
536560215;155 741 033;A01;1;7;0;2;1;2;2
536560215;155 741 035;B01;1;7;0;2;4;2;1
536560215;155 741 036;C01;1;7;0;2;4;2;1
536560215;155 741 040;D01;1;7;0;2;4;2;1
536560215;155 741 042;E01;1;7;0;2;4;2;1
536560216;155 741 032;B01;1;30;0;2;7;0;1
536560216;155 741 034;A01;2;7;0;2;1;15;1
536560217;155 741 029;A01;3;7;0;2;1;17;1
536560217;155 741 031;B01;3;7;0;2;1;1;1
536560218;155 741 025;A01;3;10;0;2;2;1;1
536560218;155 741 027;B01;3;10;0;2;3;16;1
536560219;155 741 020;A01;2;7;0;2;1;13;1
536560219;155 741 023;B01;1;7;0;2;3;1;1
536560219;155 741 026;C01;1;7;0;2;8;1;1
536560219;155 741 028;D01;1;7;0;2;8;1;2
536560219;155 741 030;E01;1;7;0;2;3;1;1
536560220;155 741 018;A01;1;7;4;0;0;0;1
536560220;155 741 019;Z01;1;7;0;0;0;18;1
536560221;155 741 016;A01;3;7;0;2;1;2;1
536560221;155 741 017;B01;3;7;0;2;4;2;1
536560222;155 741 014;A01;1;7;0;2;1;1;1
536560222;155 741 015;B01;1;1;0;2;0;0;5
536560223;155 741 021;C01;3;7;0;2;4;2;1
536560223;155 741 022;A01;3;10;0;2;1;2;1
536560223;155 741 024;B01;3;7;0;2;4;2;1
536560224;155 741 008;A01;2;30;0;0;8;1;1
536560225;155 741 009;B01;2;7;0;2;4;0;1
536560225;155 741 011;C01;2;7;0;2;7;1;1
536560225;155 741 013;A01;2;33;0;2;4;1;1
536560226;155 741 007;A01;1;7;15;0;9;14;1
536560227;155 741 005;B01;1;7;0;2;2;1;1
536560227;155 741 006;A01;2;7;0;2;5;15;1
536560228;155 741 001;A01;3;7;0;2;1;1;1
536560228;155 741 003;B01;3;7;0;2;8;10;1
536560229;155 741 000;A01;1;10;0;2;1;14;1
536560229;155 741 002;B01;1;15;0;2;2;1;1
536560229;155 741 004;C01;1;7;0;2;9;1;1
536560230;155 740 999;A01;1;33;0;0;0;1;1
536560231;155 740 997;A01;1;30;0;2;3;16;1
536560231;155 740 998;B01;1;7;0;2;7;16;1
536560232;155 740 996;A01;2;7;4;0;3;21;1
536560233;155 740 994;B01;1;7;0;2;4;1;1
536560233;155 740 995;A01;1;1;0;2;1;1;5
536560234;155 740 991;A01;1;17;0;2;2;12;1
536560234;155 740 993;B01;1;7;0;2;6;1;1
536560235;155 740 990;B01;3;7;0;2;8;15;1
536560235;155 740 992;A01;3;33;1;2;2;17;1
536560236;155 740 987;A01;2;7;0;2;1;2;1
536560236;155 740 989;B01;2;7;0;2;4;2;1
536560237;155 740 988;A01;1;7;0;1;3;19;1
536560238;155 740 985;B01;1;7;0;2;4;1;1
536560238;155 740 986;A01;1;10;0;2;1;1;1
536560239;155 740 982;A01;2;7;0;1;2;2;1
536560240;155 740 981;A01;2;7;0;2;3;13;3
536560240;155 740 983;B01;2;7;0;2;4;1;1
536560240;155 740 984;Z01;2;7;0;2;2;3;1
536560241;155 740 979;A01;0;16;4;0;2;14;1
536560242;155 740 980;A01;2;7;1;0;3;1;1
536560243;155 740 977;A01;2;32;0;2;4;2;1
536560243;155 740 978;B01;2;34;0;2;1;2;1
536560244;155 740 970;B01;1;7;0;2;3;21;2
536560244;155 740 972;C01;1;7;0;2;8;1;1
536560244;155 740 975;D01;1;7;0;9;3;1;1
536560244;155 740 976;A01;2;7;0;2;1;5;1
536560245;155 740 971;A01;1;7;0;2;1;9;1
536560245;155 740 974;B01;1;13;0;2;2;1;1
536560246;155 740 969;A01;2;10;0;2;5;15;1
536560246;155 740 973;B01;1;32;0;2;1;1;1
536560247;155 740 966;B01;2;30;0;2;1;17;1
536560247;155 740 968;A01;1;7;0;2;8;15;1
536560248;155 740 964;C01;1;7;0;2;4;1;1
536560248;155 740 965;B01;1;7;0;2;4;1;1
536560248;155 740 967;A01;1;50;0;2;1;1;3
536560249;155 740 963;A01;3;7;0;1;4;24;1
536560250;155 740 961;A01;1;7;0;2;1;2;0
536560250;155 740 962;B01;1;7;0;2;4;23;0
536560251;155 740 959;A01;2;33;0;1;1;1;1
536560252;155 740 958;B01;2;7;0;2;4;2;1
536560252;155 740 960;A01;2;10;0;2;1;2;3
536560253;155 740 957;A01;2;7;0;1;0;1;1
536560254;155 740 955;A01;2;7;0;1;1;1;1
536560255;155 740 954;B01;2;32;0;2;8;11;1
536560255;155 740 956;A01;2;32;0;2;1;3;1
536560256;155 740 952;B01;2;10;0;2;3;1;1
536560256;155 740 953;A01;1;7;0;2;3;5;1
536560257;155 740 949;A01;0;7;0;9;1;15;1
536560257;155 740 951;B01;0;1;0;2;8;1;5
536560258;155 740 947;A01;1;10;0;2;2;9;1
536560258;155 740 948;B01;2;50;0;2;1;1;3
536560259;155 740 944;A01;2;7;0;2;1;2;1
536560259;155 740 946;B01;2;7;0;2;4;1;1
536560259;155 740 950;C01;2;7;0;2;4;2;1
536560260;155 740 942;B01;0;1;0;2;1;1;5
536560260;155 740 945;A01;0;7;0;9;2;15;1
536560261;155 740 939;A01;1;7;8;2;1;5;1
536560261;155 740 943;B01;2;7;0;2;3;23;1
536560262;155 740 938;A01;1;1;0;2;2;16;5
536560262;155 740 941;B01;1;7;0;9;1;9;1
536560263;155 740 937;B01;2;33;0;2;7;1;1
536560263;155 740 940;A01;1;7;0;2;1;15;1
536560264;155 740 934;B01;2;10;0;2;6;21;1
536560264;155 740 935;C01;2;7;0;2;3;21;1
536560264;155 740 936;A01;2;7;0;2;3;13;1
536560265;155 740 932;A01;1;7;0;1;1;1;1
536560266;155 740 933;A01;3;10;0;1;3;1;1
536560267;155 740 928;B01;2;2;0;2;1;1;1
536560267;155 740 931;A01;2;7;0;2;1;15;1
536560268;155 740 929;A01;1;33;0;2;1;1;1
536560268;155 740 930;B01;1;7;0;2;4;14;1
536560269;155 740 927;A01;1;10;0;1;1;1;0
536560270;155 740 925;B01;3;80;0;2;3;1;3
536560270;155 740 926;A01;3;7;0;2;2;26;1
536560271;155 740 924;A01;3;7;0;1;2;1;1
536560272;155 740 922;A01;3;33;0;0;8;9;1
536560273;155 740 919;B01;1;50;0;2;1;1;3
536560273;155 740 920;A01;2;7;0;2;1;15;1
536560274;155 740 921;A01;2;7;0;2;1;1;1
536560274;155 740 923;B01;2;7;0;2;7;1;1
536560275;155 740 917;B01;0;7;0;2;3;15;1
536560275;155 740 918;A01;0;30;0;2;2;17;1
536560276;155 740 915;A01;3;7;0;2;1;9;1
536560276;155 740 916;B01;3;1;0;2;7;1;5
536560277;155 740 914;A01;3;33;9;0;1;15;1
536560278;155 740 912;A01;1;10;0;2;1;0;1
536560278;155 740 913;B01;2;7;0;2;1;0;1
536560279;155 740 911;A01;1;7;6;0;0;13;1
536560280;155 740 908;B01;3;2;0;2;1;26;1
536560280;155 740 910;A01;1;7;0;2;2;21;1
536560281;155 740 907;A01;3;7;0;2;6;4;1
536560281;155 740 909;B01;3;1;0;2;0;1;5
536560282;155 740 905;A01;3;7;0;1;7;1;1
536560283;155 740 904;A01;3;7;0;2;1;2;1
536560283;155 740 906;B01;3;1;0;2;4;0;5
536560284;155 740 903;A01;1;30;0;2;0;1;1
536560285;155 740 901;A01;2;33;0;2;0;0;1
536560285;155 740 902;B01;1;7;0;0;0;0;1
536560286;155 740 899;A01;1;7;0;2;1;2;1
536560286;155 740 900;B01;1;3;0;0;4;2;1
536560287;155 740 897;A01;3;31;0;2;6;18;1
536560287;155 740 898;B01;3;7;0;2;5;15;1
536560288;155 740 896;A01;3;7;15;0;1;14;1
536560289;155 740 895;A01;1;10;0;1;1;2;1
536560290;155 740 892;A01;1;32;0;9;8;1;3
536560290;155 740 894;Z01;3;1;0;0;1;19;5
536560291;155 740 891;Z01;1;7;0;2;5;12;0
536560291;155 740 893;A01;1;33;0;2;3;3;1
536560292;155 740 889;A01;1;1;0;0;3;13;5
536560292;155 740 890;B01;1;7;0;0;3;13;2
536560293;155 740 888;A01;2;34;0;0;1;1;1
536560294;155 740 886;A01;1;10;0;1;2;1;1
536560295;155 740 885;A01;1;34;0;2;5;1;1
536560295;155 740 887;B01;1;7;0;2;5;1;2
536560296;155 740 884;A01;1;7;9;0;1;1;1
536560297;155 740 881;A01;1;7;0;2;1;0;1
536560297;155 740 882;B01;1;7;0;2;1;0;1
536560298;155 740 880;A01;3;7;0;2;2;10;1
536560298;155 740 883;B01;3;31;0;2;8;1;1
536560299;155 740 879;A01;0;33;12;0;1;26;1
536560300;155 740 876;A01;1;50;0;2;7;1;3
536560300;155 740 878;B01;1;7;0;2;1;1;1
536560301;155 740 875;B01;0;80;0;2;8;1;3
536560301;155 740 877;A01;0;7;0;2;2;16;1
536560302;155 740 871;A01;0;7;0;2;1;9;1
536560302;155 740 874;B01;0;10;0;2;7;1;1
536560303;155 740 872;B01;1;2;0;2;8;1;1
536560303;155 740 873;Z01;0;10;0;2;1;16;1
536560304;155 740 868;A01;3;7;0;2;1;1;1
536560304;155 740 870;B01;3;7;0;2;4;23;1
536560305;155 740 867;A01;2;1;0;2;1;13;5
536560305;155 740 869;B01;1;1;0;2;1;1;5
536560306;155 740 864;A01;3;7;0;2;5;1;1
536560306;155 740 866;B01;3;33;0;2;0;0;1
536560307;155 740 863;A01;0;1;0;2;1;1;5
536560307;155 740 865;B01;0;50;0;2;8;19;3
536560308;155 740 861;A01;2;2;0;1;1;21;3
536560309;155 740 860;B01;2;7;0;2;1;1;1
536560309;155 740 862;A01;1;7;0;2;8;13;1
536560310;155 740 857;A01;1;10;0;2;8;15;1
536560310;155 740 859;B01;1;32;0;2;1;17;1
536560311;155 740 856;B01;3;7;0;2;3;2;3
536560311;155 740 858;A01;1;7;0;2;2;15;1
536560312;155 740 854;A01;1;30;0;2;8;16;1
536560312;155 740 855;B01;1;10;0;2;2;14;1
536560313;155 740 852;Z01;2;0;0;2;0;0;0
536560313;155 740 853;A01;1;10;0;2;7;0;1
536560314;155 740 851;Z01;2;7;0;1;1;0;0
536560315;155 740 850;A01;1;10;0;1;3;15;1
536560316;155 740 848;B01;2;7;0;2;7;16;2
536560316;155 740 849;A01;2;2;0;2;8;16;1
536560317;155 740 846;A01;3;7;0;2;1;1;1
536560317;155 740 847;B01;3;33;0;2;4;1;1
536560318;155 740 845;A01;3;13;0;1;4;4;0
536560319;155 740 844;A01;2;7;0;1;1;1;0
536560320;155 740 843;A01;0;7;0;1;1;1;1
536560321;155 740 841;A01;0;50;0;2;1;19;3
536560321;155 740 842;B01;0;7;0;2;7;16;1
536560322;155 740 839;A01;2;33;0;2;1;1;1
536560322;155 740 840;B01;1;1;0;2;2;15;5
536560323;155 740 837;A01;1;10;0;2;6;11;1
536560323;155 740 838;B01;1;31;0;2;2;1;1
536560324;155 740 836;A01;3;7;9;0;2;26;1
536560325;155 740 832;A01;2;1;0;2;1;21;5
536560325;155 740 834;B01;2;10;0;9;0;2;1
536560326;155 740 833;B01;1;33;0;2;7;17;1
536560326;155 740 835;A01;1;13;0;2;8;15;0
536560327;155 740 830;A01;1;7;0;2;3;15;1
536560327;155 740 831;B01;1;37;0;2;2;1;1
536560328;155 740 829;A01;1;1;0;1;1;1;5
536560329;155 740 827;A01;2;10;0;1;4;20;1
536560330;155 740 826;Z01;3;1;0;2;7;1;5
536560330;155 740 828;A01;3;7;0;9;1;1;1
536560331;155 740 823;A01;2;10;0;2;2;1;1
536560331;155 740 825;B01;2;1;0;2;1;9;5
536560332;155 740 822;A01;1;34;0;2;8;2;0
536560332;155 740 824;B01;3;7;0;2;1;9;1
536560333;155 740 819;A01;3;7;0;1;0;15;1
536560334;155 740 816;A01;3;7;0;0;1;19;0
536560335;155 740 813;A01;3;7;0;2;1;1;1
536560335;155 740 815;B01;3;50;0;2;8;1;3
536560336;155 740 814;A01;1;7;0;1;3;1;1
536560337;155 740 812;A01;1;33;0;1;0;25;0
536560338;155 740 811;A01;2;60;0;1;1;5;5
536560339;155 740 808;A01;1;7;0;9;2;15;2
536560339;155 740 810;B01;2;50;0;9;1;1;3
536560340;155 740 807;A01;2;7;0;2;7;23;2
536560340;155 740 809;B01;2;1;9;2;3;1;5
536560341;155 740 804;A01;0;7;1;2;3;15;1
536560341;155 740 806;B01;0;32;1;2;1;1;3
536560342;155 740 803;B01;2;43;0;2;1;1;1
536560342;155 740 805;A01;1;10;0;2;3;15;1
536560343;155 740 802;A01;2;7;2;0;1;0;1
536560344;155 740 800;A01;1;1;0;2;1;1;5
536560344;155 740 801;B01;1;7;0;2;4;1;1
536560345;155 740 799;A01;3;7;8;0;1;0;1
536560346;155 740 796;B01;1;33;0;2;4;2;1
536560346;155 740 798;A01;1;10;0;2;3;15;3
536560347;155 740 795;B01;2;33;4;2;3;3;1
536560347;155 740 797;A01;2;7;0;0;5;2;3
536560348;155 740 794;A01;1;50;0;0;1;1;3
536560349;155 740 791;A01;1;7;0;2;1;13;1
536560349;155 740 792;C01;2;10;0;2;1;1;1
536560349;155 740 793;B01;2;7;0;2;1;1;1
536560350;155 740 790;A01;2;1;0;1;1;1;5
536560351;155 740 789;A01;2;7;0;1;1;3;1
536560352;155 740 786;B01;2;80;0;2;8;7;3
536560352;155 740 788;A01;2;37;0;2;5;7;2
536560353;155 740 785;A01;1;7;0;2;1;9;1
536560353;155 740 787;B01;1;33;0;2;7;1;1
536560354;155 740 783;A01;1;7;0;0;1;0;1
536560355;155 740 782;B01;3;10;0;2;6;23;1
536560355;155 740 784;A01;3;2;0;2;6;21;1
536560356;155 740 781;A01;3;7;2;0;3;1;1
536560357;155 740 780;A01;1;31;0;1;5;21;1
536560358;155 740 779;A01;2;7;0;0;0;14;1
536560359;155 740 777;B01;1;1;0;9;1;1;5
536560359;155 740 778;A01;1;7;0;9;2;16;1
536560360;155 740 776;A01;2;7;2;0;8;1;1
536560361;155 740 773;A01;2;7;0;2;3;5;1
536560361;155 740 775;B01;1;7;0;2;3;1;1
536560362;155 740 772;B01;3;7;0;2;2;1;2
536560362;155 740 774;A01;2;7;0;2;1;1;1
536560364;155 740 768;B01;1;7;0;2;2;1;2
536560364;155 740 770;A01;1;7;0;2;2;15;2
536560365;155 740 765;A01;1;50;1;0;1;17;3
536560365;155 740 766;B01;1;7;0;2;8;22;2
536560366;155 740 761;A01;2;80;0;1;1;9;3
536560367;155 740 762;A01;1;7;0;2;3;13;1
536560367;155 740 763;B01;2;7;0;2;3;1;1
536560367;155 740 764;C01;2;7;0;2;2;1;1
536560367;155 740 767;D01;2;7;0;2;3;1;1
536560368;155 740 760;A01;2;7;0;1;1;1;1
536560369;155 740 758;A01;1;7;0;1;1;1;0
536560370;155 740 757;A01;2;7;0;2;6;23;1
536560370;155 740 759;B01;2;2;0;2;7;1;1
536560371;155 740 755;B01;2;32;0;2;0;0;0
536560371;155 740 756;A01;2;7;0;2;0;20;1
536560372;155 740 752;A01;2;50;0;2;1;2;3
536560372;155 740 753;B01;2;10;0;2;4;1;1
536560373;155 740 749;C01;1;7;0;2;1;1;1
536560373;155 740 750;A01;2;7;0;2;1;17;1
536560373;155 740 751;B01;1;7;0;2;1;1;1
536560373;155 740 754;D01;2;7;0;2;6;1;1
536560374;155 740 748;A01;1;7;2;0;1;1;1
536560375;155 740 746;A01;1;33;13;0;1;1;1
536560376;155 740 745;B01;2;32;0;2;1;1;1
536560376;155 740 747;A01;1;7;0;2;1;15;1
536560377;155 740 744;A01;1;1;1;1;2;1;5
536560378;155 740 743;A01;1;7;13;0;8;1;1
536560379;155 740 742;A01;2;7;0;1;1;26;1
536560380;155 740 741;A01;1;10;1;0;2;1;1
536560381;155 740 738;A01;1;10;0;2;1;1;0
536560381;155 740 740;B01;1;7;0;2;4;26;1
536560382;155 740 736;A01;1;10;0;1;1;1;1
536560383;155 740 737;A01;1;7;0;2;1;1;1
536560383;155 740 739;B01;1;7;0;2;8;9;1
536560384;155 740 735;A01;1;7;1;0;1;1;1
536560385;155 740 734;A01;2;7;13;0;2;0;1
536560386;155 740 729;A01;2;7;0;2;3;13;1
536560386;155 740 731;B01;1;7;0;2;3;1;1
536560386;155 740 733;C01;1;7;0;2;1;1;1
536560387;155 740 730;A01;3;7;0;2;8;10;1
536560388;155 740 728;A01;2;7;13;0;1;1;1
536560389;155 740 726;A01;1;33;0;0;0;0;0
536560389;155 740 727;B01;1;7;0;0;0;0;0
536560390;155 740 723;A01;3;2;0;2;3;1;1
536560390;155 740 725;B01;3;2;0;2;3;1;1
536560391;155 740 722;A01;1;30;0;2;3;10;1
536560391;155 740 724;B01;1;30;0;2;2;1;1
536560392;155 740 719;B01;0;60;0;2;3;26;5
536560392;155 740 721;A01;1;7;0;2;1;1;1
536560393;155 740 718;B01;2;1;0;2;3;2;5
536560393;155 740 720;A01;2;7;0;2;2;17;1
536560394;155 740 714;A01;2;7;0;2;3;9;1
536560394;155 740 716;B01;2;33;0;2;1;1;1
536560395;155 740 715;B01;0;43;0;2;1;1;1
536560395;155 740 717;A01;0;7;0;2;1;15;1
536560396;155 740 712;A01;0;7;6;0;1;14;1
536560397;155 740 713;A01;2;7;0;1;2;1;1
536560398;155 740 710;B01;1;32;0;2;7;1;1
536560398;155 740 711;A01;1;10;0;2;3;9;1
536560399;155 740 708;A01;1;7;0;2;2;15;1
536560399;155 740 709;B01;2;2;0;2;8;1;1
536560400;155 740 706;A01;1;1;0;0;1;1;5
536560401;155 740 703;A01;1;7;0;2;1;1;1
536560401;155 740 705;B01;1;7;4;0;4;1;1
536560402;155 740 704;A01;1;33;11;0;1;1;1
536560403;155 740 702;A01;1;32;0;0;0;1;1
536560404;155 740 701;A01;1;32;12;0;1;0;1
536560405;155 740 697;A01;1;10;13;0;0;14;1
536560406;155 740 694;B01;1;33;0;2;3;1;1
536560406;155 740 695;A01;1;7;0;2;7;15;3
536560407;155 740 691;A01;1;7;0;0;5;2;1
536560407;155 740 692;B01;1;33;0;2;1;2;1
536560407;155 740 693;C01;1;7;0;2;1;2;1
536560408;155 740 689;A01;2;7;0;2;2;17;1
536560408;155 740 690;B01;2;1;0;2;3;15;5
536560409;155 740 687;A01;1;7;0;2;2;1;1
536560409;155 740 688;B01;1;10;0;2;3;1;1
536560410;155 740 685;B01;2;7;0;2;3;1;1
536560410;155 740 686;A01;1;33;0;2;1;13;1
536560411;155 740 684;A01;1;7;2;0;2;1;1
536560412;155 740 683;A01;1;7;0;1;1;1;1
536560413;155 740 681;A01;2;7;0;2;3;1;1
536560413;155 740 682;B01;1;7;0;2;2;9;1
536560414;155 740 680;A01;2;7;2;0;1;0;1
536560415;155 740 678;A01;3;7;0;2;1;1;1
536560415;155 740 679;B01;3;99;0;2;1;1;5
536560416;155 740 676;B01;2;1;0;2;4;1;5
536560416;155 740 677;A01;2;7;0;2;2;1;1
536560417;155 740 675;A01;1;13;0;0;0;1;1
536560418;155 740 674;A01;1;7;2;0;1;1;1
536560419;155 740 672;A01;2;7;0;2;2;1;1
536560419;155 740 673;B01;2;1;0;2;1;19;5
536560420;155 740 671;A01;1;10;0;1;3;1;1
536560421;155 740 669;B01;2;7;0;2;7;17;1
536560421;155 740 670;A01;2;7;0;2;2;15;1
536560422;155 740 668;A01;2;7;6;0;8;13;1
536560423;155 740 667;A01;2;7;0;0;3;13;1
536560424;155 740 666;A01;1;7;0;0;7;1;1
536560425;155 740 664;A01;1;7;0;2;2;1;1
536560425;155 740 665;B01;2;7;0;2;1;1;1
536560426;155 740 662;A01;1;7;0;0;6;15;1
536560426;155 740 663;B01;1;33;0;2;1;17;1
536560427;155 740 660;A01;1;7;0;2;2;2;1
536560427;155 740 661;B01;1;7;0;0;6;2;1
536560428;155 740 658;A01;1;7;3;2;3;0;1
536560428;155 740 659;B01;1;10;0;2;3;2;1
536560429;155 740 656;B01;1;31;0;2;1;1;1
536560429;155 740 657;A01;2;10;0;2;3;11;1
536560430;155 740 655;A01;1;7;4;0;3;1;1
536560431;155 740 653;A01;3;7;1;0;2;1;1
536560431;155 740 654;B01;2;2;0;0;4;23;1
536560432;155 740 651;A01;1;7;0;2;1;16;1
536560432;155 740 652;B01;2;7;0;2;1;15;1
536560433;155 740 649;B01;1;33;0;2;1;17;1
536560433;155 740 650;A01;1;7;0;2;8;10;1
536560434;155 740 647;A01;1;7;0;2;3;1;1
536560434;155 740 648;B01;1;10;0;2;3;13;1
536560435;155 740 646;A01;1;7;2;0;2;17;1
536560436;155 740 645;A01;1;7;0;1;1;1;1
536560437;155 740 644;A01;1;7;0;1;1;1;1
536560438;155 740 642;A01;0;2;0;2;5;1;3
536560438;155 740 643;B01;0;1;0;2;1;1;5
536560439;155 740 640;A01;2;7;0;2;1;17;1
536560439;155 740 641;B01;1;7;0;2;1;1;1
536560440;155 740 638;B01;2;7;0;2;3;15;1
536560440;155 740 639;A01;2;33;0;2;1;1;1
536560441;155 740 636;B01;1;7;0;0;0;5;0
536560441;155 740 637;A01;2;7;3;0;1;21;1
536560442;155 740 632;A01;2;33;0;2;0;0;1
536560442;155 740 633;B01;1;7;0;0;8;1;1
536560443;155 740 629;A01;3;10;0;9;3;1;1
536560443;155 740 631;B01;3;50;0;9;7;19;3
536560444;155 740 628;A01;2;10;0;2;4;2;1
536560444;155 740 630;B01;2;7;1;0;1;2;1
536560445;155 740 625;A01;1;7;0;2;1;26;1
536560445;155 740 626;B01;1;7;0;2;1;1;1
536560446;155 740 623;A01;2;7;0;2;4;2;1
536560446;155 740 624;B01;2;7;0;2;4;2;1
536560446;155 740 627;C01;2;7;0;2;1;2;1
536560447;155 740 621;A01;2;10;7;0;1;1;1
536560448;155 740 616;A01;2;7;0;2;1;2;1
536560448;155 740 617;B01;2;7;0;2;9;2;1
536560448;155 740 618;C01;2;7;0;2;4;1;1
536560449;155 740 615;A01;1;7;8;0;1;14;1
536560450;155 740 611;A01;2;7;0;2;8;11;1
536560450;155 740 612;B01;2;33;0;2;8;3;1
536560450;155 740 614;C01;2;7;0;2;4;1;1
536560451;155 740 610;A01;1;7;0;1;2;1;1
536560452;155 740 608;A01;1;31;0;2;1;2;1
536560452;155 740 609;B01;1;7;0;2;5;2;1
536560453;155 740 606;B01;0;7;0;2;3;13;0
536560453;155 740 607;A01;0;7;0;2;3;13;0
536560454;155 740 604;A01;2;15;0;2;2;12;1
536560454;155 740 605;B01;2;7;0;0;0;0;1
536560455;155 740 603;A01;1;43;14;0;1;1;1
536560456;155 740 601;A01;2;7;0;2;4;12;1
536560456;155 740 602;B01;2;33;0;2;1;3;1
536560457;155 740 599;A01;2;7;0;5;1;1;1
536560458;155 740 598;A01;2;37;0;0;3;1;1
536560458;155 740 600;Z01;2;7;0;2;1;15;0
536560459;155 740 597;A01;1;7;3;0;2;0;1
536560460;155 740 595;A01;2;7;0;1;1;19;0
536560461;155 740 593;A01;2;32;0;2;9;3;1
536560461;155 740 594;B01;2;7;0;2;8;1;2
536560461;155 740 596;C01;0;7;0;2;5;1;2
536560462;155 740 590;B01;2;10;0;2;4;1;0
536560462;155 740 591;A01;2;31;0;2;1;3;1
536560463;155 740 589;B01;3;50;0;2;8;15;3
536560463;155 740 592;Z01;1;33;0;2;1;1;0
536560464;155 740 586;A01;1;33;0;2;1;12;1
536560464;155 740 588;B01;1;7;0;2;4;1;1
536560465;155 740 585;B01;1;7;0;2;2;1;1
536560465;155 740 587;A01;1;7;0;2;3;15;1
536560466;155 740 583;B01;1;7;0;2;4;2;1
536560466;155 740 584;A01;1;7;0;2;1;2;1
536560467;155 740 581;A01;3;7;0;2;8;1;2
536560467;155 740 582;B01;3;1;0;2;1;19;5
536560468;155 740 579;A01;2;7;0;2;1;2;1
536560468;155 740 580;B01;2;7;0;2;4;0;1
536560469;155 740 577;A01;3;3;0;0;3;16;1
536560469;155 740 578;B01;3;3;0;2;1;1;1
536560470;155 740 575;B01;2;7;0;2;4;2;1
536560470;155 740 576;A01;2;32;0;2;1;2;1
536560471;155 740 573;B01;2;7;1;0;1;2;1
536560471;155 740 574;A01;2;7;0;2;4;23;1
536560472;155 740 572;A01;3;34;0;1;2;1;1
536560473;155 740 571;A01;1;7;4;0;1;17;1
536560474;155 740 569;B01;3;31;0;2;1;1;1
536560474;155 740 570;A01;3;10;0;2;3;15;1
536560475;155 740 566;B01;3;33;0;2;1;0;1
536560475;155 740 568;A01;2;7;0;2;8;15;1
536560476;155 740 565;A01;1;7;0;2;3;15;1
536560476;155 740 567;B01;2;2;0;2;1;1;1
536560477;155 740 563;A01;2;37;0;1;1;1;1
536560478;155 740 564;A01;1;7;0;1;1;1;2
536560479;155 740 562;A01;2;7;0;1;2;1;1
536560480;155 740 560;B01;1;1;0;2;2;1;5
536560480;155 740 561;A01;1;7;0;0;3;16;2
536560481;155 740 558;A01;3;7;0;2;8;7;1
536560481;155 740 559;B01;3;7;0;2;2;1;1
536560482;155 740 556;A01;2;10;0;2;1;13;1
536560482;155 740 557;B01;1;7;0;2;1;1;1
536560483;155 740 553;B01;2;50;0;2;1;7;3
536560483;155 740 555;A01;2;7;0;2;6;16;1
536560484;155 740 552;A01;1;7;0;2;1;15;1
536560484;155 740 554;B01;1;7;9;2;8;1;2
536560485;155 740 550;B01;2;10;0;2;3;1;1
536560485;155 740 551;A01;1;32;14;0;1;1;1
536560486;155 740 546;A01;1;7;0;2;1;13;1
536560486;155 740 548;B01;2;7;0;2;1;0;1
536560487;155 740 547;B01;1;80;1;0;1;13;3
536560487;155 740 549;A01;1;10;0;0;8;22;3
536560488;155 740 543;B01;1;7;0;2;8;23;1
536560488;155 740 545;A01;1;32;0;2;1;3;3
536560489;155 740 544;A01;1;7;0;1;3;15;1
536560490;155 740 541;A01;2;2;0;1;1;1;1
536560491;155 740 540;B01;2;14;0;2;4;1;1
536560491;155 740 542;A01;2;7;0;2;1;1;1
536560492;155 740 537;B01;1;7;0;2;5;1;1
536560492;155 740 539;A01;1;33;0;2;1;18;1
536560493;155 740 536;B01;1;7;0;9;7;1;2
536560493;155 740 538;A01;1;80;0;2;8;1;3
536560494;155 740 535;A01;1;7;0;1;0;1;1
536560495;155 740 534;A01;1;2;0;5;0;0;1
536560496;155 740 530;B01;1;7;0;2;1;7;1
536560496;155 740 532;C01;1;7;0;2;4;0;1
536560496;155 740 533;A01;1;7;0;2;1;2;1
536560497;155 740 529;Y01;1;80;0;2;1;1;3