Num_Acc;id_vehicule;num_veh;senc;catv;obs;obsm;choc;manv;motor
536560792;155 739 998;A01;2;7;0;2;8;19;1
536560792;155 740 001;B01;1;33;0;2;3;21;1
536560793;155 739 996;A01;0;2;1;0;0;0;0
536560794;155 739 994;A01;1;2;0;2;1;2;1
536560794;155 739 997;B01;1;32;0;2;4;2;1
536560795;155 739 993;A01;0;10;0;1;3;16;1
536560796;155 739 992;A01;1;3;0;2;1;2;1
536560796;155 739 995;B01;1;7;0;2;7;2;1
536560797;155 739 990;A01;2;33;0;2;3;13;1
536560797;155 739 991;B01;1;7;0;0;3;1;1
536560798;155 739 986;A01;1;7;0;2;1;1;1
536560798;155 739 989;B01;1;15;0;2;4;1;1
536560799;155 739 985;A01;3;7;0;2;2;1;0
536560799;155 739 988;B01;1;1;0;2;0;0;0
536560800;155 739 984;A01;0;7;0;0;8;9;1
536560800;155 739 987;B01;2;33;0;0;1;1;1
536560801;155 739 983;A01;1;7;6;0;2;1;1
536560802;155 739 981;B01;1;1;0;2;6;2;5
536560802;155 739 982;A01;1;10;0;2;7;2;1
536560803;155 739 979;A01;1;33;14;0;1;1;1
536560804;155 739 980;A01;2;7;0;1;1;1;1
536560805;155 739 977;A01;3;10;0;2;1;2;1
536560805;155 739 978;B01;3;33;0;2;4;23;1
536560806;155 739 973;B01;1;7;0;2;1;1;1
536560806;155 739 976;A01;2;7;0;2;1;5;1
536560807;155 739 970;B01;2;7;0;2;0;0;1
536560807;155 739 972;A01;2;50;0;2;0;0;3
536560808;155 739 971;B01;3;7;0;2;1;19;1
536560808;155 739 974;A01;2;7;0;2;7;1;1
536560809;155 739 969;B01;2;50;0;2;7;1;3
536560809;155 739 975;A01;2;7;0;2;1;1;1
536560810;155 739 967;A01;1;32;0;1;1;17;1
536560811;155 739 966;B01;1;7;6;2;7;1;1
536560811;155 739 968;A01;1;7;0;2;1;1;1
536560812;155 739 965;A01;2;7;7;0;1;14;1
536560813;155 739 964;A01;2;7;0;1;2;1;1
536560814;155 739 961;A01;0;7;0;1;8;1;1
536560815;155 739 960;B01;2;7;0;2;8;9;1
536560815;155 739 963;A01;2;7;0;2;2;1;1
536560816;155 739 958;A01;2;7;0;2;8;9;1
536560816;155 739 962;B01;1;2;0;2;1;1;1
536560817;155 739 955;A01;3;7;0;1;5;4;1
536560818;155 739 953;A01;1;33;0;2;1;1;1
536560818;155 739 956;B01;2;7;0;2;2;15;1
536560819;155 739 954;B01;1;7;0;2;4;23;3
536560819;155 739 957;C01;1;7;0;2;4;23;1
536560819;155 739 959;A01;1;10;0;2;1;2;1
536560820;155 739 948;A01;1;80;0;1;1;1;3
536560821;155 739 945;B01;0;1;0;2;1;23;5
536560821;155 739 950;A01;3;7;0;2;4;4;1
536560822;155 739 943;A01;1;7;0;2;1;2;1
536560822;155 739 947;C01;1;7;0;2;4;2;1
536560822;155 739 951;D01;1;7;0;2;1;2;1
536560822;155 739 952;B01;1;7;0;2;4;2;2
536560823;155 739 942;A01;3;7;6;0;1;1;1
536560824;155 739 940;A01;1;7;0;2;3;13;1
536560824;155 739 944;D01;1;7;0;2;6;2;1
536560824;155 739 946;B01;1;7;0;2;4;2;1
536560824;155 739 949;C01;2;33;0;2;1;1;1
536560825;155 739 939;A01;1;7;0;2;3;13;1
536560825;155 739 941;B01;2;7;0;2;3;1;2
536560826;155 739 937;A01;1;7;0;2;1;2;1
536560826;155 739 938;B01;1;7;0;2;4;2;1
536560827;155 739 935;B01;1;17;0;2;4;1;0
536560827;155 739 936;A01;1;7;0;2;1;2;1
536560828;155 739 934;A01;2;33;0;0;0;1;1
536560829;155 739 931;A01;2;7;0;2;1;15;1
536560829;155 739 933;B01;1;31;15;2;8;1;3
536560830;155 739 928;A01;1;7;13;0;3;14;1
536560831;155 739 930;B01;2;30;0;2;1;1;1
536560831;155 739 932;Z01;1;0;0;2;2;15;0
536560832;155 739 926;A01;2;43;4;0;3;1;1
536560833;155 739 927;B01;1;7;0;9;7;1;1
536560833;155 739 929;A01;2;80;0;2;0;16;3
536560834;155 739 922;B01;2;7;0;2;4;15;1
536560834;155 739 924;A01;2;10;0;2;1;2;1
536560835;155 739 921;B01;1;33;1;0;1;2;1
536560835;155 739 925;A01;1;15;0;0;6;2;1
536560836;155 739 919;A01;1;7;0;2;2;14;1
536560836;155 739 923;B01;1;2;0;2;3;2;1
536560837;155 739 915;A01;2;1;0;0;0;1;5
536560838;155 739 918;A01;1;7;0;9;2;9;1
536560838;155 739 920;B01;1;50;0;2;1;25;3
536560839;155 739 914;B01;2;10;0;2;8;1;1
536560839;155 739 917;A01;2;7;4;2;8;17;1
536560840;155 739 913;B01;1;33;1;0;4;1;1
536560840;155 739 916;A01;1;33;0;2;1;2;1
536560841;155 739 911;A01;1;7;0;1;1;1;2
536560842;155 739 910;A01;1;7;0;1;3;1;1
536560843;155 739 908;A01;2;7;0;9;3;9;1
536560843;155 739 912;B01;2;1;0;2;7;1;5
536560844;155 739 909;A01;1;10;0;1;3;15;1
536560845;155 739 906;A01;1;10;0;1;1;15;1
536560846;155 739 905;A01;2;1;0;2;7;1;5
536560846;155 739 907;B01;0;7;0;2;1;0;1
536560847;155 739 904;A01;1;7;6;0;3;1;1
536560848;155 739 903;A01;2;10;13;0;8;1;1
536560849;155 739 902;A01;2;38;0;1;5;20;1
536560850;155 739 900;A01;2;34;0;2;1;7;1
536560850;155 739 901;B01;2;7;0;2;2;16;1
536560851;155 739 898;A01;3;7;0;1;2;16;1
536560852;155 739 899;A01;1;32;0;0;7;14;1
536560853;155 739 896;B01;2;50;0;2;7;1;3
536560853;155 739 897;A01;2;7;0;2;1;9;1
536560854;155 739 894;A01;2;7;0;1;1;1;1
536560855;155 739 892;A01;0;7;0;2;1;17;1
536560855;155 739 895;B01;0;7;0;2;1;1;1
536560856;155 739 890;A01;1;7;0;1;3;1;1
536560857;155 739 889;B01;2;43;0;2;4;1;1
536560857;155 739 891;A01;2;7;0;2;1;1;1
536560857;155 739 893;C01;2;7;0;2;4;1;1
536560858;155 739 886;B01;1;1;0;2;1;19;5
536560858;155 739 888;A01;1;7;0;9;3;1;2
536560859;155 739 883;A01;1;40;0;1;1;26;6
536560860;155 739 885;A01;2;7;0;9;5;0;1
536560860;155 739 887;B01;2;1;0;2;8;0;5
536560861;155 739 882;A01;1;7;0;2;4;2;1
536560861;155 739 884;B01;1;7;0;2;1;2;1
536560862;155 739 880;B01;2;7;0;2;6;1;1
536560862;155 739 881;A01;2;1;0;2;4;26;5
536560863;155 739 876;A01;1;7;3;2;1;1;1
536560863;155 739 877;B01;1;7;0;2;4;1;1
536560864;155 739 872;B01;3;7;0;2;1;5;1
536560864;155 739 879;A01;3;7;0;2;1;0;1
536560865;155 739 873;A01;2;7;0;0;1;21;1
536560866;155 739 874;A01;3;43;0;2;1;1;1
536560866;155 739 875;B01;3;7;0;2;2;1;1
536560867;155 739 866;B01;3;1;0;0;0;0;5
536560867;155 739 869;Z01;1;7;0;2;0;16;0
536560868;155 739 865;D01;2;7;0;2;1;26;1
536560868;155 739 868;A01;2;7;0;2;4;26;1
536560868;155 739 870;B01;2;7;0;2;4;23;1
536560868;155 739 871;C01;2;7;0;2;4;26;1
536560869;155 739 864;A01;1;43;14;0;2;6;1
536560870;155 739 863;A01;2;1;0;0;0;0;5
536560871;155 739 856;A01;2;7;0;2;1;2;1
536560871;155 739 859;B01;2;7;0;2;4;2;1
536560871;155 739 862;C01;1;10;0;2;4;2;1
536560872;155 739 857;B01;3;50;0;2;1;1;3
536560872;155 739 861;A01;3;7;0;2;1;9;1
536560873;155 739 855;B01;1;1;0;2;1;0;5
536560873;155 739 858;A01;1;7;0;9;3;9;1
536560874;155 739 854;A01;3;1;0;1;2;1;5
536560875;155 739 851;A01;2;7;0;2;0;2;1
536560875;155 739 853;B01;2;7;4;2;7;2;1
536560876;155 739 846;B01;1;33;0;2;8;1;1
536560876;155 739 849;A01;1;7;0;2;2;12;1
536560877;155 739 845;A01;1;7;0;2;4;23;1
536560877;155 739 850;B01;1;7;0;2;1;2;1
536560878;155 739 847;A01;1;7;1;2;4;2;2
536560878;155 739 848;B01;1;32;1;0;4;2;1
536560879;155 739 842;A01;1;33;0;2;1;2;1
536560879;155 739 844;B01;1;7;0;2;2;2;0
536560880;155 739 841;A01;2;7;4;2;1;2;1
536560880;155 739 843;B01;2;15;0;2;5;1;1
536560881;155 739 840;B01;2;33;0;1;2;1;1
536560882;155 739 837;A01;1;15;0;2;4;24;1
536560882;155 739 838;B01;1;7;1;0;2;1;1
536560883;155 739 836;A01;2;7;0;2;1;1;0
536560883;155 739 839;B01;2;7;0;2;4;1;0
536560884;155 739 833;B01;1;10;0;2;4;23;1
536560885;155 739 832;B01;2;33;0;2;2;1;1
536560885;155 739 834;A01;2;7;0;2;3;13;2
536560886;155 739 829;A01;1;7;0;2;1;1;1
536560886;155 739 831;B01;1;7;0;2;4;1;1
536560887;155 739 828;A01;2;7;0;2;1;2;1
536560887;155 739 830;B01;1;33;0;2;4;2;1
536560888;155 739 826;A01;2;10;0;2;1;2;1
536560888;155 739 827;B01;2;7;0;2;4;2;1
536560889;155 739 824;A01;2;7;0;1;2;1;1
536560890;155 739 821;A01;2;7;0;2;2;2;1
536560890;155 739 823;B01;2;7;0;2;6;1;1
536560890;155 739 825;C01;2;7;0;2;6;1;1
536560891;155 739 820;A01;2;7;0;2;1;2;1
536560891;155 739 822;B01;2;10;0;2;4;2;1
536560892;155 739 819;A01;0;7;4;0;1;26;1
536560893;155 739 817;B01;2;7;0;2;8;14;1
536560893;155 739 818;A01;2;14;0;2;7;14;1
536560894;155 739 816;A01;2;7;3;0;4;1;1
536560895;155 739 813;B01;0;10;16;2;4;23;0
536560895;155 739 815;A01;0;30;0;2;1;18;0
536560896;155 739 811;B01;2;7;0;2;0;0;1
536560896;155 739 814;A01;2;14;0;2;2;12;1
536560897;155 739 809;A01;1;33;7;0;8;1;1
536560898;155 739 807;A01;3;7;0;2;1;13;1
536560898;155 739 808;B01;0;37;0;2;1;1;1
536560899;155 739 805;B01;2;7;0;2;2;12;1
536560899;155 739 810;A01;2;32;0;2;1;3;1
536560899;155 739 812;C01;2;7;0;2;8;1;1
536560900;155 739 801;B01;3;1;0;2;1;1;5
536560900;155 739 804;A01;3;7;0;2;1;16;1
536560901;155 739 802;A01;1;7;1;0;4;1;1
536560901;155 739 803;B01;1;7;0;2;4;23;1
536560901;155 739 806;Z01;1;7;0;2;1;1;1
536560902;155 739 798;A01;3;34;0;1;1;1;1
536560903;155 739 797;B01;1;10;0;2;1;2;1
536560903;155 739 799;A01;1;7;0;2;4;23;2
536560904;155 739 793;A01;2;7;0;2;4;23;1
536560904;155 739 795;B01;2;1;0;2;1;2;5
536560905;155 739 794;A01;1;33;0;2;0;3;1
536560905;155 739 796;C01;1;7;0;2;4;1;2
536560905;155 739 800;B01;1;7;0;2;7;1;2
536560906;155 739 791;A01;1;7;0;2;4;1;1
536560906;155 739 792;B01;1;7;0;2;1;1;1
536560907;155 739 790;A01;2;7;1;0;1;14;2
536560908;155 739 788;A01;2;7;2;0;7;1;1
536560909;155 739 785;A01;2;7;4;2;2;2;1
536560909;155 739 787;B01;2;7;4;2;4;1;1
536560910;155 739 781;B01;2;7;0;2;4;2;1
536560910;155 739 782;A01;2;10;0;2;1;2;1
536560910;155 739 784;C01;2;7;0;2;4;2;3
536560910;155 739 786;D01;2;7;0;2;4;2;1
536560910;155 739 789;E01;2;7;0;2;4;2;1
536560911;155 739 780;B01;2;7;0;2;1;1;1
536560911;155 739 783;A01;1;10;0;2;1;13;1
536560912;155 739 777;A01;1;7;0;1;1;1;1
536560913;155 739 776;A01;2;33;0;2;7;3;1
536560913;155 739 779;B01;2;14;0;2;7;1;1
536560914;155 739 774;A01;2;2;0;1;1;1;0
536560915;155 739 775;A01;2;7;0;2;2;9;1
536560915;155 739 778;B01;2;33;0;2;1;1;1
536560916;155 739 772;A01;2;33;0;0;6;21;1
536560917;155 739 770;A01;1;10;0;0;8;15;1
536560917;155 739 773;B01;2;33;0;2;1;1;1
536560918;155 739 769;A01;2;7;4;2;1;12;1
536560918;155 739 771;B01;2;7;4;2;6;1;1
536560919;155 739 764;A01;1;34;0;2;1;15;1
536560919;155 739 766;B01;2;10;0;2;3;1;1
536560919;155 739 767;C01;2;7;0;9;6;1;1
536560920;155 739 763;B01;2;31;0;2;8;2;1
536560920;155 739 765;C01;2;7;0;0;4;2;1
536560920;155 739 768;A01;2;7;0;2;6;17;1
536560921;155 739 760;A01;1;2;3;0;1;21;1
536560922;155 739 759;B01;2;32;0;2;1;1;1
536560922;155 739 762;A01;2;7;0;2;2;15;1
536560923;155 739 758;B01;1;14;0;2;2;21;1
536560923;155 739 761;A01;2;7;4;2;6;2;1
536560924;155 739 757;A01;1;33;0;0;2;0;1
536560925;155 739 755;A01;3;7;0;2;1;2;1
536560925;155 739 756;B01;3;32;0;2;4;23;1
536560926;155 739 751;A01;1;7;3;2;3;5;1
536560926;155 739 753;B01;2;7;3;0;3;1;1
536560927;155 739 750;C01;2;7;0;2;8;2;1
536560927;155 739 752;B01;2;7;0;2;8;1;1
536560927;155 739 754;A01;2;31;0;2;9;3;1
536560928;155 739 748;A01;1;33;0;2;2;17;1
536560928;155 739 749;B01;1;7;0;2;8;15;1
536560929;155 739 745;A01;1;3;0;2;3;13;1
536560929;155 739 746;B01;2;7;0;2;0;1;1
536560930;155 739 744;B01;2;33;0;2;8;3;1
536560930;155 739 747;A01;2;7;0;2;2;12;1
536560931;155 739 741;A01;1;15;3;0;7;14;1
536560932;155 739 742;A01;1;32;0;2;1;1;1
536560932;155 739 743;B01;1;7;0;2;1;15;1
536560933;155 739 740;A01;2;1;0;1;1;5;5
536560934;155 739 738;A01;2;7;4;0;9;14;1
536560935;155 739 737;A01;1;10;0;2;5;15;1
536560935;155 739 739;B01;2;2;0;2;1;1;1
536560936;155 739 735;B01;1;32;0;2;1;17;1
536560936;155 739 736;A01;2;7;0;2;3;15;1
536560937;155 739 732;B01;1;10;0;2;0;0;1
536560937;155 739 734;A01;1;10;0;2;1;2;1
536560938;155 739 731;A01;3;7;0;2;2;19;1
536560938;155 739 733;B01;2;10;0;2;1;1;1
536560939;155 739 729;A01;2;7;0;2;2;16;1
536560939;155 739 730;B01;2;1;0;2;1;2;5
536560940;155 739 726;B01;3;7;0;0;6;26;6
536560940;155 739 728;A01;1;30;0;0;0;0;6
536560941;155 739 724;A01;1;33;0;0;8;1;1
536560942;155 739 719;A01;1;7;0;2;1;19;1
536560942;155 739 721;B01;2;7;0;2;2;1;1
536560943;155 739 720;A01;3;7;0;9;3;26;1
536560943;155 739 723;B01;2;50;0;2;1;15;3
536560944;155 739 718;A01;1;7;0;2;1;9;1
536560944;155 739 722;B01;1;1;0;2;1;0;5
536560945;155 739 714;A01;1;7;0;2;6;15;1
536560945;155 739 716;B01;1;33;0;2;6;17;1
536560946;155 739 712;A01;1;7;0;2;1;13;1
536560946;155 739 715;B01;2;7;0;2;1;1;1
536560947;155 739 713;A01;1;7;0;2;1;13;1
536560947;155 739 717;B01;2;10;0;2;1;1;1
536560948;155 739 710;A01;2;13;0;2;8;26;0
536560948;155 739 711;B01;2;7;0;2;0;16;1
536560949;155 739 706;A01;1;7;0;2;3;15;1
536560949;155 739 709;B01;2;7;0;2;3;1;1
536560950;155 739 705;A01;3;33;0;2;1;1;1
536560950;155 739 707;B01;3;7;0;2;1;17;1
536560950;155 739 708;C01;3;10;0;2;6;1;1
536560951;155 739 702;A01;3;10;0;2;1;5;1
536560951;155 739 704;B01;3;2;0;2;1;1;1
536560952;155 739 701;A01;1;7;0;1;1;1;1
536560953;155 739 700;A01;1;33;0;2;3;0;1
536560953;155 739 703;B01;1;7;0;0;5;1;1
536560954;155 739 697;A01;2;7;0;2;1;17;1
536560954;155 739 699;B01;2;7;0;2;4;13;2
536560955;155 739 696;B01;1;33;0;2;4;1;1
536560955;155 739 698;A01;1;7;0;2;1;1;1
536560956;155 739 692;B01;1;7;0;2;1;1;2
536560956;155 739 693;C01;1;7;0;2;1;1;1
536560956;155 739 695;A01;2;7;0;2;1;13;1
536560957;155 739 694;A01;2;33;7;0;8;14;1
536560958;155 739 690;A01;1;10;0;2;1;0;0
536560958;155 739 691;B01;1;10;0;2;4;23;0
536560959;155 739 689;A01;2;33;0;0;3;1;1
536560960;155 739 687;A01;1;30;0;0;0;1;6
536560961;155 739 686;A01;2;36;2;0;1;14;1
536560962;155 739 685;A01;1;7;0;9;3;1;1
536560962;155 739 688;B01;3;60;0;2;2;3;5
536560963;155 739 684;A01;1;7;16;0;3;0;1
536560964;155 739 681;B01;1;80;0;2;7;16;3
536560964;155 739 683;A01;2;7;0;9;1;9;0
536560965;155 739 680;B01;2;7;0;2;1;1;1
536560965;155 739 682;A01;1;1;0;2;7;9;5
536560966;155 739 679;A01;2;7;13;0;1;14;1
536560967;155 739 678;A01;3;7;0;1;4;4;1
536560968;155 739 676;A01;3;38;0;1;8;1;1
536560969;155 739 673;A01;2;33;0;2;1;1;1
536560969;155 739 675;B01;1;7;0;2;3;19;1
536560970;155 739 669;A01;0;2;0;0;0;1;1
536560971;155 739 668;A01;3;7;0;2;2;1;1
536560971;155 739 671;B01;3;14;0;2;3;1;1
536560972;155 739 665;A01;1;2;0;2;8;13;1
536560972;155 739 667;B01;1;7;0;2;3;1;1
536560973;155 739 660;A01;1;10;0;2;3;1;1
536560973;155 739 662;B01;2;3;0;2;1;1;1
536560974;155 739 661;A01;0;7;0;2;1;1;1
536560974;155 739 663;B01;0;1;0;2;1;19;5
536560975;155 739 659;A01;1;32;3;0;7;17;1
536560976;155 739 657;A01;1;7;8;0;1;13;1
536560977;155 739 655;B01;2;7;0;2;4;2;1
536560977;155 739 656;A01;2;33;0;2;1;2;1
536560978;155 739 654;A01;1;33;3;0;8;1;1
536560979;155 739 651;A01;1;7;13;0;4;2;1
536560979;155 739 653;B01;1;7;0;2;1;2;1
536560980;155 739 652;A01;3;7;0;1;1;1;1
536560981;155 739 650;A01;3;7;0;1;4;20;1
536560982;155 739 647;A01;1;7;1;0;3;13;1
536560983;155 739 645;A01;1;7;1;0;2;0;1
536560984;155 739 646;A01;3;7;0;2;3;5;1
536560984;155 739 648;B01;3;7;0;2;3;15;1
536560985;155 739 644;A01;3;7;0;2;1;13;1
536560985;155 739 649;B01;3;7;0;2;1;1;1
536560986;155 739 642;A01;1;7;2;0;1;1;1
536560987;155 739 641;A01;2;32;0;6;1;1;1
536560988;155 739 640;B01;1;7;0;2;2;1;1
536560988;155 739 643;A01;2;2;0;2;1;15;1
536560989;155 739 639;A01;1;10;1;1;1;1;1
536560990;155 739 638;A01;2;33;16;0;2;1;1
536560991;155 739 636;A01;3;14;0;1;8;1;4
536560992;155 739 635;B01;2;10;0;0;1;1;1
536560992;155 739 637;A01;1;7;0;2;1;13;1
536560993;155 739 634;A01;1;33;0;0;1;1;1
536560994;155 739 633;A01;1;7;0;1;2;1;1
536560995;155 739 631;A01;3;7;0;1;2;1;1
536560996;155 739 628;A01;1;7;0;2;3;11;1
536560996;155 739 630;B01;1;7;0;2;3;12;1
536560997;155 739 625;A01;1;10;0;2;4;1;1
536560997;155 739 627;B01;1;10;0;2;1;15;1
536560998;155 739 626;B01;1;50;0;2;1;1;3
536560998;155 739 629;A01;2;7;0;2;2;15;1
536560999;155 739 624;A01;2;33;2;0;1;1;1
536561000;155 739 621;A01;1;10;6;0;1;13;1
536561001;155 739 623;A01;2;7;13;0;1;1;0
536561002;155 739 619;A01;0;7;0;2;8;20;1
536561002;155 739 620;B01;0;30;0;2;1;1;1
536561003;155 739 618;A01;2;31;13;0;9;1;1
536561004;155 739 617;B01;3;33;0;2;8;0;1
536561004;155 739 622;A01;3;7;0;2;3;26;1
536561005;155 739 615;A01;1;7;0;2;8;19;1
536561005;155 739 616;B01;2;33;0;2;1;1;1
536561006;155 739 614;A01;2;7;0;1;2;26;1
536561007;155 739 613;A01;2;36;0;6;1;19;1
536561008;155 739 607;A01;1;7;0;2;7;19;1
536561008;155 739 612;B01;2;30;0;2;1;1;1
536561009;155 739 608;B01;1;33;0;2;1;17;1
536561009;155 739 611;A01;1;7;0;0;8;15;1
536561010;155 739 606;B01;3;7;0;2;9;0;1
536561010;155 739 610;A01;3;7;0;2;6;2;2
536561011;155 739 604;C01;1;7;0;0;5;23;1
536561011;155 739 605;A01;1;10;0;0;1;1;1
536561011;155 739 609;B01;1;7;0;2;4;23;1
536561012;155 739 602;A01;1;7;0;1;2;1;1
536561013;155 739 601;A01;1;7;0;2;1;1;1
536561013;155 739 603;B01;2;33;0;2;1;1;1
536561014;155 739 599;A01;2;1;0;0;1;1;5
536561015;155 739 597;B01;2;33;0;2;7;1;1
536561015;155 739 600;A01;1;7;0;2;3;9;1
536561016;155 739 596;A01;3;33;0;0;9;23;1
536561017;155 739 595;B01;2;7;0;2;4;1;1
536561017;155 739 598;A01;2;7;0;2;1;1;1
536561018;155 739 592;A01;1;1;1;0;1;1;5
536561018;155 739 594;B01;1;7;0;0;6;24;1
536561019;155 739 590;A01;1;10;0;2;1;1;1
536561019;155 739 593;B01;2;2;0;2;1;13;1
536561020;155 739 589;A01;1;7;0;1;4;26;1
536561021;155 739 586;A01;3;7;8;0;1;1;1
536561022;155 739 587;B01;2;10;0;2;8;15;1
536561022;155 739 591;A01;2;14;0;2;1;1;1
536561023;155 739 585;B01;1;7;0;2;0;0;1
536561023;155 739 588;A01;1;1;0;2;8;13;5
536561024;155 739 582;A01;3;2;2;0;1;0;1
536561025;155 739 583;A01;3;7;0;2;8;1;1
536561025;155 739 584;B01;3;1;0;2;1;15;5
536561026;155 739 581;A01;1;7;13;0;1;0;1
536561027;155 739 579;A01;1;7;0;2;1;15;1
536561027;155 739 580;B01;1;1;0;2;1;1;5
536561028;155 739 578;A01;0;36;0;0;0;0;1
536561029;155 739 576;A01;2;7;0;2;1;5;1
536561029;155 739 577;B01;1;7;0;2;1;1;1
536561030;155 739 573;A01;3;7;13;0;0;14;1
536561031;155 739 572;B01;1;15;0;2;1;0;1
536561031;155 739 574;A01;2;7;0;2;1;13;1
536561032;155 739 571;B01;2;7;0;2;7;1;1
536561032;155 739 575;A01;1;1;0;2;1;19;5
536561033;155 739 568;A01;1;2;10;0;3;1;1
536561034;155 739 569;A01;1;7;0;2;2;1;1
536561034;155 739 570;B01;1;32;8;2;2;1;1
536561035;155 739 565;A01;1;7;0;2;2;1;1
536561035;155 739 566;B01;1;50;0;2;3;19;3
536561036;155 739 564;A01;1;7;0;2;2;19;1
536561036;155 739 567;B01;2;30;0;2;8;1;1
536561037;155 739 563;A01;2;7;0;1;7;26;1
536561038;155 739 561;A01;2;17;0;2;6;11;1
536561038;155 739 562;B01;2;10;0;2;2;17;1
536561039;155 739 559;A01;1;7;0;1;3;1;1
536561040;155 739 558;A01;1;7;0;2;3;0;1
536561040;155 739 560;B01;2;7;0;2;1;0;1
536561041;155 739 557;Z01;0;13;0;1;2;26;0
536561042;155 739 555;A01;1;7;0;1;0;26;1
536561043;155 739 554;B01;1;7;0;2;5;1;1
536561043;155 739 556;A01;1;7;0;2;3;13;1
536561044;155 739 551;B01;1;15;0;0;6;1;1
536561044;155 739 552;A01;1;10;13;2;2;12;1
536561045;155 739 547;B01;3;7;0;2;7;23;1
536561045;155 739 550;A01;3;80;0;2;1;1;3
536561046;155 739 549;B01;1;7;0;2;3;15;1
536561046;155 739 553;A01;2;10;0;2;2;1;1
536561047;155 739 545;A01;1;32;13;0;1;14;1
536561048;155 739 544;C01;1;7;0;2;6;15;1
536561048;155 739 546;A01;2;32;0;2;1;17;1
536561048;155 739 548;B01;2;10;0;2;3;1;1
536561049;155 739 542;A01;3;2;10;0;1;1;1
536561050;155 739 543;A01;1;7;1;0;2;1;1
536561051;155 739 538;A01;1;7;2;0;3;14;1
536561052;155 739 535;B01;3;1;0;2;1;1;5
536561052;155 739 537;A01;3;7;0;2;7;15;1
536561053;155 739 536;B01;2;7;0;2;4;23;1
536561053;155 739 539;C01;2;7;0;2;1;2;1
536561053;155 739 541;A01;2;7;0;0;4;23;2
536561054;155 739 533;A01;1;2;6;9;0;1;1
536561055;155 739 532;A01;2;15;3;0;2;14;1
536561056;155 739 530;C01;3;7;0;2;4;23;1
536561056;155 739 534;A01;3;7;0;2;1;2;1
536561056;155 739 540;B01;3;10;0;2;4;2;1
536561057;155 739 529;A01;2;14;0;2;7;16;1
536561057;155 739 531;B01;2;50;0;2;8;1;3
536561058;155 739 527;A01;2;30;0;0;8;15;1
536561059;155 739 525;A01;1;7;6;0;1;1;1
536561060;155 739 523;A01;1;30;0;2;1;17;1
536561060;155 739 526;B01;1;10;0;2;3;9;1
536561061;155 739 524;A01;1;33;15;2;1;1;1
536561061;155 739 528;B01;1;7;0;2;1;19;1
536561062;155 739 521;A01;2;1;0;0;1;1;5
536561063;155 739 518;B01;2;32;0;2;2;17;1
536561063;155 739 522;A01;2;7;0;2;7;10;1
536561064;155 739 517;B01;3;33;0;2;1;1;1
536561064;155 739 520;A01;3;7;0;2;5;15;1
536561065;155 739 516;A01;1;7;13;2;1;13;1
536561065;155 739 519;B01;1;7;0;2;2;23;1
536561066;155 739 514;A01;2;7;0;1;2;15;1
536561067;155 739 511;B01;3;7;0;2;2;19;1
536561067;155 739 513;A01;3;2;0;2;1;9;1
536561068;155 739 512;A01;1;33;3;0;0;16;1
536561069;155 739 508;A01;3;7;0;2;2;1;1
536561069;155 739 509;B01;3;7;0;2;4;2;1
536561070;155 739 506;B01;1;7;0;2;1;1;2
536561070;155 739 510;A01;2;7;0;2;3;1;1
536561071;155 739 504;A01;1;30;0;2;1;23;1
536561071;155 739 507;B01;1;7;0;2;3;15;1
536561072;155 739 501;A01;2;7;0;2;3;1;1
536561072;155 739 503;B01;1;33;0;2;1;0;1
536561072;155 739 505;C01;1;33;0;9;0;0;1
536561073;155 739 500;A01;1;7;13;0;3;13;2
536561074;155 739 499;A01;0;7;0;2;3;19;1
536561074;155 739 502;B01;3;33;0;2;1;1;1
536561075;155 739 498;A01;2;37;0;1;2;1;1
536561076;155 739 495;A01;3;7;0;2;1;16;1
536561077;155 739 493;A01;3;7;0;1;1;1;1
536561078;155 739 494;A01;1;7;0;2;2;15;1
536561078;155 739 497;B01;2;32;0;2;1;1;1
536561079;155 739 492;A01;2;7;0;2;4;1;1
536561079;155 739 496;B01;2;7;0;2;1;2;1
536561080;155 739 491;A01;2;37;0;1;1;1;1
536561081;155 739 489;A01;1;7;15;0;1;1;1
536561082;155 739 488;A01;2;7;0;1;1;1;1
536561083;155 739 487;A01;1;7;0;0;9;1;1
536561084;155 739 486;A01;2;30;0;2;1;9;1
536561084;155 739 490;B01;2;7;0;2;2;1;1
536561085;155 739 481;A01;2;50;0;2;1;5;3
536561085;155 739 484;B01;1;7;0;2;6;1;1
536561086;155 739 478;A01;2;7;0;2;3;1;1
536561086;155 739 483;B01;1;10;0;2;3;13;1
536561087;155 739 477;A01;2;7;0;2;7;1;2
536561087;155 739 479;B01;2;7;0;2;1;1;1
536561088;155 739 476;A01;1;7;0;1;1;1;1
536561089;155 739 472;A01;3;7;0;9;3;1;1
536561089;155 739 474;B01;3;1;0;0;3;1;5
536561090;155 739 470;C01;2;7;0;2;4;2;1
536561090;155 739 473;A01;2;7;0;2;1;2;1
536561090;155 739 475;B01;2;7;0;2;4;2;1
536561091;155 739 471;A01;1;10;0;1;0;26;1
536561092;155 739 468;B01;3;7;0;2;1;1;1
536561092;155 739 469;A01;3;7;0;2;3;15;1
536561093;155 739 466;A01;2;33;0;2;3;14;1
536561093;155 739 467;B01;1;7;0;2;3;21;1
536561094;155 739 464;A01;2;33;16;0;0;1;1