Num_Acc;id_vehicule;num_veh;senc;catv;obs;obsm;choc;manv;motor
536561095;155 739 463;A01;3;7;0;2;2;17;1
536561095;155 739 465;B01;3;7;0;2;3;2;1
536561096;155 739 462;A01;1;1;0;1;1;1;5
536561097;155 739 460;A01;1;1;0;0;1;1;5
536561098;155 739 459;B01;1;7;0;2;1;0;1
536561098;155 739 461;A01;0;7;0;2;1;15;1
536561099;155 739 455;C01;2;7;0;2;8;1;1
536561099;155 739 456;A01;1;7;0;2;2;15;1
536561099;155 739 458;B01;2;7;0;2;2;1;1
536561100;155 739 454;B01;3;30;0;2;1;1;1
536561100;155 739 457;A01;3;10;0;2;2;15;1
536561101;155 739 452;A01;3;7;0;1;4;4;1
536561102;155 739 451;A01;1;7;0;2;3;9;2
536561102;155 739 453;B01;1;7;0;2;1;2;1
536561103;155 739 447;B01;1;1;1;0;1;1;5
536561103;155 739 449;A01;1;10;0;2;3;24;1
536561104;155 739 446;A01;2;7;0;2;1;13;1
536561104;155 739 448;B01;1;7;0;2;1;1;1
536561105;155 739 445;B01;2;1;0;2;8;1;5
536561105;155 739 450;A01;2;7;0;2;2;16;1
536561106;155 739 444;A01;2;2;0;0;0;26;1
536561107;155 739 443;A01;2;7;1;0;2;1;1
536561108;155 739 439;A01;0;7;0;2;3;9;1
536561108;155 739 442;B01;0;2;0;2;1;15;1
536561109;155 739 436;A01;3;31;0;2;1;19;1
536561109;155 739 440;B01;1;7;0;2;7;1;1
536561110;155 739 434;A01;2;7;0;2;3;17;1
536561110;155 739 437;B01;2;7;0;2;3;15;1
536561111;155 739 433;B01;2;2;0;2;1;1;1
536561111;155 739 435;A01;1;7;0;2;3;15;1
536561112;155 739 432;A01;2;7;6;0;3;13;1
536561113;155 739 430;A01;1;1;0;2;8;1;5
536561113;155 739 431;B01;2;7;0;2;2;1;1
536561114;155 739 426;A01;1;31;0;2;8;11;1
536561114;155 739 429;B01;1;10;0;2;2;1;1
536561115;155 739 425;B01;1;7;0;2;1;1;1
536561115;155 739 427;A01;2;7;0;2;2;15;2
536561116;155 739 424;A01;3;33;0;0;1;1;1
536561117;155 739 423;A01;1;7;0;2;2;15;1
536561117;155 739 428;B01;1;33;0;2;7;1;1
536561118;155 739 418;A01;1;7;0;1;2;1;2
536561119;155 739 419;B01;3;7;0;2;4;2;1
536561119;155 739 422;A01;3;7;0;2;1;2;1
536561120;155 739 416;B01;2;7;0;2;1;2;1
536561120;155 739 421;A01;2;7;0;2;4;1;1
536561121;155 739 417;A01;2;7;0;2;3;15;1
536561121;155 739 420;B01;2;33;0;2;1;1;1
536561122;155 739 414;A01;2;7;0;1;1;1;1
536561123;155 739 415;A01;2;50;0;1;3;17;3
536561124;155 739 410;A01;1;7;0;0;4;2;1
536561124;155 739 411;B01;1;7;0;0;1;2;1
536561124;155 739 413;C01;1;10;0;0;0;17;1
536561125;155 739 409;A01;1;7;0;2;4;2;1
536561125;155 739 412;B01;1;7;0;2;1;2;1
536561126;155 739 408;A01;1;7;4;0;3;1;1
536561127;155 739 407;A01;1;50;0;1;4;1;3
536561128;155 739 405;A01;3;7;13;0;7;1;1
536561129;155 739 399;A01;2;7;0;1;2;1;1
536561130;155 739 401;A01;3;50;0;1;1;25;3
536561131;155 739 400;A01;2;14;0;2;2;19;1
536561131;155 739 403;C01;2;14;0;2;3;23;1
536561131;155 739 404;B01;1;10;0;2;5;1;1
536561132;155 739 397;A01;2;7;0;2;4;11;1
536561132;155 739 398;B01;2;7;0;2;8;1;1
536561132;155 739 402;C01;2;7;0;2;4;1;1
536561132;155 739 406;D01;2;10;0;2;2;1;1
536561133;155 739 396;A01;3;50;0;0;0;1;3
536561134;155 739 392;A01;3;2;0;2;1;1;1
536561134;155 739 394;B01;3;2;0;2;1;1;1
536561135;155 739 393;B01;1;7;0;2;4;23;1
536561135;155 739 395;A01;1;33;0;2;1;26;1
536561136;155 739 390;A01;2;7;0;2;1;2;1
536561136;155 739 391;B01;2;7;4;2;4;2;2
536561137;155 739 386;A01;3;7;0;2;3;9;1
536561137;155 739 389;B01;2;37;0;2;2;1;2
536561138;155 739 384;A01;1;7;0;2;1;15;1
536561138;155 739 387;B01;2;7;0;2;1;1;1
536561139;155 739 382;B01;2;7;0;2;1;2;1
536561139;155 739 383;A01;2;7;0;2;4;23;1
536561140;155 739 378;A01;3;10;0;2;3;9;1
536561140;155 739 381;B01;3;1;0;2;7;1;5
536561141;155 739 377;A01;1;33;0;0;1;1;1
536561142;155 739 376;A01;1;7;13;0;1;1;1
536561143;155 739 374;A01;1;7;0;2;0;17;1
536561143;155 739 375;B01;1;7;6;1;0;14;1
536561144;155 739 372;A01;2;7;3;0;1;14;1
536561145;155 739 373;A01;1;10;0;1;4;4;1
536561146;155 739 369;A01;1;7;4;2;0;1;1
536561147;155 739 368;B01;3;80;0;2;0;0;3
536561147;155 739 370;A01;3;7;0;2;3;9;1
536561148;155 739 367;B01;1;7;0;0;4;11;1
536561148;155 739 371;A01;1;13;0;2;1;1;1
536561149;155 739 366;A01;1;50;0;1;1;1;3
536561150;155 739 360;B01;3;1;0;2;1;25;5
536561150;155 739 364;A01;3;50;0;2;3;25;3
536561151;155 739 359;A01;1;7;0;2;1;3;1
536561151;155 739 362;B01;1;7;0;2;4;2;2
536561151;155 739 365;C01;1;7;0;2;4;2;1
536561152;155 739 361;A01;2;1;0;2;1;17;5
536561152;155 739 363;B01;1;50;0;2;1;1;3
536561153;155 739 358;A01;1;7;4;0;9;0;1
536561154;155 739 356;B01;1;7;0;2;1;26;1
536561154;155 739 357;A01;0;7;0;2;1;17;1
536561155;155 739 355;Z01;2;10;0;1;1;1;1
536561156;155 739 352;A01;2;7;0;2;1;12;1
536561156;155 739 354;B01;2;7;0;2;6;1;2
536561157;155 739 348;A01;2;7;0;2;1;15;1
536561157;155 739 350;B01;1;2;0;2;8;1;3
536561158;155 739 346;B01;1;7;0;2;4;1;1
536561158;155 739 347;A01;1;7;0;2;1;1;1
536561159;155 739 345;A01;3;1;0;0;0;1;5
536561160;155 739 344;A01;1;7;0;1;2;16;1
536561161;155 739 342;A01;1;30;15;0;1;14;1
536561162;155 739 341;A01;1;7;0;2;3;11;2
536561162;155 739 343;B01;1;50;0;2;1;5;3
536561163;155 739 337;B01;1;7;3;2;7;2;1
536561163;155 739 340;A01;1;7;0;2;4;2;1
536561164;155 739 338;B01;1;7;0;2;1;1;1
536561164;155 739 339;A01;2;7;0;2;2;15;1
536561165;155 739 332;A01;2;10;4;2;2;17;1
536561165;155 739 336;B01;2;37;0;0;6;1;1
536561166;155 739 333;A01;1;10;0;2;1;15;1
536561166;155 739 335;B01;2;2;0;2;2;0;1
536561167;155 739 330;A01;2;34;0;2;1;2;1
536561167;155 739 334;B01;2;37;0;2;6;1;1
536561168;155 739 327;A01;1;7;4;0;3;1;1
536561169;155 739 325;A01;1;33;0;2;1;1;0
536561169;155 739 328;B01;1;7;0;2;4;23;1
536561170;155 739 324;A01;3;33;0;2;3;1;1
536561170;155 739 326;B01;3;7;0;2;3;1;2
536561171;155 739 321;A01;3;15;0;2;3;1;1
536561171;155 739 323;B01;3;10;0;2;2;1;1
536561172;155 739 318;A01;1;7;0;2;3;0;1
536561172;155 739 322;B01;1;15;0;2;5;1;1
536561173;155 739 317;A01;1;7;0;2;0;0;1
536561173;155 739 320;B01;1;7;0;2;0;0;1
536561174;155 739 315;A01;1;7;0;2;6;21;1
536561174;155 739 319;B01;1;7;0;2;2;1;1
536561175;155 739 311;A01;1;10;0;2;3;13;1
536561175;155 739 313;B01;3;31;0;2;1;2;1
536561176;155 739 310;A01;2;33;0;0;0;2;1
536561177;155 739 309;A01;2;7;0;2;8;1;0
536561177;155 739 314;B01;0;7;0;2;0;26;0
536561178;155 739 307;B01;0;50;1;0;0;0;3
536561178;155 739 308;C01;0;10;0;2;4;23;1
536561179;155 739 306;A01;1;7;1;0;2;1;2
536561180;155 739 305;A01;3;7;0;1;7;16;1
536561181;155 739 303;A01;2;7;0;2;7;15;1
536561181;155 739 304;B01;1;33;0;2;1;1;1
536561182;155 739 300;A01;1;7;0;2;3;1;1
536561183;155 739 298;A01;2;7;0;1;3;1;1
536561184;155 739 301;B01;2;2;0;2;1;1;1
536561184;155 739 302;A01;1;7;0;2;3;15;1
536561185;155 739 297;A01;1;7;0;2;2;2;1
536561185;155 739 299;B01;1;7;0;2;6;2;1
536561186;155 739 295;A01;0;7;1;1;1;19;1
536561187;155 739 293;A01;3;7;0;2;1;15;1
536561187;155 739 296;B01;3;33;0;2;1;3;1
536561188;155 739 290;A01;1;7;0;2;1;13;1
536561188;155 739 292;B01;2;15;0;2;3;1;1
536561189;155 739 291;A01;1;7;0;2;3;13;1
536561189;155 739 294;B01;2;7;0;2;1;1;1
536561190;155 739 287;C01;1;7;0;9;2;23;1
536561190;155 739 288;A01;3;33;0;2;0;3;1
536561190;155 739 289;B01;1;10;0;2;8;23;1
536561191;155 739 285;A01;1;10;0;1;3;1;1
536561192;155 739 284;A01;2;7;0;2;1;1;1
536561192;155 739 286;B01;3;33;0;2;1;1;1
536561193;155 739 282;A01;1;50;0;2;1;25;3
536561193;155 739 283;B01;1;10;0;9;3;9;1
536561194;155 739 280;A01;2;10;13;0;0;14;1
536561195;155 739 279;A01;1;7;0;2;1;1;1
536561195;155 739 281;B01;1;7;0;2;4;1;1
536561196;155 739 274;B01;1;7;0;2;3;1;1
536561196;155 739 276;A01;1;33;0;2;5;17;1
536561197;155 739 273;A01;1;38;0;2;5;11;1
536561197;155 739 277;B01;1;30;0;2;8;0;1
536561197;155 739 278;C01;1;7;0;2;6;15;1
536561198;155 739 275;A01;3;7;0;1;1;15;1
536561199;155 739 271;A01;3;39;0;1;2;1;3
536561200;155 739 269;A01;3;7;0;2;2;15;1
536561200;155 739 272;B01;1;50;0;2;1;1;3
536561201;155 739 265;B01;1;43;0;2;7;3;1
536561201;155 739 267;A01;1;7;0;2;8;13;1
536561202;155 739 264;B01;2;7;0;2;1;1;3
536561202;155 739 268;C01;2;7;0;2;2;1;1
536561202;155 739 270;A01;1;7;0;2;1;13;1
536561203;155 739 263;A01;1;33;0;2;7;1;1
536561203;155 739 266;B01;3;60;0;2;1;1;5
536561204;155 739 261;B01;1;33;0;2;7;2;1
536561204;155 739 262;A01;1;33;0;2;1;2;1
536561205;155 739 260;A01;3;7;0;1;3;1;2
536561206;155 739 258;A01;2;30;14;0;2;1;1
536561207;155 739 259;A01;2;31;0;1;1;5;1
536561208;155 739 257;A01;1;7;0;1;2;1;1
536561209;155 739 255;A01;3;37;0;1;2;1;2
536561210;155 739 254;A01;1;7;8;0;3;18;1
536561210;155 739 256;B01;1;7;0;0;1;1;1
536561211;155 739 252;A01;1;7;0;9;1;1;1
536561211;155 739 253;B01;1;1;0;2;1;5;5
536561212;155 739 251;A01;1;41;0;1;5;1;1
536561213;155 739 250;A01;2;2;0;0;7;1;1
536561214;155 739 249;A01;2;7;5;0;1;1;1
536561215;155 739 246;A01;2;14;0;1;3;1;1
536561216;155 739 245;A01;0;7;0;2;1;1;1
536561216;155 739 247;B01;0;10;0;2;6;1;1
536561216;155 739 248;C01;0;7;0;2;3;1;2
536561217;155 739 243;B01;2;10;0;2;1;1;1
536561217;155 739 244;A01;1;7;0;2;1;17;1
536561218;155 739 241;A01;1;50;0;2;1;1;3
536561219;155 739 240;A01;2;7;0;2;1;9;1
536561219;155 739 242;B01;1;31;0;2;7;1;1
536561220;155 739 238;A01;1;7;0;2;2;26;1
536561220;155 739 239;B01;1;33;0;2;8;1;1
536561221;155 739 237;A01;3;1;0;1;1;2;5
536561222;155 739 235;B01;2;32;0;0;1;21;1
536561223;155 739 232;B01;2;10;0;2;4;23;1
536561223;155 739 234;D01;2;7;0;2;3;23;1
536561223;155 739 236;A01;2;7;1;1;1;1;1
536561224;155 739 233;A01;3;10;0;1;7;14;1
536561225;155 739 230;A01;3;33;6;0;1;1;1
536561226;155 739 229;A01;0;7;0;1;1;1;1
536561227;155 739 228;B01;1;80;0;2;8;0;3
536561227;155 739 231;A01;1;10;0;2;7;19;1
536561228;155 739 227;A01;3;1;8;0;1;1;5
536561229;155 739 224;A01;1;7;0;2;3;10;1
536561229;155 739 226;B01;1;7;0;2;2;1;1
536561230;155 739 223;A01;1;31;0;2;3;3;3
536561230;155 739 225;B01;2;7;0;2;3;15;3
536561231;155 739 221;A01;2;7;0;2;3;13;1
536561231;155 739 222;B01;1;7;0;2;3;1;1
536561232;155 739 220;A01;1;7;2;0;1;1;1
536561233;155 739 219;A01;2;7;0;1;2;5;2
536561234;155 739 216;B01;2;7;0;2;4;2;1
536561234;155 739 218;A01;2;7;0;2;1;2;1
536561235;155 739 217;A01;1;30;0;0;7;1;3
536561236;155 739 213;B01;2;31;0;2;3;1;1
536561236;155 739 215;A01;2;7;0;2;1;1;1
536561237;155 739 211;B01;2;7;0;2;4;0;1
536561237;155 739 214;A01;2;7;0;2;1;1;1
536561238;155 739 212;A01;1;7;6;0;1;1;1
536561239;155 739 210;A01;1;10;3;0;1;26;1
536561240;155 739 209;A01;1;1;0;1;2;16;5
536561241;155 739 204;A01;1;34;0;2;3;13;1
536561241;155 739 207;B01;1;7;0;2;5;1;0
536561242;155 739 205;A01;0;7;9;2;2;6;1
536561242;155 739 208;B01;0;7;6;2;8;1;1
536561243;155 739 203;B01;0;7;0;2;6;13;0
536561243;155 739 206;A01;0;1;0;2;2;1;5
536561244;155 739 202;A01;1;7;4;0;1;1;1
536561245;155 739 197;A01;2;7;0;2;0;1;1
536561245;155 739 200;Z01;2;7;0;2;0;0;0
536561246;155 739 198;B01;3;2;0;2;1;5;1
536561246;155 739 201;A01;3;7;0;2;2;1;1
536561247;155 739 194;B01;2;10;0;2;3;1;1
536561247;155 739 195;A01;1;7;0;2;3;13;1
536561248;155 739 192;A01;2;7;8;0;3;14;1
536561249;155 739 191;A01;3;7;0;0;4;1;1
536561249;155 739 193;B01;0;2;0;2;1;1;1
536561250;155 739 189;A01;1;33;0;2;6;2;1
536561250;155 739 190;B01;1;7;0;2;6;9;1
536561251;155 739 188;A01;2;7;8;0;2;14;1
536561252;155 739 185;A01;2;10;2;0;1;13;1
536561253;155 739 184;A01;1;10;0;2;3;1;1
536561253;155 739 187;B01;1;7;0;2;2;1;1
536561254;155 739 183;A01;2;50;0;2;2;19;3
536561254;155 739 186;B01;2;7;0;2;8;1;1
536561255;155 739 182;A01;1;33;0;0;0;0;1
536561256;155 739 180;A01;0;10;0;1;3;15;1
536561257;155 739 179;A01;0;7;6;0;3;1;1
536561258;155 739 176;B01;0;7;0;9;3;19;1
536561258;155 739 178;A01;0;50;0;2;1;2;3
536561259;155 739 175;A01;1;7;0;2;1;1;1
536561259;155 739 177;B01;1;7;0;2;4;23;1
536561260;155 739 174;A01;3;33;0;0;7;14;1
536561261;155 739 171;B01;2;7;0;2;3;1;1
536561261;155 739 173;A01;1;7;0;2;3;1;1
536561262;155 739 169;B01;1;1;0;2;1;1;5
536561262;155 739 172;A01;1;7;0;2;2;15;1
536561263;155 739 168;B01;1;7;0;2;1;1;3
536561263;155 739 170;A01;1;10;0;0;6;1;1
536561264;155 739 167;A01;1;7;0;1;1;26;1
536561265;155 739 164;B01;3;1;0;0;0;0;5
536561265;155 739 166;A01;1;7;0;2;1;16;1
536561266;155 739 163;A01;1;30;0;0;8;12;1
536561267;155 739 160;B01;1;2;0;2;8;9;0
536561267;155 739 162;A01;1;7;0;2;1;0;1
536561268;155 739 159;A01;1;7;0;1;2;2;1
536561269;155 739 158;B01;1;7;0;2;1;1;1
536561269;155 739 161;A01;2;7;0;2;7;1;1
536561270;155 739 155;A01;3;7;1;0;1;26;1
536561271;155 739 156;A01;2;31;0;1;1;21;1
536561272;155 739 154;A01;0;7;0;2;1;0;1
536561272;155 739 157;B01;0;31;0;2;4;0;1
536561273;155 739 153;A01;2;10;13;0;2;1;1
536561274;155 739 152;A01;1;32;0;0;1;1;1
536561275;155 739 150;A01;1;34;1;2;1;0;1
536561275;155 739 151;B01;1;32;0;2;1;0;1
536561276;155 739 149;A01;2;7;0;1;1;1;1
536561277;155 739 147;B01;2;34;0;2;3;1;1
536561277;155 739 148;A01;2;7;0;2;5;16;1
536561278;155 739 145;A01;2;7;0;2;1;1;1
536561278;155 739 146;B01;1;7;0;2;1;23;2
536561279;155 739 143;A01;1;7;0;2;3;15;1
536561279;155 739 144;B01;2;33;0;2;3;1;1
536561280;155 739 140;A01;2;10;0;2;1;13;1
536561280;155 739 142;B01;1;7;0;2;1;1;1
536561281;155 739 139;A01;2;2;0;2;1;15;1
536561281;155 739 141;B01;1;7;0;0;5;1;1
536561282;155 739 138;A01;1;33;0;0;8;16;1
536561283;155 739 137;A01;1;7;0;1;2;1;1
536561284;155 739 135;A01;1;7;0;0;0;13;1
536561285;155 739 134;B01;1;80;0;2;8;16;3
536561285;155 739 136;A01;1;7;0;2;5;16;2
536561286;155 739 133;A01;1;7;14;0;1;1;1
536561287;155 739 130;B01;2;15;0;2;6;1;1
536561287;155 739 132;A01;2;7;0;2;2;17;1
536561288;155 739 128;A01;1;7;14;0;1;1;1
536561288;155 739 129;B01;1;7;0;2;4;1;1
536561288;155 739 131;C01;1;7;0;2;4;1;1
536561289;155 739 124;A01;3;31;12;0;2;1;1
536561290;155 739 121;A01;0;32;0;0;0;1;1
536561291;155 739 120;A01;1;7;0;2;1;13;1
536561291;155 739 123;B01;2;7;0;2;1;1;1
536561292;155 739 119;B01;1;15;0;2;2;1;1
536561292;155 739 122;A01;2;7;0;2;3;0;1
536561293;155 739 116;A01;2;7;0;1;3;1;1
536561294;155 739 115;A01;1;7;0;2;3;1;0
536561294;155 739 118;B01;1;32;0;2;1;13;0
536561295;155 739 114;B01;1;1;0;2;8;2;5
536561295;155 739 117;A01;1;7;0;2;7;2;1
536561296;155 739 111;A01;1;50;0;2;7;2;3
536561296;155 739 113;X01;0;7;0;2;8;10;0
536561297;155 739 110;A01;2;33;14;0;8;13;1
536561298;155 739 109;A01;2;15;0;0;4;23;1
536561298;155 739 112;B01;2;14;1;0;1;2;1
536561299;155 739 106;A01;1;10;0;1;1;1;1
536561300;155 739 108;A01;1;7;0;1;1;26;1
536561301;155 739 103;A01;1;7;0;2;3;17;1
536561301;155 739 105;B01;1;33;0;2;5;17;1
536561302;155 739 102;A01;1;7;0;2;3;1;1
536561302;155 739 107;B01;3;7;0;2;2;1;1
536561303;155 739 101;A01;3;31;0;2;1;1;1
536561303;155 739 104;B01;3;7;0;2;6;1;1
536561304;155 739 100;A01;2;33;13;0;8;1;1
536561305;155 739 099;A01;1;7;7;0;1;1;1
536561306;155 739 095;A01;1;2;0;2;1;1;1
536561306;155 739 097;B01;1;7;0;2;3;26;1
536561307;155 739 094;A01;1;10;0;2;2;17;1
536561307;155 739 098;B01;1;17;0;0;6;1;1
536561308;155 739 092;A01;2;7;0;2;2;1;1
536561308;155 739 096;B01;3;7;0;2;3;19;1
536561309;155 739 091;B01;1;7;0;2;1;2;1
536561309;155 739 093;A01;1;2;0;0;4;1;1
536561310;155 739 090;A01;1;2;6;0;1;1;1
536561311;155 739 089;A01;3;7;6;0;1;15;1
536561312;155 739 088;A01;2;7;0;0;0;9;1
536561313;155 739 087;A01;2;7;0;1;2;1;1
536561314;155 739 086;A01;3;2;0;0;0;26;0
536561315;155 739 084;A01;1;7;0;2;5;15;1
536561315;155 739 085;B01;1;33;0;2;1;1;1
536561316;155 739 080;A01;2;7;0;2;1;13;1
536561316;155 739 082;B01;1;7;0;2;1;1;1
536561317;155 739 079;A01;1;7;0;6;1;0;0
536561318;155 739 078;C01;1;7;0;2;7;1;1
536561318;155 739 081;A01;2;7;8;2;1;1;1
536561318;155 739 083;B01;1;10;0;2;1;5;1
536561319;155 739 077;A01;0;7;0;1;4;4;1
536561320;155 739 076;A01;2;7;2;0;1;1;1
536561321;155 739 074;A01;1;80;0;2;1;1;3
536561321;155 739 075;B01;2;7;0;9;3;1;1
536561322;155 739 072;A01;1;7;2;0;2;1;1
536561323;155 739 068;A01;2;7;0;1;1;1;1
536561324;155 739 067;A01;1;7;0;2;1;17;1
536561324;155 739 069;B01;2;7;0;2;1;1;1
536561324;155 739 070;C01;1;7;0;2;1;1;1
536561324;155 739 073;D01;1;7;0;2;1;1;1
536561325;155 739 065;B01;1;7;0;2;3;1;1
536561325;155 739 071;A01;2;7;0;2;6;1;1
536561326;155 739 064;A01;1;2;0;2;8;1;1
536561326;155 739 066;B01;3;7;0;2;2;19;1
536561327;155 739 060;A01;2;13;0;2;3;13;1
536561327;155 739 062;B01;1;10;0;2;3;13;1
536561328;155 739 059;A01;1;7;0;2;5;1;1
536561328;155 739 061;B01;3;50;0;2;1;25;3
536561329;155 739 058;A01;2;33;6;0;2;1;1
536561330;155 739 056;A01;1;1;0;0;8;1;5
536561331;155 739 054;A01;3;7;0;1;2;1;1
536561332;155 739 053;C01;1;7;0;2;1;1;1
536561332;155 739 055;B01;2;7;0;2;8;13;1
536561332;155 739 057;A01;2;7;0;0;6;1;1
536561333;155 739 052;A01;1;7;6;0;1;13;1
536561334;155 739 051;A01;3;2;0;0;7;0;1
536561335;155 739 049;A01;1;7;2;0;1;1;1
536561336;155 739 047;B01;1;10;0;2;3;1;1
536561336;155 739 050;A01;2;2;0;2;1;1;1
536561337;155 739 044;A01;1;50;0;2;3;1;3
536561337;155 739 046;B01;2;7;0;2;3;16;1
536561338;155 739 045;A01;2;37;0;2;7;16;1
536561338;155 739 048;B01;2;50;0;2;8;18;3
536561339;155 739 043;A01;1;7;13;0;1;13;1
536561340;155 739 037;A01;1;7;8;0;1;11;1
536561341;155 739 040;A01;2;33;0;2;1;17;1
536561341;155 739 042;B01;2;99;0;2;3;15;1
536561342;155 739 036;A01;1;33;0;2;1;17;1
536561342;155 739 039;B01;1;7;0;0;6;15;2
536561343;155 739 034;A01;1;10;3;0;3;5;1
536561344;155 739 033;A01;1;7;2;0;8;1;1
536561345;155 739 032;B01;1;10;0;1;5;1;1
536561346;155 739 031;A01;2;7;0;2;4;1;1
536561346;155 739 035;B01;2;7;0;2;1;1;1
536561347;155 739 029;A01;2;7;8;0;2;14;1
536561348;155 739 027;A01;1;1;0;2;8;2;5
536561348;155 739 030;B01;1;17;0;2;7;2;1
536561349;155 739 026;A01;1;7;0;2;3;26;1
536561349;155 739 028;B01;1;7;0;2;1;13;1
536561350;155 739 025;A01;2;7;4;0;1;1;1
536561351;155 739 024;A01;1;10;0;0;1;1;1
536561352;155 739 019;B01;3;1;0;2;1;5;5
536561352;155 739 021;C01;3;1;0;2;1;5;5
536561352;155 739 023;A01;3;7;0;2;2;1;1
536561353;155 739 017;C01;2;7;0;2;2;1;1
536561353;155 739 020;A01;2;10;0;2;1;12;1
536561353;155 739 022;B01;2;7;0;2;1;1;0
536561354;155 739 015;A01;0;7;0;2;3;0;0
536561354;155 739 018;B01;0;7;0;2;0;0;1
536561355;155 739 013;A01;1;10;0;2;7;1;1
536561355;155 739 016;B01;1;7;0;2;3;1;1
536561356;155 739 011;A01;0;50;0;2;1;1;3
536561356;155 739 014;B01;0;10;0;2;2;1;1
536561357;155 739 009;A01;3;2;0;1;1;2;1
536561358;155 739 010;A01;3;30;0;2;1;17;1
536561358;155 739 012;B01;3;7;0;2;3;15;1
536561359;155 739 008;A01;2;7;0;1;1;1;1
536561360;155 739 006;B01;2;1;0;2;1;1;5
536561360;155 739 007;A01;1;7;0;9;3;1;2
536561361;155 739 004;A01;1;7;0;2;2;1;1
536561361;155 739 005;B01;1;7;0;2;3;1;1
536561362;155 739 000;B01;1;2;0;0;8;17;1
536561362;155 739 002;A01;1;0;0;0;2;13;0
536561363;155 738 999;A01;1;7;4;0;1;1;1
536561364;155 739 001;A01;1;7;0;2;1;1;1
536561364;155 739 003;B01;2;7;8;2;7;15;1
536561365;155 738 997;A01;1;1;0;1;1;5;5
536561366;155 738 996;A01;3;33;0;2;1;2;1
536561366;155 738 998;B01;3;7;0;0;4;2;1
536561367;155 738 991;B01;2;1;0;0;1;1;5
536561367;155 738 994;A01;1;7;0;0;3;17;1
536561368;155 738 990;A01;2;7;0;2;3;1;1
536561368;155 738 993;B01;1;7;0;2;3;1;1
536561369;155 738 989;B01;3;1;0;2;1;1;5
536561369;155 738 992;C01;3;1;0;2;1;1;5
536561369;155 738 995;A01;3;1;0;2;6;13;5
536561370;155 738 988;A01;1;7;8;0;2;1;1
536561371;155 738 987;A01;1;7;3;0;0;0;1
536561372;155 738 985;A01;0;43;0;2;3;1;1
536561372;155 738 986;B01;0;7;0;2;0;1;3
536561373;155 738 982;A01;3;7;0;2;3;1;0
536561373;155 738 984;B01;0;7;0;2;1;1;1
536561374;155 738 983;A01;1;17;0;1;3;2;1
536561375;155 738 980;A01;2;30;0;2;1;13;1
536561375;155 738 981;B01;2;7;0;2;5;23;1
536561376;155 738 978;B01;1;7;0;0;2;13;1
536561376;155 738 979;A01;2;10;0;0;1;1;1
536561377;155 738 977;A01;0;7;0;1;2;1;0
536561378;155 738 976;A01;1;1;0;1;1;26;5
536561379;155 738 975;A01;1;2;6;0;2;1;1
536561380;155 738 973;A01;1;15;0;2;3;13;1
536561380;155 738 974;B01;2;10;0;2;3;1;1
536561381;155 738 971;A01;2;33;0;0;0;1;1
536561382;155 738 972;Z01;1;1;0;1;2;12;5
536561383;155 738 970;A01;1;7;0;0;9;2;1
536561384;155 738 968;A01;2;2;0;2;1;1;1
536561384;155 738 969;B01;2;7;0;2;4;23;2
536561385;155 738 967;A01;1;7;0;1;3;1;1
536561386;155 738 966;A01;2;7;9;0;1;1;1
536561387;155 738 964;B01;1;7;0;2;3;9;1
536561387;155 738 965;A01;2;7;0;2;1;17;1
536561388;155 738 962;B01;1;7;0;2;3;26;6
536561388;155 738 963;A01;1;2;0;0;0;0;1
536561389;155 738 961;A01;2;33;0;0;3;2;1
536561390;155 738 959;B01;3;1;0;2;1;2;5
536561390;155 738 960;A01;3;7;0;2;3;15;1
536561391;155 738 957;A01;2;31;0;2;1;7;1
536561391;155 738 958;B01;2;37;0;2;8;15;1
536561392;155 738 954;A01;1;10;0;2;1;0;0
536561392;155 738 956;B01;1;99;0;2;0;0;0
536561393;155 738 952;B01;2;33;0;2;3;1;1
536561393;155 738 953;A01;2;7;0;2;2;12;2
536561394;155 738 950;B01;1;7;0;2;1;1;1
536561394;155 738 951;A01;1;7;0;2;4;1;2
536561395;155 738 949;A01;2;32;0;0;0;1;1
536561396;155 738 947;A01;2;10;16;0;1;21;1
536561397;155 738 948;A01;3;10;9;0;1;9;1
536561398;155 738 946;A01;2;7;0;0;9;2;1
536561399;155 738 944;A01;3;7;0;2;0;0;1
536561399;155 738 945;B01;3;7;0;2;0;0;1
536561400;155 738 942;A01;1;7;0;9;5;1;1
536561400;155 738 943;B01;1;1;0;2;8;0;5
536561401;155 738 941;A01;2;33;0;6;1;1;1
536561402;155 738 939;A01;1;7;0;2;1;15;1
536561402;155 738 940;B01;2;33;0;2;8;1;1
536561403;155 738 938;A01;1;33;15;0;1;13;1
536561404;155 738 937;A01;3;7;0;1;3;23;1
536561405;155 738 934;A01;2;7;0;2;1;1;1
536561405;155 738 936;B01;2;7;0;0;4;1;1
536561406;155 738 933;A01;3;7;0;2;2;15;3
536561406;155 738 935;B01;1;2;0;2;7;1;1
536561407;155 738 932;A01;1;7;2;0;1;13;1
536561408;155 738 930;A01;1;7;0;2;3;0;1
536561408;155 738 931;B01;2;7;0;2;1;0;1
536561409;155 738 929;A01;2;7;4;0;3;21;1
536561410;155 738 928;A01;3;2;0;5;1;1;0
536561411;155 738 927;A01;1;2;15;9;2;0;1
536561412;155 738 926;A01;2;7;0;0;1;13;1
536561413;155 738 924;A01;2;1;0;0;4;0;5
536561413;155 738 925;B01;2;7;0;9;1;2;0