Num_Acc;id_vehicule;num_veh;senc;catv;obs;obsm;choc;manv;motor
536561716;155 738 397;B01;1;7;0;2;1;1;1
536561716;155 738 398;A01;1;10;0;2;8;19;1
536561717;155 738 395;B01;1;17;0;2;8;1;1
536561717;155 738 396;A01;2;7;0;2;3;13;1
536561718;155 738 394;A01;2;2;12;0;7;16;1
536561719;155 738 393;A01;2;10;0;0;9;1;1
536561720;155 738 392;A01;1;7;0;0;1;1;1
536561721;155 738 391;A01;3;7;2;0;1;0;1
536561722;155 738 390;A01;2;7;0;1;6;4;1
536561723;155 738 387;B01;2;7;0;0;5;2;1
536561723;155 738 388;A01;2;33;0;2;3;2;1
536561724;155 738 386;A01;1;15;2;0;3;1;1
536561725;155 738 384;A01;1;10;0;2;1;5;1
536561725;155 738 385;B01;2;15;0;2;1;1;1
536561726;155 738 382;B01;2;17;0;0;6;1;1
536561726;155 738 383;A01;2;7;5;2;2;0;1
536561727;155 738 380;A01;1;7;0;2;1;13;1
536561727;155 738 381;B01;2;7;0;2;1;1;1
536561728;155 738 378;A01;1;7;0;2;1;1;1
536561728;155 738 379;B01;2;7;0;2;1;1;1
536561729;155 738 376;A01;1;7;13;2;7;15;1
536561729;155 738 377;B01;2;33;0;2;1;1;1
536561730;155 738 371;D01;2;7;0;2;1;2;1
536561730;155 738 372;E01;2;10;0;2;1;2;1
536561730;155 738 373;A01;2;7;4;2;4;2;1
536561730;155 738 374;B01;2;7;0;2;8;1;1
536561730;155 738 375;C01;2;7;4;2;9;2;1
536561731;155 738 370;A01;3;7;0;1;3;1;2
536561732;155 738 368;A01;1;10;0;2;1;2;1
536561732;155 738 369;B01;1;7;0;2;4;1;1
536561733;155 738 366;A01;1;13;3;0;3;2;1
536561733;155 738 367;B01;2;7;0;2;0;11;1
536561734;155 738 364;B01;1;7;0;2;1;1;1
536561734;155 738 365;A01;2;7;0;2;3;17;1
536561735;155 738 362;A01;3;7;0;0;0;15;1
536561735;155 738 363;B01;3;31;12;0;9;1;1
536561736;155 738 360;B01;1;7;0;2;7;16;1
536561736;155 738 361;A01;1;2;0;2;3;25;1
536561737;155 738 359;A01;2;7;0;1;3;1;1
536561738;155 738 358;A01;3;7;0;1;2;0;1
536561739;155 738 357;A01;2;7;13;0;3;13;1
536561740;155 738 355;B01;2;15;0;2;1;1;0
536561740;155 738 356;A01;1;7;0;2;1;0;1
536561741;155 738 353;A01;1;7;0;2;1;17;1
536561741;155 738 354;B01;2;7;0;2;1;1;1
536561742;155 738 350;A01;1;7;0;1;1;1;1
536561743;155 738 347;A01;1;7;0;2;1;2;1
536561743;155 738 348;B01;1;7;0;2;4;2;1
536561743;155 738 349;C01;1;10;0;2;4;2;1
536561744;155 738 344;B01;1;7;4;2;6;24;1
536561744;155 738 345;A01;1;7;4;2;2;14;1
536561744;155 738 346;C01;1;7;4;2;5;23;2
536561745;155 738 341;A01;2;7;0;2;4;1;1
536561745;155 738 342;B01;2;10;0;2;1;1;1
536561745;155 738 343;C01;2;10;0;2;1;2;3
536561746;155 738 339;A01;3;7;0;2;3;1;1
536561746;155 738 340;B01;3;32;0;2;2;0;1
536561747;155 738 336;B01;1;7;0;2;4;2;1
536561747;155 738 337;A01;1;7;0;2;1;2;1
536561747;155 738 338;C01;1;7;0;2;4;2;2
536561748;155 738 334;A01;2;33;0;2;8;2;1
536561748;155 738 335;Z01;2;7;0;2;0;17;0
536561749;155 738 332;B01;2;7;0;2;4;2;1
536561749;155 738 333;A01;2;33;0;2;1;1;1
536561750;155 738 331;A01;3;7;7;0;7;14;1
536561751;155 738 330;A01;2;7;3;0;2;9;1
536561752;155 738 329;A01;1;7;8;0;1;1;1
536561753;155 738 326;A01;1;7;0;2;3;9;1
536561753;155 738 327;B01;1;7;0;2;7;21;1
536561754;155 738 324;A01;3;7;0;2;1;15;1
536561754;155 738 325;B01;3;7;0;2;3;0;1
536561755;155 738 322;A01;3;33;0;2;1;1;1
536561755;155 738 323;B01;3;7;0;2;0;2;0
536561756;155 738 321;A01;2;7;0;1;1;0;1
536561757;155 738 320;A01;3;2;0;0;0;0;1
536561758;155 738 318;A01;1;7;0;2;2;2;1
536561758;155 738 319;B01;1;7;0;2;6;0;1
536561759;155 738 316;A01;2;37;0;2;7;12;1
536561759;155 738 317;B01;2;80;0;2;3;1;3
536561760;155 738 315;A01;3;7;0;1;2;26;1
536561761;155 738 314;A01;3;33;0;0;0;26;1
536561762;155 738 312;A01;1;1;0;2;7;19;5
536561762;155 738 313;B01;2;34;0;2;1;1;1
536561763;155 738 310;A01;2;7;0;9;2;16;1
536561763;155 738 311;B01;1;50;0;2;1;2;3
536561764;155 738 307;C01;1;7;0;9;6;24;1
536561764;155 738 308;A01;1;7;0;2;3;15;1
536561764;155 738 309;B01;2;30;1;2;1;1;1
536561765;155 738 305;A01;1;2;0;2;5;9;1
536561765;155 738 306;Z01;1;7;0;2;5;0;0
536561766;155 738 304;A01;3;1;0;1;0;0;5
536561767;155 738 302;B01;2;10;0;2;3;1;1
536561767;155 738 303;A01;2;7;0;2;1;1;1
536561768;155 738 300;A01;1;7;0;2;0;15;1
536561768;155 738 301;B01;2;1;0;2;0;1;5
536561769;155 738 299;A01;1;42;0;2;2;9;0
536561770;155 738 298;A01;1;7;0;1;3;1;1
536561771;155 738 295;A01;1;10;3;2;6;2;1
536561771;155 738 296;B01;1;7;3;2;2;2;1
536561771;155 738 297;C01;1;10;3;2;1;2;1
536561772;155 738 293;A01;1;7;0;2;5;16;1
536561772;155 738 294;B01;2;2;0;2;8;1;1
536561773;155 738 291;A01;2;7;12;9;2;13;1
536561773;155 738 292;B01;1;1;0;2;0;0;5
536561774;155 738 289;A01;1;7;0;2;0;15;1
536561774;155 738 290;B01;1;2;0;2;1;1;1
536561775;155 738 288;A01;1;7;0;9;3;2;1
536561776;155 738 287;A01;1;7;0;1;1;15;1
536561777;155 738 286;A01;0;50;0;0;0;0;3
536561778;155 738 284;B01;3;7;0;1;4;23;1
536561778;155 738 285;A01;3;7;0;2;1;2;1
536561779;155 738 282;A01;2;7;0;2;1;2;1
536561779;155 738 283;B01;2;7;0;2;4;1;1
536561780;155 738 280;A01;2;1;0;2;8;15;5
536561780;155 738 281;B01;1;7;0;2;1;1;1
536561781;155 738 279;A01;1;60;0;0;0;12;5
536561782;155 738 277;A01;1;7;0;2;7;13;1
536561782;155 738 278;B01;2;15;0;2;3;1;1
536561783;155 738 275;B01;1;7;0;2;1;0;1
536561783;155 738 276;A01;1;7;0;2;1;21;1
536561784;155 738 273;A01;1;10;0;2;1;13;1
536561784;155 738 274;B01;2;7;0;2;1;1;1
536561785;155 738 272;A01;2;7;0;1;3;1;1
536561786;155 738 270;A01;1;7;0;2;0;20;1
536561786;155 738 271;B01;1;32;0;2;0;21;1
536561787;155 738 268;B01;1;7;0;2;5;1;1
536561787;155 738 269;A01;1;30;0;2;1;1;1
536561788;155 738 266;A01;2;33;0;2;1;17;1
536561788;155 738 267;B01;1;7;0;2;1;23;1
536561789;155 738 264;A01;1;7;0;2;3;15;1
536561789;155 738 265;B01;1;2;0;2;1;17;1
536561790;155 738 262;B01;1;7;0;2;1;2;1
536561790;155 738 263;A01;1;7;0;1;4;23;1
536561791;155 738 260;A01;1;7;0;2;3;9;1
536561791;155 738 261;B01;2;50;0;2;7;1;3
536561792;155 738 258;B01;3;50;0;2;1;25;3
536561792;155 738 259;A01;3;7;0;2;2;9;1
536561793;155 738 256;B01;2;1;0;2;1;1;5
536561793;155 738 257;A01;1;7;0;2;2;16;1
536561794;155 738 255;A01;2;7;0;1;2;16;2
536561795;155 738 254;A01;3;10;0;1;4;4;1
536561796;155 738 253;A01;1;7;0;1;4;20;1
536561797;155 738 251;A01;2;7;0;2;3;9;1
536561797;155 738 252;B01;1;1;0;2;2;1;5
536561798;155 738 249;B01;0;7;0;2;1;17;2
536561798;155 738 250;A01;3;33;0;2;1;1;1
536561799;155 738 247;A01;1;7;0;2;1;1;1
536561799;155 738 248;B01;1;7;0;2;4;1;1
536561800;155 738 245;A01;2;30;0;2;1;2;1
536561800;155 738 246;B01;2;7;0;2;4;2;1
536561801;155 738 243;Z01;0;3;0;0;0;0;1
536561801;155 738 244;A01;3;1;0;0;0;0;5
536561802;155 738 241;B01;2;10;0;2;6;1;1
536561802;155 738 242;A01;2;7;0;2;2;12;1
536561803;155 738 240;A01;3;10;0;0;1;26;0
536561804;155 738 239;A01;3;7;0;1;1;1;1
536561805;155 738 236;B01;1;7;0;2;4;2;1
536561805;155 738 237;A01;1;7;0;2;1;1;1
536561805;155 738 238;C01;1;7;0;2;4;23;1
536561806;155 738 233;B01;3;7;0;2;1;1;1
536561806;155 738 234;A01;3;7;0;2;1;2;1
536561806;155 738 235;C01;3;10;0;2;4;23;1
536561807;155 738 231;A01;3;7;0;2;1;2;1
536561807;155 738 232;B01;3;7;0;0;4;0;1
536561808;155 738 229;B01;2;7;0;2;3;16;1
536561808;155 738 230;A01;3;50;0;2;1;5;3
536561809;155 738 227;A01;3;10;0;2;2;1;1
536561809;155 738 228;B01;3;50;0;2;0;0;3
536561810;155 738 226;A01;2;7;4;0;1;13;1
536561811;155 738 224;A01;1;14;0;2;2;16;1
536561811;155 738 225;B01;1;80;0;2;1;1;3
536561812;155 738 222;A01;3;7;0;2;1;9;1
536561812;155 738 223;B01;3;1;0;2;7;2;5
536561813;155 738 221;A01;3;7;6;0;3;1;1
536561814;155 738 219;A01;1;7;0;2;2;16;1
536561814;155 738 220;B01;1;50;2;2;1;2;3
536561815;155 738 217;A01;1;7;0;2;3;15;1
536561815;155 738 218;B01;2;32;0;2;6;0;1
536561816;155 738 216;Z01;2;7;0;1;1;1;1
536561817;155 738 214;B01;3;7;0;2;1;1;1
536561817;155 738 215;A01;3;7;0;2;1;26;1
536561818;155 738 212;A01;2;7;0;2;7;15;1
536561818;155 738 213;B01;1;31;0;2;8;1;1
536561819;155 738 211;A01;3;7;0;1;3;2;0
536561820;155 738 209;B01;1;50;0;0;0;0;3
536561820;155 738 210;A01;3;7;0;9;1;1;1
536561821;155 738 208;A01;1;7;0;1;3;15;1
536561822;155 738 207;A01;1;7;0;1;2;16;1
536561823;155 738 204;A01;1;30;0;0;1;26;1
536561824;155 738 200;C01;3;7;0;2;1;2;1
536561824;155 738 201;A01;3;7;0;2;1;2;1
536561824;155 738 202;B01;3;7;0;2;4;2;1
536561824;155 738 203;Z01;3;7;0;2;4;0;0
536561825;155 738 199;A01;2;7;0;2;7;1;3
536561826;155 738 195;C01;2;7;0;2;8;1;0
536561826;155 738 196;A01;2;7;0;2;1;0;1
536561826;155 738 197;B01;2;7;0;2;5;2;1
536561826;155 738 198;Z01;1;7;0;2;1;13;1
536561827;155 738 194;A01;0;7;0;1;2;1;1
536561828;155 738 193;A01;1;7;2;0;9;1;1
536561829;155 738 191;B01;2;2;0;0;0;0;1
536561829;155 738 192;A01;2;7;0;0;0;2;1
536561830;155 738 190;A01;3;7;0;1;3;15;1
536561831;155 738 188;B01;0;14;4;0;3;0;1
536561831;155 738 189;A01;3;10;0;0;0;0;1
536561832;155 738 186;B01;2;7;0;9;2;16;2
536561832;155 738 187;A01;1;50;0;2;1;5;3
536561834;155 738 184;A01;1;1;0;1;0;0;5
536561835;155 738 183;A01;3;31;13;0;0;0;1
536561836;155 738 182;A01;1;2;0;1;1;1;1
536561837;155 738 181;A01;1;1;1;0;3;1;5
536561838;155 738 179;A01;3;32;0;2;4;26;0
536561838;155 738 180;Z01;3;7;0;2;4;26;0
536561839;155 738 178;B01;2;7;1;0;2;2;1
536561840;155 738 177;A01;1;7;6;0;1;16;1
536561841;155 738 175;B01;1;7;0;2;4;2;1
536561841;155 738 176;A01;1;7;0;2;1;2;2
536561842;155 738 174;A01;3;7;0;1;0;0;0
536561843;155 738 172;A01;1;7;0;2;3;15;1
536561843;155 738 173;B01;1;33;0;2;8;1;1
536561844;155 738 171;A01;3;7;16;0;1;1;1
536561845;155 738 169;A01;2;7;0;2;3;15;1
536561845;155 738 170;B01;2;33;0;2;2;17;1
536561846;155 738 168;A01;3;7;0;1;3;16;1
536561847;155 738 167;A01;1;7;0;1;1;19;1
536561848;155 738 166;A01;3;30;14;0;1;26;1
536561849;155 738 164;A01;1;7;0;2;2;1;1
536561849;155 738 165;B01;1;1;0;2;1;1;5
536561850;155 738 162;B01;0;7;0;2;8;11;1
536561850;155 738 163;A01;0;33;0;2;1;17;1
536561851;155 738 160;B01;3;7;0;2;3;1;1
536561851;155 738 161;A01;3;7;0;2;1;1;2
536561852;155 738 159;A01;3;7;0;1;0;0;1
536561853;155 738 155;A01;3;7;0;2;2;1;1
536561853;155 738 156;B01;3;7;0;2;3;9;1
536561854;155 738 154;A01;3;33;0;1;7;1;1
536561855;155 738 152;B01;2;7;0;2;3;1;1
536561855;155 738 153;A01;1;10;0;2;3;15;6
536561856;155 738 150;B01;1;50;0;2;2;19;3
536561856;155 738 151;A01;1;7;0;2;2;1;1
536561857;155 738 149;A01;2;7;0;1;1;1;1
536561858;155 738 148;A01;1;7;0;1;1;1;1
536561859;155 738 146;A01;1;34;0;2;1;16;1
536561859;155 738 147;B01;2;10;0;2;5;1;1
536561860;155 738 145;A01;1;7;6;0;0;0;1
536561861;155 738 144;A01;3;7;10;0;1;1;1
536561862;155 738 143;A01;3;32;0;0;1;1;1
536561863;155 738 141;A01;1;32;0;2;1;2;1
536561863;155 738 142;B01;1;7;0;2;4;2;1
536561864;155 738 139;B01;3;33;16;0;0;0;1
536561864;155 738 140;A01;3;33;16;0;0;0;1
536561865;155 738 138;A01;1;7;8;0;1;21;1
536561866;155 738 137;A01;1;7;0;1;7;1;1
536561867;155 738 135;A01;1;7;0;0;3;11;1
536561867;155 738 136;B01;2;33;0;0;0;0;1
536561868;155 738 133;B01;1;33;0;2;8;1;1
536561868;155 738 134;A01;2;7;0;2;1;15;1
536561869;155 738 132;A01;1;7;0;1;1;1;1
536561870;155 738 131;A01;1;7;0;1;2;1;1
536561871;155 738 130;A01;3;37;0;1;7;16;1
536561872;155 738 128;A01;1;7;0;2;1;2;1
536561872;155 738 129;B01;1;7;0;2;4;1;3
536561873;155 738 127;A01;1;37;0;1;1;1;1
536561874;155 738 125;A01;1;7;0;2;3;1;1
536561874;155 738 126;B01;2;1;0;2;7;19;5
536561875;155 738 124;A01;2;7;1;0;7;6;1
536561876;155 738 123;A01;1;7;14;0;1;1;1
536561877;155 738 121;X01;1;7;0;2;0;15;0
536561877;155 738 122;B01;2;1;0;2;1;1;5
536561878;155 738 120;A01;2;7;0;1;1;1;1
536561879;155 738 119;A01;1;7;1;0;0;1;1
536561880;155 738 118;A01;1;7;0;1;2;1;1
536561881;155 738 116;A01;0;7;0;2;2;9;1
536561881;155 738 117;B01;0;1;0;2;4;9;5
536561882;155 738 114;A01;3;7;7;2;1;1;1
536561882;155 738 115;B01;3;10;0;2;6;23;1
536561883;155 738 112;A01;1;1;0;2;2;0;5
536561883;155 738 113;B01;2;1;0;2;1;15;5
536561884;155 738 110;B01;3;33;0;2;7;1;1
536561884;155 738 111;A01;1;7;0;2;1;26;1
536561885;155 738 108;A01;1;50;1;0;1;13;3
536561885;155 738 109;B01;1;10;0;2;6;23;1
536561886;155 738 106;A01;3;7;0;9;2;15;1
536561886;155 738 107;B01;3;1;0;2;1;1;5
536561887;155 738 105;A01;3;7;0;1;2;26;1
536561888;155 738 104;A01;3;33;1;0;1;13;1
536561889;155 738 102;B01;2;7;0;2;1;9;2
536561889;155 738 103;A01;1;33;0;2;0;0;1
536561890;155 738 100;A01;2;7;0;2;8;1;1
536561890;155 738 101;B01;2;7;0;0;7;12;1
536561891;155 738 099;A01;3;7;0;1;8;15;1
536561892;155 738 096;B01;2;99;0;2;8;1;1
536561892;155 738 097;Z01;1;7;0;2;3;0;1
536561893;155 738 094;Z01;2;7;0;2;8;13;0
536561893;155 738 095;B01;2;33;0;2;1;2;1
536561894;155 738 093;A01;1;7;0;1;1;1;1
536561895;155 738 091;A01;1;7;8;2;1;1;1
536561895;155 738 092;B01;1;7;0;2;6;1;2
536561896;155 738 089;B01;1;33;0;2;1;0;1
536561896;155 738 090;A01;1;7;0;2;1;15;1
536561897;155 738 088;A01;0;7;9;0;1;1;1
536561898;155 738 087;A01;1;7;6;0;2;14;1
536561899;155 738 086;A01;2;34;0;1;1;1;1
536561900;155 738 085;A01;3;7;0;1;2;1;3
536561901;155 738 084;A01;3;7;0;1;4;4;1
536561902;155 738 083;A01;3;50;0;1;7;25;3
536561903;155 738 081;A01;1;3;1;0;2;15;1
536561903;155 738 082;B01;1;7;0;9;6;24;1
536561904;155 738 079;B01;2;32;0;2;4;15;1
536561904;155 738 080;A01;2;7;0;2;1;1;1
536561905;155 738 077;B01;2;30;0;2;7;2;1
536561905;155 738 078;A01;2;7;0;0;0;0;1
536561906;155 738 076;A01;1;7;0;1;8;15;1
536561907;155 738 074;A01;1;7;13;0;1;13;1
536561908;155 738 073;A01;1;14;0;2;7;12;1
536561908;155 738 075;B01;1;7;0;2;8;1;1
536561909;155 738 072;A01;3;36;0;5;0;1;1
536561910;155 738 070;A01;1;7;0;2;1;2;1
536561910;155 738 071;B01;1;7;0;2;4;2;1
536561911;155 738 069;A01;1;7;10;0;8;1;1
536561912;155 738 067;A01;2;1;1;2;1;5;5
536561913;155 738 066;B01;0;1;0;2;1;26;5
536561913;155 738 068;A01;3;7;6;2;4;26;1
536561914;155 738 065;A01;3;80;8;0;1;26;3
536561915;155 738 064;A01;1;7;0;1;1;1;1
536561916;155 738 063;A01;1;7;0;1;1;1;1
536561917;155 738 062;A01;1;7;17;0;1;26;1
536561918;155 738 058;A01;3;33;0;2;9;17;1
536561918;155 738 060;C01;2;13;0;2;8;1;0
536561918;155 738 061;B01;3;43;0;0;4;3;1
536561919;155 738 057;A01;2;7;0;2;1;5;1
536561919;155 738 059;B01;1;7;0;2;1;1;1
536561920;155 738 056;A01;1;7;0;1;1;1;2
536561921;155 738 053;B01;1;7;0;2;1;1;1
536561921;155 738 054;A01;1;7;0;2;4;15;2
536561922;155 738 051;A01;2;33;0;2;2;26;1
536561922;155 738 052;B01;2;7;0;2;3;1;1
536561923;155 738 048;A01;2;7;0;2;2;17;2
536561923;155 738 049;B01;2;1;0;0;8;1;5
536561924;155 738 047;A01;1;7;0;2;4;2;1
536561924;155 738 050;B01;1;7;0;2;1;1;1
536561925;155 738 045;A01;1;7;0;2;3;10;1
536561925;155 738 046;B01;1;32;0;2;2;1;3
536561926;155 738 043;A01;1;10;0;2;6;23;1
536561926;155 738 044;B01;1;32;1;2;1;2;1
536561927;155 738 042;A01;1;7;0;1;1;1;2
536561928;155 738 040;A01;1;7;0;2;8;1;1
536561928;155 738 041;B01;1;7;0;2;8;1;1
536561929;155 738 038;A01;1;33;0;0;7;1;1
536561930;155 738 037;Z01;1;10;0;2;1;1;1
536561930;155 738 039;A01;1;7;0;2;6;1;1
536561931;155 738 036;A01;1;7;0;0;1;2;1
536561932;155 738 035;A01;1;10;1;0;2;1;1
536561933;155 738 032;A01;1;7;0;2;4;2;1
536561933;155 738 034;B01;1;33;0;2;1;2;1
536561934;155 738 031;Z01;1;7;0;9;1;1;0
536561934;155 738 033;A01;1;1;0;2;4;1;5
536561935;155 738 028;B01;1;33;0;2;2;1;1
536561935;155 738 030;A01;1;7;0;2;5;13;1
536561936;155 738 027;B01;2;32;0;2;4;2;3
536561936;155 738 029;A01;2;7;0;2;4;26;2
536561937;155 738 024;A01;2;33;0;2;1;11;1
536561937;155 738 025;B01;2;7;0;2;6;11;1
536561938;155 738 023;A01;3;7;0;2;3;1;2
536561938;155 738 026;B01;3;80;0;2;2;26;5
536561939;155 738 021;A01;3;32;0;1;8;1;0
536561940;155 738 019;A01;1;7;0;2;1;3;1
536561940;155 738 020;C01;1;7;0;2;8;2;1
536561940;155 738 022;B01;1;7;0;2;8;0;2
536561941;155 738 017;A01;2;10;0;2;8;15;1
536561941;155 738 018;B01;2;33;0;2;1;1;1
536561942;155 738 015;A01;2;7;0;2;1;1;1
536561942;155 738 016;B01;2;7;0;2;4;23;1
536561943;155 738 013;A01;3;80;16;2;3;11;3
536561943;155 738 014;B01;3;7;16;0;2;1;2
536561944;155 738 011;A01;2;7;0;2;1;1;1
536561944;155 738 012;B01;2;7;0;2;4;1;1
536561945;155 738 010;A01;2;50;0;0;0;1;3
536561946;155 738 007;A01;1;7;1;0;2;14;1
536561947;155 738 008;B01;2;7;0;2;4;1;1
536561947;155 738 009;A01;2;7;0;2;1;1;1
536561948;155 738 002;A01;2;7;0;2;6;11;1
536561948;155 738 004;B01;2;7;0;2;2;1;0
536561949;155 738 001;D01;1;10;0;2;5;4;1
536561949;155 738 003;A01;1;34;0;2;1;1;1
536561949;155 738 005;B01;1;33;0;2;4;23;1
536561949;155 738 006;C01;1;7;0;0;3;24;1
536561950;155 737 997;A01;3;7;0;2;2;1;0
536561950;155 738 000;B01;1;50;0;2;1;1;3
536561951;155 737 996;A01;1;33;0;2;1;3;0
536561951;155 737 998;B01;1;7;0;2;5;1;1
536561951;155 737 999;C01;1;10;0;2;3;1;1
536561952;155 737 994;B01;1;32;12;2;6;2;1
536561952;155 737 995;A01;1;7;12;2;0;0;0
536561953;155 737 992;A01;1;7;0;2;1;1;1
536561953;155 737 993;B01;1;10;0;2;4;1;1
536561954;155 737 990;A01;3;7;0;2;0;0;1
536561954;155 737 991;B01;3;7;0;2;0;0;2
536561955;155 737 988;A01;2;33;0;2;8;3;1
536561955;155 737 989;B01;2;7;0;2;2;9;1
536561956;155 737 987;A01;1;7;0;1;2;1;0
536561957;155 737 985;A01;1;7;0;2;6;11;1
536561957;155 737 986;B01;1;33;0;2;2;1;1
536561958;155 737 983;A01;1;7;0;9;8;22;1
536561958;155 737 984;B01;1;80;1;0;1;1;3
536561959;155 737 982;A01;2;7;2;0;1;0;1
536561960;155 737 979;A01;2;7;0;2;4;1;1
536561960;155 737 981;B01;2;50;0;2;1;1;3
536561961;155 737 978;A01;2;7;0;2;2;2;1
536561961;155 737 980;B01;2;7;0;2;6;2;1
536561962;155 737 975;B01;2;33;0;2;1;3;1
536561962;155 737 976;A01;2;10;0;2;5;12;1
536561963;155 737 974;A01;1;7;0;2;2;0;1
536561963;155 737 977;B01;2;1;0;2;1;1;5
536561964;155 737 972;A01;1;7;1;0;3;2;1
536561965;155 737 971;A01;2;10;0;2;1;2;1
536561965;155 737 973;B01;2;7;0;2;4;2;1
536561966;155 737 968;A01;1;32;0;2;2;1;1
536561966;155 737 970;B01;1;1;0;2;3;15;5
536561967;155 737 967;A01;2;7;0;2;3;10;3
536561967;155 737 969;B01;2;7;0;2;1;1;1
536561968;155 737 965;A01;2;7;0;1;2;1;1
536561969;155 737 964;A01;3;50;0;2;6;1;3
536561969;155 737 966;B01;3;37;0;2;6;1;1
536561970;155 737 962;A01;1;7;1;0;2;13;1
536561971;155 737 961;B01;3;2;0;2;8;1;1
536561971;155 737 963;Y01;3;2;0;2;0;0;0
536561972;155 737 958;A01;1;33;4;2;1;3;1
536561972;155 737 960;B01;1;7;0;0;0;1;1
536561973;155 737 957;A01;1;7;0;2;3;17;1
536561973;155 737 959;B01;2;7;0;2;3;26;1
536561974;155 737 954;A01;2;7;0;2;3;9;1
536561974;155 737 955;B01;1;2;0;2;7;1;1
536561975;155 737 950;A01;1;31;0;2;0;13;1
536561975;155 737 952;B01;1;7;0;2;0;15;1
536561976;155 737 949;A01;1;10;0;0;0;0;1
536561976;155 737 951;B01;1;33;0;2;3;1;1
536561977;155 737 946;A01;1;7;14;0;2;2;1
536561977;155 737 947;B01;1;32;1;0;4;23;1
536561978;155 737 945;A01;1;32;0;1;1;17;1
536561979;155 737 944;A01;1;1;0;2;1;15;5
536561979;155 737 948;B01;1;7;0;2;2;2;1
536561980;155 737 942;A01;2;7;0;2;8;1;1
536561980;155 737 943;B01;3;60;0;2;7;1;5
536561981;155 737 939;A01;1;33;0;2;8;1;1
536561981;155 737 940;B01;2;15;0;2;1;15;1
536561982;155 737 938;A01;3;2;0;0;0;15;1
536561983;155 737 941;A01;1;7;0;1;2;1;3
536561984;155 737 935;A01;2;1;0;2;1;1;5
536561984;155 737 937;B01;1;7;0;2;3;16;1
536561985;155 737 933;A01;1;10;0;2;4;1;1
536561985;155 737 934;B01;1;7;0;0;0;0;1
536561985;155 737 936;C01;1;7;0;0;1;1;1
536561986;155 737 930;A01;3;30;0;2;1;13;1
536561986;155 737 932;B01;3;7;0;2;1;1;1
536561987;155 737 929;B01;1;7;0;2;3;26;1
536561987;155 737 931;A01;1;10;0;2;1;15;1
536561988;155 737 928;A01;3;33;8;0;1;0;1
536561989;155 737 926;C01;1;7;0;2;2;0;1
536561989;155 737 927;A01;1;7;1;0;8;15;1
536561990;155 737 924;A01;2;7;0;2;1;13;1
536561990;155 737 925;B01;1;7;0;2;1;1;2
536561991;155 737 922;B01;2;30;0;2;1;16;1
536561991;155 737 923;A01;2;7;0;2;3;16;1
536561992;155 737 919;A01;2;2;0;2;1;2;1
536561992;155 737 920;B01;2;7;0;2;5;2;1
536561993;155 737 917;A01;1;7;0;2;1;1;1
536561993;155 737 918;B01;3;7;0;0;7;19;1
536561994;155 737 915;A01;1;31;0;2;1;17;3
536561994;155 737 916;B01;1;7;0;2;3;15;1
536561995;155 737 911;A01;1;7;0;2;8;15;1
536561995;155 737 912;B01;1;33;0;2;8;1;1
536561996;155 737 913;B01;2;10;0;2;1;2;1
536561996;155 737 914;A01;2;15;0;0;4;2;1
536561997;155 737 909;A01;2;7;0;2;1;2;1
536561997;155 737 910;B01;2;7;0;2;5;2;1
536561998;155 737 906;B01;3;7;0;2;3;26;3
536561998;155 737 907;A01;1;7;0;2;2;26;1
536561999;155 737 904;A01;1;38;0;2;2;2;1
536561999;155 737 905;B01;1;1;0;0;4;2;5
536562000;155 737 902;B01;1;34;0;2;3;1;1
536562000;155 737 903;A01;1;7;0;2;3;15;1
536562001;155 737 901;B01;1;38;0;2;1;1;1
536562001;155 737 908;A01;1;7;0;2;8;19;1
536562002;155 737 900;A01;3;7;0;1;1;5;1
536562003;155 737 898;A01;1;7;0;1;3;2;2
536562004;155 737 897;A01;2;7;0;2;8;9;1
536562004;155 737 899;B01;2;7;0;2;1;1;1
536562005;155 737 895;A01;3;2;0;0;9;1;1
536562006;155 737 894;A01;1;7;0;9;2;17;1
536562006;155 737 896;B01;1;50;0;2;1;15;3
536562007;155 737 892;A01;3;2;0;0;1;1;1
536562008;155 737 890;A01;1;21;0;1;1;1;1
536562009;155 737 884;B01;3;50;0;2;7;1;3
536562009;155 737 886;A01;3;7;0;2;1;16;1
536562010;155 737 885;A01;1;33;0;2;7;17;1
536562010;155 737 887;B01;1;7;0;2;3;15;1
536562011;155 737 883;A01;1;7;0;1;1;26;1
536562012;155 737 882;A01;3;7;0;1;5;4;1
536562013;155 737 880;B01;1;37;0;2;3;1;1
536562013;155 737 881;A01;1;10;0;2;5;16;1
536562014;155 737 877;A01;2;7;0;1;1;16;1
536562015;155 737 878;A01;3;7;0;2;1;1;1
536562015;155 737 879;B01;3;33;0;0;1;1;1
536562016;155 737 876;A01;0;7;0;1;1;1;1
536562017;155 737 874;A01;1;7;0;2;2;0;1
536562018;155 737 872;A01;3;7;0;1;1;17;1
536562019;155 737 870;B01;0;7;0;2;5;1;1
536562019;155 737 871;A01;0;30;0;2;1;1;1
536562020;155 737 873;B01;3;39;0;4;1;19;6
536562020;155 737 875;A01;1;7;0;4;8;1;2
536562021;155 737 868;A01;2;7;0;2;1;2;1
536562021;155 737 869;B01;2;7;0;2;4;2;1
536562022;155 737 864;A01;2;7;0;2;3;16;1
536562022;155 737 866;B01;2;7;0;2;8;15;1
536562023;155 737 862;A01;1;7;0;2;1;1;1
536562023;155 737 863;B01;2;7;0;2;8;1;1