Num_Acc;id_vehicule;num_veh;senc;catv;obs;obsm;choc;manv;motor
536562024;155 737 865;A01;2;33;0;2;1;1;1
536562024;155 737 867;B01;1;7;0;2;2;15;1
536562025;155 737 861;A01;2;7;0;1;1;15;1
536562026;155 737 858;A01;2;33;0;2;1;1;1
536562026;155 737 860;B01;1;7;0;2;2;15;1
536562027;155 737 859;A01;1;7;2;0;2;0;1
536562028;155 737 857;A01;0;7;0;1;7;0;1
536562029;155 737 853;A01;1;7;0;2;1;2;1
536562029;155 737 855;B01;1;7;15;2;4;2;1
536562030;155 737 854;B01;2;7;0;2;1;1;1
536562030;155 737 856;A01;1;7;0;2;1;13;1
536562031;155 737 852;A01;1;10;15;0;1;14;1
536562032;155 737 849;A01;2;7;0;2;3;13;1
536562032;155 737 851;B01;1;7;0;2;1;1;1
536562033;155 737 848;B01;0;1;0;2;7;1;5
536562033;155 737 850;A01;0;7;0;2;1;16;1
536562034;155 737 847;A01;3;10;2;0;1;13;1
536562035;155 737 844;A01;1;32;0;2;1;18;1
536562035;155 737 845;B01;1;10;0;2;5;15;1
536562036;155 737 842;A01;1;7;15;0;8;13;1
536562037;155 737 840;A01;3;7;0;2;1;6;1
536562037;155 737 841;B01;3;7;0;2;7;1;1
536562038;155 737 837;B01;3;50;0;0;0;16;3
536562038;155 737 839;A01;2;0;12;0;0;1;0
536562039;155 737 838;A01;1;33;0;0;7;14;1
536562040;155 737 835;A01;0;7;0;2;1;1;1
536562040;155 737 836;B01;0;7;0;2;7;1;1
536562041;155 737 832;A01;3;13;0;1;3;1;0
536562042;155 737 833;A01;2;7;0;2;7;17;1
536562042;155 737 834;B01;2;1;0;2;8;11;5
536562043;155 737 830;A01;1;7;13;0;1;0;1
536562044;155 737 828;A01;1;7;0;2;1;2;1
536562044;155 737 829;B01;1;7;0;2;9;1;1
536562044;155 737 831;C01;1;7;0;2;9;1;1
536562045;155 737 824;A01;2;50;0;0;0;1;3
536562046;155 737 825;A01;1;33;13;0;8;21;1
536562047;155 737 823;A01;1;7;0;2;3;1;1
536562047;155 737 826;B01;2;7;0;2;2;1;1
536562048;155 737 822;A01;1;33;13;0;2;1;1
536562049;155 737 820;A01;3;7;0;2;1;1;3
536562050;155 737 819;A01;1;7;0;2;3;15;1
536562050;155 737 821;B01;1;2;0;2;1;1;1
536562051;155 737 816;B01;1;2;0;2;1;15;1
536562051;155 737 818;A01;2;7;0;2;2;1;1
536562052;155 737 815;A01;1;33;11;0;1;17;1
536562053;155 737 814;A01;3;7;0;2;1;16;1
536562053;155 737 817;B01;3;7;0;2;8;1;1
536562054;155 737 811;B01;1;7;0;9;2;1;1
536562054;155 737 813;A01;3;1;0;2;1;5;5
536562055;155 737 810;B01;3;7;0;2;4;1;1
536562055;155 737 812;A01;3;7;0;2;1;2;1
536562056;155 737 809;A01;3;50;0;0;0;0;3
536562057;155 737 806;Z01;0;0;0;1;0;26;0
536562058;155 737 805;A01;2;7;0;2;1;2;1
536562058;155 737 807;B01;2;7;0;0;4;2;1
536562059;155 737 804;A01;2;10;0;1;3;1;1
536562060;155 737 803;A01;2;10;0;1;2;1;1
536562061;155 737 800;B01;0;1;0;0;5;1;5
536562061;155 737 802;A01;3;7;0;2;3;9;1
536562062;155 737 801;A01;2;7;0;0;9;0;1
536562063;155 737 798;B01;3;7;1;2;1;1;1
536562063;155 737 799;A01;3;30;1;2;1;17;1
536562064;155 737 797;A01;1;7;0;1;1;1;1
536562065;155 737 796;A01;1;7;2;0;1;1;1
536562066;155 737 795;A01;2;33;0;1;0;21;1
536562067;155 737 794;A01;1;7;0;2;2;1;0
536562068;155 737 792;A01;3;7;0;1;1;4;1
536562069;155 737 791;B01;1;43;0;2;0;0;1
536562069;155 737 793;A01;1;7;0;2;0;1;1
536562070;155 737 789;B01;2;80;0;2;8;1;3
536562070;155 737 790;A01;2;7;0;2;1;9;2
536562071;155 737 786;A01;2;1;0;2;8;16;5
536562071;155 737 788;B01;2;17;0;2;7;16;1
536562072;155 737 784;A01;1;33;0;0;8;1;1
536562072;155 737 787;B01;2;7;0;2;3;1;1
536562073;155 737 783;B01;1;10;0;2;3;13;1
536562073;155 737 785;A01;1;2;0;2;7;17;1
536562074;155 737 781;A01;3;7;0;2;1;2;1
536562074;155 737 782;B01;3;33;0;2;4;1;1
536562075;155 737 780;A01;1;2;0;0;0;1;1
536562076;155 737 779;A01;3;7;0;1;7;26;1
536562077;155 737 777;A01;1;7;12;0;7;15;1
536562078;155 737 775;A01;3;33;9;0;1;1;1
536562079;155 737 776;A01;1;7;0;2;3;1;1
536562079;155 737 778;B01;2;33;0;2;8;1;1
536562080;155 737 774;A01;2;7;0;1;1;17;2
536562081;155 737 772;A01;1;7;2;0;1;0;1
536562082;155 737 769;B01;0;33;0;2;1;0;1
536562082;155 737 771;A01;3;30;0;2;4;10;1
536562083;155 737 768;B01;1;10;0;2;3;1;1
536562083;155 737 770;C01;1;32;0;2;9;3;1
536562083;155 737 773;A01;1;7;0;2;3;1;1
536562084;155 737 765;A01;1;7;0;2;1;2;1
536562084;155 737 766;B01;1;7;0;2;4;2;1
536562085;155 737 763;B01;3;7;0;2;1;13;1
536562085;155 737 767;A01;3;7;0;2;1;0;1
536562086;155 737 760;A01;2;37;0;2;3;7;1
536562086;155 737 764;B01;2;7;0;2;7;0;0
536562087;155 737 759;B01;1;7;0;2;4;23;1
536562087;155 737 762;A01;1;10;0;2;1;2;1
536562088;155 737 758;B01;2;7;0;2;5;15;1
536562088;155 737 761;A01;2;2;0;2;1;2;1
536562089;155 737 757;A01;3;31;0;1;1;19;0
536562090;155 737 754;B01;1;50;0;2;1;1;3
536562090;155 737 756;A01;2;7;0;2;1;15;1
536562091;155 737 753;A01;2;10;1;2;1;17;1
536562091;155 737 755;B01;2;17;0;0;6;1;1
536562092;155 737 751;A01;3;7;1;0;1;13;1
536562093;155 737 750;A01;1;1;0;2;1;1;5
536562093;155 737 752;B01;1;7;0;2;3;1;3
536562094;155 737 748;A01;1;7;1;1;2;1;1
536562095;155 737 747;A01;3;7;0;2;5;1;1
536562095;155 737 749;B01;1;33;0;2;1;1;1
536562096;155 737 744;A01;2;30;0;2;7;17;1
536562096;155 737 746;B01;2;7;0;2;6;15;1
536562097;155 737 742;A01;1;7;0;2;6;11;1
536562097;155 737 745;B01;1;33;0;2;2;17;1
536562098;155 737 741;A01;1;99;0;2;0;0;1
536562098;155 737 743;B01;1;33;0;2;4;2;1
536562099;155 737 736;A01;1;7;0;2;1;1;1
536562099;155 737 740;B01;1;15;0;0;6;1;1
536562100;155 737 738;B01;2;7;0;2;1;12;2
536562100;155 737 739;A01;2;33;0;2;8;7;1
536562101;155 737 737;A01;2;7;0;1;1;1;1
536562102;155 737 733;A01;1;14;0;2;7;15;1
536562102;155 737 735;B01;2;2;0;2;1;1;1
536562103;155 737 732;B01;1;31;0;2;7;17;1
536562103;155 737 734;A01;2;7;0;2;3;13;1
536562104;155 737 730;A01;1;2;0;2;8;2;1
536562104;155 737 731;B01;1;10;0;2;5;1;1
536562105;155 737 727;A01;1;7;0;2;2;12;1
536562105;155 737 728;B01;1;32;0;2;6;1;1
536562106;155 737 726;A01;1;20;0;2;6;16;6
536562106;155 737 729;Z01;1;7;0;2;2;2;1
536562107;155 737 723;A01;1;7;0;2;2;16;1
536562107;155 737 725;B01;1;1;0;2;8;2;5
536562108;155 737 722;A01;1;7;0;2;6;9;1
536562108;155 737 724;B01;1;10;0;2;2;1;1
536562109;155 737 720;A01;1;7;0;2;3;15;1
536562109;155 737 721;B01;2;32;0;2;0;0;1
536562110;155 737 718;A01;2;7;8;0;1;0;1
536562111;155 737 717;A01;3;30;0;2;1;5;0
536562111;155 737 719;B01;3;10;0;2;1;16;0
536562112;155 737 714;A01;2;7;0;2;4;1;0
536562112;155 737 715;B01;2;7;0;2;1;2;2
536562112;155 737 716;C01;2;7;0;2;3;2;0
536562113;155 737 712;A01;3;7;6;0;1;20;1
536562114;155 737 711;A01;2;7;3;2;1;1;1
536562114;155 737 713;B01;1;7;3;2;1;5;1
536562115;155 737 709;A01;2;7;0;1;7;1;1
536562116;155 737 706;A01;1;7;0;0;5;21;1
536562116;155 737 707;B01;1;30;0;2;3;2;1
536562117;155 737 705;A01;3;7;0;2;1;1;1
536562117;155 737 708;B01;3;7;0;2;4;1;1
536562118;155 737 703;A01;1;7;0;1;2;0;1
536562119;155 737 702;B01;2;7;14;2;1;13;1
536562119;155 737 704;A01;1;7;13;2;3;9;0
536562120;155 737 701;A01;3;10;0;1;0;0;0
536562121;155 737 699;A01;2;3;13;0;2;13;1
536562122;155 737 698;A01;3;2;0;2;8;26;1
536562122;155 737 700;B01;3;21;0;2;8;26;1
536562123;155 737 696;A01;3;7;0;2;4;23;1
536562123;155 737 697;B01;3;7;0;2;1;1;1
536562124;155 737 693;B01;2;33;0;0;2;15;1
536562124;155 737 695;A01;1;34;0;0;1;15;1
536562125;155 737 691;A01;1;7;4;0;3;17;1
536562126;155 737 692;B01;3;1;0;2;0;0;5
536562126;155 737 694;A01;3;7;0;2;0;15;1
536562127;155 737 690;A01;1;33;0;1;1;13;1
536562128;155 737 685;A01;3;7;0;2;1;2;1
536562128;155 737 686;B01;1;7;0;2;4;2;1
536562129;155 737 683;A01;3;7;0;2;3;9;1
536562129;155 737 684;B01;3;33;0;2;7;1;1
536562130;155 737 681;B01;1;7;0;2;2;1;1
536562130;155 737 687;A01;1;7;0;2;3;15;1
536562131;155 737 682;A01;1;7;0;1;3;15;1
536562132;155 737 677;A01;1;10;2;0;1;1;1
536562133;155 737 679;B01;2;1;0;2;0;1;5
536562133;155 737 680;A01;2;7;0;2;3;16;1
536562134;155 737 674;B01;1;33;0;2;7;0;1
536562134;155 737 676;C01;1;10;0;2;0;1;2
536562134;155 737 678;A01;1;7;0;2;1;16;2
536562135;155 737 672;A01;3;30;0;2;3;1;1
536562135;155 737 675;B01;3;1;0;2;8;15;5
536562136;155 737 671;A01;1;7;0;2;7;19;1
536562136;155 737 673;B01;0;14;0;2;3;1;1
536562137;155 737 669;A01;1;7;0;2;2;15;2
536562137;155 737 670;B01;1;33;0;2;2;1;1
536562138;155 737 666;A01;1;7;0;2;7;16;1
536562138;155 737 667;B01;1;30;0;2;1;18;1
536562139;155 737 664;A01;3;0;0;1;1;0;0
536562140;155 737 661;A01;3;7;0;2;4;4;1
536562140;155 737 663;B01;1;7;0;2;2;1;3
536562141;155 737 660;A01;3;10;7;0;1;1;1
536562142;155 737 659;B01;2;33;0;2;1;1;1
536562142;155 737 662;A01;1;7;0;2;5;15;1
536562143;155 737 657;A01;2;31;1;2;3;7;1
536562143;155 737 658;B01;2;7;0;2;2;16;1
536562144;155 737 656;A01;1;32;16;0;2;1;1
536562145;155 737 654;A01;2;33;0;0;0;21;1
536562146;155 737 652;B01;3;7;0;2;3;1;0
536562146;155 737 655;A01;3;50;0;2;1;1;3
536562147;155 737 651;B01;1;50;0;2;3;13;3
536562147;155 737 653;A01;1;7;0;2;2;1;1
536562148;155 737 648;A01;3;33;0;2;1;1;1
536562148;155 737 650;B01;3;7;0;0;4;23;2
536562149;155 737 647;A01;3;7;13;0;7;1;1
536562150;155 737 646;Z01;1;2;0;2;1;2;0
536562150;155 737 649;A01;1;1;0;2;6;11;5
536562151;155 737 642;A01;3;7;0;2;2;1;1
536562151;155 737 644;B01;3;50;0;2;1;1;3
536562152;155 737 643;A01;1;7;0;2;1;1;1
536562152;155 737 645;B01;2;7;0;2;3;15;1
536562153;155 737 639;A01;1;7;0;2;1;13;1
536562153;155 737 640;B01;1;7;0;2;1;1;1
536562154;155 737 636;A01;2;7;0;2;5;15;1
536562154;155 737 638;B01;1;1;0;2;1;1;5
536562155;155 737 637;B01;3;1;0;2;1;13;5
536562155;155 737 641;A01;1;7;0;2;3;26;1
536562156;155 737 634;B01;1;33;0;2;1;1;1
536562156;155 737 635;A01;1;7;0;2;6;11;1
536562157;155 737 631;A01;2;50;0;2;3;1;3
536562157;155 737 633;B01;2;7;0;0;6;1;3
536562158;155 737 629;B01;1;7;0;2;2;16;1
536562158;155 737 632;A01;1;33;12;2;1;0;1
536562159;155 737 628;A01;2;33;0;2;1;1;1
536562159;155 737 630;B01;2;7;0;2;4;1;1
536562160;155 737 625;A01;3;7;0;2;5;16;1
536562160;155 737 627;B01;3;10;0;2;3;16;1
536562161;155 737 624;A01;1;7;0;2;2;10;1
536562161;155 737 626;B01;2;43;0;2;3;1;1
536562162;155 737 623;A01;1;99;15;0;1;26;0
536562163;155 737 621;A01;2;7;0;2;1;2;1
536562163;155 737 622;B01;2;7;0;2;4;1;1
536562164;155 737 617;A01;1;32;3;0;1;1;1
536562165;155 737 619;B01;2;1;1;0;5;1;5
536562165;155 737 620;A01;1;7;0;2;7;22;2
536562166;155 737 616;A01;2;7;0;2;3;19;1
536562166;155 737 618;B01;1;1;0;2;1;1;5
536562167;155 737 614;A01;1;33;0;2;8;1;1
536562167;155 737 615;B01;1;7;0;2;7;12;1
536562168;155 737 613;A01;1;33;0;1;2;1;1
536562169;155 737 609;B01;1;7;0;0;0;0;0
536562169;155 737 611;A01;1;7;0;0;0;0;0
536562169;155 737 612;C01;1;7;0;0;0;0;0
536562170;155 737 608;A01;1;13;0;2;2;12;1
536562170;155 737 610;B01;1;7;0;2;8;1;1
536562171;155 737 607;A01;3;1;0;0;0;26;5
536562172;155 737 605;A01;2;33;0;2;8;3;1
536562172;155 737 606;B01;2;7;0;2;2;1;1
536562173;155 737 601;A01;2;7;1;2;1;1;1
536562173;155 737 603;B01;2;99;0;2;5;24;1
536562174;155 737 602;A01;3;2;0;2;3;18;3
536562174;155 737 604;B01;3;7;0;2;2;16;2
536562175;155 737 600;A01;1;33;0;0;1;1;1
536562176;155 737 597;A01;1;7;0;2;8;0;1
536562176;155 737 598;B01;2;33;0;2;1;1;1
536562177;155 737 599;A01;1;30;0;1;1;1;1
536562178;155 737 594;A01;1;7;0;2;3;2;1
536562178;155 737 596;B01;1;1;0;2;5;19;5
536562179;155 737 593;A01;1;10;0;2;3;26;1
536562179;155 737 595;Z01;1;7;0;2;8;1;2
536562180;155 737 590;B01;2;37;0;2;2;8;1
536562180;155 737 592;A01;2;1;0;2;2;8;5
536562181;155 737 589;A01;2;1;0;2;6;13;5
536562181;155 737 591;B01;2;33;0;2;1;1;1
536562182;155 737 586;B01;2;7;0;2;0;9;1
536562182;155 737 588;A01;2;33;0;2;0;0;1
536562183;155 737 587;A01;3;30;0;1;1;2;3
536562184;155 737 584;A01;2;7;1;0;1;1;1
536562185;155 737 583;A01;1;7;0;2;5;15;1
536562185;155 737 585;B01;2;33;0;2;3;1;1
536562186;155 737 581;A01;2;10;0;1;2;1;1
536562187;155 737 580;Z01;1;7;0;2;8;13;1
536562187;155 737 582;B01;1;32;0;2;7;17;1
536562188;155 737 577;C01;1;7;0;2;4;23;1
536562188;155 737 578;A01;1;7;0;2;6;0;1
536562188;155 737 579;B01;1;7;0;2;1;26;1
536562189;155 737 576;A01;1;7;0;1;8;15;2
536562190;155 737 574;A01;1;7;0;2;3;13;1
536562190;155 737 575;B01;2;7;0;2;1;0;1
536562191;155 737 573;A01;1;7;0;1;4;20;1
536562192;155 737 572;A01;2;7;8;0;1;0;1
536562193;155 737 570;A01;1;7;0;2;1;15;1
536562193;155 737 571;B01;2;7;8;2;8;1;1
536562194;155 737 568;B01;2;7;0;2;3;1;1
536562194;155 737 569;A01;1;7;0;2;1;10;1
536562195;155 737 566;B01;2;33;0;2;3;1;1
536562195;155 737 567;A01;1;10;0;2;3;13;1
536562196;155 737 564;A01;2;7;0;2;3;6;1
536562196;155 737 565;B01;2;33;0;2;2;3;1
536562197;155 737 562;A01;1;7;0;2;3;1;1
536562197;155 737 563;B01;3;1;0;2;7;19;5
536562198;155 737 561;Z01;3;50;12;1;7;21;3
536562199;155 737 559;A01;2;33;0;2;1;17;1
536562199;155 737 560;B01;2;7;0;2;2;15;1
536562200;155 737 558;A01;1;7;0;1;1;19;3
536562201;155 737 556;B01;3;10;0;2;7;16;1
536562201;155 737 557;A01;3;32;0;2;8;2;1
536562202;155 737 555;A01;3;1;0;0;1;2;5
536562203;155 737 553;A01;0;33;0;2;1;0;0
536562203;155 737 554;B01;1;7;0;2;4;2;0
536562204;155 737 552;A01;1;33;0;1;1;3;1
536562205;155 737 551;A01;3;50;0;1;1;1;3
536562206;155 737 550;A01;2;7;2;0;3;14;1
536562207;155 737 548;A01;1;7;0;2;6;1;1
536562207;155 737 549;B01;1;0;0;2;0;17;0
536562208;155 737 546;A01;2;7;0;0;4;15;1
536562208;155 737 547;B01;2;10;0;2;1;1;1
536562209;155 737 545;A01;1;7;0;1;1;1;1
536562210;155 737 544;A01;2;7;0;1;7;14;1
536562211;155 737 542;A01;1;2;10;2;7;17;1
536562211;155 737 543;B01;1;7;0;2;3;15;1
536562212;155 737 540;A01;2;7;0;9;5;17;1
536562212;155 737 541;B01;2;1;0;2;8;1;5
536562213;155 737 539;A01;1;7;0;1;1;1;1
536562214;155 737 538;A01;1;7;0;1;2;1;1
536562215;155 737 536;A01;1;7;13;0;1;1;1
536562216;155 737 534;A01;1;7;0;2;4;1;1
536562216;155 737 535;B01;1;10;0;2;2;2;1
536562217;155 737 533;A01;3;7;0;2;1;15;1
536562217;155 737 537;B01;3;7;0;2;3;1;1
536562218;155 737 532;A01;2;17;6;0;1;1;1
536562219;155 737 531;A01;1;7;6;0;1;1;1
536562220;155 737 529;A01;3;7;0;2;3;1;1
536562220;155 737 530;B01;3;7;0;2;3;1;1
536562221;155 737 527;A01;2;10;0;2;1;13;1
536562221;155 737 528;B01;1;7;0;2;1;1;1
536562222;155 737 523;B01;3;50;0;0;7;19;3
536562222;155 737 525;A01;3;7;0;2;1;1;1
536562223;155 737 522;A01;0;7;0;1;1;1;1
536562224;155 737 519;A01;2;7;13;0;3;1;1
536562225;155 737 518;C01;1;7;0;2;4;2;1
536562225;155 737 520;B01;1;10;0;2;1;2;1
536562225;155 737 521;A01;1;7;0;2;1;2;1
536562226;155 737 516;A01;3;30;1;0;3;0;1
536562227;155 737 515;A01;3;2;0;2;1;13;1
536562227;155 737 517;B01;3;7;0;2;1;1;1
536562228;155 737 514;A01;0;7;1;0;7;26;1
536562229;155 737 513;A01;2;7;0;1;1;1;1
536562230;155 737 511;B01;2;33;0;2;2;17;1
536562230;155 737 512;A01;2;7;0;2;3;15;1
536562231;155 737 507;A01;1;7;0;2;2;1;1
536562231;155 737 508;B01;1;1;0;2;0;0;5
536562232;155 737 506;A01;2;7;0;2;1;15;1
536562232;155 737 509;B01;1;33;0;2;1;1;1
536562232;155 737 510;C01;2;7;0;2;1;1;3
536562233;155 737 505;A01;1;7;0;9;8;26;1
536562234;155 737 503;B01;1;7;8;2;7;1;1
536562234;155 737 504;A01;3;7;0;2;3;9;1
536562235;155 737 501;B01;1;2;0;2;4;1;1
536562235;155 737 502;A01;1;7;0;2;1;2;1
536562236;155 737 499;A01;2;7;0;9;2;1;1
536562236;155 737 500;B01;2;1;0;0;4;1;5
536562237;155 737 498;A01;1;37;0;1;1;20;1
536562238;155 737 494;A01;2;7;0;2;1;2;1
536562238;155 737 496;B01;2;7;0;2;4;15;1
536562238;155 737 497;C01;1;7;0;2;1;1;1
536562239;155 737 491;A01;2;10;0;2;1;2;1
536562239;155 737 492;D01;2;7;0;2;4;2;2
536562239;155 737 493;C01;2;7;0;2;4;2;2
536562239;155 737 495;B01;2;7;0;2;4;2;1
536562240;155 737 489;A01;2;7;3;0;1;12;2
536562241;155 737 488;B01;1;7;0;2;5;1;1
536562241;155 737 490;A01;1;7;0;2;3;19;1
536562242;155 737 487;A01;1;1;0;0;1;26;5
536562243;155 737 486;A01;1;7;0;0;3;26;1
536562244;155 737 483;A01;1;7;0;2;7;9;1
536562244;155 737 485;B01;2;7;0;2;3;0;2
536562245;155 737 480;A01;2;7;0;2;3;5;1
536562245;155 737 481;B01;1;1;0;0;3;1;5
536562245;155 737 482;C01;1;1;0;0;7;1;5
536562245;155 737 484;D01;1;1;0;0;7;1;5
536562246;155 737 478;A01;2;7;0;2;3;15;2
536562246;155 737 479;B01;2;43;0;2;2;17;1
536562247;155 737 476;A01;1;15;0;2;1;1;1
536562247;155 737 477;B01;2;7;0;2;3;19;1
536562248;155 737 474;A01;2;37;0;2;1;2;1
536562248;155 737 475;B01;2;7;0;2;4;1;2
536562249;155 737 472;A01;1;7;0;2;2;15;1
536562249;155 737 473;B01;2;2;0;2;1;1;1
536562250;155 737 470;B01;3;99;0;2;8;19;3
536562250;155 737 471;A01;3;34;0;9;1;3;3
536562251;155 737 468;A01;2;33;0;2;1;1;1
536562251;155 737 469;B01;2;13;0;0;4;1;1
536562252;155 737 467;A01;2;7;0;1;3;1;2
536562253;155 737 466;A01;1;7;0;0;3;0;1
536562254;155 737 464;A01;1;7;7;0;0;1;1
536562255;155 737 463;A01;1;7;0;2;2;1;1
536562255;155 737 465;B01;1;1;0;2;3;13;5
536562256;155 737 462;A01;3;14;0;1;8;16;1
536562257;155 737 460;A01;1;10;0;2;1;2;1
536562257;155 737 461;B01;1;43;0;2;4;2;1
536562258;155 737 458;A01;2;10;16;0;6;0;1
536562258;155 737 459;B01;2;10;3;2;1;0;1
536562259;155 737 455;A01;3;10;0;1;2;1;1
536562260;155 737 456;B01;2;2;0;2;8;1;3
536562260;155 737 457;A01;2;7;0;2;8;18;1
536562261;155 737 451;B01;2;2;0;2;6;19;1
536562261;155 737 454;A01;1;14;0;2;2;19;1
536562262;155 737 452;B01;2;17;0;2;3;1;1
536562262;155 737 453;A01;2;7;11;2;1;1;1
536562263;155 737 450;A01;2;1;0;1;1;1;5
536562264;155 737 448;A01;2;7;0;2;3;15;1
536562264;155 737 449;B01;1;32;0;2;1;18;1
536562265;155 737 445;A01;3;7;0;1;3;17;1
536562266;155 737 446;A01;2;30;15;2;2;21;1
536562266;155 737 447;B01;2;7;0;2;3;9;1
536562267;155 737 442;A01;1;7;0;2;1;1;1
536562267;155 737 444;B01;2;7;0;2;1;13;3
536562268;155 737 443;A01;2;7;0;1;2;9;1
536562269;155 737 439;A01;0;7;0;9;7;16;0
536562269;155 737 441;B01;0;1;0;2;3;16;5
536562270;155 737 438;A01;1;7;0;2;3;15;2
536562270;155 737 440;B01;1;50;0;2;1;1;3
536562271;155 737 436;A01;1;7;0;6;3;1;1
536562271;155 737 437;B01;1;7;0;2;1;1;1
536562272;155 737 434;A01;3;7;0;2;7;26;1
536562272;155 737 435;B01;3;60;0;2;3;1;5
536562273;155 737 431;A01;2;1;0;0;0;1;5
536562274;155 737 432;B01;3;10;0;2;3;15;1
536562274;155 737 433;A01;1;3;0;2;2;1;1
536562275;155 737 427;A01;1;7;0;2;1;5;1
536562275;155 737 430;B01;2;7;0;2;1;1;1
536562276;155 737 428;A01;1;7;0;2;1;1;1
536562276;155 737 429;B01;1;7;0;2;4;1;0
536562277;155 737 425;A01;2;7;1;1;2;1;1
536562278;155 737 422;A01;1;7;2;0;7;1;1
536562279;155 737 423;A01;2;7;0;2;4;26;1
536562279;155 737 424;B01;2;7;0;2;1;1;2
536562279;155 737 426;C01;2;7;0;2;1;1;1
536562280;155 737 420;A01;1;7;6;2;2;6;1
536562280;155 737 421;B01;1;7;0;0;3;2;1
536562281;155 737 419;A01;1;7;0;1;2;1;1
536562282;155 737 413;A01;1;7;0;2;1;2;1
536562282;155 737 416;B01;1;7;0;2;4;2;1
536562283;155 737 414;A01;3;7;0;2;1;1;1
536562283;155 737 415;B01;3;7;0;2;4;2;1
536562283;155 737 417;C01;3;10;0;2;4;2;1
536562283;155 737 418;D01;3;7;0;2;4;2;1
536562284;155 737 411;A01;1;33;0;2;8;3;1
536562284;155 737 412;B01;1;7;0;2;7;12;2
536562285;155 737 408;B01;1;33;0;2;1;17;1
536562285;155 737 410;A01;2;7;0;2;1;1;1
536562286;155 737 407;A01;1;33;0;2;1;3;1
536562286;155 737 409;Z01;1;13;0;0;0;0;0
536562287;155 737 404;B01;1;30;0;2;1;0;1
536562287;155 737 406;A01;1;7;0;2;3;1;1
536562288;155 737 402;C01;2;7;0;2;4;1;1
536562288;155 737 403;A01;2;7;0;2;7;12;1
536562288;155 737 405;B01;2;33;0;2;1;3;1
536562289;155 737 400;A01;2;43;0;0;8;0;1
536562290;155 737 399;B01;3;7;0;2;4;2;1
536562290;155 737 401;A01;3;50;0;2;1;1;3
536562291;155 737 397;A01;2;7;0;2;1;2;1
536562291;155 737 398;B01;2;10;0;2;4;2;1
536562292;155 737 392;A01;1;7;0;2;1;2;1
536562292;155 737 394;B01;1;7;0;2;4;2;1
536562292;155 737 396;C01;1;7;0;2;4;2;1
536562293;155 737 393;A01;2;7;0;2;3;15;1
536562293;155 737 395;B01;2;7;0;2;1;1;1
536562294;155 737 389;B01;2;33;0;2;1;11;1
536562294;155 737 391;A01;2;7;0;2;5;1;1
536562295;155 737 388;A01;2;7;0;2;3;15;1
536562295;155 737 390;B01;2;43;0;2;1;17;1
536562296;155 737 385;A01;1;7;0;1;6;4;1
536562297;155 737 384;B01;2;7;0;2;4;2;1
536562297;155 737 386;C01;2;7;0;2;4;2;1
536562297;155 737 387;A01;2;7;0;2;1;2;1
536562298;155 737 380;A01;1;32;0;2;1;3;1
536562298;155 737 381;C01;1;7;0;2;4;2;2
536562298;155 737 382;B01;1;7;0;2;8;11;1
536562299;155 737 379;A01;1;7;0;2;3;11;1
536562299;155 737 383;B01;1;7;0;2;1;23;1
536562300;155 737 377;A01;2;7;0;2;1;1;1
536562300;155 737 378;B01;2;7;0;2;4;1;2
536562301;155 737 374;A01;2;33;0;2;1;2;1
536562301;155 737 375;B01;2;10;0;2;4;2;1
536562302;155 737 373;A01;1;2;0;2;2;1;1
536562302;155 737 376;B01;1;33;0;2;3;1;1
536562303;155 737 371;A01;2;17;0;2;2;12;1
536562303;155 737 372;B01;2;7;0;2;6;1;1
536562304;155 737 369;A01;1;7;0;1;1;26;1
536562305;155 737 368;A01;3;10;0;2;3;1;1
536562305;155 737 370;B01;1;7;0;2;2;15;1
536562306;155 737 367;A01;2;33;8;0;1;1;1
536562307;155 737 365;A01;1;7;0;2;1;15;1
536562307;155 737 366;B01;2;32;0;2;8;1;3
536562308;155 737 363;A01;0;32;0;2;1;1;1
536562308;155 737 364;B01;3;7;0;2;4;1;1
536562309;155 737 361;B01;1;2;0;2;2;1;1
536562309;155 737 362;Z01;1;7;0;2;2;15;0
536562310;155 737 359;A01;1;7;0;2;3;26;1
536562310;155 737 360;B01;1;32;0;2;7;17;1
536562311;155 737 358;A01;3;37;0;1;7;1;1
536562312;155 737 356;A01;1;32;0;2;7;3;1
536562312;155 737 357;Z01;1;33;0;2;0;0;0
536562313;155 737 354;A01;2;7;0;2;1;23;1
536562313;155 737 355;B01;1;1;1;0;1;17;5
536562314;155 737 352;B01;2;7;0;2;5;16;1
536562314;155 737 353;A01;2;37;0;2;1;1;1
536562315;155 737 349;C01;2;7;0;2;1;16;1
536562315;155 737 350;A01;1;1;0;2;9;2;5
536562315;155 737 351;B01;1;7;0;2;6;2;1
536562316;155 737 348;A01;2;7;1;0;2;1;0
536562317;155 737 346;B01;2;7;0;2;1;1;1
536562317;155 737 347;A01;1;10;0;2;3;1;1
536562318;155 737 344;A01;1;33;0;2;1;1;1
536562318;155 737 345;B01;2;7;0;2;1;1;1
536562319;155 737 342;A01;1;7;0;0;5;10;1
536562319;155 737 343;B01;2;33;0;0;1;1;1
536562320;155 737 339;C01;1;10;0;2;1;1;1
536562320;155 737 340;A01;1;7;0;2;1;17;1
536562320;155 737 341;B01;1;7;0;2;3;2;1
536562321;155 737 337;A01;1;7;0;2;1;0;1
536562321;155 737 338;B01;1;7;0;2;4;0;1