Num_Acc;id_vehicule;num_veh;senc;catv;obs;obsm;choc;manv;motor
536562322;155 737 335;B01;1;10;0;2;1;19;1
536562322;155 737 336;A01;2;10;0;2;8;1;1
536562323;155 737 334;A01;2;7;13;0;2;14;1
536562324;155 737 333;A01;0;2;9;9;8;21;1
536562325;155 737 331;A01;2;7;0;2;3;13;1
536562325;155 737 332;B01;1;7;0;2;3;13;1
536562326;155 737 329;A01;1;7;0;2;3;1;1
536562326;155 737 330;B01;2;10;0;2;3;1;1
536562327;155 737 327;A01;0;2;0;2;1;17;1
536562327;155 737 328;B01;0;7;0;2;1;1;1
536562328;155 737 326;A01;2;7;13;0;9;1;1
536562329;155 737 325;A01;2;7;16;0;9;17;1
536562330;155 737 323;A01;1;3;0;2;7;19;1
536562330;155 737 324;B01;2;10;0;2;1;1;1
536562331;155 737 321;B01;2;7;0;2;5;15;1
536562331;155 737 322;A01;1;33;0;2;1;1;1
536562332;155 737 319;A01;1;32;0;2;1;1;1
536562332;155 737 320;B01;1;7;0;2;6;15;1
536562333;155 737 317;A01;1;33;3;0;1;9;1
536562334;155 737 315;A01;1;7;0;2;1;2;1
536562334;155 737 316;B01;1;7;0;2;4;1;1
536562334;155 737 318;C01;1;10;0;2;4;2;1
536562335;155 737 314;A01;1;7;6;0;3;13;1
536562336;155 737 312;A01;1;7;0;2;1;2;1
536562336;155 737 313;B01;2;7;0;2;3;15;1
536562337;155 737 309;A01;1;7;0;2;3;1;1
536562337;155 737 310;B01;1;7;0;9;1;2;1
536562337;155 737 311;C01;2;7;0;2;3;17;1
536562338;155 737 308;A01;1;7;0;1;1;0;1
536562339;155 737 307;A01;1;7;1;1;2;15;1
536562340;155 737 306;A01;0;7;0;1;1;2;1
536562341;155 737 304;A01;1;10;0;1;8;19;0
536562342;155 737 303;B01;3;7;0;2;2;1;1
536562342;155 737 305;A01;3;7;0;2;1;19;1
536562343;155 737 301;A01;1;7;0;1;2;2;1
536562344;155 737 299;A01;1;7;0;2;7;12;1
536562344;155 737 300;B01;1;7;0;2;9;0;1
536562344;155 737 302;C01;1;7;0;2;8;0;1
536562345;155 737 298;A01;3;7;0;1;6;4;1
536562346;155 737 296;A01;3;37;13;0;7;14;1
536562347;155 737 292;A01;1;10;0;2;1;1;1
536562347;155 737 294;B01;1;50;0;2;0;1;3
536562348;155 737 289;B01;2;7;0;2;3;1;1
536562348;155 737 291;A01;1;10;13;2;3;0;1
536562349;155 737 288;B01;1;50;0;2;2;1;3
536562349;155 737 290;A01;1;7;0;2;3;10;1
536562350;155 737 287;A01;2;7;3;0;3;13;1
536562351;155 737 286;A01;3;7;11;0;3;1;1
536562352;155 737 283;B01;1;7;1;0;2;23;1
536562352;155 737 285;A01;1;1;0;2;1;25;5
536562353;155 737 282;A01;1;7;0;2;3;13;1
536562353;155 737 284;B01;2;7;0;2;3;1;1
536562354;155 737 279;B01;1;10;0;2;1;1;1
536562354;155 737 281;A01;1;7;0;2;3;20;1
536562355;155 737 276;B01;3;7;0;2;2;1;1
536562355;155 737 277;A01;3;7;0;2;8;15;1
536562356;155 737 275;A01;2;7;0;2;1;13;1
536562356;155 737 278;B01;1;7;0;0;1;1;1
536562356;155 737 280;C01;1;7;13;0;5;21;1
536562357;155 737 274;A01;3;7;0;1;1;15;1
536562358;155 737 272;A01;2;7;0;1;3;1;1
536562359;155 737 271;B01;2;1;0;2;1;19;5
536562359;155 737 273;A01;1;50;0;2;3;19;3
536562360;155 737 268;A01;2;7;0;2;1;1;1
536562360;155 737 270;B01;1;7;0;2;2;15;1
536562361;155 737 267;B01;1;7;0;2;1;1;2
536562361;155 737 269;A01;2;7;0;2;8;1;1
536562362;155 737 265;A01;0;30;0;9;0;0;1
536562363;155 737 264;A01;1;1;0;2;7;1;5
536562363;155 737 266;B01;2;7;0;2;0;0;1
536562364;155 737 262;A01;3;7;0;2;3;15;1
536562364;155 737 263;B01;3;31;0;2;1;17;1
536562365;155 737 261;VA01;3;7;2;0;9;13;2
536562366;155 737 260;A01;1;33;15;0;1;2;1
536562367;155 737 258;A01;2;7;0;2;3;15;1
536562367;155 737 259;B01;1;31;0;2;1;21;1
536562368;155 737 257;A01;1;7;9;0;1;0;1
536562369;155 737 255;A01;1;7;0;2;3;15;1
536562369;155 737 256;B01;2;33;0;2;3;18;1
536562370;155 737 252;B01;1;15;0;2;1;1;1
536562370;155 737 254;A01;2;7;0;2;1;5;1
536562371;155 737 251;B01;3;10;0;2;2;19;1
536562371;155 737 253;A01;3;42;0;2;2;19;1
536562372;155 737 250;A01;2;7;2;0;1;13;1
536562373;155 737 248;A01;3;3;0;2;1;2;1
536562373;155 737 249;B01;3;10;0;2;4;2;1
536562374;155 737 245;C01;1;7;0;2;1;21;1
536562374;155 737 246;B01;2;10;13;2;8;21;1
536562374;155 737 247;A01;2;7;0;2;3;17;1
536562375;155 737 243;B01;1;40;0;2;3;1;3
536562375;155 737 244;A01;1;10;9;4;1;20;1
536562376;155 737 241;B01;2;33;0;2;3;2;1
536562376;155 737 242;A01;3;33;0;2;5;1;1
536562377;155 737 240;A01;2;7;0;1;2;1;1
536562378;155 737 239;A01;2;7;3;0;0;2;1
536562379;155 737 236;A01;1;7;0;2;3;0;1
536562379;155 737 238;B01;2;14;0;2;7;26;0
536562380;155 737 235;A01;3;1;0;2;0;15;5
536562380;155 737 237;B01;3;31;0;2;0;1;1
536562381;155 737 232;A01;3;7;0;2;2;16;1
536562381;155 737 233;B01;3;1;0;2;0;0;5
536562382;155 737 231;B01;1;1;0;2;1;15;5
536562382;155 737 234;A01;2;7;0;9;1;15;1
536562383;155 737 228;B01;2;7;0;2;1;2;2
536562383;155 737 230;A01;1;7;1;0;2;1;1
536562384;155 737 227;B01;1;2;0;2;1;0;1
536562384;155 737 229;A01;2;7;0;2;3;15;1
536562385;155 737 225;B01;1;37;0;2;2;1;1
536562385;155 737 226;A01;1;50;0;2;1;1;3
536562386;155 737 221;B01;3;2;0;2;1;0;1
536562386;155 737 222;A01;0;7;0;2;2;15;3
536562387;155 737 223;A01;2;2;0;2;1;1;1
536562387;155 737 224;B01;1;10;0;2;1;15;3
536562388;155 737 219;A01;2;7;0;1;0;16;2
536562389;155 737 218;A01;1;1;0;0;4;2;5
536562389;155 737 220;B01;1;1;0;2;1;2;5
536562390;155 737 214;A01;1;7;2;2;8;1;1
536562390;155 737 215;B01;2;7;2;2;8;1;1
536562391;155 737 210;D01;1;7;0;2;8;1;1
536562391;155 737 211;C01;2;7;0;2;4;1;1
536562391;155 737 212;A01;1;7;16;2;1;5;1
536562391;155 737 213;B01;2;7;0;2;2;1;1
536562392;155 737 209;A01;1;7;0;1;2;1;1
536562393;155 737 207;B01;1;1;0;2;8;1;5
536562393;155 737 208;A01;1;37;0;2;7;1;1
536562394;155 737 204;A01;0;7;0;1;1;1;1
536562395;155 737 205;A01;1;7;0;2;1;15;1
536562395;155 737 206;B01;2;7;0;2;1;1;1
536562396;155 737 203;A01;2;7;0;1;1;1;1
536562397;155 737 202;A01;3;7;0;1;8;21;1
536562398;155 737 199;A01;1;7;0;2;3;19;1
536562398;155 737 201;B01;2;7;0;2;3;1;3
536562399;155 737 196;A01;0;10;0;0;4;26;1
536562399;155 737 198;B01;0;7;0;2;4;26;1
536562399;155 737 200;C01;0;7;14;0;1;1;1
536562400;155 737 195;A01;2;50;0;1;1;1;3
536562401;155 737 192;A01;0;7;0;0;3;15;1
536562401;155 737 194;B01;0;31;0;2;1;1;1
536562402;155 737 191;A01;3;2;0;2;1;2;1
536562402;155 737 193;B01;3;43;0;2;1;1;1
536562403;155 737 188;A01;0;7;0;1;1;2;1
536562404;155 737 189;A01;3;7;0;2;2;1;1
536562404;155 737 190;B01;3;1;0;2;0;19;5
536562405;155 737 185;B01;2;7;0;2;4;1;1
536562405;155 737 187;A01;2;7;0;2;1;2;1
536562406;155 737 184;A01;1;10;0;2;7;1;1
536562406;155 737 186;B01;1;7;0;2;8;1;1
536562407;155 737 182;A01;3;7;0;2;1;1;1
536562407;155 737 183;B01;3;2;0;2;7;15;1
536562408;155 737 179;A01;3;3;0;1;1;1;1
536562409;155 737 175;A01;2;7;0;1;1;2;1
536562410;155 737 176;A01;1;7;0;2;1;1;1
536562410;155 737 177;B01;1;7;0;2;9;23;1
536562410;155 737 178;C01;1;7;0;2;9;23;1
536562410;155 737 180;D01;1;7;0;2;4;23;1
536562410;155 737 181;E01;1;7;0;2;4;23;1
536562411;155 737 171;A01;3;7;0;2;1;2;1
536562411;155 737 173;B01;3;7;0;2;1;1;1
536562412;155 737 169;A01;2;7;4;2;1;2;1
536562412;155 737 170;B01;2;7;4;2;4;2;1
536562412;155 737 172;C01;2;7;4;2;4;2;1
536562412;155 737 174;D01;2;7;4;2;4;2;2
536562413;155 737 168;A01;2;7;0;1;1;15;1
536562414;155 737 164;B01;1;33;0;2;1;0;0
536562414;155 737 166;A01;1;7;0;2;3;2;1
536562415;155 737 163;C01;1;10;0;2;4;2;1
536562415;155 737 165;A01;1;7;0;2;1;2;1
536562415;155 737 167;B01;1;7;0;2;4;2;1
536562416;155 737 160;A01;2;7;0;2;2;19;1
536562416;155 737 162;B01;2;33;0;2;1;26;1
536562417;155 737 159;A01;1;33;3;2;1;3;1
536562417;155 737 161;B01;1;7;3;2;6;11;1
536562418;155 737 155;B01;2;10;0;2;2;21;1
536562418;155 737 157;C01;2;7;0;2;6;2;2
536562418;155 737 158;A01;2;7;0;2;1;2;1
536562419;155 737 154;A01;2;7;0;2;6;11;2
536562419;155 737 156;B01;2;34;0;2;1;3;1
536562420;155 737 152;A01;2;10;0;2;7;12;1
536562420;155 737 153;B01;2;33;0;2;3;1;1
536562421;155 737 148;A01;2;17;0;2;2;12;1
536562421;155 737 150;B01;2;7;0;2;8;1;2
536562422;155 737 144;A01;2;1;0;2;1;1;5
536562422;155 737 146;B01;1;10;0;2;1;1;1
536562423;155 737 145;B01;1;7;0;2;1;1;1
536562423;155 737 147;D01;1;7;0;2;6;1;1
536562423;155 737 149;C01;1;7;0;2;4;0;1
536562423;155 737 151;A01;1;7;0;2;1;1;1
536562424;155 737 141;A01;2;1;0;2;1;2;5
536562424;155 737 143;B01;1;7;0;9;1;0;2
536562425;155 737 139;C01;1;7;0;2;5;1;1
536562425;155 737 140;A01;1;33;0;2;2;3;1
536562425;155 737 142;B01;1;7;0;2;3;17;1
536562426;155 737 137;A01;2;1;0;2;2;1;5
536562426;155 737 138;Z01;2;33;0;9;0;1;0
536562427;155 737 135;B01;1;7;0;2;4;11;1
536562427;155 737 136;A01;1;33;0;2;1;3;1
536562428;155 737 133;A01;1;7;0;2;1;16;1
536562428;155 737 134;B01;1;60;0;2;8;19;5
536562429;155 737 131;A01;2;31;0;2;1;3;1
536562429;155 737 132;B01;2;7;0;2;5;12;1
536562430;155 737 129;B01;1;32;0;2;8;1;1
536562430;155 737 130;A01;2;37;0;2;2;21;3
536562431;155 737 126;A01;1;10;0;2;1;2;1
536562431;155 737 127;C01;1;7;0;2;4;2;1
536562431;155 737 128;B01;1;7;0;2;4;2;2
536562432;155 737 124;B01;1;7;0;2;1;1;2
536562432;155 737 125;A01;0;50;0;2;7;19;3
536562433;155 737 122;A01;1;31;0;2;8;3;1
536562433;155 737 123;B01;1;7;0;2;3;14;1
536562434;155 737 121;A01;3;7;4;0;1;9;1
536562435;155 737 119;A01;3;7;0;1;1;15;2
536562436;155 737 118;A01;2;33;0;2;1;3;1
536562436;155 737 120;B01;2;17;0;2;6;2;1
536562437;155 737 116;A01;1;7;0;1;1;1;1
536562438;155 737 115;B01;1;33;0;2;2;1;1
536562438;155 737 117;A01;3;1;0;2;7;15;5
536562439;155 737 112;B01;2;50;0;2;4;1;3
536562439;155 737 113;A01;2;7;0;2;1;1;0
536562440;155 737 111;B01;2;7;0;2;0;1;1
536562440;155 737 114;A01;2;7;3;2;0;0;1
536562441;155 737 110;A01;2;10;0;1;1;19;3
536562442;155 737 107;A01;1;7;0;2;1;2;1
536562442;155 737 108;C01;1;7;0;2;4;1;1
536562442;155 737 109;B01;1;7;0;2;1;2;1
536562443;155 737 104;A01;2;7;1;2;2;19;1
536562443;155 737 105;B01;3;10;0;2;2;24;1
536562443;155 737 106;C01;2;7;0;2;3;1;1
536562444;155 737 102;B01;1;1;0;2;1;1;5
536562444;155 737 103;A01;1;7;0;2;8;1;1
536562445;155 737 100;A01;1;1;0;0;0;0;5
536562446;155 737 099;A01;2;1;0;1;1;1;5
536562447;155 737 097;A01;2;43;4;0;1;1;1
536562448;155 737 096;A01;1;7;0;2;0;1;1
536562448;155 737 098;B01;1;60;0;2;0;1;5
536562449;155 737 095;A01;3;80;14;1;1;1;3
536562450;155 737 094;A01;1;2;0;0;8;0;1
536562451;155 737 093;A01;1;7;0;1;2;15;1
536562452;155 737 091;B01;1;60;0;2;7;1;5
536562452;155 737 092;A01;2;7;0;2;0;0;1
536562453;155 737 090;A01;3;34;1;0;2;26;1
536562454;155 737 089;A01;1;41;0;0;0;0;1
536562455;155 737 087;A01;0;37;1;0;0;0;1
536562456;155 737 086;B01;2;50;0;2;0;1;3
536562456;155 737 088;A01;2;7;0;2;0;1;1
536562457;155 737 083;A01;1;7;0;2;3;5;1
536562457;155 737 085;B01;2;30;0;2;3;21;1
536562458;155 737 082;A01;2;1;0;2;0;1;5
536562458;155 737 084;B01;2;7;0;2;0;0;1
536562459;155 737 079;A01;1;30;0;2;8;15;1
536562459;155 737 081;B01;1;37;0;2;1;1;0
536562460;155 737 078;B01;2;2;0;2;0;0;1
536562460;155 737 080;A01;2;7;0;2;0;0;1
536562461;155 737 077;A01;3;7;0;1;8;0;1
536562462;155 737 074;A01;1;7;0;2;3;15;1
536562462;155 737 075;B01;1;30;16;0;0;0;1
536562463;155 737 073;B01;3;7;0;2;2;1;1
536562463;155 737 076;A01;3;10;0;2;1;5;1
536562464;155 737 070;Z01;0;7;0;2;1;0;0
536562464;155 737 071;A01;1;7;0;2;8;0;1
536562465;155 737 069;A01;1;14;0;2;7;17;1
536562465;155 737 072;B01;1;80;0;2;8;1;3
536562466;155 737 066;A01;3;7;0;2;4;1;1
536562466;155 737 068;B01;3;7;0;2;1;1;1
536562467;155 737 067;A01;1;34;1;1;9;1;1
536562468;155 737 065;A01;1;7;0;1;1;0;1
536562469;155 737 064;A01;2;10;0;1;1;1;1
536562470;155 737 063;A01;0;7;0;1;2;1;1
536562471;155 737 062;A01;0;7;0;1;1;19;1
536562472;155 737 061;A01;1;7;0;1;3;2;1
536562473;155 737 059;A01;0;7;0;1;1;1;2
536562474;155 737 058;B01;1;33;0;2;1;1;1
536562474;155 737 060;A01;2;7;0;2;7;1;1
536562475;155 737 055;B01;1;1;0;2;8;2;5
536562475;155 737 056;A01;1;7;0;2;7;17;1
536562476;155 737 054;B01;2;1;0;2;2;15;5
536562476;155 737 057;A01;1;7;0;2;1;1;1
536562477;155 737 052;A01;1;99;0;0;0;2;3
536562478;155 737 051;A01;1;7;0;2;1;1;1
536562478;155 737 053;B01;1;10;10;0;4;2;1
536562479;155 737 050;A01;1;7;3;0;1;2;1
536562480;155 737 049;A01;2;33;15;0;1;1;1
536562481;155 737 046;A01;1;7;0;2;3;15;1
536562481;155 737 048;B01;1;32;0;2;1;15;1
536562482;155 737 045;B01;1;10;0;2;4;2;1
536562482;155 737 047;A01;1;7;0;2;1;1;3
536562483;155 737 044;A01;1;32;0;1;1;1;1
536562484;155 737 043;A01;1;7;0;1;1;1;1
536562485;155 737 041;A01;1;7;0;2;2;15;1
536562485;155 737 042;B01;2;32;0;2;8;18;1
536562486;155 737 038;A01;1;15;0;2;2;2;1
536562486;155 737 040;B01;1;7;0;2;4;16;1
536562487;155 737 037;A01;3;7;0;9;3;2;1
536562487;155 737 039;B01;3;50;0;2;7;2;3
536562488;155 737 036;A01;2;10;0;1;1;2;1
536562489;155 737 035;A01;3;10;0;1;4;4;1
536562490;155 737 032;A01;2;7;0;2;3;5;1
536562490;155 737 034;B01;1;7;0;2;3;1;1
536562491;155 737 033;B01;2;7;0;1;1;15;1
536562492;155 737 028;A01;1;2;0;2;1;5;1
536562492;155 737 030;B01;1;14;0;2;8;15;1
536562493;155 737 027;A01;1;7;0;2;1;1;1
536562493;155 737 029;B01;1;10;0;2;4;1;1
536562493;155 737 031;C01;1;7;0;2;4;1;1
536562494;155 737 025;A01;2;37;0;9;1;1;1
536562495;155 737 024;A01;2;7;13;0;6;1;1
536562496;155 737 023;B01;3;7;0;2;2;1;1
536562496;155 737 026;A01;3;7;0;2;1;19;1
536562497;155 737 021;A01;2;7;8;0;8;26;1
536562498;155 737 020;A01;2;34;0;2;1;2;1
536562498;155 737 022;B01;2;7;0;2;4;2;1
536562499;155 737 018;A01;1;7;0;1;1;1;1
536562500;155 737 017;B01;1;17;0;2;8;1;1
536562500;155 737 019;A01;3;31;0;2;1;19;1
536562501;155 737 015;A01;1;10;0;2;1;13;1
536562501;155 737 016;B01;2;7;0;2;3;1;1
536562502;155 737 013;A01;3;7;0;2;1;15;1
536562502;155 737 014;B01;3;7;0;2;3;1;1
536562503;155 737 011;A01;2;17;0;2;6;13;1
536562503;155 737 012;B01;2;7;0;2;2;17;1
536562504;155 737 008;A01;2;2;0;0;0;1;1
536562504;155 737 010;B01;1;7;0;2;3;1;1
536562505;155 737 007;A01;2;7;0;2;4;1;1
536562505;155 737 009;B01;2;7;0;2;1;1;1
536562506;155 737 006;A01;1;7;1;0;2;14;6
536562507;155 737 004;A01;3;7;0;2;2;16;1
536562507;155 737 005;B01;3;7;0;2;3;1;1
536562508;155 737 002;A01;1;7;13;0;2;1;1
536562509;155 737 001;A01;2;7;0;2;2;1;1
536562509;155 737 003;B01;2;32;0;2;5;23;1
536562510;155 736 998;A01;2;7;0;2;1;1;1
536562510;155 737 000;B01;1;10;0;2;1;1;1
536562511;155 736 997;A01;3;7;0;2;1;2;1
536562511;155 736 999;B01;3;7;0;2;2;15;2
536562512;155 736 995;B01;2;7;0;2;3;13;1
536562512;155 736 996;A01;1;7;0;2;3;1;1
536562513;155 736 994;A01;0;7;0;1;2;1;1
536562514;155 736 993;A01;1;7;8;0;1;1;1
536562515;155 736 991;A01;1;7;0;1;1;1;1
536562516;155 736 990;A01;1;7;0;2;1;1;1
536562516;155 736 992;B01;2;7;0;2;7;1;1
536562517;155 736 987;A01;1;7;0;2;1;13;1
536562517;155 736 988;B01;2;7;0;2;1;1;1
536562518;155 736 986;B01;3;50;0;2;2;1;3
536562518;155 736 989;A01;3;7;0;2;3;16;1
536562519;155 736 985;A01;2;7;13;0;0;1;1
536562520;155 736 983;A01;1;7;0;2;3;2;1
536562520;155 736 984;B01;2;33;0;2;2;2;1
536562521;155 736 982;A01;2;7;0;1;3;21;1
536562522;155 736 980;A01;2;7;0;2;3;0;1
536562522;155 736 981;B01;1;32;0;2;8;15;1
536562523;155 736 979;A01;2;7;6;0;3;1;1
536562524;155 736 977;A01;1;32;0;2;1;9;0
536562524;155 736 978;B01;1;7;0;2;7;1;0
536562525;155 736 973;A01;1;33;4;2;1;1;1
536562525;155 736 974;B01;2;7;0;2;3;1;1
536562526;155 736 972;A01;1;7;0;2;8;16;1
536562526;155 736 975;B01;1;7;0;2;1;1;1
536562526;155 736 976;C01;2;15;0;2;8;1;1
536562527;155 736 971;A01;3;7;0;2;7;26;1
536562528;155 736 969;A01;1;7;0;2;1;13;1
536562528;155 736 970;B01;2;7;0;2;1;1;1
536562529;155 736 968;A01;3;10;8;0;2;26;0
536562530;155 736 966;B01;1;7;0;2;1;1;1
536562530;155 736 967;A01;1;7;0;2;1;9;1
536562531;155 736 965;A01;1;7;0;1;1;1;1
536562532;155 736 962;Z01;1;15;0;2;0;0;0
536562532;155 736 964;B01;3;30;0;2;0;14;1
536562533;155 736 961;A01;1;7;0;2;3;2;1
536562533;155 736 963;B01;2;7;0;2;3;1;1
536562534;155 736 960;A01;1;34;0;1;1;1;0
536562535;155 736 958;A01;1;7;0;2;1;13;1
536562535;155 736 959;B01;2;7;0;2;1;1;2
536562536;155 736 956;B01;1;33;8;2;1;1;1
536562536;155 736 957;A01;2;7;0;2;3;15;1
536562537;155 736 954;A01;1;7;0;2;1;13;1
536562537;155 736 955;B01;2;7;0;2;1;1;2
536562538;155 736 952;A01;3;1;0;2;1;13;5
536562538;155 736 953;B01;3;7;0;2;3;15;1
536562539;155 736 950;A01;2;7;0;2;5;1;1
536562539;155 736 951;B01;1;7;0;2;1;1;1
536562540;155 736 948;A01;2;7;0;0;2;14;1
536562541;155 736 947;A01;1;32;0;2;0;0;1
536562541;155 736 949;B01;1;7;0;2;0;15;1
536562542;155 736 945;A01;1;7;0;2;1;1;1
536562542;155 736 946;B01;2;7;0;2;1;17;1
536562543;155 736 944;A01;3;7;0;1;1;16;2
536562544;155 736 943;A01;2;7;2;0;9;1;1
536562545;155 736 939;A01;0;7;0;2;1;1;1
536562545;155 736 941;B01;0;7;0;2;1;1;0
536562546;155 736 940;A01;0;7;0;2;0;9;1
536562546;155 736 942;B01;0;7;0;2;0;1;1
536562547;155 736 938;A01;1;7;0;1;3;1;1
536562548;155 736 934;B01;3;7;0;2;1;1;1
536562548;155 736 936;A01;3;7;0;2;1;13;1
536562549;155 736 933;A01;0;30;0;2;7;1;1
536562549;155 736 935;B01;0;7;0;2;1;1;1
536562550;155 736 930;B01;1;7;0;0;8;1;1
536562550;155 736 932;A01;2;7;0;1;3;1;1
536562551;155 736 929;B01;3;7;0;2;4;1;1
536562551;155 736 931;A01;3;33;0;2;1;1;1
536562552;155 736 928;A01;1;7;0;0;9;15;1
536562553;155 736 926;B01;1;7;0;2;2;17;1
536562553;155 736 927;A01;1;32;0;2;3;1;1
536562554;155 736 925;A01;3;2;14;0;0;1;1
536562555;155 736 923;A01;1;7;2;0;7;1;1
536562556;155 736 924;A01;1;7;0;1;1;15;1
536562557;155 736 921;A01;2;7;0;1;2;1;1
536562558;155 736 920;A01;1;7;0;0;3;0;1
536562558;155 736 922;B01;1;10;0;0;1;1;1
536562559;155 736 918;A01;1;7;2;0;8;1;1
536562560;155 736 917;B01;1;33;12;2;1;1;1
536562560;155 736 919;A01;1;7;12;2;5;15;1
536562561;155 736 914;A01;1;7;0;9;3;9;1
536562561;155 736 916;B01;2;80;0;2;7;2;3
536562562;155 736 913;A01;1;7;0;2;1;2;1
536562562;155 736 915;B01;1;7;0;2;4;2;1
536562563;155 736 909;B01;3;7;0;2;7;1;1
536562563;155 736 911;A01;3;50;0;2;3;15;3
536562564;155 736 910;A01;1;7;0;2;3;13;1
536562564;155 736 912;B01;2;2;0;2;1;1;1
536562565;155 736 907;A01;0;7;0;2;7;1;1
536562565;155 736 908;B01;0;10;0;2;8;24;1
536562566;155 736 906;A01;1;7;8;0;2;1;1
536562567;155 736 904;A01;0;10;0;2;3;9;1
536562567;155 736 905;B01;0;33;0;2;1;1;1
536562568;155 736 902;A01;2;7;0;2;3;13;1
536562568;155 736 903;B01;1;10;0;2;3;1;1
536562569;155 736 901;A01;3;7;8;0;1;1;1
536562570;155 736 900;A01;1;7;0;1;2;1;1
536562571;155 736 899;A01;1;2;0;0;0;26;1
536562572;155 736 896;A01;1;7;0;2;3;11;1
536562572;155 736 897;B01;1;7;0;2;7;0;1
536562573;155 736 894;B01;1;7;0;2;4;2;1
536562573;155 736 895;A01;1;7;0;2;4;2;1
536562573;155 736 898;C01;1;7;0;2;1;2;1
536562574;155 736 893;A01;1;50;0;0;1;2;3
536562575;155 736 887;A01;2;32;0;2;1;2;1
536562575;155 736 889;B01;2;10;0;2;6;1;0
536562576;155 736 886;B01;1;14;0;2;1;1;1
536562576;155 736 888;C01;2;7;0;2;1;13;1
536562576;155 736 890;D01;1;7;0;2;8;1;1
536562576;155 736 891;A01;2;7;0;2;9;17;1
536562576;155 736 892;E01;2;10;0;2;8;1;1
536562577;155 736 883;A01;1;7;0;2;3;15;1
536562577;155 736 884;B01;0;33;0;2;1;17;1
536562578;155 736 882;B01;3;30;0;2;5;1;1
536562578;155 736 885;A01;3;10;0;2;3;9;1
536562579;155 736 877;B01;2;7;0;2;1;12;1
536562579;155 736 879;A01;2;7;0;2;4;2;1
536562580;155 736 878;A01;1;7;0;2;2;1;1
536562580;155 736 880;B01;1;7;14;0;1;1;1
536562581;155 736 875;A01;3;2;0;2;3;5;0
536562581;155 736 876;B01;0;10;0;2;3;1;1
536562582;155 736 874;A01;3;31;0;2;0;1;1
536562583;155 736 872;A01;2;7;3;0;6;0;1
536562583;155 736 873;B01;2;15;1;0;2;1;1
536562584;155 736 871;A01;3;37;0;1;5;9;0
536562585;155 736 870;A01;2;10;0;1;2;1;1
536562586;155 736 869;A01;1;50;9;1;1;25;3
536562587;155 736 866;A01;2;7;0;2;1;5;1
536562587;155 736 867;B01;1;7;0;2;1;2;1
536562587;155 736 868;C01;1;15;0;2;3;2;1
536562588;155 736 864;A01;2;7;0;2;3;23;1
536562588;155 736 865;B01;2;3;0;2;2;1;1
536562589;155 736 862;A01;2;7;2;2;2;17;1
536562589;155 736 863;B01;2;7;0;2;3;15;1
536562590;155 736 861;A01;1;7;0;1;3;15;1
536562591;155 736 860;A01;2;2;0;0;0;0;1
536562592;155 736 858;A01;2;7;0;1;1;1;1
536562593;155 736 857;B01;3;7;0;9;6;15;0
536562593;155 736 859;A01;3;50;0;2;1;1;3
536562594;155 736 852;A01;3;7;2;9;1;1;0
536562594;155 736 855;B01;3;32;0;2;6;1;0
536562595;155 736 851;A01;2;7;0;2;1;13;1
536562595;155 736 854;B01;1;7;0;2;3;1;1
536562595;155 736 856;C01;1;7;0;2;6;1;2
536562596;155 736 850;A01;1;43;0;2;3;2;1
536562596;155 736 853;B01;1;7;0;2;5;2;2
536562597;155 736 849;A01;3;2;5;0;1;1;1
536562598;155 736 846;A01;1;7;13;2;1;2;1
536562598;155 736 848;B01;1;7;13;2;4;2;1
536562599;155 736 845;A01;2;7;13;0;2;1;1
536562600;155 736 843;A01;2;33;0;2;2;3;1
536562600;155 736 844;B01;2;7;0;2;3;11;1
536562600;155 736 847;C01;2;10;0;2;5;1;1
536562601;155 736 840;A01;1;7;0;2;1;2;1
536562601;155 736 842;B01;1;7;0;2;4;2;1
536562602;155 736 838;C01;1;7;0;2;1;1;1
536562602;155 736 839;B01;1;7;0;2;8;1;1
536562602;155 736 841;A01;2;7;0;2;3;13;1
536562603;155 736 836;A01;1;7;3;0;1;13;2
536562604;155 736 834;A01;1;7;0;5;1;1;1
536562605;155 736 835;B01;1;7;0;2;4;1;2
536562605;155 736 837;A01;1;32;0;2;1;1;1
536562606;155 736 831;B01;2;7;0;2;1;1;1
536562606;155 736 833;A01;2;50;0;2;7;1;3
536562607;155 736 830;A01;1;7;2;2;8;26;1
536562607;155 736 832;B01;1;7;0;2;1;1;1
536562608;155 736 826;A01;1;33;0;2;2;1;1
536562608;155 736 828;B01;1;7;0;2;6;15;2
536562609;155 736 827;A01;1;34;0;2;1;3;1
536562609;155 736 829;B01;1;10;0;2;6;1;1
536562610;155 736 824;A01;2;7;0;2;2;17;1
536562610;155 736 825;B01;2;15;0;2;6;9;0
536562611;155 736 821;A01;1;7;4;0;3;13;1
536562612;155 736 818;A01;2;2;0;2;1;1;1
536562612;155 736 820;B01;1;10;0;2;6;15;1
536562613;155 736 816;A01;1;7;0;2;5;16;1
536562613;155 736 819;B01;1;1;0;2;0;1;5
536562614;155 736 814;A01;0;7;6;0;2;0;1
536562615;155 736 815;A01;2;10;0;2;5;26;1
536562615;155 736 817;B01;2;7;0;2;1;1;1
536562616;155 736 811;A01;0;7;0;2;1;13;1
536562616;155 736 813;B01;0;7;0;2;1;1;1
536562617;155 736 810;B01;2;1;0;2;4;2;5
536562617;155 736 812;A01;2;7;0;9;1;2;1
536562618;155 736 807;A01;2;10;0;2;2;2;1