Num_Acc;id_vehicule;num_veh;senc;catv;obs;obsm;choc;manv;motor
536562904;155 736 270;B01;3;14;0;2;8;15;1
536562904;155 736 271;A01;3;7;0;2;3;13;1
536562905;155 736 266;A01;3;2;0;2;1;1;1
536562905;155 736 268;B01;3;7;0;0;5;1;1
536562906;155 736 267;A01;1;7;0;2;2;15;1
536562906;155 736 269;B01;2;33;0;2;1;1;1
536562907;155 736 264;A01;1;7;3;0;3;13;2
536562908;155 736 260;B01;2;7;0;2;4;2;1
536562908;155 736 262;A01;2;7;1;0;1;26;1
536562908;155 736 263;C01;2;7;0;0;4;0;1
536562908;155 736 265;D01;2;7;0;0;4;0;1
536562909;155 736 259;A01;3;7;2;0;1;13;1
536562910;155 736 258;B01;1;7;0;2;7;16;1
536562910;155 736 261;A01;1;33;0;2;1;18;1
536562911;155 736 257;A01;1;7;15;0;1;1;1
536562912;155 736 255;A01;3;7;0;1;2;1;1
536562913;155 736 254;A01;2;38;0;1;1;1;1
536562914;155 736 253;A01;2;7;0;1;1;23;3
536562914;155 736 256;B01;2;7;0;2;1;2;1
536562915;155 736 252;A01;3;30;0;0;0;14;1
536562916;155 736 248;B01;2;33;0;2;7;1;1
536562916;155 736 251;A01;0;7;0;2;1;1;1
536562917;155 736 247;C01;1;15;0;2;0;0;1
536562917;155 736 249;A01;1;7;3;2;0;0;1
536562917;155 736 250;B01;1;7;0;2;1;0;1
536562918;155 736 246;A01;1;37;0;1;1;1;1
536562919;155 736 244;B01;1;1;0;2;7;16;5
536562919;155 736 245;A01;1;7;0;2;1;1;1
536562920;155 736 242;A01;2;7;5;2;1;13;3
536562920;155 736 243;B01;1;7;0;2;1;1;1
536562921;155 736 241;A01;3;7;7;0;1;1;1
536562922;155 736 237;A01;2;7;0;2;1;2;1
536562922;155 736 238;B01;2;7;3;0;4;2;2
536562923;155 736 239;A01;2;7;0;2;0;15;1
536562923;155 736 240;B01;2;1;0;2;4;23;5
536562924;155 736 236;A01;3;7;0;1;8;1;1
536562925;155 736 235;A01;1;7;2;0;1;0;1
536562926;155 736 233;A01;1;10;0;1;1;1;1
536562927;155 736 230;A01;1;7;13;0;6;13;1
536562927;155 736 231;B01;1;7;13;0;1;11;1
536562928;155 736 229;Z01;1;33;14;2;0;3;0
536562928;155 736 232;A01;1;7;0;2;6;2;0
536562928;155 736 234;B01;2;37;0;2;1;3;0
536562929;155 736 228;A01;1;7;0;9;0;0;1
536562930;155 736 226;A01;1;33;0;2;1;1;1
536562930;155 736 227;B01;2;7;0;9;1;1;1
536562931;155 736 224;A01;0;33;0;2;1;13;1
536562931;155 736 225;B01;0;7;0;2;1;1;2
536562932;155 736 223;A01;3;7;0;0;3;0;1
536562933;155 736 221;A01;2;7;8;0;2;0;1
536562934;155 736 219;A01;1;7;0;2;1;15;1
536562934;155 736 220;B01;1;30;0;2;1;1;1
536562935;155 736 217;A01;0;7;0;0;1;1;1
536562935;155 736 222;B01;0;7;0;0;0;2;1
536562936;155 736 216;B01;1;7;0;2;2;15;1
536562936;155 736 218;A01;1;7;0;2;8;10;1
536562937;155 736 215;A01;0;33;1;1;1;1;1
536562938;155 736 212;A01;3;1;0;2;3;1;5
536562938;155 736 213;B01;3;7;14;9;2;17;1
536562939;155 736 211;B01;3;7;0;2;4;1;1
536562939;155 736 214;A01;3;2;8;2;7;1;1
536562940;155 736 209;A01;3;7;0;2;6;9;1
536562940;155 736 210;B01;1;7;0;2;1;1;1
536562941;155 736 207;B01;2;7;0;2;5;15;1
536562941;155 736 208;A01;2;10;0;2;1;2;3
536562942;155 736 206;A01;1;7;4;0;2;1;1
536562943;155 736 205;A01;0;7;0;1;1;16;1
536562944;155 736 204;A01;1;33;2;0;1;2;1
536562945;155 736 203;A01;1;7;14;0;1;1;1
536562946;155 736 200;A01;1;7;0;9;3;15;1
536562946;155 736 202;B01;2;1;0;2;1;1;5
536562947;155 736 196;C01;1;7;0;2;4;2;1
536562947;155 736 198;A01;1;7;0;2;1;2;1
536562947;155 736 199;B01;1;7;0;2;4;2;1
536562948;155 736 197;A01;1;7;0;2;1;1;1
536562948;155 736 201;B01;2;17;0;2;1;1;1
536562949;155 736 194;A01;3;33;0;2;1;1;1
536562949;155 736 195;B01;3;7;0;2;3;19;1
536562950;155 736 193;A01;2;1;15;0;1;1;5
536562951;155 736 192;A01;1;33;0;0;7;15;1
536562952;155 736 189;A01;2;7;0;2;1;1;1
536562952;155 736 190;B01;2;7;0;2;4;2;2
536562953;155 736 187;A01;2;33;0;0;8;2;1
536562954;155 736 188;A01;2;33;0;2;1;2;1
536562954;155 736 191;B01;2;7;0;2;3;15;1
536562955;155 736 186;A01;1;7;0;1;3;7;1
536562956;155 736 185;A01;3;7;15;0;1;21;1
536562957;155 736 181;A01;3;1;0;2;1;1;5
536562957;155 736 184;B01;3;7;0;2;3;1;1
536562958;155 736 180;A01;2;10;0;2;6;14;1
536562958;155 736 183;B01;2;1;0;2;6;1;5
536562959;155 736 179;A01;1;7;0;2;0;9;1
536562959;155 736 182;B01;3;50;0;9;0;26;3
536562960;155 736 178;A01;1;33;15;0;1;1;1
536562961;155 736 177;A01;1;10;0;1;3;1;3
536562962;155 736 172;A01;2;7;0;9;2;26;1
536562962;155 736 174;B01;2;1;0;0;7;26;5
536562963;155 736 171;B01;3;7;0;2;4;2;1
536562963;155 736 175;A01;3;7;0;2;1;2;1
536562963;155 736 176;C01;3;7;0;2;4;2;1
536562964;155 736 170;B01;2;7;0;2;1;1;2
536562964;155 736 173;A01;1;1;0;2;1;13;5
536562965;155 736 169;A01;1;33;1;0;1;25;1
536562966;155 736 166;A01;1;33;2;0;1;0;1
536562967;155 736 165;B01;1;1;1;0;8;1;5
536562967;155 736 168;A01;1;7;0;0;8;22;3
536562968;155 736 164;B01;1;7;0;0;8;10;0
536562968;155 736 167;A01;1;14;0;2;1;2;0
536562969;155 736 163;A01;1;7;6;0;1;1;1
536562970;155 736 161;A01;1;10;0;2;3;10;1
536562970;155 736 162;B01;1;33;0;2;2;1;1
536562971;155 736 159;A01;1;7;6;0;2;1;1
536562972;155 736 158;A01;1;7;0;0;6;19;1
536562972;155 736 160;B01;2;33;0;2;1;1;1
536562973;155 736 156;B01;1;1;0;2;1;1;5
536562973;155 736 157;A01;1;1;0;2;1;5;5
536562974;155 736 152;A01;2;7;0;1;1;1;1
536562975;155 736 150;A01;2;10;0;2;4;2;1
536562975;155 736 151;B01;2;7;0;2;4;2;1
536562975;155 736 154;C01;2;7;0;2;4;2;1
536562975;155 736 155;D01;2;7;0;2;1;2;1
536562976;155 736 149;B01;2;1;0;2;8;1;5
536562976;155 736 153;A01;2;14;0;2;2;1;1
536562977;155 736 143;A01;1;7;0;2;4;9;1
536562977;155 736 145;B01;1;7;0;2;1;9;1
536562977;155 736 147;C01;1;7;0;2;1;9;1
536562978;155 736 146;A01;3;10;0;2;1;2;1
536562978;155 736 148;B01;3;7;0;2;4;1;1
536562979;155 736 142;A01;0;7;0;2;3;15;1
536562979;155 736 144;B01;0;1;0;2;1;2;5
536562980;155 736 139;B01;3;50;0;2;0;1;3
536562980;155 736 140;Z01;3;7;0;9;0;1;0
536562981;155 736 137;A01;1;7;0;2;4;2;1
536562981;155 736 138;B01;1;7;0;2;1;2;1
536562981;155 736 141;C01;1;7;0;2;1;2;2
536562982;155 736 136;A01;1;2;0;2;1;13;3
536562983;155 736 132;A01;3;10;0;1;4;4;1
536562984;155 736 133;A01;1;7;0;2;1;1;1
536562984;155 736 135;B01;3;50;0;2;4;1;3
536562985;155 736 131;Z01;1;10;0;2;1;1;0
536562985;155 736 134;A01;1;7;0;2;4;1;1
536562986;155 736 130;A01;1;7;3;0;1;9;1
536562987;155 736 129;A01;2;7;6;0;2;14;1
536562988;155 736 126;A01;2;7;0;2;1;1;1
536562988;155 736 127;B01;2;7;0;2;9;23;1
536562988;155 736 128;C01;2;15;0;0;4;23;1
536562989;155 736 124;A01;3;7;0;1;2;1;1
536562990;155 736 122;C01;2;7;0;2;4;2;1
536562990;155 736 123;A01;2;7;0;2;1;2;1
536562990;155 736 125;B01;2;7;0;2;4;2;1
536562991;155 736 119;A01;2;7;0;2;5;12;1
536562991;155 736 121;B01;2;33;0;2;8;3;1
536562992;155 736 116;B01;2;7;0;2;8;0;1
536562992;155 736 120;A01;2;7;1;2;2;0;1
536562993;155 736 115;A01;3;50;0;2;3;14;3
536562993;155 736 118;B01;3;10;0;9;3;1;1
536562994;155 736 113;A01;1;3;0;2;4;0;1
536562994;155 736 114;B01;1;7;0;2;1;2;1
536562994;155 736 117;C01;1;7;0;2;1;2;2
536562995;155 736 110;B01;3;34;1;0;1;1;3
536562995;155 736 112;A01;3;7;1;0;4;23;1
536562996;155 736 108;A01;1;7;0;2;2;15;1
536562996;155 736 111;B01;1;7;0;2;3;9;1
536562997;155 736 106;B01;2;7;0;2;4;2;1
536562997;155 736 107;A01;2;7;0;2;1;2;1
536562997;155 736 109;C01;2;7;0;2;4;2;1
536562998;155 736 104;A01;3;7;0;1;2;2;2
536562999;155 736 100;A01;1;7;0;2;1;2;1
536562999;155 736 102;B01;1;7;0;2;4;1;1
536563000;155 736 101;C01;2;7;0;2;4;1;1
536563000;155 736 103;B01;2;7;0;2;4;1;1
536563000;155 736 105;A01;2;7;0;2;1;1;1
536563001;155 736 096;A01;1;10;0;2;1;2;1
536563001;155 736 098;B01;1;7;1;0;4;1;2
536563002;155 736 099;A01;1;7;0;1;8;1;1
536563003;155 736 095;A01;0;7;0;2;3;26;1
536563003;155 736 097;B01;0;1;0;2;4;21;5
536563004;155 736 091;B01;2;10;0;2;6;2;1
536563004;155 736 093;C01;2;7;0;2;1;2;1
536563004;155 736 094;A01;2;33;0;2;1;3;1
536563005;155 736 092;A01;1;13;0;1;5;4;1
536563006;155 736 090;A01;0;7;0;0;9;1;1
536563007;155 736 088;A01;1;15;1;2;4;23;1
536563007;155 736 089;B01;1;7;0;2;1;0;1
536563008;155 736 086;A01;1;7;15;0;2;1;1
536563009;155 736 085;B01;2;50;0;2;1;1;3
536563009;155 736 087;A01;1;7;0;2;2;15;1
536563010;155 736 084;A01;1;7;4;0;1;1;1
536563011;155 736 081;B01;1;7;0;2;6;1;2
536563011;155 736 082;A01;1;33;0;2;1;26;1
536563012;155 736 080;A01;1;10;0;1;1;1;1
536563013;155 736 079;A01;1;7;0;9;2;1;0
536563013;155 736 083;B01;2;50;0;2;1;1;3
536563014;155 736 078;A01;1;33;0;0;1;18;1
536563015;155 736 074;A01;1;7;0;2;1;26;1
536563015;155 736 076;B01;1;7;0;2;4;1;1
536563016;155 736 071;A01;2;7;0;1;4;1;1
536563017;155 736 072;A01;3;7;0;2;2;1;1
536563017;155 736 077;B01;2;7;0;2;1;1;1
536563018;155 736 067;B01;2;10;0;2;1;1;1
536563018;155 736 070;A01;2;7;0;2;8;19;1
536563019;155 736 066;A01;1;7;0;1;0;26;0
536563020;155 736 063;A01;1;7;0;2;1;2;1
536563020;155 736 069;C01;1;7;0;2;1;2;1
536563020;155 736 073;D01;1;7;0;2;4;2;1
536563020;155 736 075;B01;1;7;0;2;1;2;2
536563021;155 736 062;B01;2;7;0;2;4;1;1
536563021;155 736 065;A01;1;7;0;2;6;9;1
536563022;155 736 061;C01;1;7;1;2;0;14;0
536563022;155 736 064;A01;1;32;1;0;8;19;0
536563022;155 736 068;D01;1;7;1;2;4;23;1
536563023;155 736 059;A01;1;33;0;2;1;21;1
536563023;155 736 060;B01;1;10;0;0;6;2;1
536563024;155 736 056;B01;1;10;0;2;2;1;1
536563024;155 736 058;A01;1;7;0;2;1;1;2
536563025;155 736 054;A01;0;7;0;2;8;2;1
536563025;155 736 057;B01;0;33;0;2;7;3;1
536563026;155 736 052;B01;2;7;0;2;0;11;1
536563026;155 736 053;A01;2;34;0;2;7;1;1
536563027;155 736 051;B01;3;7;0;2;4;2;1
536563027;155 736 055;A01;3;7;0;2;1;2;1
536563028;155 736 049;A01;1;3;0;1;7;14;0
536563029;155 736 048;A01;2;7;1;0;2;14;1
536563029;155 736 050;C01;2;7;0;0;1;24;1
536563030;155 736 047;A01;1;30;8;0;1;26;1
536563031;155 736 046;A01;2;7;1;1;4;4;2
536563032;155 736 043;B01;1;7;0;2;1;23;1
536563033;155 736 041;A01;0;10;0;0;0;0;1
536563033;155 736 044;B01;3;33;0;2;6;23;1
536563034;155 736 038;A01;1;7;13;2;4;1;1
536563034;155 736 040;B01;1;7;0;2;0;1;1
536563035;155 736 036;A01;3;7;0;2;1;2;1
536563035;155 736 039;B01;3;7;0;2;4;1;1
536563036;155 736 033;A01;3;7;0;2;4;20;1
536563036;155 736 037;B01;3;1;0;2;1;1;5
536563037;155 736 032;B01;1;7;0;2;4;23;1
536563037;155 736 035;A01;1;7;0;2;1;2;1
536563038;155 736 031;B01;2;7;0;2;1;1;1
536563038;155 736 034;A01;1;7;0;2;1;5;1
536563039;155 736 029;A01;1;7;0;2;2;26;2
536563039;155 736 030;B01;1;7;0;2;6;23;1
536563040;155 736 025;A01;2;33;0;0;8;13;1
536563041;155 736 026;A01;1;7;0;1;3;1;1
536563042;155 736 024;A01;1;7;0;2;1;1;1
536563042;155 736 028;B01;1;33;0;2;4;1;1
536563043;155 736 023;B01;2;33;0;0;1;1;1
536563043;155 736 027;A01;1;7;0;0;7;15;2
536563044;155 736 018;A01;2;7;0;1;2;15;1
536563045;155 736 016;A01;1;7;0;0;4;1;1
536563045;155 736 020;B01;1;7;0;2;1;2;0
536563046;155 736 019;A01;1;7;0;2;2;19;1
536563046;155 736 022;B01;1;2;0;2;1;1;1
536563047;155 736 015;A01;2;7;6;0;1;1;1
536563048;155 736 017;B01;1;7;0;2;1;1;1
536563048;155 736 021;A01;1;3;0;2;8;19;1
536563049;155 736 009;A01;1;7;0;2;2;17;1
536563049;155 736 014;B01;1;7;0;2;8;15;1
536563050;155 736 005;A01;3;30;0;2;1;15;1
536563050;155 736 012;B01;3;33;0;2;1;1;1
536563051;155 736 007;B01;3;7;0;2;2;1;2
536563051;155 736 013;A01;3;50;0;2;1;19;3
536563052;155 736 006;A01;2;7;0;2;2;13;1
536563052;155 736 010;B01;1;7;0;2;2;13;1
536563053;155 736 004;A01;1;10;0;2;7;12;1
536563053;155 736 008;B01;1;33;0;2;1;1;1
536563053;155 736 011;C01;1;7;0;2;6;1;1
536563054;155 736 002;B01;2;7;0;2;1;15;1
536563054;155 736 003;A01;1;10;0;2;1;15;1
536563055;155 735 999;A01;1;1;0;1;1;1;5
536563056;155 736 001;A01;2;7;0;1;2;1;1
536563057;155 735 997;B01;3;10;0;2;2;1;1
536563057;155 736 000;A01;3;10;0;2;8;26;1
536563058;155 735 995;A01;2;7;0;2;1;13;1
536563058;155 735 998;B01;1;7;0;2;1;1;1
536563059;155 735 994;A01;2;2;0;2;1;1;1
536563059;155 735 996;B01;1;10;0;2;7;15;1
536563060;155 735 991;A01;2;31;0;2;1;1;1
536563060;155 735 993;B01;2;7;0;2;8;15;2
536563061;155 735 990;A01;1;7;0;0;1;1;1
536563062;155 735 989;B01;2;32;0;0;1;0;1
536563062;155 735 992;A01;2;7;0;2;6;1;2
536563063;155 735 987;A01;2;7;0;2;1;13;1
536563063;155 735 988;B01;1;7;0;2;1;21;1
536563064;155 735 985;A01;1;10;15;0;1;1;1
536563065;155 735 984;A01;1;7;0;2;3;17;1
536563065;155 735 986;B01;2;7;0;2;8;16;1
536563066;155 735 981;A01;1;7;0;2;1;1;1
536563066;155 735 983;B01;1;7;0;2;3;26;1
536563067;155 735 979;A01;2;10;0;2;4;4;1
536563067;155 735 982;B01;2;33;0;0;1;23;1
536563068;155 735 977;A01;1;7;0;2;0;17;1
536563068;155 735 980;B01;2;2;0;2;1;1;1
536563069;155 735 976;A01;2;7;0;2;7;1;1
536563069;155 735 978;B01;1;7;0;2;1;1;1
536563070;155 735 972;A01;2;33;0;2;1;2;1
536563070;155 735 974;B01;2;33;0;2;4;2;1
536563071;155 735 970;A01;0;32;0;0;0;1;1
536563072;155 735 966;A01;0;7;0;9;7;1;0
536563072;155 735 968;B01;0;32;0;2;8;2;0
536563073;155 735 967;A01;3;7;0;1;1;1;1
536563074;155 735 973;A01;1;7;1;2;3;22;1
536563074;155 735 975;B01;1;1;1;0;3;17;5
536563075;155 735 965;A01;1;10;0;1;3;1;1
536563076;155 735 963;A01;1;7;1;1;1;17;1
536563077;155 735 962;B01;2;7;3;0;1;1;1
536563077;155 735 964;A01;2;7;0;0;4;1;1
536563078;155 735 960;A01;1;7;10;0;1;9;1
536563079;155 735 959;A01;2;10;0;1;2;1;1
536563080;155 735 957;A01;1;7;2;0;1;0;2
536563081;155 735 956;A01;1;7;0;2;3;1;1
536563081;155 735 958;B01;2;32;0;2;1;21;1
536563082;155 735 951;A01;1;1;0;2;7;2;5
536563082;155 735 953;B01;1;7;0;2;3;2;1
536563083;155 735 961;A01;2;2;0;0;8;15;1
536563084;155 735 950;A01;2;7;2;0;1;13;1
536563084;155 735 954;B01;1;10;0;0;1;0;1
536563085;155 735 952;A01;2;7;0;2;1;15;1
536563085;155 735 955;B01;1;32;0;2;3;1;1
536563086;155 735 948;A01;2;7;1;0;2;14;1
536563087;155 735 946;A01;1;7;0;2;2;13;1
536563087;155 735 949;B01;2;7;0;2;2;1;1
536563088;155 735 945;Z01;1;7;0;1;1;8;1
536563089;155 735 943;A01;3;2;16;0;8;1;1
536563090;155 735 941;B01;1;7;8;0;5;1;1
536563090;155 735 942;A01;1;7;0;2;2;19;1
536563091;155 735 938;C01;1;7;0;2;1;2;1
536563091;155 735 940;B01;2;7;0;2;4;23;1
536563091;155 735 947;A01;2;2;0;2;1;2;3
536563092;155 735 937;B01;3;32;0;0;8;1;1
536563092;155 735 939;A01;3;7;0;2;8;17;1
536563093;155 735 933;A01;2;2;0;2;1;1;1
536563093;155 735 936;B01;3;7;0;2;3;15;1
536563094;155 735 931;A01;2;7;0;2;1;2;1
536563094;155 735 934;B01;2;7;0;2;4;2;1
536563095;155 735 929;A01;1;7;0;2;2;12;3
536563095;155 735 935;B01;1;31;0;2;3;1;1
536563096;155 735 927;A01;1;7;0;2;1;17;1
536563096;155 735 928;B01;2;7;0;2;1;1;1
536563097;155 735 924;A01;2;7;0;2;3;11;1
536563097;155 735 925;B01;1;50;0;2;1;1;3
536563098;155 735 922;A01;2;7;0;2;6;15;1
536563098;155 735 926;B01;2;33;0;2;1;17;1
536563099;155 735 921;A01;1;7;6;0;1;1;1
536563100;155 735 919;A01;3;1;0;0;1;1;5
536563101;155 735 918;A01;1;32;0;2;1;1;1
536563101;155 735 920;B01;1;10;0;2;6;1;1
536563101;155 735 923;C01;1;7;0;2;6;1;1
536563102;155 735 915;B01;2;1;0;2;1;2;5
536563102;155 735 917;A01;2;10;0;0;4;23;1
536563103;155 735 914;A01;1;7;0;2;1;17;1
536563103;155 735 916;B01;2;7;0;2;1;1;1
536563104;155 735 912;A01;3;7;12;0;3;13;1
536563105;155 735 911;A01;1;32;0;2;2;12;1
536563105;155 735 913;B01;1;31;0;2;8;3;1
536563106;155 735 907;A01;1;7;3;0;1;1;2
536563107;155 735 908;A01;3;7;0;1;2;1;1
536563108;155 735 905;A01;1;33;0;2;3;1;1
536563108;155 735 906;Z01;1;17;0;2;5;12;0
536563109;155 735 903;A01;1;33;0;2;1;2;1
536563109;155 735 904;B01;1;7;0;0;4;2;1
536563110;155 735 900;A01;1;7;2;0;1;0;1
536563111;155 735 901;B01;1;7;0;2;6;0;3
536563111;155 735 902;A01;1;33;0;2;2;1;1
536563112;155 735 898;A01;2;7;2;0;2;2;1
536563113;155 735 896;A01;2;7;0;2;4;1;2
536563113;155 735 897;B01;2;7;0;2;4;1;1
536563113;155 735 899;Z01;2;7;0;2;1;18;0
536563114;155 735 893;A01;1;7;0;1;1;1;1
536563115;155 735 894;A01;2;43;14;0;2;13;1
536563116;155 735 891;Z01;2;33;0;1;2;1;0
536563117;155 735 889;A01;1;7;0;1;2;15;1
536563118;155 735 886;B01;1;3;0;2;1;15;1
536563118;155 735 888;A01;2;7;0;2;3;1;1
536563119;155 735 883;C01;2;7;0;2;1;1;3
536563119;155 735 887;B01;1;10;0;2;5;19;1
536563119;155 735 890;A01;2;7;0;2;1;19;6
536563120;155 735 884;A01;1;2;0;2;3;18;1
536563120;155 735 885;B01;1;7;0;2;5;1;3
536563121;155 735 880;A01;3;1;0;1;1;15;5
536563122;155 735 881;A01;1;1;0;0;1;1;5
536563123;155 735 882;A01;1;7;0;0;9;14;1
536563124;155 735 878;A01;2;7;0;2;4;1;2
536563124;155 735 879;B01;2;7;0;2;1;1;1
536563125;155 735 877;A01;3;30;0;0;0;1;3
536563126;155 735 876;Z01;1;7;0;1;1;1;0
536563127;155 735 874;A01;1;7;3;0;3;21;1
536563128;155 735 873;A01;1;7;0;2;1;15;1
536563128;155 735 875;B01;2;7;0;2;1;1;4
536563129;155 735 871;Z01;1;10;0;1;1;16;0
536563130;155 735 869;A01;3;7;11;2;7;15;1
536563130;155 735 872;B01;3;7;11;2;1;1;1
536563131;155 735 867;A01;1;7;0;2;1;1;1
536563131;155 735 870;B01;1;7;3;2;4;2;4
536563132;155 735 866;A01;1;10;0;2;2;17;1
536563132;155 735 868;B01;1;1;13;2;8;1;5
536563133;155 735 862;A01;1;7;16;0;0;26;1
536563134;155 735 861;A01;2;7;0;2;1;15;1
536563134;155 735 864;B01;1;30;0;2;7;26;1
536563135;155 735 860;A01;1;7;0;1;3;1;1
536563136;155 735 863;A01;1;30;0;2;7;17;1
536563136;155 735 865;B01;1;1;0;2;8;15;5
536563137;155 735 857;A01;1;7;0;1;1;2;1
536563138;155 735 853;B01;1;7;0;2;1;1;1
536563138;155 735 858;A01;1;7;0;2;3;15;1
536563139;155 735 852;B01;2;1;0;2;1;1;5
536563139;155 735 855;A01;2;10;0;2;8;22;1
536563140;155 735 851;A01;2;7;0;2;9;2;1
536563140;155 735 854;C01;2;7;0;2;3;2;1
536563140;155 735 856;B01;2;7;0;2;9;2;1
536563140;155 735 859;D01;2;7;0;2;4;2;1
536563141;155 735 849;B01;2;2;0;2;1;1;1
536563141;155 735 850;A01;1;7;0;2;8;10;1
536563142;155 735 846;A01;1;7;0;1;2;1;1
536563143;155 735 843;B01;2;2;0;2;1;1;1
536563143;155 735 845;A01;1;7;0;2;2;15;1
536563144;155 735 840;B01;1;50;14;0;1;26;3
536563145;155 735 841;C01;1;17;0;2;4;2;1
536563145;155 735 844;A01;1;17;0;2;1;2;1
536563145;155 735 847;B01;1;7;0;2;4;2;1
536563146;155 735 842;EA01;1;7;0;2;2;15;1
536563146;155 735 848;B01;1;7;0;2;3;1;1
536563147;155 735 838;A01;3;33;13;2;7;19;1
536563147;155 735 839;B01;3;7;0;2;1;1;1
536563148;155 735 835;A01;1;7;0;1;3;1;3
536563149;155 735 833;B01;2;7;0;2;1;26;1
536563149;155 735 837;A01;2;7;0;2;2;12;1
536563150;155 735 832;B01;2;10;0;2;0;0;1
536563150;155 735 834;A01;2;7;0;2;0;1;0
536563150;155 735 836;C01;2;7;0;2;0;0;1
536563151;155 735 829;B01;1;10;0;2;1;15;0
536563151;155 735 830;A01;2;31;0;2;1;1;1
536563152;155 735 828;B01;0;7;0;2;7;1;1
536563152;155 735 831;A01;1;7;0;2;1;16;1
536563153;155 735 825;A01;1;14;0;2;2;12;1
536563153;155 735 827;B01;1;7;0;2;6;1;2
536563154;155 735 826;A01;3;7;0;1;2;1;1
536563155;155 735 824;A01;2;7;0;0;9;2;1
536563156;155 735 823;A01;2;7;0;1;2;1;1
536563157;155 735 818;B01;2;1;0;2;8;1;5
536563157;155 735 821;A01;2;10;0;2;7;14;3
536563158;155 735 819;A01;1;33;0;2;1;2;1
536563158;155 735 822;B01;1;10;0;2;5;1;1
536563159;155 735 816;A01;1;2;0;2;1;1;1
536563159;155 735 817;B01;1;2;0;2;1;1;1
536563159;155 735 820;C01;2;0;0;2;0;13;0
536563160;155 735 811;A01;1;50;0;2;1;26;3
536563160;155 735 814;B01;1;7;0;9;4;26;1
536563161;155 735 809;A01;2;7;0;2;1;2;1
536563161;155 735 812;B01;2;7;0;2;1;1;1
536563161;155 735 813;C01;2;7;0;2;4;0;1
536563162;155 735 808;A01;2;37;13;0;2;1;1
536563163;155 735 805;A01;3;7;1;1;1;1;1
536563164;155 735 804;D01;1;7;0;2;1;1;1
536563164;155 735 807;B01;1;7;0;2;4;1;1
536563164;155 735 810;C01;1;7;0;2;4;1;1
536563164;155 735 815;A01;1;7;0;2;1;1;1
536563165;155 735 802;A01;2;33;0;2;1;3;1
536563165;155 735 806;B01;2;10;0;2;5;11;1
536563166;155 735 800;A01;1;99;0;1;3;0;0
536563167;155 735 801;B01;3;7;0;2;3;15;1
536563167;155 735 803;A01;3;33;0;2;2;1;1
536563168;155 735 797;A01;1;7;17;0;2;1;2
536563169;155 735 794;A01;1;7;0;2;1;2;1
536563169;155 735 798;B01;1;7;9;2;4;2;1
536563169;155 735 799;C01;1;7;0;2;4;2;2
536563170;155 735 792;B01;1;17;0;0;4;1;1
536563170;155 735 795;A01;1;10;0;2;1;2;1
536563171;155 735 790;B01;2;10;0;2;4;26;1
536563171;155 735 793;A01;2;7;0;2;1;26;0
536563171;155 735 796;C01;1;50;0;2;8;23;3
536563172;155 735 789;B01;0;7;0;2;0;0;0
536563172;155 735 791;A01;0;32;0;2;0;0;1
536563173;155 735 786;A01;2;7;0;1;1;1;1
536563174;155 735 785;B01;3;50;14;1;7;26;3
536563175;155 735 782;A01;2;7;0;2;3;15;1
536563175;155 735 783;B01;1;33;0;2;3;1;1
536563176;155 735 779;A01;2;7;0;2;2;17;1
536563176;155 735 781;B01;2;1;0;2;8;1;5
536563177;155 735 778;A01;0;7;0;0;0;26;1
536563178;155 735 776;B01;2;7;0;9;6;2;1
536563178;155 735 777;D01;1;7;0;9;1;0;1
536563178;155 735 780;A01;2;33;0;2;9;18;1
536563178;155 735 784;C01;2;7;0;9;2;1;2
536563179;155 735 773;A01;1;10;0;2;4;4;1
536563179;155 735 775;B01;1;30;0;2;1;2;1
536563180;155 735 771;A01;1;7;0;2;1;5;1
536563180;155 735 774;B01;2;15;0;2;3;1;1
536563181;155 735 769;A01;2;14;0;0;0;23;1
536563181;155 735 772;B01;1;2;0;0;0;14;3
536563182;155 735 767;A01;1;33;9;0;2;2;0
536563183;155 735 765;B01;1;33;0;2;1;17;1
536563183;155 735 768;A01;1;7;0;2;3;10;1
536563184;155 735 763;A01;1;10;0;2;1;14;1
536563184;155 735 766;B01;1;7;0;2;4;23;1
536563185;155 735 762;A01;2;7;0;2;1;1;2
536563185;155 735 764;B01;2;7;0;2;3;1;2
536563186;155 735 758;B01;2;7;0;2;8;1;1
536563186;155 735 761;A01;1;7;0;2;3;17;1
536563187;155 735 757;B01;1;2;0;2;4;1;1
536563187;155 735 760;A01;1;2;0;2;1;1;1
536563188;155 735 750;A01;1;7;16;0;6;11;1
536563188;155 735 754;B01;2;2;0;2;7;1;1
536563189;155 735 753;B01;2;50;0;2;7;1;3
536563189;155 735 755;A01;2;10;0;2;1;9;1
536563190;155 735 752;C01;1;7;0;2;5;1;1
536563190;155 735 756;A01;1;7;3;2;1;18;1
536563190;155 735 759;B01;1;7;0;2;4;1;2
536563191;155 735 749;A01;3;30;0;2;8;15;3
536563191;155 735 751;Z01;3;7;0;2;0;15;0
536563192;155 735 746;A01;2;30;0;2;1;1;1
536563192;155 735 748;B01;2;7;0;2;2;16;1
536563193;155 735 743;B01;3;50;0;2;1;17;3
536563193;155 735 747;A01;3;10;0;2;8;15;1
536563194;155 735 741;A01;1;15;0;2;2;12;1
536563194;155 735 744;B01;1;7;0;2;8;2;1
536563195;155 735 740;A01;3;7;0;2;1;13;1