Num_Acc;id_vehicule;num_veh;senc;catv;obs;obsm;choc;manv;motor
536564419;155 733 587;A01;1;34;0;2;1;2;1
536564419;155 733 589;B01;1;7;0;2;4;2;1
536564420;155 733 584;A01;3;7;0;1;1;1;1
536564420;155 733 585;B01;3;7;0;2;1;1;1
536564421;155 733 583;A01;1;7;0;1;3;16;1
536564422;155 733 582;A01;1;7;12;0;3;13;1
536564423;155 733 578;A01;2;10;0;2;1;15;1
536564423;155 733 580;B01;1;33;0;2;1;1;1
536564424;155 733 577;A01;3;1;0;2;7;1;5
536564424;155 733 581;B01;3;7;0;2;2;9;1
536564425;155 733 576;B01;2;99;0;0;0;0;0
536564425;155 733 579;A01;2;7;0;2;7;9;0
536564426;155 733 574;A01;3;1;0;2;7;1;5
536564426;155 733 575;Z01;1;30;0;2;1;18;0
536564427;155 733 572;A01;1;7;12;0;2;20;1
536564428;155 733 571;B01;3;7;0;2;1;2;1
536564428;155 733 573;A01;3;7;0;2;8;15;1
536564429;155 733 568;A01;2;7;0;2;2;10;1
536564429;155 733 569;B01;2;7;0;2;3;23;1
536564430;155 733 567;B01;0;37;0;2;1;1;1
536564430;155 733 570;A01;0;7;0;2;7;0;1
536564431;155 733 566;A01;1;7;0;1;1;19;1
536564432;155 733 564;A01;0;7;0;1;1;23;1
536564433;155 733 563;A01;1;7;0;1;6;4;1
536564434;155 733 562;A01;2;30;0;2;8;10;1
536564434;155 733 565;B01;1;7;0;2;1;1;1
536564435;155 733 559;A01;3;7;0;2;4;23;1
536564435;155 733 561;B01;1;7;0;2;1;2;1
536564436;155 733 560;A01;3;37;0;1;2;15;2
536564437;155 733 556;B01;1;60;0;2;1;19;5
536564437;155 733 557;A01;2;7;0;2;8;16;1
536564438;155 733 552;A01;3;7;0;2;2;16;1
536564438;155 733 553;B01;3;50;0;2;1;1;3
536564439;155 733 551;C01;2;7;0;2;0;2;1
536564439;155 733 555;A01;2;7;0;2;1;2;1
536564439;155 733 558;B01;2;7;0;2;4;2;1
536564440;155 733 550;B01;2;2;0;2;1;1;1
536564440;155 733 554;A01;1;10;16;2;8;15;1
536564441;155 733 549;A01;1;33;12;1;1;1;1
536564442;155 733 547;Z01;2;0;0;1;1;2;1
536564443;155 733 546;A01;1;39;0;1;1;26;2
536564444;155 733 544;B01;3;33;0;2;1;1;0
536564444;155 733 548;A01;3;7;0;2;1;15;1
536564445;155 733 541;A01;1;7;2;0;1;1;1
536564446;155 733 538;A01;1;10;0;1;1;1;1
536564447;155 733 539;A01;1;7;13;0;9;1;1
536564448;155 733 537;A01;1;7;0;2;4;1;1
536564448;155 733 540;C01;1;7;0;2;1;0;1
536564448;155 733 542;B01;1;7;0;2;4;0;1
536564449;155 733 536;A01;1;3;0;1;2;13;3
536564450;155 733 534;A01;2;7;0;1;2;9;1
536564451;155 733 533;A01;3;30;0;2;1;1;1
536564451;155 733 535;B01;3;7;0;2;8;1;1
536564452;155 733 531;A01;3;7;0;1;0;26;0
536564453;155 733 530;A01;1;7;0;2;1;2;1
536564453;155 733 532;B01;1;7;0;2;4;2;1
536564454;155 733 529;A01;1;10;0;1;1;0;1
536564455;155 733 526;B01;3;7;0;2;3;15;0
536564455;155 733 528;A01;1;32;0;2;3;1;1
536564456;155 733 525;A01;3;7;0;2;1;1;1
536564456;155 733 527;B01;3;7;0;2;6;15;1
536564457;155 733 524;A01;3;7;0;9;1;15;1
536564458;155 733 522;A01;0;50;0;0;0;1;3
536564459;155 733 518;A01;2;50;0;2;1;1;3
536564459;155 733 519;B01;2;7;0;2;6;23;1
536564460;155 733 516;B01;1;2;0;0;0;0;1
536564460;155 733 520;A01;3;10;0;2;3;15;1
536564461;155 733 514;A01;1;7;0;1;5;17;1
536564462;155 733 512;A01;1;10;6;0;1;13;1
536564463;155 733 510;A01;0;31;0;0;7;1;1
536564464;155 733 507;A01;3;50;0;9;4;0;3
536564464;155 733 509;B01;3;50;0;9;1;1;3
536564465;155 733 511;B01;1;30;0;2;4;2;1
536564465;155 733 513;C01;1;7;0;2;4;2;1
536564465;155 733 515;E01;1;7;0;2;4;2;0
536564465;155 733 517;A01;1;38;0;2;1;2;1
536564465;155 733 521;D01;1;3;0;2;4;2;1
536564465;155 733 523;F01;1;7;0;2;4;2;1
536564466;155 733 506;A01;1;7;0;2;1;15;1
536564466;155 733 508;B01;2;2;0;2;3;1;1
536564467;155 733 505;A01;0;7;0;1;1;1;1
536564468;155 733 500;A01;0;7;0;1;1;1;1
536564469;155 733 502;A01;0;99;0;2;3;11;1
536564469;155 733 504;B01;1;7;0;2;1;1;1
536564470;155 733 501;A01;2;10;0;2;5;16;1
536564471;155 733 499;A01;1;1;0;2;0;0;5
536564471;155 733 503;B01;2;7;0;2;5;0;1
536564472;155 733 496;A01;3;10;0;1;4;20;1
536564473;155 733 495;A01;1;7;0;2;1;26;1
536564473;155 733 497;B01;2;7;0;2;2;1;1
536564474;155 733 494;A01;0;60;0;2;1;1;5
536564474;155 733 498;B01;0;7;0;2;1;1;1
536564475;155 733 492;A01;3;7;0;2;1;15;1
536564475;155 733 493;B01;3;2;0;2;1;1;1
536564476;155 733 491;A01;1;7;0;1;1;1;6
536564477;155 733 489;A01;1;7;0;1;4;20;1
536564478;155 733 486;A01;2;7;0;0;2;1;1
536564478;155 733 490;B01;1;7;0;2;1;1;1
536564479;155 733 484;B01;1;2;0;2;8;1;1
536564479;155 733 487;A01;3;7;0;2;2;9;1
536564480;155 733 482;B01;3;7;0;0;4;2;1
536564480;155 733 483;A01;3;33;0;2;1;2;1
536564481;155 733 479;A01;3;10;3;2;1;1;1
536564481;155 733 480;B01;3;7;16;2;4;9;1
536564482;155 733 478;A01;2;7;0;2;1;15;1
536564482;155 733 481;B01;1;33;0;2;1;1;1
536564483;155 733 473;A01;1;3;0;1;2;26;0
536564485;155 733 472;B01;1;31;0;2;1;18;1
536564485;155 733 475;A01;1;31;0;2;1;16;1
536564486;155 733 470;B01;2;2;0;2;7;1;1
536564486;155 733 476;A01;1;7;0;2;2;15;1
536564487;155 733 465;A01;3;7;0;2;3;9;1
536564487;155 733 468;B01;3;7;0;0;0;0;1
536564488;155 733 464;A01;3;7;0;2;3;0;1
536564488;155 733 469;B01;3;2;0;2;5;17;1
536564489;155 733 462;B01;2;7;0;2;3;1;1
536564489;155 733 467;A01;1;1;0;2;1;1;5
536564490;155 733 463;A01;1;7;0;2;4;1;3
536564490;155 733 466;B01;1;7;0;2;1;1;1
536564491;155 733 461;A01;3;7;0;1;1;1;1
536564492;155 733 457;A01;1;10;0;2;1;15;1
536564492;155 733 460;B01;2;1;0;2;8;1;5
536564493;155 733 456;A01;2;7;0;2;3;15;1
536564493;155 733 459;B01;1;2;0;2;1;1;1
536564494;155 733 455;A01;1;7;0;2;1;2;1
536564494;155 733 458;B01;1;10;0;2;4;1;1
536564495;155 733 454;A01;1;7;0;1;1;1;1
536564496;155 733 451;A01;1;10;0;1;2;21;1
536564497;155 733 450;B01;0;2;0;2;1;1;1
536564497;155 733 452;A01;0;7;0;2;1;16;1
536564498;155 733 449;A01;2;7;0;2;2;19;1
536564498;155 733 453;B01;1;1;0;2;1;1;5
536564499;155 733 448;A01;2;30;11;0;1;16;1
536564500;155 733 447;A01;3;7;0;1;3;1;1
536564501;155 733 446;A01;3;7;0;1;8;2;1
536564502;155 733 444;A01;2;7;0;2;3;15;1
536564502;155 733 445;B01;2;50;0;2;1;1;3
536564503;155 733 442;A01;3;33;5;0;1;1;1
536564504;155 733 440;A01;2;7;0;2;3;9;1
536564504;155 733 443;B01;1;7;0;2;1;1;1
536564505;155 733 439;B01;3;7;0;2;4;2;1
536564505;155 733 441;A01;3;7;0;2;1;2;1
536564506;155 733 436;A01;2;10;0;2;1;1;1
536564506;155 733 438;B01;2;7;0;2;4;1;1
536564507;155 733 435;B01;3;7;0;2;1;1;1
536564507;155 733 437;A01;1;7;0;2;3;16;1
536564508;155 733 434;A01;3;7;0;1;3;1;1
536564509;155 733 430;A01;3;7;0;2;1;2;1
536564509;155 733 431;D01;3;10;0;2;4;2;1
536564509;155 733 433;B01;3;7;0;2;4;2;1
536564510;155 733 429;A01;1;7;0;2;7;1;1
536564510;155 733 432;B01;2;32;0;2;1;15;1
536564511;155 733 427;A01;0;7;0;1;1;1;1
536564512;155 733 426;A01;1;7;0;2;1;2;1
536564512;155 733 428;B01;1;10;0;2;4;2;1
536564513;155 733 424;A01;1;10;0;1;1;2;1
536564514;155 733 421;A01;1;7;0;2;1;2;1
536564514;155 733 425;B01;1;7;0;0;4;1;1
536564515;155 733 419;A01;1;7;0;2;5;1;1
536564515;155 733 422;Z01;1;50;0;2;1;1;3
536564516;155 733 420;B01;2;7;0;2;1;1;3
536564516;155 733 423;A01;1;7;0;2;7;15;1
536564517;155 733 417;A01;2;10;0;1;1;1;1
536564518;155 733 415;A01;2;7;0;2;1;0;1
536564518;155 733 416;B01;0;7;0;2;1;0;1
536564519;155 733 413;A01;0;7;0;2;1;15;1
536564519;155 733 418;B01;0;7;0;2;3;1;1
536564520;155 733 412;B01;2;7;0;2;0;0;0
536564520;155 733 414;A01;2;7;0;2;2;1;1
536564521;155 733 409;A01;3;7;2;0;1;9;1
536564522;155 733 408;A01;1;33;0;0;1;17;1
536564523;155 733 407;B01;1;7;0;2;3;1;1
536564523;155 733 410;C01;1;7;0;2;3;1;1
536564523;155 733 411;A01;1;7;0;2;1;13;1
536564524;155 733 406;A01;1;7;9;0;3;13;1
536564525;155 733 405;A01;1;33;14;0;1;16;1
536564526;155 733 402;A01;1;7;0;2;0;15;1
536564526;155 733 404;B01;2;2;0;2;0;1;1
536564527;155 733 401;A01;1;7;0;2;2;9;3
536564527;155 733 403;B01;1;31;0;2;1;1;1
536564528;155 733 400;A01;2;33;0;0;8;26;1
536564529;155 733 397;B01;1;7;0;2;5;4;1
536564529;155 733 398;A01;1;10;0;2;2;1;1
536564530;155 733 396;Z01;1;10;0;1;1;1;6
536564531;155 733 399;A01;1;7;0;1;2;1;1
536564532;155 733 393;A01;2;7;1;0;2;14;1
536564532;155 733 395;B01;3;7;0;0;8;24;1
536564533;155 733 389;B01;1;7;0;2;4;1;1
536564533;155 733 392;A01;1;7;0;2;4;1;1
536564533;155 733 394;C01;1;7;0;2;1;1;1
536564534;155 733 388;A01;1;7;1;2;8;22;1
536564534;155 733 391;B01;1;1;1;0;1;1;5
536564535;155 733 386;A01;3;7;0;2;3;19;1
536564535;155 733 390;B01;3;30;0;2;1;17;1
536564536;155 733 385;B01;3;50;0;2;8;1;3
536564536;155 733 387;A01;3;7;0;9;7;16;0
536564537;155 733 383;A01;2;7;0;1;1;1;1
536564538;155 733 382;B01;2;7;0;2;8;1;1
536564538;155 733 384;A01;2;7;0;2;1;1;1
536564539;155 733 380;A01;1;30;2;0;1;13;1
536564540;155 733 381;A01;3;7;0;1;1;2;1
536564541;155 733 378;A01;1;7;0;1;2;1;1
536564542;155 733 376;A01;2;7;0;1;1;1;6
536564543;155 733 371;C01;2;7;0;2;6;1;1
536564543;155 733 373;B01;1;32;0;2;1;17;1
536564543;155 733 375;Z01;2;7;0;2;0;0;0
536564544;155 733 370;A01;3;7;0;2;1;2;1
536564544;155 733 374;B01;3;50;0;2;1;0;3
536564545;155 733 369;A01;2;1;0;2;8;19;5
536564545;155 733 372;B01;1;7;0;2;1;2;1
536564546;155 733 365;A01;3;7;0;1;1;1;1
536564547;155 733 364;B01;3;33;0;2;3;1;1
536564547;155 733 367;A01;3;7;0;2;2;15;1
536564548;155 733 366;B01;3;50;0;2;2;1;3
536564548;155 733 368;A01;2;3;0;2;3;1;0
536564549;155 733 363;A01;1;7;0;1;1;1;1
536564550;155 733 361;A01;2;7;0;1;4;26;1
536564551;155 733 360;A01;1;7;0;2;4;2;1
536564551;155 733 362;B01;1;7;0;2;1;2;1
536564552;155 733 357;A01;3;7;0;2;3;15;0
536564552;155 733 359;B01;3;2;0;2;1;17;1
536564553;155 733 354;A01;1;7;1;2;1;1;1
536564553;155 733 356;B01;2;37;0;2;1;1;1
536564554;155 733 358;A01;2;7;0;1;1;1;1
536564555;155 733 353;B01;0;43;0;2;7;1;1
536564555;155 733 355;A01;3;7;0;2;1;15;2
536564556;155 733 349;A01;2;31;0;2;1;1;1
536564556;155 733 351;B01;2;7;0;9;4;2;1
536564557;155 733 350;B01;2;7;0;2;0;0;0
536564557;155 733 352;A01;2;1;0;2;4;19;5
536564558;155 733 348;A01;2;7;0;1;2;26;3
536564559;155 733 346;A01;3;32;12;0;2;14;1
536564560;155 733 347;A01;3;50;0;1;1;5;3
536564561;155 733 345;A01;3;7;0;1;7;9;1
536564562;155 733 344;A01;3;30;1;0;1;26;1
536564563;155 733 342;B01;3;7;0;1;0;2;2
536564564;155 733 340;B01;1;60;0;0;0;0;5
536564564;155 733 343;A01;1;7;0;2;0;0;1
536564565;155 733 341;A01;3;33;0;9;8;1;1
536564566;155 733 336;Z01;1;7;0;2;1;2;1
536564566;155 733 339;B01;1;7;0;2;5;1;1
536564567;155 733 333;A01;3;1;0;2;5;2;5
536564567;155 733 338;B01;3;7;0;2;2;1;1
536564568;155 733 332;A01;1;13;0;1;2;16;1
536564569;155 733 331;A01;3;2;0;2;0;0;1
536564569;155 733 334;B01;3;10;0;2;0;0;1
536564570;155 733 330;Z01;1;7;0;1;0;1;0
536564571;155 733 329;A01;1;7;0;1;7;1;1
536564572;155 733 326;A01;1;1;0;2;0;1;5
536564572;155 733 328;B01;1;1;0;2;1;1;5
536564573;155 733 323;B01;3;50;0;2;1;1;3
536564573;155 733 325;A01;3;7;0;2;7;14;1
536564574;155 733 324;A01;1;7;0;2;6;15;1
536564574;155 733 327;B01;2;7;1;2;3;1;0
536564575;155 733 321;B01;3;1;0;2;8;19;5
536564575;155 733 322;A01;2;7;0;2;3;0;1
536564576;155 733 319;B01;1;7;0;1;2;1;2
536564577;155 733 317;A01;2;33;0;0;7;0;1
536564578;155 733 318;B01;2;7;0;2;8;1;1
536564578;155 733 320;A01;1;7;0;2;8;13;1
536564579;155 733 315;A01;3;30;0;2;0;21;1
536564579;155 733 316;B01;3;30;0;2;0;10;1
536564580;155 733 312;A01;1;2;0;2;1;7;1
536564580;155 733 314;B01;1;7;0;9;2;16;2
536564581;155 733 311;A01;1;31;0;2;1;14;3
536564581;155 733 313;B01;1;7;0;2;5;1;2
536564582;155 733 310;A01;1;7;0;1;1;1;1
536564583;155 733 306;A01;2;7;15;0;1;26;2
536564584;155 733 304;A01;1;33;0;2;3;2;1
536564585;155 733 302;C01;3;7;0;2;4;23;1
536564585;155 733 305;Z01;3;7;0;2;1;19;1
536564585;155 733 308;B01;3;7;0;2;3;23;1
536564585;155 733 309;A01;3;7;0;2;7;1;1
536564586;155 733 301;B01;1;14;0;2;5;1;1
536564586;155 733 303;A01;1;10;0;2;3;2;1
536564587;155 733 300;A01;1;7;0;1;1;19;1
536564588;155 733 296;A01;1;7;9;0;1;5;1
536564589;155 733 297;A01;2;2;0;2;7;1;1
536564590;155 733 295;B01;3;31;0;2;7;15;3
536564590;155 733 299;A01;3;13;0;2;8;15;1
536564591;155 733 292;A01;1;7;0;2;3;1;1
536564591;155 733 294;B01;1;80;0;2;1;1;3
536564592;155 733 291;A01;1;34;0;2;3;1;0
536564592;155 733 293;B01;3;7;0;2;2;1;1
536564593;155 733 290;A01;2;33;8;0;0;1;1
536564594;155 733 287;A01;1;33;12;0;2;1;1
536564595;155 733 288;B01;3;33;0;2;1;2;1
536564595;155 733 289;A01;3;7;0;2;6;2;1
536564596;155 733 286;A01;3;7;0;1;1;1;1
536564597;155 733 285;A01;1;7;0;1;1;0;1
536564598;155 733 282;A01;1;7;0;0;6;2;1
536564598;155 733 284;B01;1;33;0;0;2;0;1
536564599;155 733 281;A01;1;31;0;2;1;1;1
536564599;155 733 283;B01;1;1;0;2;8;19;5
536564600;155 733 280;A01;1;7;0;1;3;1;1
536564601;155 733 276;A01;3;32;0;2;1;1;1
536564601;155 733 278;B01;3;7;0;2;7;15;1
536564602;155 733 277;A01;2;10;0;1;1;1;1
536564603;155 733 273;B01;0;2;0;2;1;13;1
536564603;155 733 275;A01;0;7;0;2;3;1;1
536564604;155 733 274;B01;3;7;0;2;8;1;1
536564604;155 733 279;A01;3;7;0;2;1;0;1
536564605;155 733 270;A01;1;7;0;0;1;1;1
536564606;155 733 271;A01;1;30;0;0;0;1;1
536564607;155 733 269;A01;1;10;0;1;7;1;0
536564608;155 733 268;A01;1;1;0;2;1;1;5
536564608;155 733 272;B01;2;1;0;2;1;13;5
536564609;155 733 264;B01;3;10;0;2;4;1;1
536564609;155 733 267;A01;3;10;0;2;1;2;1
536564610;155 733 260;A01;3;7;0;2;2;16;1
536564610;155 733 263;B01;3;1;0;2;6;1;5
536564611;155 733 262;B01;2;7;0;0;4;1;1
536564611;155 733 266;A01;2;1;0;2;1;1;5
536564612;155 733 261;A01;2;7;0;0;8;9;0
536564612;155 733 265;B01;2;7;0;0;2;1;0
536564613;155 733 258;B01;1;7;0;2;1;1;1
536564613;155 733 259;A01;2;10;0;2;1;13;1
536564614;155 733 257;A01;2;7;0;1;1;1;1
536564615;155 733 254;A01;1;30;0;2;3;11;1
536564615;155 733 255;B01;1;7;0;2;2;1;1
536564616;155 733 256;A01;1;1;0;1;8;1;5
536564617;155 733 250;A01;1;1;0;2;1;1;5
536564617;155 733 252;B01;2;1;0;2;1;1;5
536564618;155 733 249;B01;3;50;0;2;1;1;3
536564618;155 733 253;A01;3;10;0;2;3;1;1
536564619;155 733 248;A01;1;1;0;2;1;1;5
536564620;155 733 247;B01;2;40;0;2;2;1;0
536564620;155 733 251;A01;2;7;0;4;3;15;1
536564621;155 733 244;B01;0;30;0;2;2;17;1
536564621;155 733 246;A01;0;7;0;0;8;15;1
536564622;155 733 242;A01;1;7;0;2;6;11;1
536564622;155 733 245;B01;1;33;0;2;1;2;1
536564623;155 733 243;A01;1;30;0;0;0;0;1
536564624;155 733 241;A01;0;7;0;1;2;1;1
536564625;155 733 240;A01;2;7;4;0;2;1;1
536564626;155 733 239;A01;3;13;1;1;6;15;1
536564627;155 733 237;A01;0;1;0;0;0;0;5
536564628;155 733 235;B01;2;34;0;2;7;1;1
536564628;155 733 238;A01;0;7;0;2;1;15;1
536564629;155 733 232;A01;1;50;0;2;1;16;3
536564629;155 733 236;B01;0;7;0;9;3;15;2
536564630;155 733 230;B01;1;33;0;2;1;1;1
536564630;155 733 234;A01;2;1;0;2;3;1;5
536564631;155 733 229;C01;0;7;0;2;4;1;1
536564631;155 733 231;B01;0;7;0;2;4;1;1
536564631;155 733 233;A01;0;10;0;2;1;1;1
536564632;155 733 225;B01;2;1;0;9;8;11;5
536564632;155 733 227;A01;2;32;0;9;7;2;1
536564633;155 733 226;B01;1;50;0;2;1;7;3
536564633;155 733 228;A01;1;7;0;2;7;16;2
536564634;155 733 224;A01;1;31;12;0;7;14;1
536564635;155 733 222;B01;1;50;0;0;0;26;3
536564636;155 733 221;A01;3;13;0;2;1;16;1
536564636;155 733 223;B01;3;7;0;0;0;0;0
536564637;155 733 219;B01;0;10;0;2;7;2;1
536564638;155 733 218;A01;2;50;0;0;0;1;3
536564639;155 733 217;A01;0;7;0;2;3;10;1
536564639;155 733 220;B01;0;33;0;2;7;1;1
536564640;155 733 216;A01;1;7;15;0;1;12;1
536564641;155 733 211;A01;1;32;0;2;1;14;1
536564641;155 733 212;B01;1;7;0;2;7;15;2
536564642;155 733 209;B01;0;10;0;2;3;1;1
536564642;155 733 213;A01;0;7;0;2;2;1;1
536564643;155 733 206;A01;1;10;0;2;1;2;1
536564643;155 733 207;B01;2;7;0;2;4;1;1
536564644;155 733 205;A01;1;32;0;0;8;15;1
536564645;155 733 203;A01;1;7;0;2;3;0;1
536564645;155 733 204;B01;2;7;0;2;2;9;1
536564646;155 733 200;A01;3;7;0;2;3;15;2
536564646;155 733 201;B01;3;34;0;2;2;26;1
536564647;155 733 199;A01;1;30;0;2;7;1;1
536564647;155 733 202;B01;1;7;0;2;1;1;2
536564648;155 733 197;A01;3;7;0;2;1;2;1
536564648;155 733 198;B01;3;10;0;1;1;23;1
536564649;155 733 195;A01;1;7;0;2;0;0;0
536564649;155 733 196;B01;1;2;1;0;0;0;0
536564650;155 733 194;A01;0;7;0;1;1;15;1
536564651;155 733 192;A01;2;2;12;0;1;1;1
536564652;155 733 193;A01;3;30;0;1;0;0;1
536564653;155 733 190;B01;3;7;0;2;8;1;1
536564653;155 733 191;A01;3;7;0;2;1;1;1
536564654;155 733 189;A01;0;7;0;1;3;15;1
536564655;155 733 185;B01;1;7;0;2;3;9;3
536564655;155 733 187;A01;1;7;9;2;2;21;1
536564656;155 733 186;A01;1;7;0;2;1;17;1
536564656;155 733 188;B01;2;1;0;2;1;0;5
536564657;155 733 183;A01;1;7;0;1;1;1;1
536564658;155 733 182;A01;2;7;0;2;1;13;1
536564658;155 733 184;B01;1;7;0;2;1;1;1
536564659;155 733 179;A01;3;7;0;1;3;15;1
536564660;155 733 180;A01;3;7;0;2;6;5;1
536564660;155 733 181;B01;2;7;0;2;1;1;1
536564661;155 733 175;A01;0;7;0;2;6;19;1
536564661;155 733 177;B01;0;43;0;2;1;1;1
536564662;155 733 176;A01;2;7;4;2;2;1;1
536564662;155 733 178;B01;2;15;0;2;3;1;1
536564663;155 733 172;A01;1;37;0;2;1;1;1
536564663;155 733 174;B01;2;10;0;2;1;5;1
536564664;155 733 170;B01;1;43;0;2;4;26;1
536564664;155 733 173;A01;1;7;0;2;1;2;2
536564665;155 733 169;A01;1;7;0;2;2;15;1
536564665;155 733 171;B01;2;7;0;2;1;1;1
536564666;155 733 167;A01;2;7;8;1;7;23;0
536564667;155 733 164;A01;1;7;12;0;8;1;1
536564668;155 733 165;C01;2;7;0;2;4;2;1
536564668;155 733 166;A01;2;7;0;2;1;2;1
536564668;155 733 168;B01;2;7;0;2;1;2;1
536564669;155 733 162;A01;2;33;0;1;3;1;1
536564670;155 733 160;B01;1;10;1;2;1;1;1
536564670;155 733 161;D01;1;7;0;2;3;0;1
536564670;155 733 163;A01;3;10;0;2;6;9;1
536564671;155 733 158;A01;0;30;0;2;7;19;1
536564671;155 733 159;B01;0;7;0;0;0;0;0
536564672;155 733 156;B01;1;7;0;2;3;1;1
536564672;155 733 157;A01;1;7;0;2;2;1;1
536564673;155 733 153;B01;2;34;0;2;1;9;1
536564673;155 733 155;A01;2;1;0;2;4;14;5
536564674;155 733 150;A01;2;33;0;2;3;3;1
536564674;155 733 151;B01;2;7;0;2;5;12;2
536564675;155 733 149;B01;1;7;0;2;0;0;0
536564675;155 733 152;A01;1;37;0;2;1;26;0
536564675;155 733 154;C01;1;7;0;2;3;1;0
536564676;155 733 148;A01;2;31;0;0;7;2;1
536564677;155 733 146;A01;2;37;0;2;2;1;1
536564677;155 733 147;B01;2;1;0;0;0;0;5
536564678;155 733 144;A01;2;32;0;2;8;3;1
536564678;155 733 145;B01;2;7;0;2;7;2;0
536564679;155 733 143;B01;1;50;0;2;8;0;3
536564680;155 733 139;A01;2;33;0;1;2;0;1
536564681;155 733 138;A01;2;13;0;2;3;1;1
536564681;155 733 140;B01;2;7;0;2;4;1;1
536564681;155 733 141;C01;2;33;0;2;8;1;1
536564682;155 733 136;B01;1;1;0;2;1;17;5
536564682;155 733 137;A01;1;7;0;9;8;10;1
536564683;155 733 134;A01;3;7;0;1;1;0;1
536564684;155 733 133;A01;2;7;0;2;4;4;1
536564684;155 733 135;Y01;2;60;0;2;8;19;5
536564685;155 733 131;A01;1;10;0;1;1;1;1
536564686;155 733 132;A01;1;10;0;1;3;15;1
536564687;155 733 129;A01;1;7;0;2;2;1;1
536564687;155 733 130;B01;1;43;0;2;8;16;1
536564688;155 733 128;A01;2;10;0;1;2;11;1
536564689;155 733 127;A01;1;7;3;0;1;17;1
536564690;155 733 126;A01;1;7;0;1;7;1;3
536564691;155 733 121;A01;2;32;0;2;1;3;1
536564691;155 733 123;B01;2;10;0;2;5;1;3
536564692;155 733 119;B01;1;7;1;0;1;2;1
536564692;155 733 120;C01;1;7;1;0;1;1;1
536564692;155 733 122;D01;1;7;1;0;3;1;1
536564692;155 733 124;E01;1;7;0;2;8;2;2
536564692;155 733 125;A01;1;7;4;0;1;6;1
536564693;155 733 117;A01;2;7;0;2;1;1;1
536564693;155 733 118;B01;2;7;0;2;4;1;1
536564694;155 733 116;A01;2;1;0;0;0;1;5
536564695;155 733 115;A01;2;10;0;1;2;1;1
536564696;155 733 113;A01;1;2;15;0;1;1;1
536564696;155 733 114;B01;1;7;0;0;3;15;1
536564697;155 733 109;B01;1;7;0;2;2;2;1
536564697;155 733 111;A01;1;7;0;2;8;9;1
536564698;155 733 110;A01;1;20;0;2;2;20;3
536564698;155 733 112;B01;1;30;0;2;3;2;1
536564699;155 733 108;A01;0;2;0;0;8;0;1
536564700;155 733 106;A01;3;7;0;0;8;16;1
536564701;155 733 107;A01;1;7;0;1;1;2;3
536564702;155 733 104;A01;2;7;0;2;6;15;1
536564702;155 733 105;B01;2;33;0;2;1;17;1
536564703;155 733 101;A01;2;80;0;0;4;1;3
536564703;155 733 102;B01;2;7;0;0;1;2;0
536564704;155 733 100;B01;1;32;0;2;8;9;1
536564704;155 733 103;A01;1;60;0;2;7;9;5
536564705;155 733 098;A01;1;10;0;1;2;16;1
536564706;155 733 097;B01;3;1;0;2;1;26;5
536564706;155 733 099;A01;2;7;0;2;3;1;1
536564707;155 733 096;A01;1;1;0;1;1;21;5
536564708;155 733 094;Z01;2;32;0;1;1;1;1
536564709;155 733 092;A01;1;7;0;2;2;15;1
536564709;155 733 093;B01;2;7;0;2;1;1;1
536564709;155 733 095;C01;2;10;0;2;2;1;1
536564710;155 733 091;A01;1;1;0;0;1;1;5
536564711;155 733 090;A01;1;7;1;0;1;0;1
536564712;155 733 086;A01;0;2;0;2;7;13;1
536564712;155 733 087;B01;3;7;0;2;3;5;1
536564713;155 733 088;B01;1;7;0;2;1;9;1
536564713;155 733 089;A01;2;33;0;2;8;1;1
536564714;155 733 082;B01;1;10;0;2;1;1;0
536564714;155 733 085;A01;1;32;0;2;7;1;1
536564715;155 733 083;A01;0;7;0;2;3;1;1
536564715;155 733 084;B01;0;7;15;2;3;1;1
536564716;155 733 081;Z01;2;10;0;1;4;4;1
536564717;155 733 080;A01;2;14;0;1;2;1;1
536564718;155 733 079;A01;2;7;0;1;1;1;1
536564719;155 733 078;A01;3;7;2;0;1;1;1
536564720;155 733 077;A01;1;7;0;1;3;15;2
536564721;155 733 075;A01;2;7;13;0;7;14;1
536564722;155 733 074;A01;1;7;0;2;1;9;1
536564722;155 733 076;B01;2;1;0;2;7;7;5
536564723;155 733 071;B01;1;15;0;0;4;23;1
536564723;155 733 073;A01;1;31;0;0;1;1;1
536564724;155 733 070;B01;3;30;0;2;8;1;1
536564724;155 733 072;A01;3;7;0;2;2;15;1
536564725;155 733 067;A01;2;7;0;2;3;9;1
536564725;155 733 069;B01;2;30;0;2;2;2;1
536564726;155 733 066;B01;2;33;0;2;8;1;1
536564726;155 733 068;A01;2;15;0;2;7;0;1
536564727;155 733 064;A01;1;7;13;0;1;1;1
536564728;155 733 063;B01;2;7;0;2;4;1;1
536564728;155 733 065;A01;2;7;0;2;1;2;1
536564729;155 733 061;A01;1;7;0;1;8;1;1
536564730;155 733 060;B01;1;7;0;2;1;2;1
536564730;155 733 062;A01;1;7;0;0;4;1;1
536564731;155 733 058;A01;1;33;0;0;8;1;1
536564732;155 733 057;B01;1;2;0;2;1;1;1
536564732;155 733 059;A01;1;7;0;2;6;1;3
536564733;155 733 056;A01;3;7;0;1;0;1;1
536564734;155 733 055;A01;2;7;0;1;2;16;1
536564735;155 733 054;A01;3;7;14;0;1;1;1
536564736;155 733 052;B01;3;99;0;2;1;0;3