Num_Acc;id_vehicule;num_veh;senc;catv;obs;obsm;choc;manv;motor
536565040;155 732 517;B01;2;7;0;9;3;1;1
536565040;155 732 520;A01;1;43;0;2;3;1;6
536565041;155 732 514;C01;2;7;0;2;4;2;1
536565041;155 732 518;A01;2;7;0;2;1;2;1
536565041;155 732 521;B01;2;7;0;2;4;2;2
536565042;155 732 513;A01;1;33;3;0;8;11;1
536565043;155 732 515;A01;2;7;0;2;2;2;1
536565043;155 732 522;B01;2;33;0;2;6;1;1
536565044;155 732 510;A01;1;7;0;2;1;1;1
536565044;155 732 512;B01;1;7;0;2;4;1;1
536565045;155 732 511;A01;0;33;0;0;0;1;1
536565046;155 732 507;A01;2;7;0;2;3;13;1
536565046;155 732 509;B01;2;7;0;2;7;1;2
536565047;155 732 505;A01;2;7;0;0;9;1;1
536565048;155 732 508;A01;3;1;12;0;7;1;5
536565049;155 732 502;A01;2;7;4;0;2;14;1
536565050;155 732 501;A01;2;7;0;2;7;13;1
536565050;155 732 504;B01;1;7;0;2;2;1;1
536565051;155 732 498;A01;2;7;8;0;1;1;1
536565052;155 732 491;A01;1;33;0;2;1;3;1
536565052;155 732 494;B01;2;7;0;0;4;2;2
536565053;155 732 487;A01;2;7;0;2;2;9;1
536565053;155 732 490;E01;2;7;0;2;4;1;1
536565053;155 732 495;C01;2;7;0;2;4;1;1
536565053;155 732 496;B01;2;7;0;2;6;23;2
536565053;155 732 499;D01;2;7;0;2;4;1;2
536565054;155 732 489;A01;2;10;0;2;1;2;1
536565054;155 732 492;B01;2;7;0;2;4;1;1
536565054;155 732 497;C01;2;7;0;2;4;1;1
536565054;155 732 500;D01;2;7;0;2;4;1;3
536565055;155 732 488;A01;3;7;0;2;1;15;1
536565055;155 732 493;B01;3;10;7;2;2;1;1
536565056;155 732 481;B01;2;7;0;2;1;15;1
536565056;155 732 485;C01;2;7;0;2;3;19;1
536565056;155 732 486;A01;1;7;0;2;1;1;1
536565057;155 732 479;A01;1;1;0;0;4;1;5
536565058;155 732 480;A01;1;33;0;2;1;3;1
536565058;155 732 482;B01;1;7;0;2;5;1;1
536565059;155 732 478;A01;2;7;0;0;4;2;1
536565059;155 732 483;B01;2;7;0;0;1;0;1
536565060;155 732 476;A01;0;3;8;0;1;26;3
536565061;155 732 473;B01;1;33;0;2;1;1;1
536565061;155 732 477;A01;1;10;0;2;7;1;1
536565062;155 732 472;A01;0;7;0;2;7;15;1
536565062;155 732 475;B01;0;31;0;2;1;1;1
536565063;155 732 471;A01;2;33;0;2;1;3;1
536565063;155 732 474;B01;2;7;0;2;5;1;1
536565064;155 732 468;A01;1;7;0;0;1;5;1
536565064;155 732 470;B01;2;7;0;0;1;1;1
536565065;155 732 467;A01;2;14;0;1;2;1;1
536565066;155 732 465;A01;2;7;4;0;9;2;1
536565067;155 732 462;A01;1;7;0;2;7;19;1
536565067;155 732 469;B01;2;7;0;2;3;1;2
536565068;155 732 460;A01;1;7;0;2;3;1;1
536565068;155 732 463;B01;2;1;0;2;1;13;5
536565069;155 732 459;A01;1;33;0;2;1;26;1
536565069;155 732 461;B01;1;7;1;2;4;24;2
536565070;155 732 457;A01;1;33;0;2;2;3;1
536565070;155 732 458;B01;1;7;0;2;3;1;2
536565071;155 732 455;A01;1;7;1;0;1;14;1
536565072;155 732 454;A01;2;7;0;2;1;15;1
536565072;155 732 456;B01;1;33;0;2;3;17;1
536565073;155 732 449;A01;2;7;4;2;8;9;1
536565073;155 732 451;B01;2;17;0;2;7;1;1
536565074;155 732 448;A01;3;10;0;2;1;21;1
536565074;155 732 452;B01;3;7;0;2;4;23;1
536565074;155 732 453;C01;3;34;0;2;1;1;1
536565075;155 732 447;A01;2;7;0;1;1;1;3
536565076;155 732 445;A01;1;33;0;0;7;1;1
536565077;155 732 444;B01;1;7;0;2;3;1;1
536565077;155 732 450;A01;2;7;0;2;3;1;1
536565078;155 732 443;A01;0;13;0;2;4;1;1
536565078;155 732 446;B01;0;7;0;2;1;1;3
536565079;155 732 441;A01;2;7;0;1;3;1;2
536565080;155 732 440;B01;1;30;0;2;1;16;1
536565080;155 732 442;A01;1;7;0;2;1;15;1
536565081;155 732 438;A01;1;33;16;0;0;1;1
536565082;155 732 434;A01;3;33;0;1;1;1;1
536565083;155 732 433;B01;0;10;0;2;3;15;1
536565083;155 732 435;A01;3;7;0;2;2;17;1
536565084;155 732 430;A01;1;43;0;2;1;2;1
536565084;155 732 437;B01;2;1;0;2;7;2;5
536565085;155 732 428;A01;1;7;0;2;1;13;1
536565085;155 732 432;B01;2;15;0;2;1;1;1
536565086;155 732 429;A01;1;10;0;2;1;2;1
536565086;155 732 431;C01;1;7;0;2;0;0;1
536565086;155 732 436;D01;1;38;0;2;8;0;1
536565086;155 732 439;B01;1;7;0;2;4;2;1
536565087;155 732 425;B01;0;10;9;2;1;19;1
536565087;155 732 427;A01;0;10;0;2;8;1;1
536565088;155 732 422;A01;2;7;2;0;1;13;1
536565089;155 732 424;A01;3;1;0;1;1;0;5
536565090;155 732 419;A01;0;7;0;2;1;0;1
536565090;155 732 423;B01;0;7;0;2;1;0;1
536565090;155 732 426;C01;0;7;0;0;0;0;1
536565091;155 732 417;A01;2;14;0;2;1;1;1
536565091;155 732 420;B01;2;10;0;2;4;11;1
536565091;155 732 421;C01;2;10;4;2;8;1;3
536565092;155 732 416;B01;1;34;0;2;1;1;1
536565092;155 732 418;A01;2;7;0;0;0;15;1
536565093;155 732 415;A01;2;7;12;0;2;1;1
536565094;155 732 413;A01;2;7;12;0;1;26;1
536565095;155 732 411;A01;1;34;0;2;1;17;1
536565095;155 732 414;B01;1;7;0;0;6;15;2
536565096;155 732 409;B01;1;7;0;2;4;1;1
536565096;155 732 412;A01;1;15;0;2;2;12;1
536565097;155 732 406;A01;1;7;0;2;3;13;1
536565097;155 732 410;B01;2;7;0;2;3;1;1
536565098;155 732 405;A01;1;21;0;0;8;19;1
536565098;155 732 408;B01;2;7;0;2;1;1;3
536565099;155 732 403;A01;0;7;0;2;1;1;1
536565099;155 732 407;B01;0;7;0;2;8;1;1
536565100;155 732 401;A01;2;10;0;2;2;16;1
536565100;155 732 404;B01;2;32;0;2;8;1;1
536565101;155 732 399;B01;1;7;0;2;2;12;1
536565101;155 732 402;A01;1;33;0;2;1;18;1
536565102;155 732 398;A01;1;7;0;2;4;1;1
536565102;155 732 400;B01;1;10;0;2;1;2;1
536565103;155 732 394;A01;2;7;16;0;4;1;1
536565103;155 732 397;B01;2;7;13;2;1;2;1
536565104;155 732 393;B01;1;7;0;2;2;15;1
536565104;155 732 396;A01;1;33;0;2;7;21;1
536565105;155 732 389;A01;1;43;0;2;1;2;1
536565105;155 732 391;B01;1;7;0;2;5;2;2
536565106;155 732 390;A01;2;7;0;2;2;15;1
536565106;155 732 395;B01;1;34;0;2;1;1;1
536565107;155 732 387;A01;1;7;0;2;3;26;1
536565107;155 732 392;B01;2;7;0;2;3;13;1
536565108;155 732 386;A01;2;7;16;0;9;1;1
536565109;155 732 388;A01;2;1;0;1;1;13;5
536565110;155 732 385;A01;2;33;0;1;1;1;1
536565111;155 732 382;A01;3;7;0;1;1;1;1
536565112;155 732 381;B01;3;31;0;2;1;1;1
536565112;155 732 384;A01;3;7;0;2;3;1;1
536565113;155 732 379;A01;2;37;0;1;2;7;3
536565114;155 732 378;B01;1;33;0;2;1;1;1
536565114;155 732 383;A01;1;10;0;2;7;26;1
536565115;155 732 380;A01;2;80;0;1;1;21;3
536565116;155 732 377;A01;2;7;1;0;1;1;1
536565117;155 732 372;A01;1;7;0;2;7;1;1
536565117;155 732 376;B01;2;7;0;2;1;1;1
536565118;155 732 370;A01;2;32;0;2;1;2;1
536565118;155 732 374;B01;2;7;0;2;4;1;1
536565119;155 732 371;B01;3;7;0;2;4;23;1
536565119;155 732 375;A01;3;7;0;2;1;1;2
536565120;155 732 368;A01;1;34;0;0;0;1;1
536565121;155 732 367;B01;2;33;8;2;0;0;1
536565121;155 732 369;C01;2;7;0;2;3;23;1
536565121;155 732 373;A01;1;7;0;2;2;9;1
536565122;155 732 364;A01;1;7;0;2;5;15;1
536565122;155 732 366;B01;2;33;0;2;1;1;1
536565123;155 732 361;A01;3;7;0;2;1;1;1
536565123;155 732 365;B01;3;33;0;2;7;1;1
536565124;155 732 363;A01;2;7;0;1;1;16;2
536565125;155 732 357;A01;3;32;0;2;1;13;1
536565125;155 732 359;B01;3;31;0;2;8;2;1
536565125;155 732 362;C01;3;7;0;2;1;1;1
536565126;155 732 356;A01;3;37;0;2;1;1;1
536565126;155 732 360;B01;3;37;0;2;4;1;2
536565127;155 732 355;A01;2;7;0;2;1;2;2
536565127;155 732 358;B01;2;33;0;2;4;2;1
536565128;155 732 354;A01;3;7;8;9;1;1;1
536565129;155 732 353;A01;1;7;11;0;1;16;1
536565130;155 732 349;A01;2;10;0;0;9;17;1
536565131;155 732 350;A01;1;2;0;1;1;1;0
536565132;155 732 347;B01;1;7;0;2;4;2;1
536565132;155 732 352;A01;1;7;0;2;1;2;1
536565133;155 732 348;A01;1;50;0;2;8;19;3
536565133;155 732 351;B01;1;7;0;2;1;1;3
536565134;155 732 345;A01;2;10;0;2;2;1;1
536565134;155 732 346;B01;2;1;0;2;3;11;5
536565135;155 732 344;A01;2;7;0;1;2;19;1
536565136;155 732 342;A01;2;30;0;1;1;13;1
536565137;155 732 341;A01;3;7;0;1;1;19;2
536565138;155 732 343;A01;2;7;0;1;2;26;1
536565139;155 732 338;A01;3;33;0;2;1;1;1
536565139;155 732 340;B01;3;7;0;2;5;1;1
536565140;155 732 337;A01;2;7;8;2;3;15;1
536565140;155 732 339;B01;2;2;13;2;1;17;0
536565141;155 732 334;B01;3;10;0;2;1;2;0
536565141;155 732 336;A01;3;7;0;2;4;2;0
536565142;155 732 333;A01;3;10;0;2;1;26;1
536565142;155 732 335;B01;3;43;0;2;4;23;1
536565143;155 732 329;B01;1;33;0;2;1;5;1
536565143;155 732 330;A01;1;43;0;2;8;15;1
536565144;155 732 328;B01;1;7;0;2;2;1;1
536565144;155 732 332;A01;1;1;0;2;8;9;5
536565145;155 732 327;B01;1;80;0;2;8;1;3
536565145;155 732 331;A01;1;7;0;2;1;15;1
536565146;155 732 326;A01;2;1;0;0;0;1;5
536565147;155 732 325;A01;3;50;0;0;7;1;3
536565148;155 732 324;A01;0;2;8;0;1;0;1
536565149;155 732 321;B01;1;32;0;2;1;3;1
536565149;155 732 323;A01;2;7;0;2;8;15;2
536565150;155 732 318;A01;2;2;0;0;0;1;1
536565151;155 732 320;A01;2;10;0;2;3;15;1
536565151;155 732 322;B01;2;50;0;2;2;2;3
536565152;155 732 317;B01;2;80;0;2;1;1;2
536565152;155 732 319;A01;1;30;0;2;1;9;1
536565153;155 732 315;A01;2;7;0;1;2;1;1
536565154;155 732 314;A01;2;7;0;2;7;10;1
536565154;155 732 316;B01;1;33;0;2;1;1;1
536565155;155 732 313;A01;1;14;0;1;2;16;4
536565156;155 732 311;A01;1;7;0;2;7;19;0
536565156;155 732 312;B01;1;10;0;2;1;19;1
536565157;155 732 309;A01;1;10;0;1;2;2;1
536565158;155 732 308;A01;2;7;0;2;4;1;1
536565158;155 732 310;B01;2;7;0;2;1;1;1
536565159;155 732 306;B01;3;7;12;0;8;15;1
536565159;155 732 307;A01;3;10;12;0;1;1;1
536565160;155 732 303;B01;1;10;0;2;3;2;1
536565160;155 732 304;A01;1;10;0;2;5;1;1
536565161;155 732 302;A01;1;50;0;2;3;5;3
536565161;155 732 305;B01;1;7;0;2;0;15;1
536565162;155 732 299;A01;2;7;0;2;1;9;1
536565162;155 732 301;B01;2;30;0;2;7;1;1
536565163;155 732 298;A01;3;33;0;0;0;0;0
536565164;155 732 295;A01;1;7;3;2;1;2;1
536565164;155 732 297;B01;1;7;0;2;0;0;1
536565164;155 732 300;Z01;2;7;0;2;1;11;0
536565165;155 732 294;A01;0;33;0;0;8;1;1
536565166;155 732 292;A01;0;7;0;1;4;26;2
536565167;155 732 290;A01;1;7;0;2;1;2;1
536565167;155 732 291;B01;1;30;0;2;4;2;1
536565168;155 732 289;B01;2;7;3;2;0;0;1
536565168;155 732 293;Z01;2;7;0;2;0;0;0
536565169;155 732 287;A01;3;33;0;0;3;1;1
536565170;155 732 285;B01;3;7;6;0;6;15;1
536565170;155 732 288;A01;3;7;0;2;1;9;1
536565171;155 732 284;A01;1;7;0;2;8;13;1
536565171;155 732 286;B01;1;14;0;2;2;2;1
536565172;155 732 281;B01;2;7;0;2;1;1;1
536565172;155 732 283;A01;1;7;0;2;8;15;1
536565173;155 732 279;A01;0;50;0;2;1;26;3
536565173;155 732 282;B01;0;7;0;9;1;10;1
536565174;155 732 278;A01;1;7;16;2;9;1;1
536565174;155 732 280;B01;1;10;0;2;2;2;1
536565175;155 732 277;A01;2;33;13;0;2;14;1
536565176;155 732 273;A01;2;7;0;2;1;1;1
536565176;155 732 275;B01;2;7;0;2;4;1;3
536565177;155 732 274;B01;1;7;0;2;1;9;1
536565177;155 732 276;A01;1;7;0;2;3;1;1
536565178;155 732 272;A01;2;7;2;0;1;1;1
536565179;155 732 267;B01;1;33;0;2;1;11;1
536565179;155 732 270;A01;2;7;0;2;3;1;1
536565180;155 732 268;B01;0;34;0;2;3;13;1
536565180;155 732 271;A01;0;7;0;0;0;2;1
536565181;155 732 266;A01;2;34;0;2;1;12;1
536565181;155 732 269;B01;2;7;0;2;6;1;1
536565182;155 732 263;A01;3;7;0;0;3;1;1
536565183;155 732 262;A01;2;34;0;2;1;1;1
536565183;155 732 264;B01;2;17;0;2;4;1;1
536565184;155 732 261;B01;1;7;0;2;3;1;1
536565184;155 732 265;A01;2;80;0;2;2;2;3
536565185;155 732 260;A01;2;33;0;0;7;3;1
536565186;155 732 258;A01;2;7;0;2;3;13;1
536565186;155 732 259;B01;1;7;0;2;3;21;1
536565187;155 732 257;A01;1;1;0;1;3;1;5
536565188;155 732 255;A01;3;32;14;0;1;1;3
536565189;155 732 254;B01;2;7;0;2;5;1;3
536565189;155 732 256;A01;2;7;0;2;3;13;1
536565190;155 732 252;A01;3;21;0;0;7;1;1
536565191;155 732 251;A01;1;33;0;0;0;3;1
536565192;155 732 250;B01;1;1;0;2;0;0;5
536565192;155 732 253;A01;1;7;0;2;8;26;1
536565193;155 732 246;A01;1;10;0;2;2;14;1
536565193;155 732 249;B01;1;10;0;2;6;1;1
536565194;155 732 244;A01;1;50;0;2;3;9;3
536565194;155 732 247;B01;1;7;0;2;2;14;1
536565195;155 732 245;A01;1;7;0;2;8;1;2
536565195;155 732 248;B01;2;33;0;2;3;13;1
536565196;155 732 241;A01;1;2;16;0;0;0;1
536565197;155 732 240;A01;2;31;0;2;1;3;1
536565197;155 732 242;C01;2;7;0;2;6;1;1
536565197;155 732 243;B01;2;7;0;2;5;1;3
536565198;155 732 239;A01;2;7;3;0;2;14;1
536565199;155 732 236;A01;2;7;0;2;1;2;1
536565199;155 732 238;B01;2;7;0;0;6;1;1
536565200;155 732 235;B01;1;1;0;2;4;1;5
536565200;155 732 237;A01;1;10;0;2;2;1;1
536565201;155 732 232;A01;1;7;2;0;2;13;1
536565202;155 732 231;A01;1;32;0;2;1;17;1
536565202;155 732 233;C01;1;7;0;2;1;1;1
536565202;155 732 234;B01;1;7;0;9;7;15;1
536565203;155 732 229;A01;2;7;0;2;1;13;3
536565203;155 732 230;B01;1;7;0;2;1;1;1
536565204;155 732 227;A01;1;7;13;0;2;13;1
536565205;155 732 228;A01;1;33;2;0;1;14;1
536565206;155 732 224;B01;3;33;0;2;8;21;1
536565206;155 732 226;A01;3;7;0;2;5;19;1
536565207;155 732 223;B01;1;7;0;2;1;1;1
536565207;155 732 225;A01;2;7;0;2;1;13;1
536565208;155 732 222;A01;1;33;3;0;0;1;1
536565209;155 732 219;A01;1;7;13;0;1;1;1
536565210;155 732 218;A01;3;7;0;0;1;15;1
536565210;155 732 220;B01;2;7;0;0;2;1;1
536565211;155 732 214;A01;2;33;13;0;2;2;1
536565212;155 732 213;A01;2;33;0;2;7;17;1
536565212;155 732 215;B01;2;7;0;2;8;1;1
536565212;155 732 217;C01;2;7;0;0;0;17;1
536565213;155 732 212;B01;1;31;0;2;1;1;1
536565213;155 732 216;A01;1;10;0;2;7;19;1
536565214;155 732 211;A01;2;7;2;0;1;1;1
536565215;155 732 208;A01;1;10;0;0;1;1;1
536565216;155 732 209;A01;3;2;0;2;1;0;1
536565216;155 732 210;B01;3;7;0;2;3;4;1
536565217;155 732 206;A01;1;7;0;2;1;13;1
536565217;155 732 207;B01;2;7;0;2;1;1;1
536565218;155 732 205;A01;1;32;0;0;0;26;1
536565219;155 732 204;A01;3;34;0;1;3;1;1
536565220;155 732 202;A01;1;7;13;0;2;0;1
536565221;155 732 199;A01;1;30;12;2;7;11;1
536565221;155 732 201;B01;2;7;0;2;2;21;0
536565222;155 732 200;B01;2;7;0;2;3;15;1
536565222;155 732 203;A01;2;33;6;2;1;17;1
536565223;155 732 197;A01;2;7;0;0;1;1;1
536565223;155 732 198;B01;2;7;0;0;4;1;1
536565224;155 732 193;A01;1;7;0;2;1;1;1
536565224;155 732 196;B01;1;99;0;2;4;0;3
536565225;155 732 194;B01;3;1;0;2;3;15;5
536565225;155 732 195;A01;3;7;0;2;7;17;1
536565226;155 732 191;B01;2;10;0;2;3;17;0
536565226;155 732 192;A01;1;10;0;2;1;1;1
536565227;155 732 190;A01;2;80;0;0;0;1;3
536565228;155 732 189;A01;1;37;0;1;2;16;1
536565229;155 732 188;A01;1;7;12;0;2;1;1
536565230;155 732 187;A01;2;7;13;0;1;1;1
536565231;155 732 185;A01;2;7;0;2;3;13;1
536565231;155 732 186;B01;1;7;0;2;3;0;1
536565232;155 732 181;A01;3;7;0;2;2;19;1
536565232;155 732 184;B01;1;33;0;2;8;1;1
536565233;155 732 179;A01;1;32;0;2;0;0;1
536565233;155 732 182;B01;1;7;0;2;0;0;1
536565234;155 732 180;A01;3;7;0;0;3;9;1
536565234;155 732 183;B01;1;31;0;0;6;1;1
536565235;155 732 177;A01;0;7;16;0;0;0;1
536565236;155 732 175;A01;0;7;0;2;1;1;1
536565236;155 732 176;B01;0;7;0;2;4;23;1
536565237;155 732 174;A01;1;7;0;1;1;25;1
536565238;155 732 172;A01;1;7;0;2;3;5;1
536565238;155 732 173;B01;2;7;0;2;3;1;1
536565239;155 732 170;A01;2;7;2;0;1;1;1
536565240;155 732 167;A01;1;7;0;0;3;1;1
536565241;155 732 164;A01;3;7;0;9;3;1;1
536565241;155 732 166;B01;3;1;0;2;3;0;5
536565242;155 732 163;B01;1;7;0;2;1;21;1
536565242;155 732 165;A01;1;33;0;0;4;0;1
536565243;155 732 161;A01;1;33;0;0;2;14;1
536565244;155 732 160;B01;2;7;0;9;8;1;1
536565244;155 732 162;A01;1;1;0;2;8;13;5
536565245;155 732 159;A01;3;7;8;0;1;1;1
536565246;155 732 156;A01;1;7;0;0;2;1;1
536565247;155 732 155;A01;3;7;0;2;3;1;1
536565247;155 732 157;B01;0;50;0;2;1;16;3
536565248;155 732 154;A01;3;7;0;2;1;26;1
536565248;155 732 158;B01;3;50;0;2;4;1;3
536565249;155 732 152;A01;1;21;13;0;7;1;1
536565250;155 732 151;A01;2;7;0;0;4;1;1
536565250;155 732 153;B01;2;33;0;2;1;2;1
536565251;155 732 149;A01;2;7;0;1;5;4;1
536565252;155 732 147;B01;0;7;8;2;9;2;1
536565252;155 732 150;A01;3;7;8;2;1;2;1
536565253;155 732 145;B01;2;33;0;2;9;1;1
536565253;155 732 146;A01;1;10;0;2;1;13;1
536565253;155 732 148;C01;2;43;0;2;1;1;1
536565254;155 732 144;A01;1;7;13;0;2;15;1
536565255;155 732 140;B01;3;7;0;2;1;1;1
536565255;155 732 143;A01;3;7;0;2;7;1;1
536565256;155 732 139;A01;2;33;0;2;1;17;1
536565256;155 732 141;B01;2;7;0;0;8;15;1
536565257;155 732 138;B01;2;33;0;2;1;26;1
536565257;155 732 142;A01;2;7;0;2;3;10;1
536565258;155 732 135;A01;3;7;0;1;3;15;1
536565259;155 732 133;B01;3;50;0;2;2;26;3
536565259;155 732 137;A01;2;10;0;2;2;1;1
536565260;155 732 129;A01;2;7;0;2;3;17;1
536565260;155 732 130;B01;2;15;0;2;8;1;1
536565260;155 732 131;C01;1;7;0;2;8;1;1
536565260;155 732 132;D01;1;14;0;2;8;1;1
536565260;155 732 134;E01;1;17;0;2;8;1;1
536565260;155 732 136;F01;1;7;0;2;3;1;1
536565261;155 732 127;A01;2;2;0;0;7;1;1
536565262;155 732 128;A01;3;7;0;1;2;1;1
536565263;155 732 126;A01;1;7;1;0;1;5;1
536565264;155 732 124;B01;1;15;0;2;3;1;1
536565264;155 732 125;A01;2;7;0;2;3;13;1
536565265;155 732 121;A01;1;7;0;2;3;5;1
536565265;155 732 123;B01;2;7;0;2;3;0;1
536565266;155 732 120;A01;2;33;4;0;4;0;1
536565267;155 732 119;B01;1;33;0;2;1;1;1
536565267;155 732 122;A01;2;7;0;2;8;15;1
536565268;155 732 115;A01;2;7;0;2;1;14;1
536565268;155 732 118;B01;2;10;0;0;4;23;1
536565269;155 732 114;A01;3;31;0;2;2;2;1
536565269;155 732 117;B01;3;7;0;2;6;2;1
536565270;155 732 113;B01;1;7;0;2;7;15;2
536565270;155 732 116;A01;2;33;0;2;1;1;1
536565271;155 732 112;A01;1;7;15;0;1;26;1
536565272;155 732 109;A01;2;10;0;2;7;17;1
536565272;155 732 111;B01;2;1;0;2;8;1;5
536565273;155 732 110;A01;0;7;0;1;3;15;1
536565274;155 732 106;B01;2;7;0;2;4;2;4
536565274;155 732 108;A01;2;7;0;2;1;2;1
536565275;155 732 105;A01;1;99;0;2;5;17;1
536565275;155 732 107;B01;1;80;0;2;3;1;2
536565276;155 732 104;A01;1;10;0;1;8;0;1
536565277;155 732 101;B01;1;7;0;2;3;1;0
536565277;155 732 103;A01;2;7;3;2;7;0;1
536565278;155 732 100;A01;0;7;0;2;5;4;1
536565278;155 732 102;B01;1;1;0;2;1;1;5
536565279;155 732 097;A01;1;17;0;2;1;2;1
536565279;155 732 099;B01;1;7;0;0;4;23;1
536565280;155 732 096;A01;1;7;0;2;1;9;1
536565280;155 732 098;B01;1;32;0;2;7;1;1
536565281;155 732 094;A01;2;7;0;2;6;15;2
536565281;155 732 095;B01;2;30;0;2;1;17;1
536565282;155 732 091;B01;1;7;0;2;2;2;1
536565282;155 732 093;A01;1;2;0;0;6;0;1
536565283;155 732 090;B01;2;33;0;2;8;1;1
536565283;155 732 092;A01;3;10;0;2;1;19;1
536565284;155 732 087;A01;1;7;15;0;3;13;1
536565285;155 732 088;X01;2;10;0;2;1;15;0
536565285;155 732 089;B01;1;32;0;2;1;1;1
536565286;155 732 086;A01;1;7;8;0;3;15;1
536565287;155 732 085;A01;1;7;2;0;1;1;1
536565288;155 732 083;A01;0;7;2;0;1;1;1
536565289;155 732 078;B01;2;7;0;2;1;26;1
536565289;155 732 081;A01;1;7;0;2;5;15;1
536565290;155 732 080;A01;1;7;0;0;1;13;1
536565290;155 732 082;C01;2;7;0;2;1;1;1
536565290;155 732 084;B01;2;10;0;2;8;1;1
536565291;155 732 077;A01;2;7;0;2;3;13;1
536565291;155 732 079;B01;1;7;2;2;3;1;1
536565292;155 732 076;A01;2;50;0;0;0;1;3
536565293;155 732 073;A01;1;10;0;2;4;2;1
536565293;155 732 075;B01;1;30;0;2;1;2;1
536565294;155 732 074;A01;2;32;12;0;1;17;1
536565295;155 732 071;A01;2;31;0;2;1;2;1
536565295;155 732 072;B01;2;10;0;2;6;2;1
536565296;155 732 069;A01;1;7;13;0;1;0;1
536565298;155 732 066;A01;2;7;0;2;1;13;1
536565298;155 732 067;C01;2;7;0;2;8;1;1
536565298;155 732 070;B01;1;7;0;2;3;1;1
536565299;155 732 065;A01;2;7;6;0;1;2;1
536565300;155 732 064;A01;1;80;14;0;8;1;3
536565301;155 732 062;A01;2;1;0;0;0;1;5
536565302;155 732 061;A01;1;1;1;0;1;1;5
536565302;155 732 063;B01;1;7;0;2;6;23;1
536565303;155 732 060;A01;1;7;0;1;2;1;2
536565304;155 732 058;B01;2;10;0;2;1;0;1
536565304;155 732 059;A01;1;31;0;0;1;0;1
536565305;155 732 057;A01;2;7;0;1;1;1;1
536565306;155 732 056;A01;0;33;0;0;1;1;1
536565307;155 732 051;B01;3;7;1;0;0;26;1
536565307;155 732 055;A01;3;7;14;0;3;13;1
536565308;155 732 050;B01;1;7;0;0;4;1;1
536565308;155 732 053;A01;1;10;0;2;1;1;1
536565309;155 732 052;A01;2;7;0;2;1;5;1
536565309;155 732 054;B01;1;7;0;2;1;1;1
536565310;155 732 049;A01;2;43;16;0;9;1;1
536565311;155 732 047;A01;2;10;3;0;2;1;1
536565312;155 732 046;A01;1;33;0;2;4;13;1
536565312;155 732 048;B01;1;7;0;2;1;11;1
536565313;155 732 044;A01;2;7;6;0;1;1;1
536565314;155 732 045;A01;2;7;16;0;9;15;1
536565315;155 732 042;A01;1;7;0;2;2;1;0
536565315;155 732 043;B01;1;7;0;2;3;11;0
536565316;155 732 040;A01;0;31;12;0;0;1;1
536565317;155 732 037;A01;1;7;0;0;4;2;1
536565317;155 732 039;B01;1;10;0;2;1;2;1
536565317;155 732 041;C01;1;10;0;2;1;2;1
536565318;155 732 036;B01;3;10;0;2;4;0;1
536565318;155 732 038;A01;3;10;1;0;1;0;1
536565319;155 732 034;A01;3;7;0;1;5;20;1
536565320;155 732 033;A01;3;7;0;0;1;26;1
536565321;155 732 032;A01;1;32;0;2;7;17;1
536565321;155 732 035;B01;1;7;0;9;2;19;1
536565322;155 732 030;A01;1;33;0;1;1;1;1
536565323;155 732 029;A01;1;7;14;1;2;1;1
536565324;155 732 026;A01;2;33;0;2;1;2;1
536565324;155 732 028;C01;2;7;0;0;4;23;1
536565324;155 732 031;B01;2;7;0;0;4;23;1
536565325;155 732 024;A01;3;7;0;2;1;5;2
536565325;155 732 025;B01;3;7;0;2;1;1;1
536565325;155 732 027;C01;3;7;0;2;1;1;1
536565326;155 732 021;B01;2;1;0;2;1;1;5
536565326;155 732 023;A01;1;10;0;9;2;20;1
536565327;155 732 020;A01;2;10;0;2;2;2;1
536565327;155 732 022;B01;2;7;0;0;6;1;1
536565328;155 732 018;A01;1;14;0;2;3;13;1
536565328;155 732 019;B01;2;7;0;2;8;1;1
536565329;155 732 017;A01;0;50;0;0;0;1;3
536565330;155 732 014;A01;0;21;13;0;2;14;1
536565331;155 732 015;A01;1;7;0;2;4;2;1
536565331;155 732 016;B01;1;10;0;2;1;2;1
536565332;155 732 012;A01;3;1;0;0;9;0;5
536565333;155 732 011;A01;2;7;4;0;8;0;1
536565334;155 732 010;A01;1;7;0;2;3;1;1
536565334;155 732 013;B01;2;7;0;2;3;13;1
536565335;155 732 008;A01;1;33;0;2;8;1;1
536565335;155 732 009;B01;1;7;0;2;3;1;1
536565336;155 732 007;A01;3;2;8;0;1;1;1
536565337;155 732 006;A01;2;33;0;0;0;0;1
536565338;155 732 005;A01;1;7;6;0;9;0;1
536565339;155 732 003;A01;2;7;8;0;9;21;1
536565340;155 732 002;A01;2;7;0;2;1;1;1
536565340;155 732 004;B01;1;7;0;2;1;13;1
536565341;155 732 000;A01;1;14;17;0;2;1;1
536565342;155 731 998;A01;1;7;3;2;3;16;1
536565342;155 732 001;B01;1;15;0;0;5;0;1
536565343;155 731 997;B01;0;7;0;2;5;0;1
536565343;155 731 999;A01;3;33;0;2;2;1;1
536565344;155 731 994;A01;2;2;0;2;1;17;1
536565344;155 731 995;B01;2;21;0;0;3;15;1
536565345;155 731 991;A01;1;31;0;2;5;15;1