Num_Acc;id_vehicule;num_veh;senc;catv;obs;obsm;choc;manv;motor
536565345;155 731 993;B01;2;7;0;2;1;9;1
536565346;155 731 990;A01;1;7;0;9;1;21;1
536565346;155 731 992;B01;2;33;16;0;9;1;1
536565347;155 731 989;A01;0;7;6;0;2;1;1
536565348;155 731 988;A01;0;7;8;0;1;1;3
536565349;155 731 987;A01;1;2;4;0;1;13;1
536565350;155 731 984;A01;2;7;0;2;2;1;1
536565350;155 731 986;B01;2;7;4;0;6;1;2
536565351;155 731 982;A01;3;3;0;2;6;1;3
536565351;155 731 985;B01;0;7;0;2;2;15;2
536565352;155 731 979;A01;3;7;3;0;1;1;1
536565353;155 731 980;A01;2;7;0;2;3;13;1
536565353;155 731 981;B01;1;7;0;2;3;1;1
536565354;155 731 977;B01;2;33;0;2;1;1;1
536565354;155 731 978;A01;1;7;0;2;5;19;1
536565355;155 731 974;B01;2;31;0;2;1;1;1
536565355;155 731 976;A01;2;7;0;0;6;10;1
536565356;155 731 973;A01;2;7;0;2;2;1;1
536565356;155 731 975;B01;2;7;0;2;2;9;1
536565357;155 731 969;B01;1;1;0;0;5;12;5
536565357;155 731 972;A01;1;1;0;0;1;2;5
536565358;155 731 968;B01;1;38;0;0;3;24;1
536565358;155 731 970;A01;1;38;1;1;5;15;1
536565359;155 731 967;A01;1;7;0;9;1;2;1
536565359;155 731 971;B01;1;7;0;2;4;2;1
536565360;155 731 966;A01;1;7;3;0;3;21;1
536565361;155 731 965;A01;2;2;0;0;0;1;1
536565362;155 731 963;A01;1;10;0;2;2;2;1
536565362;155 731 964;B01;1;33;0;2;4;11;1
536565363;155 731 961;A01;2;7;2;0;8;14;1
536565364;155 731 960;A01;1;7;0;0;9;1;1
536565365;155 731 957;A01;2;7;0;2;4;0;1
536565365;155 731 959;B01;2;7;0;2;3;1;1
536565366;155 731 956;B01;1;31;0;2;1;1;1
536565366;155 731 958;A01;2;7;0;0;6;19;1
536565367;155 731 955;A01;1;33;0;0;8;1;1
536565368;155 731 953;A01;1;7;0;1;1;1;1
536565369;155 731 952;A01;2;7;4;0;0;0;1
536565370;155 731 951;B01;2;10;0;2;3;24;1
536565370;155 731 954;A01;2;21;1;0;1;14;1
536565371;155 731 948;B01;2;10;0;2;3;1;1
536565371;155 731 950;A01;2;7;0;2;3;0;1
536565372;155 731 949;A01;1;7;4;0;3;26;1
536565373;155 731 947;A01;3;10;0;1;1;1;1
536565374;155 731 945;A01;2;7;4;0;2;1;1
536565375;155 731 944;A01;2;7;0;2;8;11;1
536565375;155 731 946;B01;2;7;0;2;7;1;1
536565376;155 731 940;B01;1;7;16;0;1;1;1
536565376;155 731 943;A01;1;7;13;0;3;1;1
536565377;155 731 937;A01;2;13;9;2;4;1;1
536565377;155 731 939;B01;2;10;0;2;1;1;1
536565377;155 731 942;C01;1;33;0;2;3;1;1
536565378;155 731 936;B01;1;7;0;2;5;2;1
536565378;155 731 938;A01;1;7;0;2;1;2;1
536565378;155 731 941;C01;1;7;0;2;7;2;1
536565379;155 731 934;A01;3;10;0;2;3;3;1
536565379;155 731 935;B01;3;7;0;2;3;1;1
536565380;155 731 928;A01;1;33;0;2;4;1;1
536565380;155 731 931;B01;1;7;0;2;1;2;1
536565381;155 731 930;A01;3;33;2;0;1;26;1
536565382;155 731 929;A01;2;10;0;2;5;1;1
536565382;155 731 932;B01;2;43;0;2;1;3;1
536565383;155 731 926;A01;3;2;0;0;0;1;1
536565384;155 731 924;A01;2;33;0;2;3;21;1
536565384;155 731 925;B01;2;7;0;2;5;1;2
536565385;155 731 923;B01;3;2;0;2;1;15;1
536565385;155 731 927;A01;3;7;0;2;7;1;0
536565386;155 731 922;A01;1;7;1;0;1;0;1
536565387;155 731 921;A01;3;2;5;0;2;1;1
536565388;155 731 919;B01;2;7;0;2;1;19;1
536565388;155 731 920;A01;1;60;0;2;7;19;5
536565389;155 731 918;A01;1;33;0;0;8;1;1
536565390;155 731 915;A01;1;7;0;9;2;1;1
536565390;155 731 916;B01;1;50;0;2;1;19;3
536565391;155 731 914;B01;1;1;0;2;1;1;5
536565391;155 731 917;A01;1;7;0;2;3;1;1
536565392;155 731 913;A01;2;32;0;0;7;1;1
536565393;155 731 911;A01;1;7;2;0;1;1;1
536565394;155 731 910;B01;1;7;0;2;4;19;1
536565394;155 731 912;A01;1;7;0;2;1;19;1
536565395;155 731 908;B01;3;99;0;2;6;26;6
536565395;155 731 909;A01;3;99;0;5;3;1;1
536565396;155 731 905;B01;0;1;0;2;1;2;5
536565396;155 731 906;A01;3;7;0;9;1;15;1
536565397;155 731 904;B01;2;7;0;2;6;1;1
536565397;155 731 907;A01;2;7;0;2;1;1;1
536565398;155 731 900;B01;2;33;0;2;1;1;1
536565398;155 731 903;A01;1;7;0;2;8;9;1
536565399;155 731 899;B01;1;7;0;2;1;15;1
536565399;155 731 902;A01;2;1;0;2;1;5;5
536565400;155 731 896;A01;2;10;0;2;1;2;1
536565400;155 731 898;B01;2;3;0;2;4;2;1
536565401;155 731 897;A01;0;32;12;0;1;13;1
536565402;155 731 893;A01;2;7;0;2;3;9;1
536565402;155 731 895;B01;1;7;0;2;1;1;1
536565403;155 731 892;A01;1;7;8;0;1;1;1
536565404;155 731 891;A01;1;7;0;2;1;1;2
536565404;155 731 894;B01;1;7;0;2;3;1;1
536565405;155 731 889;A01;1;7;4;0;1;1;1
536565406;155 731 888;B01;1;7;0;2;3;2;1
536565406;155 731 890;A01;1;34;0;2;2;17;1
536565407;155 731 886;A01;3;33;0;0;2;1;1
536565407;155 731 887;B01;3;7;1;0;2;11;1
536565408;155 731 885;A01;0;7;13;0;0;14;1
536565409;155 731 883;A01;1;7;0;2;1;15;1
536565409;155 731 884;B01;2;32;0;2;1;1;1
536565410;155 731 879;A01;2;7;0;2;1;2;1
536565410;155 731 881;B01;2;7;0;0;4;1;1
536565411;155 731 878;A01;3;7;8;0;1;5;1
536565412;155 731 874;A01;3;7;0;2;1;13;1
536565412;155 731 876;B01;3;7;0;2;1;0;1
536565413;155 731 875;A01;0;7;0;2;6;9;1
536565413;155 731 877;B01;1;32;0;2;0;2;1
536565414;155 731 872;A01;1;7;9;2;1;1;1
536565414;155 731 873;B01;1;0;9;0;0;0;0
536565415;155 731 871;A01;2;38;0;0;7;1;1
536565416;155 731 870;A01;3;7;0;1;1;1;1
536565417;155 731 866;A01;2;50;0;2;0;0;3
536565417;155 731 869;B01;2;10;0;2;2;0;0
536565418;155 731 865;A01;1;10;0;2;3;6;1
536565418;155 731 868;B01;2;13;0;2;3;1;1
536565419;155 731 862;A01;1;7;0;2;2;15;1
536565419;155 731 864;B01;2;33;0;2;1;1;1
536565420;155 731 863;A01;1;7;1;0;3;15;1
536565420;155 731 867;B01;2;33;0;0;1;1;1
536565421;155 731 861;A01;1;7;0;1;2;1;1
536565422;155 731 858;A01;2;50;0;0;0;1;3
536565423;155 731 859;A01;3;7;0;0;1;1;0
536565424;155 731 857;A01;0;33;2;9;0;16;1
536565425;155 731 855;A01;2;7;2;0;9;14;1
536565426;155 731 856;A01;2;50;0;1;1;1;3
536565427;155 731 851;A01;2;7;0;1;1;1;1
536565428;155 731 850;A01;2;7;0;2;1;1;1
536565428;155 731 853;C01;1;33;0;2;1;1;0
536565428;155 731 854;B01;1;33;0;2;1;1;0
536565429;155 731 849;B01;1;7;0;2;1;19;1
536565429;155 731 852;A01;1;7;0;2;7;1;1
536565430;155 731 847;A01;1;30;1;0;1;13;1
536565431;155 731 845;A01;1;7;0;2;7;1;1
536565431;155 731 848;B01;1;33;0;2;3;15;1
536565432;155 731 844;A01;1;7;0;2;3;19;1
536565432;155 731 846;B01;2;1;0;2;1;1;5
536565433;155 731 842;A01;1;33;13;0;1;0;1
536565434;155 731 843;A01;1;7;0;1;1;1;1
536565435;155 731 839;B01;2;7;0;0;4;2;1
536565435;155 731 840;A01;2;7;0;2;1;2;1
536565436;155 731 838;A01;3;31;0;2;1;17;1
536565436;155 731 841;B01;3;10;0;2;3;15;1
536565437;155 731 834;A01;1;2;0;2;1;1;1
536565437;155 731 836;B01;1;7;0;2;5;1;1
536565438;155 731 835;A01;1;33;0;2;2;17;1
536565438;155 731 837;B01;1;30;0;2;0;15;0
536565439;155 731 832;Z01;3;7;0;2;1;2;1
536565439;155 731 833;B01;3;7;0;2;4;1;3
536565440;155 731 830;A01;1;7;0;2;1;1;1
536565440;155 731 831;B01;2;7;0;2;1;1;1
536565441;155 731 826;A01;0;7;0;2;0;12;1
536565441;155 731 828;B01;0;43;0;2;0;1;1
536565442;155 731 824;A01;3;7;0;2;3;15;1
536565442;155 731 825;B01;1;30;0;2;1;1;1
536565443;155 731 823;C01;2;7;0;2;6;2;1
536565443;155 731 827;A01;2;7;0;2;1;2;1
536565443;155 731 829;B01;2;7;0;2;2;2;1
536565444;155 731 821;B01;2;2;0;2;1;2;3
536565444;155 731 822;A01;2;10;0;2;8;13;1
536565445;155 731 819;A01;1;7;2;0;1;13;1
536565446;155 731 818;B01;2;7;0;2;4;2;1
536565446;155 731 820;A01;2;30;0;2;1;2;1
536565447;155 731 815;A01;1;33;0;2;2;15;1
536565447;155 731 817;B01;1;7;0;2;6;0;1
536565448;155 731 813;A01;2;7;0;2;8;9;1
536565448;155 731 814;B01;2;33;0;2;1;1;1
536565449;155 731 812;A01;3;7;0;9;7;2;1
536565449;155 731 816;B01;3;1;0;2;1;2;5
536565450;155 731 810;B01;2;7;0;2;3;15;1
536565450;155 731 811;A01;1;7;0;2;1;1;1
536565451;155 731 806;B01;1;7;0;2;0;0;1
536565451;155 731 808;A01;1;7;0;2;1;1;1
536565452;155 731 807;A01;2;7;0;2;3;15;1
536565452;155 731 809;B01;1;31;0;2;1;1;1
536565453;155 731 805;A01;1;33;9;0;1;16;1
536565454;155 731 803;A01;1;33;0;2;0;0;1
536565454;155 731 804;B01;1;7;0;2;0;0;1
536565455;155 731 800;A01;0;7;0;2;1;1;1
536565455;155 731 802;B01;1;7;0;2;2;1;2
536565456;155 731 801;A01;0;30;0;0;8;1;1
536565457;155 731 798;A01;3;30;0;2;2;26;1
536565457;155 731 799;B01;3;37;0;9;2;1;2
536565458;155 731 794;B01;2;37;0;2;7;16;3
536565458;155 731 795;A01;2;1;0;2;1;1;5
536565459;155 731 792;A01;1;7;0;2;1;1;4
536565459;155 731 796;B01;2;15;0;2;2;19;1
536565460;155 731 793;A01;3;7;0;2;2;15;1
536565460;155 731 797;B01;3;50;0;2;1;1;3
536565461;155 731 790;A01;3;7;0;2;3;20;1
536565461;155 731 791;B01;3;50;0;2;2;1;3
536565462;155 731 789;A01;2;7;13;0;3;1;1
536565463;155 731 788;A01;1;1;0;0;1;26;5
536565464;155 731 787;A01;1;7;6;0;0;1;1
536565465;155 731 786;A01;1;7;13;0;1;1;1
536565466;155 731 785;A01;0;7;0;1;0;9;1
536565467;155 731 782;A01;3;7;8;0;3;2;2
536565467;155 731 784;B01;1;7;0;0;1;2;2
536565468;155 731 780;A01;3;7;0;2;1;1;1
536565468;155 731 781;B01;3;7;0;2;4;23;1
536565468;155 731 783;C01;3;7;0;2;4;23;2
536565469;155 731 778;A01;1;7;4;0;3;21;1
536565470;155 731 777;A01;1;2;0;2;8;0;1
536565470;155 731 779;B01;2;7;0;2;0;1;1
536565471;155 731 775;B01;2;80;0;2;8;19;3
536565471;155 731 776;A01;1;7;0;2;1;1;1
536565472;155 731 773;A01;1;31;0;2;3;1;1
536565472;155 731 774;B01;1;7;0;2;3;15;1
536565473;155 731 771;A01;1;7;0;2;8;15;1
536565473;155 731 772;B01;1;31;0;2;2;17;1
536565474;155 731 768;C01;2;7;0;2;3;1;1
536565474;155 731 769;A01;1;14;0;2;3;1;1
536565474;155 731 770;B01;2;7;0;2;1;5;1
536565475;155 731 766;A01;2;14;0;2;1;1;1
536565475;155 731 767;B01;2;7;0;1;4;1;1
536565476;155 731 765;A01;2;7;0;1;2;1;1
536565477;155 731 763;B01;0;2;0;2;5;1;1
536565477;155 731 764;A01;0;7;0;2;1;9;1
536565478;155 731 761;A01;2;7;0;2;1;1;1
536565478;155 731 762;B01;2;7;0;2;4;1;1
536565479;155 731 759;B01;1;7;0;2;1;1;1
536565479;155 731 760;A01;2;7;0;2;1;13;1
536565480;155 731 758;A01;1;7;0;1;3;15;2
536565481;155 731 755;B01;2;7;0;2;3;19;6
536565481;155 731 756;A01;1;7;0;2;2;19;6
536565482;155 731 753;A01;1;1;0;2;1;1;5
536565482;155 731 754;B01;2;50;0;2;1;1;3
536565483;155 731 752;A01;3;7;15;0;1;1;1
536565484;155 731 751;A01;3;10;0;1;4;4;1
536565485;155 731 749;A01;2;10;0;2;8;9;1
536565485;155 731 750;B01;2;80;0;2;7;12;3
536565486;155 731 748;A01;1;50;12;0;0;1;3
536565487;155 731 746;B01;3;7;0;2;7;1;1
536565487;155 731 747;A01;3;7;0;2;1;1;1
536565488;155 731 744;B01;3;1;0;2;1;1;5
536565488;155 731 745;A01;2;7;0;2;7;15;1
536565489;155 731 743;A01;1;7;2;0;1;1;1
536565490;155 731 742;A01;1;7;0;1;1;1;1
536565491;155 731 740;B01;2;50;0;2;1;1;3
536565491;155 731 741;A01;3;10;0;9;5;5;1
536565492;155 731 739;A01;1;7;0;1;1;0;1
536565493;155 731 738;A01;3;7;0;1;2;1;1
536565494;155 731 736;A01;1;33;4;2;1;2;1
536565494;155 731 737;B01;1;7;4;2;4;2;1
536565495;155 731 734;A01;1;10;0;1;1;1;1
536565496;155 731 733;A01;1;7;0;2;2;15;1
536565496;155 731 735;B01;1;1;0;2;8;2;5
536565497;155 731 731;B01;1;7;0;2;4;2;1
536565497;155 731 732;A01;1;7;0;2;1;2;1
536565498;155 731 729;B01;1;7;0;2;3;0;1
536565498;155 731 730;A01;1;50;0;2;1;5;3
536565499;155 731 726;A01;0;7;0;0;1;2;1
536565499;155 731 727;B01;3;7;0;2;4;23;1
536565499;155 731 728;C01;0;7;0;2;4;23;1
536565500;155 731 724;A01;1;7;0;1;0;1;1
536565501;155 731 723;A01;0;7;0;2;2;16;1
536565501;155 731 725;T01;3;50;0;2;0;0;3
536565502;155 731 722;A01;1;7;8;0;2;1;1
536565503;155 731 720;B01;1;7;0;2;1;1;1
536565503;155 731 721;A01;1;7;0;0;0;0;1
536565504;155 731 719;A01;1;7;0;1;1;15;1
536565505;155 731 718;A01;1;32;0;6;1;1;1
536565506;155 731 717;A01;1;1;0;0;1;1;5
536565507;155 731 716;A01;2;7;0;1;1;1;1
536565508;155 731 715;A01;3;1;0;1;2;21;5
536565509;155 731 712;B01;1;1;0;2;7;1;5
536565509;155 731 713;A01;0;7;0;2;3;16;1
536565510;155 731 710;B01;2;33;0;2;7;16;3
536565510;155 731 711;A01;1;1;0;2;1;25;5
536565511;155 731 708;A01;1;50;0;4;1;1;3
536565511;155 731 709;B01;1;40;0;2;7;1;3
536565512;155 731 704;A01;3;7;0;2;2;2;1
536565512;155 731 705;B01;3;1;0;2;6;13;5
536565513;155 731 702;C01;3;7;0;0;6;23;1
536565513;155 731 703;D01;3;7;0;2;8;0;1
536565513;155 731 706;A01;0;10;0;2;3;1;1
536565513;155 731 707;B01;3;7;0;2;4;2;1
536565514;155 731 700;B01;1;32;0;2;3;1;1
536565514;155 731 701;A01;1;7;0;2;3;14;1
536565515;155 731 697;A01;1;30;0;2;1;17;1
536565515;155 731 698;B01;1;7;0;2;6;15;1
536565516;155 731 696;B01;2;1;0;2;7;1;5
536565516;155 731 699;A01;1;10;0;2;3;16;1
536565517;155 731 694;A01;1;38;0;2;2;1;1
536565517;155 731 695;B01;2;14;0;2;3;1;1
536565518;155 731 691;A01;2;7;3;0;8;1;1
536565518;155 731 692;B01;1;7;0;2;3;13;1
536565519;155 731 688;B01;2;15;0;2;6;1;1
536565519;155 731 689;C01;2;7;1;0;1;2;1
536565519;155 731 690;A01;2;7;0;2;1;0;1
536565520;155 731 687;A01;2;1;8;0;0;25;5
536565520;155 731 693;B01;2;37;0;0;0;0;1
536565521;155 731 685;A01;1;33;0;2;1;1;1
536565521;155 731 686;B01;1;7;0;0;4;1;1
536565522;155 731 682;A01;1;7;0;0;9;1;1
536565523;155 731 683;B01;1;1;0;2;4;13;5
536565523;155 731 684;A01;1;34;2;2;4;17;1
536565524;155 731 680;B01;3;16;0;2;1;26;0
536565524;155 731 681;A01;1;1;0;2;7;1;5
536565525;155 731 679;A01;1;7;13;0;1;13;1
536565526;155 731 677;B01;1;21;0;0;1;1;1
536565526;155 731 678;A01;2;33;0;0;0;1;1
536565527;155 731 675;A01;2;7;0;2;3;13;1
536565527;155 731 676;B01;1;7;0;2;3;1;1
536565528;155 731 673;B01;3;1;0;2;8;19;5
536565528;155 731 674;A01;3;10;0;2;4;4;1
536565529;155 731 671;B01;2;80;0;0;4;1;3
536565529;155 731 672;A01;2;7;0;2;2;1;1
536565530;155 731 670;A01;2;7;0;1;2;1;1
536565531;155 731 668;A01;1;7;0;2;1;15;1
536565531;155 731 669;B01;2;7;0;2;1;1;1
536565532;155 731 667;A01;2;7;13;0;7;1;1
536565533;155 731 666;A01;1;7;6;0;1;1;1
536565534;155 731 665;A01;1;35;0;0;8;10;1
536565535;155 731 663;A01;1;7;3;2;7;2;1
536565535;155 731 664;B01;1;7;3;2;8;18;1
536565536;155 731 661;A01;2;7;0;2;1;13;1
536565536;155 731 662;B01;1;15;0;2;1;1;1
536565537;155 731 660;A01;2;7;5;0;2;1;1
536565538;155 731 658;B01;1;14;0;0;3;21;0
536565538;155 731 659;A01;2;7;0;0;3;5;1
536565539;155 731 656;A01;2;7;0;2;2;1;1
536565539;155 731 657;B01;2;1;0;2;3;15;5
536565540;155 731 653;A01;1;7;6;2;3;5;1
536565540;155 731 654;B01;2;7;0;2;3;1;1
536565540;155 731 655;C01;2;7;0;2;1;1;1
536565541;155 731 651;B01;2;33;0;2;1;1;1
536565541;155 731 652;A01;2;7;0;2;1;15;1
536565542;155 731 649;A01;2;1;0;2;1;1;5
536565542;155 731 650;B01;1;10;0;2;3;1;1
536565543;155 731 647;A01;2;7;15;0;4;23;1
536565543;155 731 648;B01;2;10;3;2;1;17;1
536565544;155 731 646;A01;1;33;0;0;9;26;1
536565545;155 731 644;B01;2;10;0;0;6;1;1
536565545;155 731 645;A01;2;7;0;2;1;12;1
536565546;155 731 643;A01;;7;0;1;3;20;1
536565547;155 731 641;A01;1;10;0;2;1;1;1
536565547;155 731 642;B01;1;10;0;0;4;23;1
536565548;155 731 637;B01;2;7;0;2;4;1;1
536565548;155 731 638;A01;2;7;0;2;1;1;1
536565548;155 731 639;C01;2;7;0;2;4;23;1
536565548;155 731 640;D01;2;7;0;2;4;23;1
536565549;155 731 635;A01;1;33;0;2;1;2;1
536565549;155 731 636;B01;1;7;0;2;4;2;1
536565550;155 731 634;A01;1;7;0;1;1;2;1
536565551;155 731 633;A01;2;7;0;1;1;1;1
536565552;155 731 625;A01;2;7;0;2;1;2;1
536565552;155 731 626;H01;2;7;0;2;1;2;1
536565552;155 731 627;D01;2;7;0;2;3;21;1
536565552;155 731 628;F01;2;7;0;2;4;2;1
536565552;155 731 629;B01;2;7;0;2;4;23;1
536565552;155 731 630;C01;2;7;0;2;4;23;1
536565552;155 731 631;E01;2;7;0;2;4;2;3
536565552;155 731 632;G01;2;7;0;2;1;2;1
536565553;155 731 623;B01;2;7;0;2;4;0;1
536565553;155 731 624;A01;2;33;0;2;1;0;1
536565554;155 731 622;A01;2;7;0;0;9;0;1
536565555;155 731 621;A01;1;7;0;0;0;1;1
536565556;155 731 619;A01;1;7;0;2;3;11;1
536565556;155 731 620;B01;1;33;0;2;8;3;1
536565557;155 731 618;A01;2;7;0;0;4;1;1
536565558;155 731 616;A01;1;7;0;2;1;1;1
536565558;155 731 617;B01;1;7;0;2;4;1;3
536565559;155 731 615;A01;1;7;4;0;2;1;1
536565560;155 731 614;A01;1;7;1;0;2;1;1
536565561;155 731 612;Z01;2;7;0;2;1;1;1
536565561;155 731 613;B01;2;7;0;2;4;2;1
536565562;155 731 610;B01;1;10;0;2;4;2;1
536565562;155 731 611;A01;1;7;0;2;1;2;1
536565563;155 731 608;A01;2;14;0;2;1;2;1
536565563;155 731 609;B01;2;14;0;2;4;2;1
536565564;155 731 607;A01;2;7;4;0;1;1;1
536565565;155 731 606;A01;2;7;3;0;1;1;1
536565566;155 731 604;A01;2;7;0;2;8;24;1
536565566;155 731 605;B01;2;1;0;0;0;0;5
536565567;155 731 602;A01;3;30;0;2;1;2;1
536565567;155 731 603;B01;1;10;0;2;4;2;3
536565568;155 731 600;B01;3;43;0;2;1;17;0
536565568;155 731 601;A01;3;10;0;2;3;10;0
536565569;155 731 598;A01;0;7;0;9;1;0;1
536565569;155 731 599;B01;0;50;0;2;7;1;3
536565570;155 731 596;A01;1;7;0;2;1;13;1
536565570;155 731 597;B01;2;7;0;1;1;1;1
536565571;155 731 595;A01;1;33;4;0;0;15;1
536565572;155 731 593;A01;2;10;0;2;1;9;0
536565572;155 731 594;B01;2;50;0;2;1;9;3
536565573;155 731 592;A01;2;50;1;0;1;1;3
536565574;155 731 591;A01;2;7;6;0;1;1;1
536565575;155 731 590;A01;1;33;12;0;1;1;1
536565576;155 731 589;A01;3;7;12;0;3;1;1
536565577;155 731 588;A01;3;7;15;1;7;0;0
536565578;155 731 585;A01;1;7;0;2;1;26;0
536565578;155 731 586;B01;1;7;0;2;0;0;0
536565578;155 731 587;C01;1;7;0;2;0;0;0
536565579;155 731 584;A01;1;7;1;0;2;14;1
536565580;155 731 582;B01;3;7;0;9;8;26;1
536565580;155 731 583;A01;3;50;0;2;1;26;3
536565581;155 731 580;A01;2;7;0;2;7;15;1
536565581;155 731 581;B01;2;33;0;0;0;0;0
536565582;155 731 578;B01;2;7;0;2;3;1;1
536565582;155 731 579;A01;1;7;0;2;3;13;1
536565583;155 731 576;B01;3;7;0;2;8;15;1
536565583;155 731 577;A01;2;7;0;2;1;1;1
536565584;155 731 574;A01;1;10;0;2;1;1;1
536565584;155 731 575;B01;2;1;0;2;1;1;5
536565585;155 731 570;A01;2;7;0;1;1;1;1
536565586;155 731 568;A01;1;31;1;2;8;21;1
536565586;155 731 569;B01;2;7;0;2;3;13;1
536565587;155 731 566;A01;3;10;0;2;2;0;0
536565587;155 731 567;B01;3;10;0;2;3;1;0
536565588;155 731 564;A01;3;10;0;2;2;1;1
536565588;155 731 565;B01;3;7;0;2;1;1;1
536565589;155 731 562;A01;1;30;0;2;1;1;1
536565589;155 731 563;B01;2;7;0;2;3;15;1
536565590;155 731 561;A01;2;99;6;0;1;13;1
536565591;155 731 559;A01;3;7;0;2;3;11;1
536565591;155 731 560;B01;3;33;0;2;7;3;1
536565592;155 731 558;C01;1;7;0;0;2;1;0
536565593;155 731 555;A01;1;7;3;2;3;2;1
536565593;155 731 556;B01;1;7;0;2;2;1;1
536565593;155 731 557;C01;2;7;0;2;1;21;1
536565594;155 731 554;A01;1;7;0;1;1;1;1
536565595;155 731 552;A01;0;7;0;9;1;16;1
536565595;155 731 553;B01;0;80;0;2;1;1;3
536565596;155 731 550;A01;1;7;0;2;1;2;1
536565596;155 731 551;B01;1;7;0;2;4;2;3
536565597;155 731 549;Z01;3;1;0;1;1;1;5
536565598;155 731 548;A01;1;7;4;0;3;1;1
536565599;155 731 547;A01;3;7;6;0;1;1;1
536565600;155 731 545;B01;1;7;0;2;3;1;1
536565600;155 731 546;A01;2;7;0;2;2;15;1
536565601;155 731 543;A01;2;2;0;2;1;1;1
536565601;155 731 544;B01;2;10;0;2;4;23;1
536565602;155 731 541;A01;2;7;0;2;8;15;1
536565602;155 731 542;B01;2;30;0;2;2;15;1
536565603;155 731 540;A01;3;30;0;0;0;1;1
536565604;155 731 538;A01;1;7;0;2;5;15;1
536565604;155 731 539;B01;1;7;0;2;3;1;1
536565605;155 731 537;A01;2;2;16;0;0;1;1
536565606;155 731 535;A01;1;7;14;0;1;2;1
536565606;155 731 536;B01;1;7;0;0;4;23;1
536565607;155 731 532;A01;3;32;0;2;1;19;1
536565607;155 731 533;B01;3;32;0;2;7;1;1
536565608;155 731 530;A01;3;7;0;2;0;15;1
536565608;155 731 531;B01;3;33;0;2;0;1;0
536565609;155 731 529;A01;2;7;0;1;1;19;1
536565610;155 731 527;A01;2;7;0;2;5;12;2
536565610;155 731 528;B01;2;7;0;2;3;1;1
536565611;155 731 526;A01;1;1;0;1;1;1;5
536565612;155 731 524;B01;2;1;0;2;5;20;5
536565612;155 731 525;A01;2;10;0;2;2;1;3
536565613;155 731 523;A01;2;34;0;1;1;1;3
536565614;155 731 522;Z01;1;32;0;1;1;1;0
536565615;155 731 521;A01;1;7;0;1;3;2;2
536565616;155 731 519;A01;1;34;0;2;7;1;1
536565616;155 731 520;B01;3;1;0;2;1;19;5
536565617;155 731 518;A01;2;7;0;1;2;1;2
536565618;155 731 517;A01;1;7;0;1;1;15;1
536565619;155 731 515;B01;1;1;0;2;6;15;5
536565619;155 731 516;A01;1;7;0;2;6;15;1
536565620;155 731 514;A01;3;7;1;0;2;14;1
536565621;155 731 512;A01;2;2;0;2;6;18;1
536565621;155 731 513;B01;2;7;0;2;2;1;2
536565622;155 731 510;B01;0;7;0;0;3;24;1
536565622;155 731 511;A01;2;1;1;0;3;19;5
536565623;155 731 508;A01;1;1;0;2;1;13;5
536565623;155 731 509;B01;3;10;1;0;3;24;1
536565624;155 731 507;A01;1;34;1;0;1;1;1
536565625;155 731 506;A01;1;7;0;1;1;15;1
536565626;155 731 504;B01;1;2;0;2;7;12;1
536565626;155 731 505;A01;1;7;0;2;8;1;1
536565627;155 731 503;A01;2;34;0;0;3;16;0
536565628;155 731 501;A01;1;7;1;0;4;2;1
536565628;155 731 502;B01;1;7;0;2;4;23;2
536565629;155 731 500;A01;0;30;14;0;0;1;1
536565630;155 731 499;A01;3;7;0;1;1;26;2
536565631;155 731 497;A01;2;7;0;2;1;1;1
536565631;155 731 498;B01;1;7;0;2;8;1;1
536565632;155 731 495;A01;1;33;1;2;4;1;1
536565632;155 731 496;B01;1;37;0;2;5;1;1
536565633;155 731 493;A01;1;2;0;2;1;1;0
536565633;155 731 494;B01;1;7;0;2;3;9;0
536565634;155 731 492;A01;3;1;16;0;1;1;5
536565635;155 731 491;A01;3;1;2;0;1;2;5
536565636;155 731 489;B01;1;10;16;0;6;23;1
536565636;155 731 490;A01;1;7;1;0;1;1;1
536565637;155 731 486;A01;3;7;0;2;1;2;1
536565637;155 731 487;B01;3;7;0;2;4;2;1
536565637;155 731 488;C01;3;7;0;2;4;2;1
536565638;155 731 485;A01;2;3;0;1;2;10;1
536565639;155 731 483;A01;1;17;0;2;1;1;1
536565639;155 731 484;B01;0;7;0;2;5;19;1
536565640;155 731 482;A01;1;7;2;0;3;13;1
536565641;155 731 481;A01;2;7;2;0;7;0;1
536565642;155 731 480;A01;1;7;6;0;3;1;1
536565643;155 731 478;B01;2;1;0;2;4;2;5
536565643;155 731 479;A01;2;7;0;2;3;9;1
536565644;155 731 477;A01;2;34;16;0;0;0;1
536565645;155 731 476;A01;0;31;12;0;1;1;1
536565646;155 731 475;A01;3;7;0;1;2;16;1
536565647;155 731 473;A01;1;7;0;2;1;13;1
536565647;155 731 474;B01;2;7;0;2;1;1;1
536565648;155 731 472;A01;1;7;0;1;1;1;1
536565649;155 731 470;A01;2;7;0;2;1;2;1
536565649;155 731 471;B01;2;2;0;2;4;2;1
536565650;155 731 468;A01;3;14;0;2;3;10;1
536565650;155 731 469;B01;3;2;0;2;1;1;1
536565651;155 731 466;B01;1;10;0;2;3;1;1
536565651;155 731 467;A01;2;7;0;2;3;17;1
536565652;155 731 464;A01;2;7;0;2;2;1;1
536565652;155 731 465;B01;2;1;0;2;3;11;5
536565653;155 731 463;A01;2;7;6;0;0;1;1