Num_Acc;id_vehicule;num_veh;senc;catv;obs;obsm;choc;manv;motor
536565654;155 731 462;A01;2;7;2;0;1;1;1
536565655;155 731 461;A01;1;7;13;0;1;1;1
536565656;155 731 460;A01;2;7;2;0;3;0;2
536565657;155 731 458;B01;1;10;0;2;2;0;1
536565657;155 731 459;A01;1;2;0;2;1;26;1
536565658;155 731 456;A01;1;7;1;2;2;15;1
536565658;155 731 457;B01;2;7;0;2;1;21;1
536565659;155 731 454;B01;1;7;0;2;3;1;1
536565659;155 731 455;A01;2;7;0;2;3;1;1
536565660;155 731 451;B01;2;2;0;2;3;1;1
536565660;155 731 452;A01;2;2;0;2;2;17;1
536565660;155 731 453;C01;1;7;0;2;3;1;1
536565661;155 731 449;A01;1;7;0;2;2;15;1
536565661;155 731 450;B01;2;2;0;2;1;1;1
536565662;155 731 448;A01;2;7;2;0;1;13;1
536565663;155 731 447;A01;1;2;0;0;7;1;1
536565664;155 731 445;A01;2;7;0;2;1;1;1
536565664;155 731 446;B01;1;7;0;2;1;1;1
536565665;155 731 444;A01;2;7;1;1;3;5;1
536565666;155 731 443;A01;2;33;0;6;1;1;1
536565667;155 731 441;B01;2;10;0;2;6;1;1
536565667;155 731 442;A01;1;7;0;2;3;17;3
536565668;155 731 440;A01;1;7;2;0;2;14;1
536565669;155 731 437;A01;1;7;0;2;2;6;1
536565669;155 731 438;B01;2;7;0;2;1;1;1
536565669;155 731 439;C01;2;7;0;2;1;1;2
536565670;155 731 436;A01;1;33;0;0;0;1;1
536565671;155 731 434;A01;1;7;0;2;1;1;1
536565671;155 731 435;B01;1;1;0;0;4;1;5
536565672;155 731 432;B01;1;7;0;2;3;1;1
536565672;155 731 433;A01;1;10;0;2;1;9;1
536565673;155 731 430;A01;2;7;13;0;7;1;1
536565673;155 731 431;B01;1;7;0;0;1;1;1
536565674;155 731 429;A01;2;7;2;0;1;0;1
536565675;155 731 428;A01;1;2;0;0;0;2;1
536565676;155 731 426;B01;2;7;0;2;3;5;1
536565676;155 731 427;A01;1;7;0;2;3;1;1
536565677;155 731 425;A01;1;7;0;0;2;1;1
536565678;155 731 424;A01;2;7;2;0;1;1;1
536565679;155 731 423;A01;3;7;2;0;1;17;1
536565680;155 731 421;B01;1;7;0;2;1;1;1
536565680;155 731 422;A01;2;7;0;2;2;15;1
536565681;155 731 420;A01;0;50;0;0;0;0;3
536565682;155 731 419;A01;3;21;0;0;0;0;0
536565683;155 731 418;A01;1;7;13;0;1;13;1
536565684;155 731 417;A01;1;7;8;0;2;14;1
536565685;155 731 415;B01;1;7;0;2;5;1;1
536565685;155 731 416;A01;2;10;0;2;1;1;1
536565686;155 731 413;B01;2;99;0;2;3;21;1
536565686;155 731 414;A01;1;7;13;2;3;13;1
536565687;155 731 412;A01;1;7;13;0;1;14;1
536565688;155 731 411;A01;1;7;16;0;1;1;0
536565689;155 731 409;A01;1;7;13;0;1;12;1
536565689;155 731 410;B01;1;7;13;0;1;1;1
536565690;155 731 407;A01;1;7;0;2;0;9;1
536565690;155 731 408;B01;1;2;0;2;1;1;3
536565691;155 731 405;B01;2;7;0;2;1;5;1
536565691;155 731 406;A01;2;7;0;2;1;21;1
536565692;155 731 404;A01;2;7;3;0;3;1;1
536565693;155 731 400;C01;2;7;0;2;1;1;3
536565693;155 731 401;D01;2;7;0;2;4;1;2
536565693;155 731 402;B01;2;7;0;2;1;1;1
536565693;155 731 403;A01;2;7;3;0;1;1;2
536565694;155 731 399;A01;1;7;2;0;1;13;1
536565695;155 731 398;A01;2;2;6;0;1;1;1
536565696;155 731 397;A01;3;10;0;1;2;1;1
536565697;155 731 395;A01;0;7;0;2;8;11;1
536565697;155 731 396;B01;0;33;0;2;7;17;1
536565698;155 731 392;A01;1;7;0;2;2;17;1
536565698;155 731 393;B01;2;7;0;2;1;1;1
536565698;155 731 394;C01;1;10;0;2;3;1;1
536565699;155 731 389;A01;1;7;0;2;1;13;1
536565699;155 731 390;B01;2;10;0;2;1;1;1
536565699;155 731 391;C01;2;7;0;2;1;21;1
536565700;155 731 388;A01;2;10;0;1;3;1;1
536565701;155 731 386;B01;1;10;0;2;1;1;1
536565701;155 731 387;A01;1;33;0;0;6;1;1
536565702;155 731 385;A01;1;33;3;0;2;1;1
536565703;155 731 384;A01;2;34;0;0;0;0;1
536565704;155 731 382;B01;3;7;0;2;3;26;1
536565704;155 731 383;A01;3;30;0;2;2;15;1
536565705;155 731 380;A01;2;7;0;2;3;13;1
536565705;155 731 381;B01;1;7;0;2;3;24;1
536565706;155 731 379;A01;1;7;0;1;3;1;1
536565707;155 731 377;B01;1;7;0;2;3;2;1
536565707;155 731 378;A01;1;7;0;2;6;15;0
536565708;155 731 376;A01;3;7;0;1;3;15;1
536565709;155 731 375;A01;2;7;0;1;8;1;2
536565710;155 731 373;A01;2;7;14;0;6;15;1
536565710;155 731 374;B01;2;31;14;0;1;17;1
536565711;155 731 372;A01;2;7;0;1;2;1;1
536565712;155 731 370;A01;2;33;0;2;2;2;1
536565712;155 731 371;B01;2;7;0;2;6;23;1
536565713;155 731 369;A01;1;1;12;0;1;14;5
536565714;155 731 368;A01;2;1;10;0;0;0;5
536565715;155 731 366;B01;3;50;0;2;1;1;3
536565715;155 731 367;A01;3;10;0;2;3;9;1
536565716;155 731 364;A01;0;7;0;2;1;1;1
536565716;155 731 365;B01;0;32;0;2;7;1;1
536565717;155 731 363;A01;3;30;0;0;0;1;1
536565718;155 731 361;B01;0;1;0;2;0;1;5
536565718;155 731 362;A01;3;32;0;2;0;0;0
536565719;155 731 360;A01;0;50;0;0;0;0;3
536565720;155 731 358;A01;2;7;0;9;5;15;1
536565720;155 731 359;B01;1;33;0;2;1;1;1
536565721;155 731 356;A01;2;7;0;2;3;1;1
536565721;155 731 357;B01;2;50;0;2;4;1;3
536565722;155 731 354;A01;3;33;0;2;4;9;1
536565722;155 731 355;B01;3;7;0;2;1;1;2
536565723;155 731 353;A01;3;7;0;1;5;1;2
536565724;155 731 348;A01;1;7;0;2;1;1;1
536565724;155 731 349;B01;1;50;0;2;7;19;3
536565725;155 731 346;A01;1;7;0;2;1;13;1
536565725;155 731 347;B01;2;7;0;2;1;0;1
536565726;155 731 344;A01;0;7;0;9;2;15;1
536565726;155 731 345;B01;0;33;0;2;1;1;1
536565727;155 731 342;A01;1;7;0;2;3;15;1
536565727;155 731 343;B01;2;1;0;2;1;1;5
536565728;155 731 340;A01;1;1;0;2;3;5;5
536565728;155 731 341;B01;1;7;0;9;2;9;1
536565729;155 731 338;B01;1;7;0;2;4;2;1
536565729;155 731 339;A01;1;33;0;2;1;1;1
536565730;155 731 337;A01;1;7;1;0;1;1;1
536565731;155 731 336;A01;1;31;0;0;0;2;1
536565732;155 731 335;A01;1;7;14;1;2;2;1
536565733;155 731 333;A01;2;50;0;2;6;13;3
536565733;155 731 334;B01;2;7;0;2;2;1;1
536565734;155 731 331;A01;2;7;0;2;1;1;1
536565734;155 731 332;B01;2;50;0;2;7;3;3
536565735;155 731 330;A01;3;7;0;1;0;15;1
536565736;155 731 329;A01;3;50;16;0;0;1;3
536565737;155 731 328;A01;3;7;16;0;9;1;1
536565738;155 731 326;A01;0;7;0;2;7;15;1
536565738;155 731 327;B01;0;3;0;2;1;1;1
536565739;155 731 324;B01;1;37;0;2;6;1;1
536565739;155 731 325;A01;1;1;0;2;1;1;5
536565740;155 731 323;A01;3;33;12;0;0;1;1
536565741;155 731 322;A01;1;7;0;1;3;21;1
536565742;155 731 320;A01;2;7;0;2;1;1;1
536565742;155 731 321;B01;2;10;0;0;4;1;1
536565743;155 731 315;A01;1;80;0;0;0;16;3
536565744;155 731 313;A01;3;7;0;2;3;15;1
536565744;155 731 314;B01;2;33;0;2;2;1;1
536565745;155 731 312;A01;1;40;0;1;2;1;3
536565746;155 731 310;B01;1;32;0;2;2;2;1
536565746;155 731 311;A01;1;10;0;2;3;2;2
536565747;155 731 308;B01;2;15;0;2;3;21;1
536565747;155 731 309;A01;1;43;0;2;3;13;1
536565748;155 731 307;A01;3;7;0;1;1;2;1
536565749;155 731 305;A01;3;7;0;2;5;1;1
536565749;155 731 306;B01;3;33;0;2;1;1;1
536565750;155 731 303;B01;1;50;0;2;1;1;3
536565750;155 731 304;A01;1;7;0;2;2;15;1
536565751;155 731 302;A01;2;34;14;1;0;26;1
536565752;155 731 300;A01;2;7;0;2;3;9;0
536565752;155 731 301;B01;1;1;0;2;2;26;5
536565753;155 731 298;B01;1;7;0;2;4;1;1
536565753;155 731 299;A01;1;7;0;2;1;26;1
536565754;155 731 297;A01;1;7;2;0;1;13;2
536565755;155 731 295;A01;1;80;0;2;1;9;3
536565755;155 731 296;B01;1;7;0;0;3;1;1
536565756;155 731 293;B01;1;2;0;2;5;1;1
536565756;155 731 294;A01;1;7;0;2;3;15;1
536565757;155 731 291;B01;2;33;0;2;8;1;1
536565757;155 731 292;A01;1;7;0;2;3;2;1
536565758;155 731 289;A01;1;30;0;2;1;1;1
536565758;155 731 290;B01;1;13;0;2;7;16;1
536565759;155 731 287;B01;1;7;0;2;8;1;1
536565759;155 731 288;A01;1;31;0;2;1;1;1
536565760;155 731 286;A01;3;10;0;1;2;15;1
536565761;155 731 285;A01;1;1;0;1;1;1;5
536565762;155 731 283;Z01;1;7;0;2;1;2;1
536565762;155 731 284;A01;1;80;0;2;4;1;3
536565763;155 731 282;A01;2;50;0;1;1;1;3
536565764;155 731 280;A01;2;7;0;2;2;1;1
536565764;155 731 281;B01;1;7;0;2;3;1;1
536565765;155 731 278;A01;1;33;0;2;7;1;1
536565765;155 731 279;B01;2;7;0;2;1;1;1
536565766;155 731 276;B01;2;32;0;2;0;1;1
536565766;155 731 277;A01;2;7;0;2;0;0;1
536565767;155 731 274;B01;1;7;0;2;4;1;0
536565767;155 731 275;A01;1;7;0;2;1;1;1
536565768;155 731 273;A01;3;7;0;1;3;1;1
536565769;155 731 271;A01;1;7;0;2;1;15;2
536565769;155 731 272;B01;2;32;0;2;1;1;1
536565770;155 731 269;B01;2;7;0;2;1;15;1
536565770;155 731 270;A01;1;32;0;2;1;1;1
536565771;155 731 267;B01;2;10;0;2;5;14;1
536565771;155 731 268;A01;2;50;0;2;3;14;3
536565772;155 731 265;A01;1;10;12;0;1;0;0
536565773;155 731 264;A01;1;7;0;2;2;15;1
536565773;155 731 266;B01;2;7;0;2;1;1;1
536565774;155 731 263;A01;1;7;0;1;1;1;1
536565775;155 731 261;B01;1;30;0;2;5;2;1
536565775;155 731 262;A01;1;13;0;2;1;17;1
536565776;155 731 260;A01;2;7;11;0;1;1;1
536565777;155 731 259;A01;1;7;15;0;3;1;1
536565778;155 731 257;A01;1;7;3;0;9;9;1
536565779;155 731 256;B01;0;31;0;2;1;1;1
536565779;155 731 258;A01;0;7;0;2;2;15;1
536565780;155 731 254;B01;1;50;0;2;8;19;3
536565780;155 731 255;A01;1;10;0;2;1;1;1
536565781;155 731 251;B01;0;1;0;2;1;1;5
536565781;155 731 253;A01;0;7;0;2;8;16;1
536565782;155 731 250;A01;1;7;0;2;7;16;1
536565782;155 731 252;B01;1;15;0;2;3;1;1
536565783;155 731 249;A01;1;31;0;0;2;10;3
536565784;155 731 246;A01;2;7;0;2;1;2;1
536565784;155 731 248;B01;2;7;0;2;4;2;1
536565785;155 731 245;A01;1;1;0;2;8;1;5
536565785;155 731 247;B01;1;7;0;2;1;1;1
536565786;155 731 243;A01;3;1;0;0;0;0;5
536565787;155 731 242;B01;1;1;0;2;8;15;5
536565787;155 731 244;A01;1;1;0;2;1;1;5
536565788;155 731 239;A01;1;7;0;2;3;13;1
536565788;155 731 241;B01;2;31;0;2;3;0;1
536565789;155 731 238;A01;1;7;0;2;2;1;1
536565789;155 731 240;B01;2;7;0;2;5;15;1
536565790;155 731 236;A01;2;7;0;2;2;15;1
536565790;155 731 237;B01;2;33;0;2;1;1;1
536565791;155 731 235;A01;1;7;0;1;2;1;1
536565792;155 731 234;A01;3;7;0;1;1;1;1
536565793;155 731 232;A01;1;34;8;0;1;1;1
536565794;155 731 233;A01;1;1;0;0;0;20;5
536565795;155 731 231;A01;3;7;14;5;1;1;1
536565796;155 731 228;A01;2;7;0;2;6;1;1
536565796;155 731 230;B01;1;7;0;2;3;1;1
536565797;155 731 226;B01;2;7;0;2;4;2;1
536565797;155 731 227;C01;2;7;0;2;4;23;2
536565797;155 731 229;A01;2;7;0;2;1;2;1
536565798;155 731 225;A01;2;7;8;0;1;1;1
536565799;155 731 224;A01;3;7;0;1;3;15;1
536565800;155 731 222;A01;2;10;0;2;2;1;1
536565800;155 731 223;B01;3;2;0;2;1;1;1
536565801;155 731 221;A01;1;33;13;0;7;0;1
536565802;155 731 219;A01;2;33;0;2;1;1;1
536565802;155 731 220;B01;1;7;0;2;3;15;1
536565803;155 731 217;B01;2;7;0;2;4;2;1
536565803;155 731 218;A01;2;10;0;2;1;2;1
536565804;155 731 215;B01;3;38;0;2;3;1;1
536565804;155 731 216;A01;3;2;0;2;8;13;1
536565805;155 731 214;A01;2;7;0;1;1;2;1
536565806;155 731 212;A01;2;7;0;1;1;2;0
536565807;155 731 211;B01;3;30;0;2;1;9;1
536565807;155 731 213;A01;2;33;0;0;8;14;1
536565808;155 731 208;B01;1;7;3;0;4;1;1
536565808;155 731 210;A01;1;7;4;2;1;2;1
536565809;155 731 205;A01;1;1;0;2;1;1;5
536565809;155 731 206;B01;2;15;0;2;1;15;1
536565810;155 731 203;A01;1;7;0;2;1;2;1
536565810;155 731 204;B01;1;7;0;2;4;1;2
536565811;155 731 202;A01;1;1;0;0;0;1;5
536565812;155 731 198;A01;2;7;0;2;1;2;1
536565812;155 731 200;B01;2;50;0;2;4;1;3
536565813;155 731 199;B01;3;7;0;2;6;1;0
536565813;155 731 201;A01;3;50;0;2;1;11;3
536565814;155 731 195;A01;3;43;0;2;2;3;1
536565814;155 731 196;B01;3;7;0;2;3;1;1
536565815;155 731 194;B01;1;7;0;2;8;15;1
536565815;155 731 197;A01;1;7;0;2;1;17;1
536565816;155 731 191;A01;3;2;0;0;0;1;1
536565817;155 731 190;B01;1;7;0;2;4;1;1
536565817;155 731 192;C01;1;7;0;2;4;1;1
536565817;155 731 193;A01;1;7;0;2;1;1;1
536565818;155 731 187;A01;3;13;0;2;1;19;1
536565818;155 731 189;B01;1;10;13;2;7;1;1
536565819;155 731 186;A01;1;30;0;2;1;1;1
536565819;155 731 188;B01;2;7;0;2;3;1;2
536565820;155 731 183;A01;1;30;0;2;1;17;1
536565820;155 731 185;B01;2;7;0;2;3;1;2
536565821;155 731 182;A01;2;7;0;2;1;13;1
536565821;155 731 184;B01;1;7;0;2;3;1;1
536565822;155 731 178;A01;1;32;0;2;0;17;1
536565822;155 731 180;B01;1;7;0;2;0;15;1
536565823;155 731 179;A01;3;2;0;2;3;15;1
536565823;155 731 181;B01;3;2;0;2;1;1;1
536565824;155 731 175;B01;3;33;0;2;8;1;1
536565824;155 731 177;A01;3;7;0;2;3;15;1
536565825;155 731 173;A01;1;7;0;2;3;13;1
536565825;155 731 174;B01;2;7;0;2;3;1;1
536565825;155 731 176;C01;2;13;0;2;6;1;1
536565826;155 731 172;A01;1;33;0;1;1;0;1
536565827;155 731 171;A01;1;33;4;0;1;2;0
536565828;155 731 169;B01;2;7;0;2;1;1;1
536565828;155 731 170;Z01;1;7;0;2;1;10;1
536565829;155 731 167;A01;1;7;0;2;7;9;1
536565829;155 731 168;B01;1;33;0;2;1;1;1
536565830;155 731 164;A01;1;7;13;0;1;13;1
536565831;155 731 162;D01;2;7;0;2;4;1;1
536565831;155 731 163;C01;2;7;0;2;4;1;1
536565831;155 731 165;B01;2;7;0;2;1;2;1
536565831;155 731 166;A01;2;7;0;2;1;2;2
536565832;155 731 160;A01;2;7;0;2;3;1;1
536565832;155 731 161;B01;1;7;0;2;3;13;1
536565833;155 731 159;A01;2;50;0;0;0;15;3
536565834;155 731 158;A01;2;7;0;1;1;1;1
536565835;155 731 157;A01;1;33;0;0;0;1;1
536565836;155 731 154;B01;1;33;0;2;1;1;1
536565836;155 731 156;A01;2;7;0;2;2;15;1
536565837;155 731 153;B01;1;50;0;2;8;19;3
536565837;155 731 155;A01;2;7;0;2;3;1;1
536565838;155 731 150;B01;1;33;0;2;1;0;1
536565838;155 731 151;A01;1;7;0;2;7;15;1
536565839;155 731 149;B01;2;7;0;2;4;1;2
536565839;155 731 152;A01;2;32;0;2;1;1;1
536565840;155 731 147;A01;1;33;0;6;1;1;1
536565841;155 731 146;A01;3;32;0;2;7;19;1
536565841;155 731 148;B01;2;50;0;2;2;1;3
536565842;155 731 144;A01;2;30;0;0;0;15;3
536565843;155 731 143;A01;1;7;6;2;5;10;1
536565843;155 731 145;B01;1;7;0;2;1;1;1
536565844;155 731 141;A01;2;80;0;0;0;0;3
536565845;155 731 140;A01;3;2;0;2;8;18;1
536565845;155 731 142;B01;3;7;0;2;7;14;1
536565846;155 731 137;B01;1;1;8;0;4;1;5
536565846;155 731 139;A01;1;7;0;2;2;2;0
536565847;155 731 138;A01;1;10;0;1;2;1;1
536565848;155 731 136;A01;1;7;6;0;1;0;1
536565849;155 731 134;B01;1;7;0;2;5;23;1
536565849;155 731 135;A01;1;7;0;2;3;1;1
536565850;155 731 133;A01;2;7;0;1;3;1;1
536565851;155 731 132;Z01;1;33;0;1;8;1;0
536565852;155 731 130;B01;2;1;0;2;4;2;5
536565852;155 731 131;A01;2;10;0;2;2;2;1
536565853;155 731 127;B01;1;34;0;2;1;1;3
536565853;155 731 129;A01;1;7;0;2;1;15;2
536565854;155 731 126;A01;2;2;0;2;1;13;1
536565854;155 731 128;B01;1;7;0;2;1;1;1
536565855;155 731 124;A01;3;34;12;0;0;15;3
536565856;155 731 123;A01;1;7;0;2;1;17;1
536565856;155 731 125;B01;2;7;0;2;1;1;1
536565857;155 731 120;A01;1;7;0;2;1;13;1
536565857;155 731 122;B01;1;7;0;2;1;1;1
536565858;155 731 119;A01;1;10;0;2;5;16;1
536565858;155 731 121;B01;1;7;0;2;3;7;2
536565859;155 731 117;A01;3;7;6;0;3;1;0
536565860;155 731 116;B01;1;33;0;2;8;1;1
536565860;155 731 118;A01;2;7;0;2;3;13;1
536565861;155 731 113;B01;3;7;0;2;2;2;1
536565861;155 731 115;A01;3;50;0;2;1;1;3
536565862;155 731 112;B01;2;33;0;2;1;1;1
536565862;155 731 114;A01;1;7;0;2;3;19;1
536565863;155 731 111;Z01;2;10;0;1;1;17;1
536565864;155 731 107;A01;3;10;0;2;2;1;1
536565864;155 731 108;B01;3;1;0;2;4;19;5
536565865;155 731 104;A01;2;60;0;1;0;1;5
536565866;155 731 103;A01;2;7;3;2;3;13;1
536565866;155 731 105;B01;1;33;3;2;8;1;1
536565866;155 731 106;C01;1;7;0;2;2;1;3
536565866;155 731 109;D01;2;7;0;2;2;2;1
536565867;155 731 101;B01;3;33;0;2;1;1;0
536565867;155 731 102;A01;3;7;0;2;5;15;0
536565868;155 731 099;B01;1;7;0;2;4;1;1
536565868;155 731 100;A01;1;7;0;2;1;2;1
536565869;155 731 097;A01;2;7;3;0;3;1;1
536565870;155 731 096;B01;3;33;0;2;3;1;1
536565870;155 731 098;A01;3;7;0;2;3;15;2
536565871;155 731 095;A01;2;7;3;0;0;1;1
536565872;155 731 092;A01;1;7;0;2;5;15;1
536565872;155 731 094;B01;2;99;0;2;3;1;0
536565873;155 731 090;A01;1;7;0;0;0;1;1
536565873;155 731 091;C01;1;33;0;2;1;1;1
536565873;155 731 093;B01;1;7;0;2;6;12;1
536565874;155 731 088;A01;3;33;2;0;1;1;1
536565875;155 731 086;B01;1;7;0;2;4;2;1
536565875;155 731 087;A01;3;7;0;2;4;23;1
536565875;155 731 089;C01;1;7;0;2;3;9;2
536565876;155 731 083;B01;2;32;0;2;1;1;1
536565876;155 731 085;A01;1;7;0;2;7;15;1
536565877;155 731 082;B01;3;7;0;2;8;24;1
536565877;155 731 084;A01;3;7;1;0;2;1;2
536565878;155 731 079;A01;1;15;0;0;5;12;1
536565878;155 731 081;B01;1;7;0;0;3;2;1
536565879;155 731 078;A01;1;7;0;0;3;13;1
536565879;155 731 080;B01;2;7;0;0;2;0;1
536565880;155 731 077;A01;2;33;0;2;0;1;3
536565881;155 731 075;B01;1;7;0;2;8;15;1
536565881;155 731 076;A01;1;10;0;2;2;17;1
536565882;155 731 072;C01;1;7;0;2;4;23;1
536565882;155 731 073;B01;1;7;0;2;4;23;1
536565882;155 731 074;A01;1;7;0;2;1;1;1
536565883;155 731 070;A01;1;7;0;2;1;1;1
536565883;155 731 071;B01;1;16;0;2;2;19;1
536565884;155 731 069;A01;3;40;0;1;1;1;0
536565885;155 731 066;B01;1;7;0;2;3;15;1
536565885;155 731 067;A01;1;43;0;2;5;17;1
536565886;155 731 065;B01;2;1;0;2;1;1;5
536565886;155 731 068;A01;3;7;0;9;1;1;1
536565887;155 731 064;A01;3;1;0;0;1;26;5
536565888;155 731 062;A01;1;2;0;2;1;17;1
536565888;155 731 063;B01;2;7;0;2;3;15;1
536565889;155 731 061;A01;0;7;0;1;1;15;1
536565890;155 731 059;A01;0;2;0;2;1;1;1
536565890;155 731 060;B01;3;33;0;2;3;1;1
536565891;155 731 057;A01;2;7;0;9;3;9;1
536565891;155 731 058;B01;2;1;0;2;1;1;5
536565892;155 731 055;A01;2;7;0;2;1;17;1
536565892;155 731 056;B01;1;15;0;2;1;1;1
536565893;155 731 054;A01;2;7;0;1;1;0;1
536565894;155 731 051;A01;1;7;0;2;3;5;1
536565894;155 731 052;B01;2;7;0;2;3;1;1
536565895;155 731 050;A01;1;7;0;2;1;1;1
536565895;155 731 053;B01;2;31;0;2;1;5;1
536565896;155 731 049;A01;0;36;0;0;0;4;1
536565897;155 731 048;A01;0;7;0;0;9;1;1
536565898;155 731 046;B01;2;50;0;2;1;1;3
536565898;155 731 047;A01;1;7;0;2;1;15;1
536565899;155 731 044;A01;1;7;0;2;3;1;1
536565899;155 731 045;B01;1;50;0;2;1;19;3
536565900;155 731 043;A01;3;2;0;0;9;1;1
536565901;155 731 041;A01;2;7;4;0;3;0;1
536565902;155 731 040;B01;1;33;0;2;1;1;1
536565902;155 731 042;A01;2;7;0;2;3;10;1
536565903;155 731 039;A01;1;7;8;0;3;13;1
536565904;155 731 037;A01;1;7;0;2;3;1;1
536565904;155 731 038;B01;2;7;0;2;3;1;1
536565905;155 731 034;B01;1;7;0;2;4;1;1
536565905;155 731 035;C01;1;7;0;2;1;2;1
536565905;155 731 036;A01;1;7;0;2;4;2;1
536565906;155 731 032;A01;2;7;6;0;1;1;1
536565907;155 731 031;A01;2;7;0;2;3;15;1
536565907;155 731 033;B01;2;7;0;2;2;17;1
536565908;155 731 028;A01;1;33;3;2;8;26;1
536565908;155 731 030;Z01;1;7;0;2;0;0;0
536565909;155 731 027;A01;2;7;0;2;0;17;0
536565909;155 731 029;B01;2;2;0;2;8;17;1
536565910;155 731 023;A01;2;7;0;2;2;15;1
536565910;155 731 025;B01;1;2;0;2;1;1;1
536565911;155 731 022;A01;1;7;0;0;1;1;1
536565911;155 731 024;B01;1;7;0;1;0;24;1
536565911;155 731 026;C01;1;7;0;0;0;1;1
536565912;155 731 020;A01;2;10;0;2;0;11;1
536565912;155 731 021;B01;2;33;0;2;0;3;1
536565913;155 731 019;A01;2;7;0;1;3;1;1
536565914;155 731 017;B01;2;7;4;2;4;1;1
536565914;155 731 018;A01;2;33;4;2;1;0;1
536565915;155 731 013;A01;1;7;0;2;2;2;1
536565915;155 731 014;B01;1;7;0;2;3;2;3
536565915;155 731 015;C01;1;7;0;2;5;2;1
536565916;155 731 012;A01;2;7;0;2;1;1;1
536565916;155 731 016;B01;1;7;0;2;1;13;1
536565917;155 731 008;B01;1;7;0;2;1;9;1
536565917;155 731 010;A01;1;2;0;2;2;1;1
536565918;155 731 006;D01;2;10;0;2;4;23;1
536565918;155 731 007;A01;2;10;0;2;1;1;1
536565918;155 731 009;B01;2;7;0;2;4;23;1
536565918;155 731 011;C01;2;10;0;2;4;23;1
536565919;155 731 005;A01;2;7;2;0;1;1;1
536565920;155 731 003;A01;2;7;0;2;1;2;1
536565920;155 731 004;B01;2;7;0;2;4;2;1
536565921;155 731 002;A01;2;50;0;0;0;1;3
536565922;155 730 998;A01;3;2;0;2;0;1;1
536565922;155 731 000;B01;3;7;0;2;3;11;1
536565923;155 730 997;A01;1;7;0;2;1;2;1
536565923;155 730 999;C01;1;10;0;2;4;2;1
536565923;155 731 001;B01;1;7;0;2;4;2;1
536565924;155 730 994;B01;1;7;16;2;1;13;1
536565924;155 730 996;A01;1;7;0;2;1;13;1
536565925;155 730 993;B01;1;2;0;2;3;3;1
536565925;155 730 995;A01;1;7;0;2;2;12;1
536565926;155 730 990;A01;2;7;0;2;3;15;1
536565926;155 730 992;B01;1;7;0;2;3;1;1
536565927;155 730 989;A01;1;7;0;2;4;1;1
536565927;155 730 991;B01;1;7;0;2;1;1;1
536565928;155 730 988;A01;1;7;3;0;8;13;2
536565929;155 730 987;A01;0;7;0;1;3;15;1
536565930;155 730 985;A01;1;7;0;2;8;9;1
536565930;155 730 986;B01;1;31;0;2;7;1;1
536565931;155 730 983;A01;2;7;0;2;1;1;0
536565931;155 730 984;B01;2;7;0;2;4;1;0
536565932;155 730 982;A01;1;7;13;0;2;1;1
536565933;155 730 978;B01;2;15;0;2;1;1;1
536565933;155 730 980;A01;1;7;0;2;1;5;1
536565934;155 730 979;A01;2;7;0;2;4;2;1
536565934;155 730 981;B01;2;7;0;2;0;0;1
536565935;155 730 977;A01;1;7;6;0;7;1;1
536565936;155 730 976;A01;1;34;0;0;0;0;1
536565937;155 730 974;B01;1;2;0;2;1;2;1
536565937;155 730 975;A01;1;7;0;0;6;23;1
536565938;155 730 972;A01;1;31;12;0;2;1;1
536565939;155 730 973;A01;1;7;7;0;0;0;1
536565940;155 730 970;A01;2;7;0;2;2;15;1
536565940;155 730 971;B01;1;33;0;2;1;1;1
536565941;155 730 969;A01;1;7;12;0;0;0;1
536565942;155 730 968;A01;2;7;0;1;1;15;1
536565943;155 730 966;A01;2;30;0;2;1;11;1
536565943;155 730 967;B01;1;7;0;2;3;1;1
536565944;155 730 963;B01;2;21;0;2;3;1;1
536565944;155 730 965;A01;1;7;0;2;3;13;1
536565945;155 730 962;A01;1;7;0;0;3;15;1
536565945;155 730 964;B01;2;1;0;2;2;1;5
536565946;155 730 961;A01;3;7;1;0;4;26;1
536565947;155 730 959;A01;2;7;7;2;1;1;1
536565947;155 730 960;B01;1;7;0;2;3;1;2
536565948;155 730 957;A01;0;1;0;0;0;0;5
536565949;155 730 958;A01;1;7;3;0;9;6;2
536565950;155 730 954;A01;1;7;0;2;3;17;1
536565950;155 730 955;B01;2;7;0;2;3;1;1
536565951;155 730 953;B01;1;7;8;2;6;1;1
536565951;155 730 956;A01;1;10;0;2;1;1;1
536565952;155 730 952;A01;2;50;0;0;0;1;3
536565953;155 730 951;A01;1;7;2;0;1;1;1
536565954;155 730 950;A01;3;36;0;0;1;1;1
536565955;155 730 947;A01;1;33;0;0;9;1;1
536565956;155 730 945;A01;2;7;0;2;3;13;1
536565956;155 730 946;B01;1;15;0;2;3;1;1
536565957;155 730 948;B01;2;7;0;2;1;0;0
536565957;155 730 949;A01;1;30;0;2;1;13;1
536565958;155 730 942;A01;0;3;0;2;3;0;1
536565958;155 730 944;B01;2;7;0;2;7;0;2
536565959;155 730 941;B01;2;7;0;2;1;1;1
536565959;155 730 943;A01;1;30;0;2;8;19;1
536565960;155 730 940;A01;2;33;0;0;0;1;1
536565961;155 730 938;B01;1;7;0;2;4;11;1
536565961;155 730 939;A01;1;7;0;2;1;1;1
536565962;155 730 936;A01;0;7;0;9;2;1;1
536565962;155 730 937;B01;0;80;1;0;4;0;3