Num_Acc;id_vehicule;num_veh;senc;catv;obs;obsm;choc;manv;motor
536565963;155 730 935;A01;1;7;1;0;2;1;1
536565964;155 730 934;A01;0;3;15;0;1;0;1
536565965;155 730 933;A01;1;33;12;0;3;1;1
536565966;155 730 930;B01;1;10;0;2;6;15;1
536565966;155 730 932;A01;2;10;0;2;2;17;2
536565967;155 730 929;B01;3;7;0;2;3;1;1
536565967;155 730 931;A01;3;7;6;2;0;13;2
536565968;155 730 924;C01;3;7;2;2;1;1;1
536565968;155 730 926;A01;3;7;0;2;4;15;1
536565968;155 730 928;B01;3;7;0;2;1;2;1
536565969;155 730 923;A01;1;7;0;2;1;2;1
536565969;155 730 925;B01;1;7;0;2;4;2;1
536565969;155 730 927;C01;1;7;0;2;4;2;1
536565970;155 730 922;A01;2;7;2;0;2;14;1
536565971;155 730 921;A01;1;7;1;0;1;1;1
536565972;155 730 919;A01;0;7;0;1;3;1;3
536565973;155 730 918;A01;0;7;0;4;7;1;1
536565973;155 730 920;B01;0;39;0;2;1;1;0
536565974;155 730 917;A01;1;7;0;1;2;19;1
536565975;155 730 916;A01;0;7;0;1;3;15;1
536565976;155 730 914;A01;3;7;0;2;1;9;1
536565976;155 730 915;B01;1;7;0;2;1;1;1
536565977;155 730 912;B01;1;30;16;2;1;15;1
536565977;155 730 913;A01;1;31;0;2;7;1;1
536565978;155 730 909;A01;3;3;0;2;3;0;1
536565978;155 730 911;B01;3;7;0;2;1;0;1
536565979;155 730 908;A01;3;7;0;2;2;15;1
536565979;155 730 910;B01;1;33;0;2;1;1;1
536565980;155 730 905;A01;3;1;0;1;1;25;5
536565981;155 730 906;A01;1;7;0;2;7;15;1
536565981;155 730 907;B01;2;33;0;2;1;1;1
536565982;155 730 902;A01;2;7;0;2;1;1;1
536565982;155 730 903;B01;2;7;0;2;2;1;1
536565983;155 730 901;A01;3;1;0;2;5;26;5
536565984;155 730 900;A01;2;7;6;0;8;1;1
536565985;155 730 899;A01;1;7;0;0;1;6;1
536565986;155 730 896;B01;3;1;0;1;1;1;5
536565987;155 730 895;A01;1;7;0;2;6;11;1
536565987;155 730 897;B01;1;17;0;2;2;1;1
536565988;155 730 892;B01;3;10;13;2;3;1;1
536565988;155 730 894;A01;3;7;0;2;3;1;3
536565989;155 730 890;B01;1;7;0;2;4;26;1
536565989;155 730 891;C01;1;7;0;2;4;26;1
536565989;155 730 893;A01;1;7;0;2;1;26;1
536565990;155 730 887;A01;1;7;3;2;2;12;1
536565990;155 730 888;B01;1;7;0;2;6;1;2
536565991;155 730 886;B01;3;7;0;9;1;1;1
536565991;155 730 889;A01;3;50;0;2;1;9;3
536565992;155 730 885;A01;2;7;13;0;1;1;1
536565993;155 730 881;B01;1;7;0;2;1;15;1
536565993;155 730 883;A01;2;7;0;2;3;1;1
536565994;155 730 879;B01;2;7;0;2;4;2;1
536565994;155 730 880;C01;2;7;0;2;4;2;1
536565994;155 730 882;D01;2;7;0;2;4;2;1
536565994;155 730 884;A01;2;10;0;2;1;2;1
536565995;155 730 877;A01;2;7;0;1;2;16;1
536565996;155 730 876;A01;3;7;1;0;1;9;1
536565996;155 730 878;B01;3;7;1;0;2;1;1
536565997;155 730 873;A01;1;32;4;0;2;14;1
536565998;155 730 874;A01;3;7;0;9;3;9;1
536565998;155 730 875;B01;3;1;0;2;1;0;5
536565999;155 730 870;A01;1;33;0;2;3;1;1
536565999;155 730 872;B01;1;10;0;0;6;1;1
536566000;155 730 869;A01;3;7;0;2;7;15;1
536566000;155 730 871;B01;3;33;0;2;1;1;1
536566001;155 730 867;A01;3;7;0;1;2;1;1
536566002;155 730 866;B01;3;50;0;2;1;1;3
536566002;155 730 868;A01;0;7;0;2;4;4;3
536566003;155 730 865;A01;2;33;3;0;0;1;1
536566004;155 730 864;A01;1;7;6;0;1;1;1
536566005;155 730 862;B01;1;7;0;2;1;2;1
536566005;155 730 863;A01;1;7;0;2;3;9;3
536566006;155 730 861;A01;3;7;4;0;3;1;1
536566007;155 730 859;A01;2;7;0;2;7;17;1
536566007;155 730 860;B01;2;2;0;2;8;1;1
536566008;155 730 857;A01;2;7;0;2;2;1;0
536566008;155 730 858;B01;2;1;0;2;8;1;5
536566009;155 730 855;A01;2;7;0;2;1;1;1
536566009;155 730 856;B01;1;1;0;2;1;0;0
536566010;155 730 853;A01;3;1;0;1;2;12;5
536566011;155 730 852;A01;2;7;0;2;2;10;0
536566011;155 730 854;B01;1;33;0;2;1;1;0
536566012;155 730 850;A01;3;7;1;0;3;13;1
536566013;155 730 849;A01;1;40;0;2;3;1;3
536566013;155 730 851;B01;1;50;0;4;7;16;3
536566014;155 730 848;A01;2;7;0;1;4;4;1
536566015;155 730 846;B01;2;50;0;2;8;5;3
536566015;155 730 847;Z01;2;7;0;2;3;1;1
536566016;155 730 844;A01;3;7;0;1;2;1;1
536566017;155 730 843;A01;1;3;8;0;6;1;1
536566017;155 730 845;B01;1;7;0;2;1;2;1
536566018;155 730 842;A01;1;10;4;0;1;11;1
536566019;155 730 838;C01;3;7;0;2;4;23;1
536566019;155 730 840;A01;3;7;0;2;1;21;1
536566019;155 730 841;B01;3;7;0;2;1;23;1
536566020;155 730 837;A01;0;1;0;2;1;15;5
536566020;155 730 839;B01;0;7;0;2;2;1;1
536566021;155 730 836;A01;2;7;15;0;3;16;1
536566022;155 730 835;A01;1;7;3;0;8;1;1
536566023;155 730 833;A01;1;7;0;2;1;1;1
536566023;155 730 834;B01;1;21;0;2;4;1;0
536566024;155 730 831;A01;2;33;0;2;1;12;1
536566024;155 730 832;B01;1;7;0;0;5;1;1
536566025;155 730 828;B01;2;7;0;2;3;9;1
536566025;155 730 830;A01;2;33;0;2;1;1;1
536566026;155 730 827;A01;1;1;0;2;8;1;5
536566026;155 730 829;B01;1;0;0;2;7;1;0
536566027;155 730 826;A01;1;7;0;1;3;13;1
536566028;155 730 824;A01;1;7;0;2;2;15;1
536566028;155 730 825;B01;0;1;0;0;0;0;5
536566029;155 730 822;A01;2;7;0;2;1;1;1
536566029;155 730 823;B01;1;7;0;2;1;1;1
536566030;155 730 820;A01;3;33;0;2;7;2;1
536566030;155 730 821;B01;3;7;0;0;0;0;0
536566031;155 730 818;B01;1;7;0;2;3;1;1
536566031;155 730 819;A01;2;31;0;2;1;7;1
536566032;155 730 816;B01;3;33;0;2;1;1;1
536566032;155 730 817;A01;1;33;0;2;1;13;1
536566033;155 730 814;A01;3;7;0;2;1;2;0
536566033;155 730 815;B01;3;80;0;2;0;1;3
536566034;155 730 812;A01;0;7;0;2;3;19;1
536566034;155 730 813;B01;0;33;0;2;1;1;1
536566035;155 730 810;A01;2;7;1;0;1;1;1
536566036;155 730 809;Z01;2;7;0;2;0;0;0
536566036;155 730 811;A01;2;7;0;2;0;0;1
536566037;155 730 808;A01;0;7;0;1;0;0;0
536566038;155 730 807;A01;2;7;12;0;2;1;1
536566039;155 730 806;A01;3;7;9;0;1;1;1
536566040;155 730 802;A01;2;7;0;1;2;1;1
536566041;155 730 801;A01;1;33;0;0;0;1;1
536566042;155 730 800;A01;1;80;0;5;2;1;3
536566043;155 730 798;B01;1;7;0;2;7;15;1
536566043;155 730 799;A01;1;30;0;2;1;1;1
536566044;155 730 797;A01;0;30;0;0;7;0;1
536566045;155 730 795;A01;0;7;1;0;7;24;1
536566045;155 730 796;B01;0;1;1;0;7;1;5
536566046;155 730 793;B01;2;7;0;2;0;1;1
536566046;155 730 794;A01;1;33;0;2;0;15;1
536566047;155 730 791;A01;3;7;0;2;8;26;1
536566047;155 730 792;B01;3;33;0;2;8;1;1
536566048;155 730 790;A01;1;7;6;0;1;13;1
536566049;155 730 786;B01;2;7;0;2;3;10;0
536566049;155 730 787;A01;2;50;0;2;1;2;3
536566050;155 730 785;A01;1;34;0;1;0;26;0
536566051;155 730 783;B01;0;7;0;2;2;9;0
536566051;155 730 784;A01;3;7;0;2;8;1;1
536566052;155 730 781;B01;1;7;0;2;4;10;1
536566052;155 730 782;A01;2;7;0;2;6;1;1
536566053;155 730 779;A01;2;1;0;2;3;1;5
536566053;155 730 780;B01;2;7;0;2;3;1;2
536566054;155 730 778;A01;2;7;0;1;1;1;3
536566055;155 730 776;B01;2;7;0;2;4;23;2
536566055;155 730 777;A01;2;7;0;2;1;1;1
536566056;155 730 774;B01;3;7;0;2;2;1;2
536566056;155 730 775;A01;3;31;0;2;1;1;1
536566057;155 730 772;A01;2;1;0;2;7;1;5
536566057;155 730 773;B01;2;2;0;2;1;1;1
536566058;155 730 771;A01;1;7;0;1;1;1;1
536566059;155 730 769;A01;1;7;0;2;2;14;1
536566059;155 730 770;B01;1;1;0;2;3;1;5
536566060;155 730 767;B01;2;2;0;2;4;2;1
536566060;155 730 768;A01;2;7;0;2;2;2;2
536566061;155 730 765;A01;1;33;0;2;2;9;1
536566061;155 730 766;B01;1;7;0;2;3;9;1
536566062;155 730 764;A01;0;7;0;1;7;1;1
536566063;155 730 762;B01;2;7;0;2;8;16;1
536566063;155 730 763;A01;2;10;0;2;2;1;1
536566064;155 730 760;A01;1;7;0;9;3;15;1
536566064;155 730 761;B01;1;50;0;2;1;1;3
536566065;155 730 758;A01;1;7;0;2;3;13;1
536566065;155 730 759;B01;2;7;0;2;3;1;1
536566066;155 730 757;A01;0;7;1;0;2;1;2
536566067;155 730 756;A01;1;7;0;1;1;0;0
536566068;155 730 754;A01;2;7;0;2;1;1;1
536566068;155 730 755;B01;2;7;0;2;4;1;1
536566069;155 730 753;A01;2;33;0;0;0;13;1
536566070;155 730 751;A01;2;7;0;2;6;16;1
536566070;155 730 752;B01;1;31;0;2;2;1;1
536566071;155 730 748;B01;1;7;0;2;3;0;3
536566071;155 730 749;C01;1;7;0;2;2;0;1
536566071;155 730 750;A01;2;7;0;2;3;0;1
536566072;155 730 746;A01;1;7;0;2;2;17;1
536566072;155 730 747;B01;1;33;0;2;8;1;1
536566073;155 730 744;A01;1;10;4;0;3;0;1
536566074;155 730 743;A01;2;7;8;0;2;1;1
536566075;155 730 742;A01;2;7;13;0;7;14;1
536566076;155 730 740;B01;1;7;0;2;1;1;1
536566076;155 730 741;A01;2;7;0;2;2;13;2
536566077;155 730 738;B01;2;7;0;2;2;1;1
536566077;155 730 739;A01;1;50;0;2;1;5;3
536566078;155 730 736;B01;2;2;0;2;1;17;1
536566078;155 730 737;A01;2;10;0;0;6;15;1
536566079;155 730 728;G01;1;7;0;9;0;0;1
536566079;155 730 729;E01;1;7;0;9;1;11;1
536566079;155 730 730;B01;1;7;16;0;0;0;2
536566079;155 730 731;C01;1;15;0;9;1;1;1
536566079;155 730 732;F01;1;7;0;9;1;1;1
536566079;155 730 733;H01;1;10;0;2;2;0;1
536566079;155 730 734;D01;1;15;0;0;0;0;1
536566079;155 730 735;A01;1;10;16;2;1;0;1
536566080;155 730 727;A01;2;7;4;0;8;1;1
536566081;155 730 724;C01;2;7;0;2;3;1;1
536566081;155 730 725;A01;1;7;0;2;1;13;1
536566081;155 730 726;B01;2;7;0;2;1;1;2
536566082;155 730 720;A01;3;10;0;1;7;1;1
536566083;155 730 718;A01;1;7;6;0;6;19;1
536566083;155 730 719;B01;2;33;0;0;1;1;1
536566084;155 730 717;A01;1;33;2;0;8;1;1
536566085;155 730 715;B01;1;15;8;0;3;21;0
536566085;155 730 716;A01;2;7;0;0;8;13;1
536566086;155 730 713;A01;2;7;0;2;2;15;1
536566086;155 730 714;B01;1;7;13;2;1;1;2
536566087;155 730 710;A01;1;10;0;2;8;15;1
536566087;155 730 712;B01;1;33;0;2;1;17;0
536566088;155 730 709;A01;2;33;0;1;1;17;1
536566089;155 730 708;A01;2;7;0;9;3;15;1
536566089;155 730 711;B01;1;1;0;2;7;1;5
536566090;155 730 707;A01;3;7;15;9;1;1;0
536566091;155 730 705;A01;1;7;13;0;1;14;1
536566092;155 730 704;B01;2;7;0;2;6;1;1
536566092;155 730 706;A01;2;43;0;2;2;1;1
536566093;155 730 703;A01;2;7;2;0;1;1;1
536566094;155 730 701;B01;1;2;0;2;7;1;1
536566094;155 730 702;A01;1;7;0;2;1;9;1
536566095;155 730 699;A01;1;7;0;0;7;1;1
536566096;155 730 697;A01;3;7;0;1;0;1;1
536566097;155 730 696;A01;1;33;13;0;0;1;1
536566098;155 730 694;A01;2;7;0;1;1;17;1
536566099;155 730 693;A01;3;7;0;2;1;15;1
536566099;155 730 695;B01;3;7;0;2;2;1;1
536566100;155 730 689;B01;2;7;0;2;1;1;1
536566100;155 730 690;A01;1;7;0;2;5;13;1
536566101;155 730 688;A01;1;7;2;0;3;26;1
536566102;155 730 687;A01;1;10;3;0;1;1;1
536566103;155 730 686;A01;2;33;8;0;1;2;1
536566104;155 730 684;B01;2;7;0;2;1;2;0
536566104;155 730 685;A01;2;7;4;2;4;2;1
536566105;155 730 682;B01;1;15;0;0;6;2;1
536566105;155 730 683;A01;1;7;0;2;1;2;2
536566106;155 730 680;A01;2;7;0;2;2;17;1
536566106;155 730 681;B01;2;7;0;0;8;13;1
536566107;155 730 679;A01;2;34;4;0;3;1;1
536566108;155 730 677;B01;2;38;0;2;1;1;1
536566108;155 730 678;A01;1;7;0;2;1;13;1
536566109;155 730 675;A01;1;33;0;0;1;0;1
536566109;155 730 676;B01;1;7;0;2;1;15;1
536566110;155 730 674;A01;1;33;0;6;1;21;1
536566111;155 730 670;A01;2;7;0;6;2;21;1
536566111;155 730 671;B01;1;7;0;2;8;21;1
536566111;155 730 672;C01;1;7;0;2;8;1;1
536566111;155 730 673;D01;2;33;0;2;9;21;1
536566112;155 730 669;A01;1;7;0;1;1;1;1
536566113;155 730 668;A01;0;7;0;1;2;1;1
536566114;155 730 666;B01;1;80;0;2;1;1;3
536566114;155 730 667;A01;2;7;0;2;3;9;1
536566115;155 730 664;B01;2;13;0;2;3;1;1
536566115;155 730 665;A01;2;7;0;2;3;13;1
536566116;155 730 662;A01;2;2;0;2;1;1;1
536566116;155 730 663;B01;1;7;0;2;2;15;1
536566117;155 730 661;A01;3;50;0;0;1;1;3
536566118;155 730 659;B01;0;1;0;2;4;1;5
536566118;155 730 660;A01;3;10;0;2;2;2;1
536566119;155 730 658;A01;1;7;0;1;3;15;1
536566120;155 730 656;A01;3;7;0;2;7;10;1
536566120;155 730 657;B01;3;21;0;2;1;1;1
536566121;155 730 655;A01;0;7;13;0;2;26;1
536566122;155 730 653;A01;2;33;0;2;1;3;1
536566122;155 730 654;B01;2;15;0;2;6;1;1
536566123;155 730 652;A01;1;7;0;1;2;1;1
536566124;155 730 651;A01;0;7;0;0;1;1;1
536566125;155 730 649;B01;2;7;0;2;1;1;1
536566125;155 730 650;A01;2;7;0;2;4;1;1
536566126;155 730 646;A01;1;7;0;2;6;17;1
536566127;155 730 644;A01;2;7;2;0;1;2;1
536566128;155 730 645;B01;1;10;0;2;4;23;0
536566128;155 730 647;A01;1;10;0;2;1;1;0
536566129;155 730 640;A01;2;7;0;2;8;9;1
536566129;155 730 641;B01;2;15;0;2;7;1;1
536566129;155 730 643;C01;2;15;0;2;6;24;1
536566130;155 730 639;A01;2;32;0;2;2;1;1
536566130;155 730 642;B01;2;50;0;2;2;19;3
536566131;155 730 636;A01;2;7;0;2;1;11;1
536566131;155 730 637;B01;2;33;0;2;8;1;1
536566131;155 730 638;C01;2;7;0;2;7;1;1
536566132;155 730 632;C01;1;7;0;2;8;1;1
536566132;155 730 633;A01;1;10;0;2;7;12;1
536566132;155 730 634;B01;1;31;0;2;8;1;1
536566133;155 730 631;A01;2;7;0;2;2;1;1
536566133;155 730 635;B01;1;1;0;2;8;19;5
536566134;155 730 630;A01;1;33;0;2;7;14;1
536566135;155 730 627;A01;1;7;0;2;1;1;1
536566135;155 730 628;B01;1;7;0;2;4;1;2
536566136;155 730 629;A01;1;7;1;1;8;22;0
536566137;155 730 626;A01;1;7;16;0;1;14;2
536566138;155 730 623;A01;2;14;0;2;2;12;1
536566138;155 730 624;B01;2;7;6;2;6;1;1
536566139;155 730 625;A01;1;37;0;1;1;16;3
536566140;155 730 621;B01;1;33;0;9;0;21;1
536566140;155 730 622;A01;1;80;0;9;0;2;3
536566141;155 730 619;A01;3;7;0;2;3;11;0
536566141;155 730 620;B01;3;33;0;2;1;1;0
536566142;155 730 617;A01;2;43;0;2;2;3;1
536566142;155 730 618;B01;2;7;0;2;6;11;1
536566143;155 730 615;A01;2;7;0;2;5;12;1
536566143;155 730 616;B01;2;33;0;2;1;3;1
536566144;155 730 614;A01;2;33;0;1;1;19;3
536566145;155 730 612;B01;2;7;0;2;9;13;1
536566145;155 730 613;A01;2;7;0;2;7;1;1
536566146;155 730 609;A01;1;33;14;0;1;1;1
536566147;155 730 610;B01;1;80;0;2;7;1;3
536566147;155 730 611;A01;1;50;0;2;1;9;3
536566148;155 730 605;A01;1;7;0;2;1;13;1
536566148;155 730 606;C01;1;7;0;0;6;1;1
536566148;155 730 607;B01;2;7;0;0;1;6;1
536566149;155 730 604;A01;1;10;0;2;1;16;1
536566149;155 730 608;B01;2;1;0;2;2;1;5
536566150;155 730 602;A01;2;7;0;2;2;15;1
536566150;155 730 603;B01;3;30;0;2;1;1;1
536566151;155 730 600;A01;2;7;0;2;2;1;1
536566151;155 730 601;B01;1;7;0;2;2;13;1
536566152;155 730 598;A01;;31;0;9;0;1;1
536566152;155 730 599;B01;0;15;0;2;0;0;1
536566153;155 730 597;A01;1;7;16;0;0;1;1
536566154;155 730 595;A01;2;10;0;2;3;13;1
536566154;155 730 596;B01;1;7;0;2;3;1;1
536566155;155 730 593;A01;3;7;0;1;2;1;3
536566156;155 730 591;A01;3;38;0;1;3;15;1
536566157;155 730 592;B01;1;15;0;2;3;1;1
536566157;155 730 594;A01;2;7;0;2;3;13;1
536566158;155 730 588;B01;1;7;0;2;1;1;1
536566158;155 730 590;A01;2;7;0;2;3;15;1
536566159;155 730 586;A01;3;50;8;0;1;13;3
536566160;155 730 587;A01;2;7;0;2;3;1;1
536566160;155 730 589;B01;2;7;3;2;5;14;1
536566161;155 730 584;A01;0;13;0;1;4;4;1
536566162;155 730 583;A01;2;7;0;2;3;13;0
536566162;155 730 585;B01;1;14;0;2;8;1;0
536566163;155 730 581;A01;1;7;0;2;1;16;1
536566163;155 730 582;B01;3;50;0;2;1;0;3
536566164;155 730 579;A01;3;2;0;2;3;5;1
536566164;155 730 580;B01;3;7;0;2;3;14;1
536566165;155 730 576;A01;3;33;0;0;8;21;1
536566166;155 730 572;A01;1;7;0;2;1;13;1
536566166;155 730 573;B01;2;10;0;2;2;13;1
536566167;155 730 574;A01;1;33;0;0;2;16;1
536566168;155 730 569;A01;2;7;3;2;1;17;1
536566168;155 730 571;B01;2;10;3;2;4;1;1
536566169;155 730 568;B01;2;7;0;2;3;15;1
536566169;155 730 570;A01;2;2;0;2;1;17;1
536566170;155 730 566;A01;1;33;0;2;1;17;1
536566170;155 730 567;B01;1;7;0;2;8;17;1
536566171;155 730 564;A01;1;7;0;2;3;13;1
536566171;155 730 565;B01;2;7;0;2;3;1;1
536566172;155 730 562;A01;1;2;6;0;0;1;1
536566173;155 730 561;A01;3;10;0;2;3;15;1
536566173;155 730 563;B01;1;10;0;2;3;23;1
536566174;155 730 560;A01;2;7;13;0;3;1;1
536566175;155 730 558;A01;2;7;0;2;0;0;2
536566175;155 730 559;B01;1;1;0;2;0;26;0
536566176;155 730 556;A01;1;10;0;2;3;15;1
536566176;155 730 557;B01;1;33;0;2;1;1;1
536566177;155 730 554;A01;1;7;0;2;1;13;1
536566177;155 730 555;B01;1;7;0;2;1;1;1
536566178;155 730 553;A01;1;7;2;0;1;26;1
536566179;155 730 550;B01;1;7;0;2;1;15;1
536566179;155 730 552;A01;2;32;0;2;6;14;1
536566180;155 730 547;A01;0;7;9;1;1;26;1
536566181;155 730 546;A01;1;7;1;0;6;24;1
536566181;155 730 548;Z01;1;7;1;0;2;14;1
536566181;155 730 549;B01;1;7;1;0;4;24;1
536566182;155 730 543;A01;3;7;0;2;1;5;1
536566182;155 730 544;B01;3;7;0;2;1;1;1
536566183;155 730 542;B01;1;7;0;2;1;2;1
536566183;155 730 545;A01;1;7;0;2;4;1;1
536566184;155 730 541;A01;1;7;2;0;3;1;1
536566185;155 730 539;A01;2;7;0;2;1;2;1
536566185;155 730 540;B01;2;7;0;2;4;23;1
536566186;155 730 538;A01;1;7;13;0;1;21;1
536566187;155 730 535;A01;1;10;0;2;7;15;1
536566187;155 730 537;B01;2;2;0;2;1;1;1
536566188;155 730 534;B01;1;10;1;0;4;23;1
536566188;155 730 536;A01;1;7;1;0;1;1;1
536566189;155 730 533;A01;2;7;0;1;1;15;1
536566190;155 730 532;A01;1;7;2;0;1;1;1
536566191;155 730 530;B01;1;1;0;0;4;0;5
536566191;155 730 531;A01;1;7;0;0;1;1;1
536566192;155 730 529;A01;0;7;8;0;1;0;6
536566193;155 730 527;A01;1;7;0;1;1;1;1
536566194;155 730 524;A01;3;7;0;2;2;2;1
536566194;155 730 526;B01;3;1;0;0;4;0;5
536566195;155 730 525;B01;1;33;0;2;1;1;1
536566195;155 730 528;A01;1;7;0;2;6;15;1
536566196;155 730 521;B01;1;7;1;0;6;19;1
536566196;155 730 523;A01;1;7;1;0;2;1;1
536566197;155 730 520;A01;1;7;0;2;1;1;1
536566197;155 730 522;B01;1;7;0;2;3;9;1
536566198;155 730 518;A01;3;37;0;1;3;1;1
536566199;155 730 517;A01;1;7;1;2;1;0;1
536566199;155 730 519;B01;1;7;0;9;4;0;1
536566200;155 730 514;A01;1;7;0;2;1;1;1
536566200;155 730 516;B01;1;7;0;2;4;15;1
536566201;155 730 512;B01;2;10;0;2;1;1;1
536566201;155 730 513;A01;1;2;0;2;1;17;1
536566201;155 730 515;C01;1;7;0;2;6;1;1
536566202;155 730 509;A01;2;3;0;2;2;19;1
536566202;155 730 511;B01;2;7;0;2;3;1;1
536566203;155 730 507;A01;1;7;0;0;5;20;1
536566203;155 730 508;B01;1;31;0;2;1;1;1
536566203;155 730 510;C01;2;7;0;2;3;1;1
536566204;155 730 506;A01;2;7;0;1;1;1;1
536566205;155 730 504;A01;1;7;0;0;1;5;1
536566205;155 730 505;B01;1;7;0;0;1;0;1
536566206;155 730 498;A01;2;7;0;2;7;15;1
536566206;155 730 502;B01;2;80;0;2;1;1;3
536566207;155 730 497;B01;1;7;1;0;2;1;1
536566207;155 730 499;C01;2;7;0;0;4;17;1
536566207;155 730 500;A01;2;7;3;0;7;23;2
536566207;155 730 501;D01;2;7;0;2;1;1;1
536566207;155 730 503;E01;2;7;4;0;2;1;1
536566208;155 730 495;A01;1;7;0;2;5;15;1
536566208;155 730 496;B01;2;1;0;2;1;1;5
536566209;155 730 491;A01;2;7;0;2;3;13;1
536566209;155 730 493;B01;1;14;0;2;3;1;1
536566209;155 730 494;C01;2;7;0;2;1;1;1
536566210;155 730 489;A01;1;31;0;2;9;26;1
536566210;155 730 490;C01;1;7;0;2;2;1;3
536566210;155 730 492;B01;1;3;0;2;3;9;2
536566211;155 730 488;A01;1;17;3;0;3;0;1
536566212;155 730 486;B01;2;1;0;2;8;1;5
536566212;155 730 487;Z01;2;10;0;2;7;14;1
536566213;155 730 483;B01;3;7;0;2;3;15;1
536566213;155 730 485;A01;3;1;0;2;1;1;5
536566214;155 730 480;A01;1;7;0;1;1;1;1
536566215;155 730 481;C01;1;7;0;0;4;2;1
536566215;155 730 482;A01;1;7;0;2;2;2;1
536566215;155 730 484;B01;1;7;0;2;6;2;1
536566216;155 730 477;B01;2;32;0;2;1;1;1
536566216;155 730 479;A01;1;7;0;2;3;13;1
536566217;155 730 476;A01;1;10;1;0;1;1;1
536566217;155 730 478;B01;1;17;0;0;0;24;1
536566218;155 730 474;A01;2;10;13;0;0;13;1
536566219;155 730 473;B01;2;7;0;2;1;1;1
536566219;155 730 475;A01;1;7;0;2;1;15;1
536566220;155 730 471;A01;3;7;0;1;4;26;1
536566221;155 730 470;A01;2;7;2;0;7;13;1
536566222;155 730 468;A01;3;7;0;0;1;1;1
536566223;155 730 467;B01;2;10;0;2;0;26;1
536566223;155 730 469;A01;3;33;0;9;1;1;1
536566224;155 730 465;A01;1;0;0;0;0;0;0
536566225;155 730 463;A01;2;31;0;0;0;1;1
536566226;155 730 461;A01;1;32;0;2;1;0;1
536566226;155 730 462;B01;2;7;0;2;3;15;1
536566227;155 730 460;A01;2;10;1;0;1;0;1
536566228;155 730 459;A01;1;7;0;1;1;9;1
536566229;155 730 457;A01;3;10;0;1;2;4;3
536566230;155 730 455;B01;2;10;0;2;4;2;1
536566230;155 730 456;C01;2;10;0;2;4;2;1
536566230;155 730 458;A01;2;14;0;2;1;2;1
536566231;155 730 452;A01;3;13;0;9;0;2;1
536566231;155 730 454;B01;3;1;0;0;0;0;5
536566232;155 730 451;A01;1;7;0;2;1;15;1
536566232;155 730 453;B01;2;2;0;2;1;1;1
536566233;155 730 448;B01;1;7;0;2;4;23;1
536566233;155 730 450;A01;1;7;0;2;1;0;1
536566234;155 730 447;A01;1;3;0;0;5;1;3
536566234;155 730 449;B01;1;1;0;2;1;2;5
536566235;155 730 444;A01;1;7;0;0;1;2;1
536566235;155 730 445;B01;1;7;0;2;4;1;1
536566235;155 730 446;C01;1;7;0;2;4;1;1
536566236;155 730 443;A01;1;7;0;0;2;1;1
536566237;155 730 442;A01;2;7;0;5;0;3;1
536566238;155 730 441;A01;1;10;8;0;1;2;1
536566239;155 730 435;B01;1;7;0;2;5;1;1
536566239;155 730 436;C01;1;7;0;2;8;1;1
536566239;155 730 438;A01;1;7;0;2;3;9;1
536566240;155 730 434;A01;2;7;0;2;1;13;1
536566240;155 730 437;B01;1;15;0;2;1;0;1
536566240;155 730 439;D01;2;7;0;2;1;1;1
536566240;155 730 440;C01;2;7;0;2;1;1;1
536566241;155 730 433;A01;3;7;0;1;7;16;1
536566242;155 730 432;A01;1;7;0;1;2;0;1
536566243;155 730 429;B01;1;7;0;2;0;0;1
536566243;155 730 431;A01;2;10;0;2;8;0;1
536566244;155 730 430;A01;1;7;16;0;1;1;1
536566245;155 730 427;A01;3;31;0;2;1;2;1
536566245;155 730 428;B01;3;33;0;2;5;2;1
536566246;155 730 424;A01;1;7;0;0;4;1;1
536566246;155 730 426;B01;1;7;3;2;1;1;1
536566247;155 730 423;A01;2;7;0;2;1;9;1
536566247;155 730 425;B01;2;1;0;2;2;1;5
536566248;155 730 420;B01;1;7;0;2;6;2;1
536566248;155 730 422;A01;1;14;0;2;2;2;1
536566249;155 730 419;B01;3;50;0;2;1;1;3
536566249;155 730 421;A01;3;7;0;2;2;15;1
536566250;155 730 417;A01;2;7;0;1;3;1;1
536566251;155 730 416;A01;2;7;0;2;4;2;1
536566251;155 730 418;B01;2;7;0;2;1;2;1
536566252;155 730 413;B01;2;10;0;2;1;9;0
536566252;155 730 415;A01;1;2;0;2;7;19;0
536566253;155 730 411;A01;2;7;0;2;4;2;1
536566253;155 730 412;B01;2;7;0;2;4;2;1
536566253;155 730 414;C01;2;7;0;2;1;2;1
536566254;155 730 410;A01;3;7;0;1;1;16;1
536566255;155 730 407;A01;2;7;0;1;1;1;1
536566256;155 730 406;A01;1;7;0;2;4;23;1
536566256;155 730 408;B01;1;7;0;2;4;23;1
536566256;155 730 409;C01;1;7;0;2;1;1;1
536566257;155 730 404;B01;1;7;0;2;2;1;3
536566257;155 730 405;A01;1;1;0;2;3;19;5
536566258;155 730 403;A01;1;7;3;0;1;13;1
536566259;155 730 402;A01;1;7;12;0;3;1;1
536566260;155 730 400;A01;1;33;0;2;1;2;1
536566260;155 730 401;B01;1;7;0;2;5;23;1
536566261;155 730 398;B01;2;1;0;2;8;1;5
536566261;155 730 399;A01;2;7;0;2;1;16;1
536566262;155 730 396;A01;1;10;0;1;0;1;0