Num_Acc;id_vehicule;num_veh;senc;catv;obs;obsm;choc;manv;motor
536566565;155 729 863;A01;1;10;0;2;7;10;1
536566566;155 729 862;A01;1;37;0;1;3;15;2
536566567;155 729 858;A01;0;33;0;2;1;26;1
536566567;155 729 860;B01;3;7;0;2;1;1;1
536566568;155 729 855;C01;3;7;0;2;6;23;1
536566568;155 729 856;D01;3;7;0;2;3;2;1
536566568;155 729 857;A01;3;7;0;2;0;1;1
536566568;155 729 859;B01;3;7;0;2;5;23;2
536566569;155 729 853;A01;1;7;8;0;1;1;1
536566570;155 729 852;A01;1;7;0;9;3;22;1
536566570;155 729 854;B01;1;1;1;0;1;22;5
536566571;155 729 850;A01;2;7;0;1;2;15;1
536566572;155 729 848;B01;1;2;0;2;1;2;1
536566572;155 729 849;C01;1;2;0;2;1;2;1
536566572;155 729 851;A01;3;7;0;2;5;15;1
536566573;155 729 847;A01;1;2;0;0;0;1;1
536566574;155 729 844;A01;1;7;1;0;2;14;1
536566574;155 729 846;B01;0;7;0;2;6;23;1
536566575;155 729 841;A01;3;7;0;1;1;1;1
536566576;155 729 839;A01;2;7;0;2;1;1;1
536566576;155 729 840;B01;2;7;3;2;4;1;1
536566576;155 729 842;C01;2;7;0;2;1;1;1
536566576;155 729 843;D01;2;7;0;2;4;1;1
536566576;155 729 845;E01;2;7;0;2;4;1;1
536566577;155 729 836;A01;1;10;0;2;1;26;1
536566577;155 729 837;B01;2;7;0;2;1;1;1
536566578;155 729 835;B01;3;7;0;2;3;1;0
536566578;155 729 838;A01;3;10;0;2;3;1;0
536566579;155 729 834;A01;3;1;0;0;0;1;5
536566580;155 729 831;B01;1;34;0;2;1;17;1
536566580;155 729 833;A01;1;7;0;2;6;15;1
536566581;155 729 830;A01;1;7;0;2;1;1;1
536566581;155 729 832;B01;2;15;0;0;0;1;1
536566582;155 729 825;A01;1;15;0;2;1;1;0
536566582;155 729 827;B01;1;7;0;2;4;1;1
536566582;155 729 828;C01;1;15;0;0;5;1;1
536566583;155 729 826;A01;1;7;0;2;3;1;1
536566583;155 729 829;B01;1;1;0;2;0;1;5
536566584;155 729 823;A01;0;7;6;0;1;24;1
536566585;155 729 822;B01;3;7;0;2;5;0;0
536566585;155 729 824;A01;3;7;0;2;5;0;1
536566586;155 729 820;A01;2;7;0;2;1;2;1
536566586;155 729 821;B01;2;7;0;2;4;2;1
536566587;155 729 817;A01;1;7;0;2;7;15;2
536566587;155 729 819;B01;2;33;0;2;2;1;1
536566588;155 729 816;A01;1;7;0;2;2;2;1
536566588;155 729 818;B01;1;1;0;0;4;2;5
536566589;155 729 813;B01;1;7;0;2;4;1;1
536566589;155 729 815;A01;1;43;0;2;1;3;1
536566590;155 729 812;A01;1;7;0;2;3;11;1
536566590;155 729 814;B01;1;7;0;2;2;1;1
536566591;155 729 810;A01;2;10;12;0;3;1;1
536566592;155 729 807;A01;1;7;0;2;1;2;1
536566592;155 729 808;B01;1;7;0;2;4;2;2
536566592;155 729 809;C01;1;7;0;2;4;2;2
536566592;155 729 811;D01;1;7;0;2;4;2;1
536566593;155 729 806;A01;1;2;0;5;8;1;1
536566594;155 729 803;Z01;2;7;0;2;2;1;2
536566594;155 729 805;A01;0;1;0;2;8;1;5
536566595;155 729 802;A01;3;38;0;2;2;15;1
536566595;155 729 804;B01;3;10;0;2;3;19;1
536566596;155 729 798;B01;1;7;0;2;3;1;1
536566596;155 729 800;A01;2;10;0;2;1;1;1
536566597;155 729 797;A01;2;33;0;2;1;1;1
536566597;155 729 799;B01;3;80;0;2;8;19;3
536566597;155 729 801;C01;2;7;0;2;3;1;1
536566598;155 729 795;A01;1;10;0;1;4;20;1
536566599;155 729 793;B01;2;17;0;2;6;1;1
536566599;155 729 794;C01;2;14;0;2;1;1;1
536566599;155 729 796;A01;1;7;0;2;8;13;1
536566600;155 729 791;A01;1;7;0;1;2;26;1
536566601;155 729 790;A01;2;7;0;2;1;1;1
536566601;155 729 792;B01;2;7;0;2;1;1;1
536566602;155 729 788;A01;0;10;0;2;2;20;1
536566602;155 729 789;B01;3;7;0;2;3;1;1
536566603;155 729 787;A01;1;7;0;1;2;1;0
536566604;155 729 785;A01;3;32;0;2;7;1;1
536566604;155 729 786;B01;3;7;0;2;8;1;2
536566605;155 729 784;A01;2;7;0;1;3;15;3
536566606;155 729 783;A01;3;10;0;1;4;4;3
536566607;155 729 781;A01;1;10;0;2;1;1;1
536566607;155 729 782;B01;2;7;0;2;3;1;1
536566608;155 729 778;Z01;2;7;0;2;6;14;0
536566608;155 729 780;A01;1;1;0;2;1;1;5
536566609;155 729 777;A01;2;7;6;0;3;1;1
536566610;155 729 776;A01;1;50;12;0;1;26;3
536566611;155 729 773;B01;1;1;0;2;5;16;5
536566611;155 729 775;A01;2;3;0;9;1;9;1
536566612;155 729 772;A01;1;7;0;2;1;15;1
536566612;155 729 774;B01;2;1;0;2;1;1;5
536566613;155 729 771;A01;1;7;3;0;2;14;1
536566614;155 729 769;B01;1;33;0;2;1;11;1
536566614;155 729 770;A01;1;1;1;2;4;3;5
536566615;155 729 768;A01;1;7;1;1;3;1;1
536566616;155 729 766;A01;2;7;0;1;2;16;1
536566617;155 729 767;A01;2;10;0;1;1;1;1
536566618;155 729 765;A01;0;7;0;1;7;1;3
536566619;155 729 764;A01;2;10;0;1;2;1;1
536566620;155 729 761;A01;3;7;0;1;1;1;1
536566621;155 729 762;A01;0;1;0;2;7;15;5
536566621;155 729 763;B01;0;7;0;0;3;1;2
536566622;155 729 759;A01;2;7;0;2;2;15;3
536566622;155 729 760;B01;1;31;0;2;1;1;1
536566623;155 729 756;B01;1;10;0;2;1;2;1
536566623;155 729 758;A01;1;7;0;2;4;1;1
536566624;155 729 757;A01;1;7;9;0;1;1;1
536566625;155 729 755;A01;2;7;0;1;3;1;1
536566626;155 729 753;A01;2;7;0;2;2;2;1
536566626;155 729 754;B01;2;2;0;2;6;1;1
536566627;155 729 751;A01;1;2;0;0;0;0;1
536566628;155 729 750;A01;3;1;0;2;8;15;5
536566628;155 729 752;B01;1;43;0;2;2;1;1
536566629;155 729 748;A01;1;7;3;0;1;1;1
536566629;155 729 749;B01;1;7;0;2;1;1;1
536566630;155 729 746;B01;1;33;0;2;2;1;1
536566630;155 729 747;A01;1;2;0;2;3;11;1
536566631;155 729 741;A01;3;7;0;2;2;1;1
536566631;155 729 745;B01;3;50;0;2;3;11;3
536566632;155 729 740;A01;1;7;15;0;3;17;1
536566632;155 729 743;B01;2;7;0;2;6;1;1
536566632;155 729 744;C01;2;7;0;2;2;1;1
536566633;155 729 737;B01;1;31;0;2;1;17;1
536566633;155 729 738;A01;1;7;0;2;8;15;0
536566634;155 729 735;A01;3;7;0;0;1;0;1
536566634;155 729 736;B01;3;7;0;0;1;0;1
536566635;155 729 733;A01;2;7;0;2;3;1;1
536566635;155 729 734;B01;1;1;0;2;2;1;5
536566636;155 729 730;V01;1;80;0;2;1;1;3
536566636;155 729 732;A01;2;7;0;2;3;1;1
536566637;155 729 729;A01;2;7;0;2;8;11;1
536566637;155 729 731;B01;2;32;0;2;7;1;1
536566638;155 729 727;A01;2;7;0;2;1;12;1
536566638;155 729 728;B01;2;7;0;2;6;1;1
536566639;155 729 725;A01;3;7;4;0;1;1;1
536566640;155 729 724;A01;2;7;3;0;2;13;1
536566641;155 729 723;A01;3;50;0;2;8;21;3
536566641;155 729 726;B01;3;7;0;2;1;1;1
536566642;155 729 719;A01;1;7;0;2;4;23;1
536566642;155 729 721;B01;1;7;0;2;1;2;1
536566643;155 729 716;A01;2;10;0;2;1;2;1
536566643;155 729 718;B01;2;10;0;2;4;2;1
536566643;155 729 720;C01;2;7;0;2;4;2;1
536566643;155 729 722;D01;2;7;0;2;4;2;2
536566644;155 729 715;B01;2;7;1;1;8;23;1
536566644;155 729 717;A01;1;10;0;2;1;15;1
536566645;155 729 710;A01;1;7;0;2;9;1;1
536566645;155 729 713;B01;1;7;0;2;4;2;1
536566645;155 729 714;C01;1;7;0;2;1;2;1
536566646;155 729 707;A01;2;7;0;2;1;2;1
536566646;155 729 709;B01;2;7;0;2;4;2;1
536566646;155 729 712;C01;2;7;0;2;4;2;1
536566647;155 729 708;A01;2;33;0;2;6;20;1
536566647;155 729 711;B01;2;1;0;2;1;1;5
536566648;155 729 703;A01;2;7;3;0;7;14;1
536566649;155 729 701;A01;2;10;0;2;3;26;1
536566649;155 729 704;B01;2;7;0;2;7;23;3
536566649;155 729 705;C01;2;7;0;2;7;23;1
536566649;155 729 706;D01;2;7;0;2;5;23;3
536566650;155 729 700;A01;1;7;0;2;5;1;1
536566650;155 729 702;B01;1;33;0;2;1;2;1
536566651;155 729 697;B01;1;7;0;2;4;2;1
536566651;155 729 699;A01;1;7;0;2;1;26;1
536566652;155 729 694;A01;3;7;9;0;1;16;1
536566653;155 729 693;E01;2;7;14;0;1;1;1
536566653;155 729 695;A01;2;7;14;0;1;1;1
536566653;155 729 696;C01;2;10;14;0;1;1;1
536566653;155 729 698;D01;2;38;14;0;1;1;1
536566654;155 729 692;A01;2;7;0;1;8;1;1
536566655;155 729 690;A01;1;10;0;1;1;16;1
536566656;155 729 691;A01;0;7;0;1;1;2;1
536566657;155 729 687;B01;2;7;0;2;4;2;1
536566657;155 729 689;A01;2;7;7;2;9;2;1
536566658;155 729 686;B01;1;2;0;2;1;17;1
536566658;155 729 688;A01;1;10;0;2;0;0;1
536566659;155 729 685;A01;1;7;0;1;1;1;1
536566660;155 729 684;A01;1;7;4;0;1;1;1
536566661;155 729 683;A01;3;30;0;9;1;26;3
536566662;155 729 681;A01;1;7;12;0;3;13;1
536566663;155 729 679;A01;2;7;0;2;1;26;1
536566663;155 729 682;B01;2;10;0;2;4;2;1
536566664;155 729 677;A01;1;30;0;2;5;15;1
536566664;155 729 680;B01;2;7;0;2;2;1;1
536566665;155 729 676;A01;1;7;0;2;3;13;1
536566665;155 729 678;B01;2;7;0;2;6;1;1
536566666;155 729 672;A01;3;7;0;2;1;15;1
536566666;155 729 675;B01;3;50;0;2;1;1;3
536566667;155 729 671;A01;1;1;0;2;7;9;5
536566667;155 729 674;B01;0;7;0;9;2;9;3
536566668;155 729 670;A01;3;7;0;2;3;1;1
536566668;155 729 673;B01;3;32;0;2;1;1;1
536566669;155 729 666;B01;1;1;0;2;0;1;5
536566669;155 729 669;A01;1;7;0;2;7;20;1
536566670;155 729 665;A01;1;30;0;9;4;26;1
536566670;155 729 668;B01;1;7;0;2;1;2;1
536566671;155 729 664;A01;2;7;0;2;5;12;1
536566671;155 729 667;B01;2;33;0;2;3;1;1
536566672;155 729 662;B01;2;80;0;2;1;1;3
536566672;155 729 663;A01;1;33;0;2;1;26;1
536566673;155 729 659;A01;3;7;0;2;1;0;1
536566673;155 729 660;B01;3;30;0;2;7;26;1
536566674;155 729 658;A01;1;33;0;2;8;1;1
536566674;155 729 661;Z01;1;7;0;2;7;2;0
536566675;155 729 656;B01;1;2;14;2;3;1;1
536566675;155 729 657;A01;1;7;14;2;3;21;1
536566676;155 729 655;A01;2;30;0;1;0;26;1
536566677;155 729 654;A01;1;10;0;1;2;16;3
536566678;155 729 652;A01;1;7;0;2;7;15;1
536566678;155 729 653;B01;1;50;0;2;0;2;3
536566679;155 729 650;B01;1;7;0;2;1;1;1
536566679;155 729 651;A01;2;33;0;2;1;17;1
536566680;155 729 648;A01;1;36;16;0;7;14;1
536566681;155 729 647;B01;1;33;0;2;7;0;1
536566681;155 729 649;A01;1;10;0;2;8;15;1
536566682;155 729 643;B01;2;32;0;2;7;15;1
536566682;155 729 645;A01;2;7;0;2;3;15;1
536566683;155 729 644;B01;0;7;0;2;1;0;0
536566683;155 729 646;A01;3;7;0;2;3;26;0
536566684;155 729 642;A01;3;33;0;1;1;1;1
536566685;155 729 640;A01;0;7;2;0;1;2;1
536566686;155 729 639;A01;3;34;0;2;1;2;1
536566686;155 729 641;B01;3;7;0;2;4;2;1
536566687;155 729 636;A01;1;7;0;2;2;1;1
536566687;155 729 638;B01;1;7;0;2;3;20;2
536566688;155 729 634;B01;2;3;0;2;2;20;1
536566688;155 729 635;A01;2;31;0;2;1;1;1
536566689;155 729 633;B01;3;7;0;2;7;9;1
536566689;155 729 637;A01;1;7;0;2;1;1;1
536566690;155 729 630;B01;2;7;0;2;3;1;1
536566690;155 729 632;A01;1;7;0;2;1;15;1
536566691;155 729 628;A01;3;80;0;1;1;1;3
536566692;155 729 625;A01;2;7;0;2;1;1;1
536566692;155 729 627;B01;2;3;0;2;4;23;1
536566693;155 729 624;A01;2;7;0;2;2;13;1
536566693;155 729 626;B01;1;33;0;2;1;1;1
536566694;155 729 621;A01;3;7;0;2;3;16;1
536566694;155 729 623;B01;3;1;0;2;1;19;5
536566695;155 729 619;A01;2;33;0;2;1;1;1
536566695;155 729 622;B01;1;7;0;2;2;15;1
536566696;155 729 618;B01;3;7;0;2;6;16;1
536566696;155 729 620;A01;2;2;0;2;1;1;1
536566697;155 729 615;A01;2;10;0;2;2;17;1
536566697;155 729 616;B01;2;1;0;0;8;15;5
536566698;155 729 614;B01;2;7;0;2;1;1;1
536566698;155 729 617;A01;2;7;15;2;8;1;1
536566699;155 729 611;A01;2;30;0;2;1;13;1
536566699;155 729 613;B01;1;7;0;2;3;1;1
536566700;155 729 610;A01;1;50;0;0;1;0;3
536566701;155 729 609;A01;1;7;0;2;8;10;1
536566701;155 729 612;B01;1;33;0;2;1;1;1
536566702;155 729 607;A01;1;10;0;1;3;1;1
536566703;155 729 605;A01;2;7;0;2;2;14;1
536566703;155 729 608;B01;2;14;0;2;6;1;1
536566704;155 729 604;A01;1;33;0;2;1;17;1
536566704;155 729 606;B01;1;7;0;2;3;2;2
536566705;155 729 603;A01;1;7;0;1;2;1;1
536566706;155 729 602;A01;2;33;0;0;9;1;1
536566707;155 729 600;B01;1;1;0;2;6;1;5
536566707;155 729 601;A01;1;7;0;2;2;9;1
536566708;155 729 598;A01;1;7;9;0;3;14;1
536566709;155 729 597;A01;1;7;6;0;4;1;1
536566710;155 729 595;A01;1;2;0;2;1;17;1
536566710;155 729 596;B01;1;7;0;2;6;19;1
536566711;155 729 599;A01;3;7;1;1;0;26;1
536566712;155 729 594;A01;1;7;8;0;1;2;1
536566713;155 729 591;A01;3;7;0;1;2;21;1
536566714;155 729 590;B01;2;14;0;0;0;15;1
536566714;155 729 592;A01;2;33;13;0;3;26;1
536566715;155 729 589;A01;1;7;0;2;3;1;1
536566715;155 729 593;B01;3;50;0;2;7;19;3
536566716;155 729 587;B01;2;7;0;2;4;2;1
536566716;155 729 588;A01;2;7;0;2;1;2;1
536566717;155 729 585;A01;1;7;16;0;9;16;1
536566718;155 729 584;A01;1;7;0;2;1;11;1
536566718;155 729 586;B01;2;7;0;2;1;1;1
536566719;155 729 579;A01;0;10;0;2;4;2;1
536566719;155 729 581;B01;2;31;0;2;1;2;1
536566720;155 729 577;A01;1;7;0;1;8;1;1
536566721;155 729 578;B01;1;7;0;2;3;15;1
536566721;155 729 580;A01;2;33;0;2;1;17;1
536566722;155 729 576;A01;0;7;0;1;4;4;1
536566723;155 729 575;A01;3;7;1;0;1;1;1
536566724;155 729 574;A01;1;7;6;0;3;13;1
536566725;155 729 570;A01;1;33;1;2;1;1;1
536566725;155 729 572;B01;1;7;0;2;5;0;2
536566726;155 729 569;B01;1;7;0;2;4;2;1
536566726;155 729 571;A01;1;7;0;2;1;2;1
536566727;155 729 568;A01;1;3;0;2;0;13;1
536566727;155 729 573;B01;2;15;0;2;3;1;1
536566728;155 729 567;A01;2;7;1;0;2;14;1
536566729;155 729 564;A01;3;7;0;2;1;15;2
536566729;155 729 566;B01;3;32;0;2;1;1;3
536566730;155 729 561;B01;1;7;0;2;7;1;1
536566730;155 729 563;A01;1;7;0;2;3;11;1
536566731;155 729 559;A01;1;7;1;2;3;2;1
536566731;155 729 562;B01;2;33;0;2;1;13;1
536566731;155 729 565;C01;2;33;0;2;0;13;1
536566732;155 729 558;A01;1;30;0;2;8;14;3
536566732;155 729 560;B01;1;30;0;2;8;18;3
536566733;155 729 557;A01;1;7;0;1;1;1;2
536566734;155 729 554;A01;2;7;0;2;1;2;1
536566734;155 729 556;B01;2;7;0;2;4;2;1
536566735;155 729 555;A01;2;14;0;0;0;1;1
536566736;155 729 552;A01;3;2;0;0;7;26;1
536566737;155 729 551;A01;3;10;0;2;3;19;1
536566737;155 729 553;B01;3;33;0;2;1;17;1
536566738;155 729 546;A01;1;7;0;2;2;1;1
536566738;155 729 549;B01;1;7;0;0;4;16;1
536566739;155 729 548;A01;2;33;0;2;3;13;1
536566739;155 729 550;B01;2;7;0;2;2;1;1
536566740;155 729 544;A01;2;33;0;2;2;1;1
536566740;155 729 547;B01;1;33;0;2;3;1;1
536566741;155 729 543;A01;1;17;10;0;1;13;1
536566742;155 729 541;A01;3;7;12;1;0;0;0
536566743;155 729 542;Z01;2;7;0;9;4;9;1
536566743;155 729 545;A01;3;50;0;0;0;1;3
536566744;155 729 539;A01;3;7;8;0;1;0;1
536566745;155 729 537;A01;1;7;0;2;3;1;1
536566745;155 729 540;B01;2;2;0;2;3;0;1
536566746;155 729 535;A01;2;10;0;2;2;12;1
536566746;155 729 538;B01;2;43;0;2;8;1;1
536566747;155 729 533;A01;2;7;13;0;1;1;1
536566748;155 729 532;A01;2;50;0;2;2;1;3
536566748;155 729 534;B01;1;7;0;2;1;1;1
536566749;155 729 531;A01;1;30;0;2;0;5;3
536566750;155 729 530;A01;1;33;2;0;9;14;1
536566751;155 729 528;B01;1;50;0;0;7;0;3
536566751;155 729 529;A01;2;7;0;2;1;0;1
536566752;155 729 526;A01;1;33;0;6;1;1;1
536566753;155 729 527;A01;2;2;0;0;8;1;3
536566754;155 729 521;A01;2;7;0;0;7;15;1
536566754;155 729 524;B01;1;33;0;0;1;1;1
536566755;155 729 520;A01;3;7;0;2;1;26;1
536566755;155 729 525;B01;3;7;15;2;1;1;1
536566756;155 729 519;B01;2;7;0;2;1;1;2
536566756;155 729 522;A01;1;2;0;2;1;17;3
536566757;155 729 523;A01;3;7;0;2;2;12;1
536566757;155 729 536;B01;3;33;0;2;3;1;1
536566758;155 729 518;A01;3;33;0;0;0;26;1
536566759;155 729 515;A01;1;7;0;2;3;15;1
536566759;155 729 517;B01;2;33;0;2;1;1;1
536566760;155 729 513;B01;2;32;0;2;1;1;1
536566760;155 729 516;A01;1;7;0;2;8;10;2
536566761;155 729 511;A01;1;3;0;2;3;1;2
536566761;155 729 512;B01;2;1;0;2;1;21;5
536566762;155 729 508;A01;2;7;0;1;1;20;2
536566763;155 729 507;A01;1;7;0;0;8;15;1
536566763;155 729 509;B01;1;33;0;2;1;1;1
536566764;155 729 506;A01;1;7;0;1;2;1;1
536566765;155 729 503;A01;3;30;0;0;7;1;1
536566766;155 729 510;A01;3;7;0;2;2;1;1
536566766;155 729 514;B01;3;1;0;2;4;1;5
536566767;155 729 501;B01;1;7;0;2;3;1;1
536566767;155 729 505;A01;1;2;0;2;1;11;1
536566768;155 729 502;B01;1;7;0;2;7;16;2
536566768;155 729 504;A01;1;30;0;2;8;17;3
536566769;155 729 500;A01;1;7;1;0;1;1;3
536566770;155 729 497;A01;1;33;1;2;4;23;1
536566770;155 729 499;B01;1;7;0;2;8;15;1
536566771;155 729 496;A01;1;7;0;2;3;15;1
536566771;155 729 498;B01;1;1;0;2;7;1;5
536566772;155 729 494;A01;3;7;12;0;1;14;2
536566773;155 729 490;B01;3;1;0;2;4;2;5
536566773;155 729 492;A01;3;7;0;2;2;2;1
536566774;155 729 489;B01;3;50;0;2;3;19;3
536566774;155 729 491;A01;2;7;0;2;2;1;2
536566775;155 729 488;B01;3;7;0;2;4;1;1
536566775;155 729 493;A01;3;7;0;2;1;1;1
536566776;155 729 487;A01;2;7;0;2;3;16;1
536566776;155 729 495;B01;2;33;0;2;5;1;1
536566777;155 729 485;A01;1;7;0;1;2;26;1
536566778;155 729 484;A01;2;7;12;0;2;1;1
536566779;155 729 483;B01;1;7;0;2;1;1;1
536566779;155 729 486;A01;2;7;0;2;1;1;1
536566780;155 729 480;A01;2;7;16;1;3;9;2
536566781;155 729 479;B01;2;7;0;9;4;2;1
536566781;155 729 482;A01;2;10;0;2;1;1;1
536566782;155 729 478;A01;1;10;0;2;1;1;1
536566782;155 729 481;B01;1;10;0;2;3;19;1
536566783;155 729 476;B01;0;32;0;2;3;1;0
536566783;155 729 477;A01;0;7;0;2;0;15;0
536566784;155 729 472;A01;1;33;0;2;1;17;1
536566784;155 729 474;B01;1;7;0;2;3;15;1
536566785;155 729 469;A01;3;30;0;2;7;2;1
536566785;155 729 473;B01;3;10;0;2;8;2;1
536566786;155 729 470;B01;1;80;0;2;4;1;3
536566786;155 729 475;Z01;3;7;0;2;1;1;1
536566787;155 729 468;B01;1;50;0;2;1;21;3
536566787;155 729 471;A01;1;7;0;2;5;23;2
536566788;155 729 466;B01;3;7;0;2;3;1;1
536566788;155 729 467;A01;3;7;0;2;3;13;1
536566789;155 729 465;A01;3;33;8;0;1;2;1
536566790;155 729 461;A01;2;7;0;2;1;0;1
536566790;155 729 463;B01;1;15;7;2;3;1;1
536566791;155 729 457;A01;1;33;4;0;3;1;1
536566792;155 729 458;A01;2;7;11;2;1;6;1
536566792;155 729 459;B01;1;7;0;2;1;1;3
536566793;155 729 456;C01;2;7;0;2;1;1;1
536566793;155 729 460;A01;1;7;0;2;2;1;1
536566793;155 729 464;B01;1;7;0;2;1;15;1
536566794;155 729 455;A01;2;7;0;2;1;1;1
536566794;155 729 462;B01;1;7;0;2;8;1;1
536566795;155 729 451;B01;2;33;0;2;1;3;1
536566795;155 729 454;A01;1;7;0;2;3;9;1
536566796;155 729 450;A01;2;7;1;1;3;13;1
536566796;155 729 453;B01;3;7;12;2;7;24;1
536566798;155 729 445;A01;2;7;4;0;4;1;1
536566798;155 729 448;B01;2;10;0;2;1;2;1
536566799;155 729 449;B01;2;7;0;9;4;1;1
536566799;155 729 452;A01;2;33;0;2;1;1;1
536566800;155 729 443;A01;2;7;0;2;1;1;1
536566800;155 729 444;B01;2;7;0;0;4;11;1
536566801;155 729 439;A01;3;7;0;2;1;15;6
536566801;155 729 440;B01;2;7;0;2;3;1;1
536566802;155 729 436;B01;2;7;0;2;8;1;2
536566802;155 729 441;A01;1;7;0;2;1;1;2
536566803;155 729 435;A01;3;10;0;2;3;10;0
536566803;155 729 438;B01;1;32;0;2;1;1;1
536566804;155 729 434;A01;2;7;0;2;2;23;1
536566804;155 729 437;B01;3;1;0;2;1;15;5
536566804;155 729 442;C01;1;7;0;2;3;1;1
536566805;155 729 430;A01;3;10;9;0;9;2;1
536566806;155 729 432;A01;1;7;0;2;3;13;1
536566806;155 729 433;B01;2;80;0;2;1;0;3
536566807;155 729 429;A01;1;50;0;1;1;0;3
536566808;155 729 428;B01;2;1;0;2;1;1;5
536566808;155 729 431;A01;2;7;0;2;0;16;1
536566809;155 729 426;B01;1;33;0;2;8;0;1
536566809;155 729 427;A01;2;7;0;2;2;0;1
536566810;155 729 425;A01;3;21;0;1;2;21;1
536566811;155 729 422;A01;0;7;0;0;0;0;0
536566812;155 729 421;A01;2;7;0;2;1;2;1
536566812;155 729 424;B01;2;7;0;2;4;2;1
536566813;155 729 420;A01;2;30;0;2;4;23;1
536566813;155 729 423;B01;2;7;0;2;3;0;1
536566814;155 729 418;A01;1;33;2;2;8;17;1
536566814;155 729 419;B01;2;7;0;0;8;1;1
536566815;155 729 417;A01;1;7;4;0;1;1;1
536566816;155 729 408;A01;2;33;0;2;8;2;1
536566816;155 729 411;B01;2;7;0;2;7;2;1
536566817;155 729 413;A01;1;7;4;0;3;13;1
536566818;155 729 406;A01;1;33;0;0;2;1;1
536566819;155 729 404;A01;1;7;0;2;1;2;2
536566819;155 729 405;B01;1;7;0;2;4;2;1
536566820;155 729 402;B01;1;60;8;2;7;19;5
536566820;155 729 403;A01;1;7;0;2;2;1;1
536566821;155 729 401;A01;0;33;8;0;0;0;1
536566822;155 729 398;A01;2;33;0;2;1;3;1
536566822;155 729 399;B01;2;7;0;2;6;11;1
536566823;155 729 397;A01;3;7;13;0;2;1;1
536566824;155 729 395;A01;2;33;0;2;2;17;1
536566824;155 729 396;B01;2;7;0;0;6;14;1
536566825;155 729 391;A01;1;7;0;2;5;15;1
536566825;155 729 393;B01;2;33;0;2;1;1;1
536566826;155 729 388;A01;1;7;0;2;2;17;1
536566826;155 729 390;B01;1;1;0;2;8;1;5
536566827;155 729 389;A01;1;10;0;2;1;2;3
536566827;155 729 392;B01;1;7;0;2;7;2;2
536566827;155 729 400;C01;1;7;0;2;4;1;2
536566828;155 729 386;B01;2;7;0;2;2;11;1
536566828;155 729 387;A01;2;33;0;2;2;1;1
536566829;155 729 383;B01;3;7;0;2;1;15;1
536566829;155 729 385;A01;3;33;0;2;1;1;1
536566830;155 729 381;A01;1;7;0;2;7;19;1
536566830;155 729 384;B01;2;7;0;2;1;1;0
536566831;155 729 379;B01;0;1;0;2;8;1;5
536566831;155 729 382;A01;0;7;0;2;3;15;2
536566832;155 729 380;Z01;3;7;6;1;2;1;1
536566833;155 729 376;B01;1;7;1;0;2;14;1
536566833;155 729 378;A01;1;15;0;0;6;24;1
536566834;155 729 375;A01;1;10;0;2;1;13;1
536566834;155 729 377;B01;2;15;0;2;3;1;1
536566835;155 729 373;A01;1;7;0;0;1;20;3
536566836;155 729 370;B01;0;7;0;0;3;26;1
536566836;155 729 374;A01;3;2;0;2;1;1;1
536566837;155 729 369;A01;3;7;0;2;8;9;1
536566837;155 729 372;B01;1;33;0;2;1;1;1
536566838;155 729 367;A01;3;7;2;0;9;1;1
536566839;155 729 368;A01;3;43;0;2;3;1;1
536566839;155 729 371;B01;3;7;0;2;2;9;1
536566840;155 729 366;A01;0;7;0;1;3;15;1
536566841;155 729 365;A01;1;17;3;0;1;1;6
536566842;155 729 363;A01;0;7;0;1;1;1;0
536566843;155 729 360;A01;3;7;0;1;1;1;1
536566844;155 729 358;B01;1;33;0;2;2;1;1
536566844;155 729 362;A01;1;1;0;2;3;11;5
536566845;155 729 356;A01;1;7;0;2;4;1;1
536566845;155 729 357;Z01;1;10;0;2;1;0;0
536566846;155 729 354;A01;1;7;0;1;2;1;2
536566847;155 729 353;A01;2;7;0;2;8;20;1
536566847;155 729 355;B01;2;1;0;2;7;1;5
536566848;155 729 350;A01;1;7;0;2;4;1;1
536566848;155 729 351;B01;1;7;0;2;1;2;1
536566849;155 729 348;A01;3;2;0;0;7;1;1
536566850;155 729 349;B01;2;50;0;2;1;1;3
536566850;155 729 352;A01;2;7;0;2;2;16;1
536566851;155 729 346;A01;2;7;1;0;9;13;1
536566852;155 729 345;B01;1;7;0;2;4;2;1
536566852;155 729 347;A01;1;7;0;2;1;2;2
536566853;155 729 344;A01;2;7;0;1;2;1;1
536566854;155 729 340;B01;2;1;0;2;1;17;5
536566854;155 729 343;A01;1;80;0;2;8;15;3
536566855;155 729 338;A01;2;7;0;0;1;1;1
536566856;155 729 336;A01;2;7;0;2;4;1;1
536566856;155 729 339;Z01;2;7;0;2;1;13;0
536566856;155 729 341;B01;2;32;0;2;7;1;1
536566857;155 729 337;A01;3;30;0;2;3;1;3
536566857;155 729 342;Z01;3;7;0;2;2;14;0
536566858;155 729 334;A01;1;7;2;0;2;14;1
536566859;155 729 335;A01;1;7;13;0;9;15;1
536566860;155 729 332;A01;1;1;0;2;2;1;5
536566860;155 729 333;Z01;1;7;0;0;1;15;1
536566861;155 729 331;A01;3;7;0;1;1;1;1
536566862;155 729 325;A01;2;7;0;2;3;21;2
536566862;155 729 327;B01;2;1;0;2;3;7;5
536566863;155 729 324;C01;2;7;0;2;1;2;1
536566863;155 729 326;D01;2;7;0;2;1;2;1