Num_Acc;id_vehicule;num_veh;senc;catv;obs;obsm;choc;manv;motor
536566863;155 729 328;A01;2;10;0;2;4;23;1
536566863;155 729 330;B01;2;7;0;2;4;1;1
536566864;155 729 323;A01;1;10;0;1;5;14;1
536566865;155 729 320;A01;1;7;11;2;1;6;1
536566865;155 729 322;B01;2;7;0;2;8;1;3
536566866;155 729 318;A01;2;1;12;0;1;15;5
536566867;155 729 317;B01;2;10;0;2;1;2;1
536566867;155 729 319;A01;2;7;0;2;4;2;1
536566868;155 729 316;A01;2;33;0;2;8;15;1
536566868;155 729 321;B01;2;33;0;2;7;15;1
536566869;155 729 313;A01;2;15;0;1;1;1;1
536566870;155 729 314;A01;1;7;3;0;1;1;1
536566871;155 729 312;A01;2;7;0;2;3;15;1
536566871;155 729 315;B01;2;30;0;2;1;0;1
536566872;155 729 309;A01;1;10;0;1;3;15;1
536566873;155 729 308;A01;2;7;0;2;3;1;1
536566873;155 729 310;B01;2;7;0;0;6;1;1
536566874;155 729 305;A01;2;7;0;2;1;1;1
536566874;155 729 307;B01;2;7;0;2;4;26;1
536566875;155 729 306;B01;2;7;0;2;3;16;2
536566875;155 729 311;A01;2;7;0;2;1;1;1
536566876;155 729 303;A01;2;7;0;1;1;1;1
536566877;155 729 302;A01;1;7;0;2;1;1;1
536566877;155 729 304;B01;1;7;0;2;4;1;1
536566878;155 729 301;A01;3;7;0;1;1;26;1
536566879;155 729 300;A01;1;7;0;1;2;21;1
536566880;155 729 299;A01;1;10;3;0;9;1;1
536566881;155 729 294;B01;1;7;0;2;0;0;0
536566881;155 729 298;A01;1;60;0;2;0;0;5
536566882;155 729 293;B01;2;7;0;2;1;1;1
536566882;155 729 297;A01;1;10;0;2;1;5;1
536566883;155 729 291;B01;1;7;0;2;5;12;1
536566883;155 729 295;A01;1;31;0;2;1;3;1
536566884;155 729 292;A01;2;7;0;2;2;16;2
536566884;155 729 296;B01;2;2;0;2;8;1;3
536566885;155 729 289;A01;1;7;0;0;1;0;1
536566886;155 729 286;B01;3;50;0;2;1;25;3
536566886;155 729 290;A01;3;7;0;2;1;16;1
536566887;155 729 284;B01;2;7;0;2;4;1;1
536566887;155 729 287;C01;2;7;0;2;1;2;1
536566887;155 729 288;A01;2;7;0;2;4;1;1
536566888;155 729 285;B01;3;1;0;1;2;1;5
536566889;155 729 283;A01;2;7;0;1;1;1;2
536566890;155 729 278;A01;1;7;2;0;0;0;1
536566891;155 729 280;A01;2;7;0;2;5;12;1
536566891;155 729 281;B01;2;33;0;2;1;3;1
536566892;155 729 277;B01;0;7;0;2;3;1;0
536566892;155 729 282;A01;0;7;0;2;2;1;0
536566893;155 729 276;A01;2;7;0;2;1;1;1
536566893;155 729 279;B01;0;1;0;2;8;19;5
536566894;155 729 275;A01;2;7;0;0;1;14;1
536566895;155 729 272;A01;2;7;0;2;2;11;1
536566895;155 729 273;B01;2;15;0;2;6;2;1
536566896;155 729 270;A01;1;30;0;2;1;1;3
536566896;155 729 274;B01;2;7;0;2;8;1;1
536566897;155 729 269;A01;2;7;0;2;4;23;3
536566897;155 729 271;B01;2;7;0;2;3;0;1
536566898;155 729 264;A01;3;31;0;2;1;2;0
536566898;155 729 267;B01;3;7;0;2;4;1;1
536566899;155 729 266;A01;3;32;0;2;7;2;1
536566899;155 729 268;B01;3;32;1;0;0;0;1
536566900;155 729 262;A01;1;33;0;2;1;1;1
536566900;155 729 265;B01;3;7;0;2;3;15;1
536566901;155 729 263;A01;2;10;0;1;4;26;1
536566902;155 729 258;A01;1;7;1;0;1;0;1
536566903;155 729 256;A01;1;7;0;1;3;1;1
536566903;155 729 261;B01;2;7;6;2;2;1;1
536566904;155 729 254;A01;1;33;0;2;2;21;1
536566904;155 729 257;B01;1;7;0;2;5;1;1
536566904;155 729 259;C01;1;14;0;2;6;26;1
536566904;155 729 260;D01;1;7;1;0;0;23;1
536566905;155 729 255;Z01;1;10;0;1;1;19;1
536566906;155 729 252;A01;1;7;0;1;1;1;1
536566907;155 729 251;B01;0;1;0;9;1;1;5
536566907;155 729 253;A01;0;1;0;9;1;1;5
536566908;155 729 245;B01;3;80;0;2;7;19;3
536566908;155 729 250;A01;1;7;0;2;1;6;1
536566909;155 729 247;A01;1;7;0;2;3;15;1
536566909;155 729 249;B01;1;33;0;2;7;17;1
536566910;155 729 244;B01;2;33;0;2;3;1;1
536566910;155 729 248;A01;1;31;0;2;3;17;1
536566911;155 729 241;A01;2;1;1;0;1;17;5
536566911;155 729 242;B01;1;7;0;0;2;0;1
536566912;155 729 240;B01;1;10;0;2;4;0;1
536566912;155 729 243;A01;1;10;0;2;1;0;1
536566912;155 729 246;C01;1;7;0;2;4;23;1
536566913;155 729 238;A01;1;10;0;1;1;1;1
536566914;155 729 235;B01;3;2;0;2;7;9;1
536566914;155 729 239;A01;1;7;0;2;0;0;0
536566915;155 729 234;B01;1;7;0;2;3;16;1
536566915;155 729 236;A01;2;7;0;2;2;15;2
536566916;155 729 231;A01;3;7;0;9;2;2;2
536566916;155 729 237;B01;2;50;0;2;8;19;3
536566917;155 729 230;A01;3;7;0;2;3;9;1
536566917;155 729 233;B01;2;7;0;2;1;1;1
536566918;155 729 229;B01;1;7;0;2;4;24;1
536566918;155 729 232;A01;1;7;1;0;1;14;1
536566919;155 729 228;A01;2;7;0;1;2;1;1
536566920;155 729 227;A01;2;7;0;1;1;1;1
536566921;155 729 223;A01;3;7;14;0;1;1;1
536566921;155 729 225;B01;3;7;14;0;4;1;1
536566922;155 729 219;B01;1;7;0;2;2;17;1
536566922;155 729 224;A01;1;7;0;0;4;17;1
536566923;155 729 217;A01;1;7;0;2;2;15;1
536566923;155 729 220;B01;2;33;0;2;1;1;1
536566924;155 729 218;A01;3;10;0;2;1;26;0
536566924;155 729 221;B01;3;7;6;2;4;1;1
536566925;155 729 216;A01;2;7;0;2;4;1;1
536566925;155 729 222;B01;2;7;0;2;4;1;1
536566925;155 729 226;C01;2;7;0;2;1;1;1
536566926;155 729 214;A01;2;7;13;0;3;0;1
536566927;155 729 213;A01;1;7;1;0;1;0;1
536566928;155 729 212;A01;3;10;0;2;2;16;1
536566928;155 729 215;B01;3;50;0;2;1;1;3
536566929;155 729 211;A01;2;34;2;1;1;1;1
536566930;155 729 210;A01;1;10;13;0;1;1;1
536566931;155 729 208;A01;1;7;13;0;9;1;1
536566932;155 729 209;A01;1;7;0;1;3;15;1
536566933;155 729 202;A01;2;7;0;2;1;2;1
536566933;155 729 205;B01;2;31;0;0;4;1;1
536566934;155 729 204;B01;1;7;0;2;3;1;1
536566934;155 729 207;A01;3;50;0;2;1;5;3
536566935;155 729 201;A01;1;7;0;2;2;13;1
536566935;155 729 206;B01;2;7;0;2;1;1;1
536566936;155 729 200;A01;1;7;0;2;3;1;1
536566936;155 729 203;B01;2;7;0;2;1;13;1
536566937;155 729 199;A01;1;7;13;0;0;0;1
536566938;155 729 196;A01;1;7;0;2;3;17;1
536566938;155 729 198;B01;2;31;0;2;1;21;1
536566939;155 729 191;A01;2;7;0;2;1;13;1
536566939;155 729 194;B01;1;17;0;2;1;1;1
536566940;155 729 195;B01;3;15;1;0;4;24;1
536566940;155 729 197;A01;3;37;1;0;0;2;2
536566941;155 729 189;B01;0;10;0;0;3;0;0
536566941;155 729 193;A01;3;7;8;0;0;0;1
536566942;155 729 188;B01;3;7;0;2;3;15;2
536566942;155 729 190;A01;3;33;0;2;2;17;1
536566943;155 729 187;A01;1;33;0;2;8;0;1
536566943;155 729 192;B01;2;10;0;2;8;13;1
536566944;155 729 184;A01;3;3;0;1;2;16;1
536566945;155 729 182;B01;1;7;0;2;3;21;2
536566945;155 729 185;A01;1;30;0;2;1;15;1
536566946;155 729 180;A01;0;7;0;2;1;0;1
536566946;155 729 186;B01;3;7;0;0;8;1;1
536566947;155 729 179;A01;1;7;0;0;4;1;1
536566947;155 729 181;B01;1;7;0;2;1;1;2
536566947;155 729 183;C01;1;7;0;2;1;1;1
536566948;155 729 176;A01;1;36;0;0;0;0;1
536566949;155 729 172;A01;1;7;1;2;3;5;1
536566949;155 729 177;B01;2;7;0;2;3;21;1
536566950;155 729 173;A01;2;2;1;0;2;14;1
536566951;155 729 175;A01;1;7;0;2;3;9;1
536566951;155 729 178;B01;1;7;0;2;1;26;1
536566952;155 729 171;B01;2;10;0;2;6;15;1
536566952;155 729 174;A01;2;33;0;2;1;1;1
536566953;155 729 168;A01;3;7;8;0;1;26;1
536566954;155 729 166;A01;1;7;0;2;2;13;1
536566954;155 729 169;B01;2;7;0;2;2;21;1
536566955;155 729 167;A01;1;32;0;0;8;1;1
536566956;155 729 165;A01;3;33;2;0;1;13;1
536566957;155 729 162;B01;2;10;1;2;8;1;1
536566957;155 729 164;A01;2;10;0;2;2;20;1
536566958;155 729 161;A01;1;10;6;0;0;13;1
536566959;155 729 159;A01;2;7;2;0;7;15;1
536566960;155 729 157;A01;1;33;12;0;1;1;1
536566961;155 729 158;A01;2;7;0;0;5;1;1
536566961;155 729 163;B01;2;33;0;2;1;1;1
536566962;155 729 156;B01;1;7;0;2;1;13;1
536566962;155 729 160;A01;2;7;0;2;1;1;1
536566963;155 729 153;A01;3;2;7;0;1;1;1
536566964;155 729 154;A01;2;10;0;1;1;2;1
536566965;155 729 152;A01;1;7;0;2;1;2;1
536566965;155 729 155;B01;1;31;0;2;4;2;1
536566966;155 729 151;A01;2;7;2;2;3;26;1
536566967;155 729 145;B01;2;7;0;2;1;2;1
536566967;155 729 148;A01;2;7;0;2;4;2;1
536566968;155 729 147;A01;1;7;4;2;8;9;1
536566968;155 729 149;B01;1;7;3;2;7;2;2
536566969;155 729 143;A01;3;7;0;2;5;2;1
536566969;155 729 144;M01;3;33;0;2;3;1;1
536566970;155 729 141;B01;2;1;0;2;7;1;5
536566970;155 729 150;A01;2;7;0;9;6;9;1
536566971;155 729 142;A01;1;32;0;2;1;1;1
536566971;155 729 146;B01;1;7;0;2;5;1;2
536566972;155 729 138;A01;2;7;0;2;3;1;1
536566972;155 729 139;B01;1;7;0;2;3;1;1
536566973;155 729 136;A01;2;7;2;0;2;1;1
536566974;155 729 131;A01;2;7;0;0;9;26;1
536566975;155 729 133;B01;1;7;0;2;1;0;1
536566975;155 729 137;A01;2;50;0;2;1;19;3
536566976;155 729 128;A01;1;7;0;2;9;1;1
536566976;155 729 134;B01;1;7;0;2;4;23;1
536566977;155 729 127;A01;3;33;13;0;8;1;1
536566978;155 729 125;A01;3;1;0;2;1;1;5
536566978;155 729 129;B01;3;10;0;2;1;15;1
536566979;155 729 123;A01;1;7;0;9;2;16;1
536566979;155 729 126;B01;3;1;0;2;2;0;5
536566980;155 729 121;A01;2;33;0;0;1;1;1
536566981;155 729 119;A01;2;7;0;2;2;2;1
536566981;155 729 122;B01;2;7;0;2;4;1;2
536566982;155 729 120;A01;1;7;0;2;1;1;1
536566982;155 729 124;B01;1;7;0;2;4;1;1
536566983;155 729 118;A01;2;33;0;0;0;0;1
536566984;155 729 112;B01;1;7;0;2;4;1;2
536566984;155 729 115;A01;1;7;0;2;1;1;1
536566985;155 729 110;B01;3;31;0;2;7;2;1
536566985;155 729 114;A01;3;7;0;2;3;1;1
536566986;155 729 109;A01;2;15;0;2;7;12;1
536566986;155 729 113;B01;2;7;0;0;8;1;1
536566987;155 729 106;B01;2;7;0;2;8;1;1
536566987;155 729 108;C01;1;7;0;2;8;2;1
536566987;155 729 111;A01;1;33;0;2;7;17;1
536566988;155 729 105;A01;2;7;3;0;1;0;1
536566989;155 729 103;A01;2;7;8;0;1;26;1
536566990;155 729 102;A01;1;7;13;0;1;2;1
536566991;155 729 101;B01;0;7;0;2;4;1;1
536566991;155 729 104;A01;0;7;0;2;1;1;1
536566991;155 729 107;C01;0;7;0;2;4;1;3
536566992;155 729 099;A01;2;7;0;0;9;14;1
536566993;155 729 096;A01;1;7;0;2;8;11;1
536566993;155 729 100;B01;1;7;0;0;7;1;1
536566994;155 729 097;A01;2;1;4;0;2;1;5
536566995;155 729 095;A01;0;50;0;0;0;1;3
536566996;155 729 094;B01;1;10;0;2;2;1;1
536566996;155 729 098;A01;1;7;0;2;8;9;1
536566997;155 729 090;A01;2;7;0;2;8;1;1
536566997;155 729 092;Z01;2;7;0;2;7;12;1
536566998;155 729 089;A01;3;7;0;2;2;1;1
536566998;155 729 091;B01;3;7;12;2;3;1;1
536566999;155 729 088;A01;1;7;0;1;1;26;1
536567000;155 729 087;A01;2;7;3;0;1;1;1
536567001;155 729 086;A01;1;7;0;1;3;1;1
536567002;155 729 085;A01;1;7;0;1;1;15;1
536567003;155 729 082;A01;1;7;0;2;1;1;1
536567003;155 729 084;B01;1;7;0;2;4;1;1
536567004;155 729 081;A01;1;10;0;0;2;1;1
536567005;155 729 083;A01;1;7;3;0;0;17;1
536567005;155 729 093;B01;1;7;0;9;0;1;1
536567006;155 729 078;A01;1;7;0;2;1;9;1
536567006;155 729 079;B01;1;7;0;2;2;1;1
536567007;155 729 077;B01;1;7;0;2;4;2;3
536567007;155 729 080;A01;1;32;0;2;1;2;1
536567008;155 729 075;A01;3;3;2;0;1;14;3
536567009;155 729 073;A01;1;7;4;0;1;12;1
536567010;155 729 072;A01;2;7;0;2;3;2;1
536567010;155 729 074;B01;2;7;0;2;5;2;1
536567010;155 729 076;C01;1;7;0;2;1;1;1
536567011;155 729 071;A01;2;7;0;0;9;0;1
536567012;155 729 069;A01;1;10;0;2;8;11;1
536567012;155 729 070;B01;1;33;0;2;7;1;1
536567013;155 729 067;A01;1;7;0;2;2;9;1
536567013;155 729 068;B01;1;7;0;2;3;1;1
536567014;155 729 066;A01;1;7;0;2;7;0;1
536567015;155 729 061;B01;2;10;0;2;2;1;3
536567015;155 729 064;A01;2;33;0;2;6;3;1
536567016;155 729 060;A01;1;7;0;2;1;13;1
536567016;155 729 063;B01;2;7;0;2;3;1;1
536567017;155 729 057;B01;1;7;0;2;1;1;1
536567017;155 729 065;A01;2;33;0;2;1;13;1
536567018;155 729 054;A01;3;31;0;0;0;1;1
536567019;155 729 053;A01;2;10;0;2;1;2;1
536567019;155 729 055;E01;2;7;0;2;4;2;1
536567019;155 729 058;C01;2;7;0;2;4;2;1
536567019;155 729 059;D01;2;7;0;2;4;2;1
536567019;155 729 062;B01;2;7;0;2;4;2;2
536567020;155 729 052;A01;1;7;0;2;2;14;1
536567020;155 729 056;B01;1;7;0;2;6;1;2
536567021;155 729 051;A01;1;10;2;0;3;1;1
536567022;155 729 047;A01;1;7;16;0;3;1;1
536567023;155 729 043;D01;1;10;0;2;4;1;1
536567023;155 729 045;A01;1;7;0;2;6;11;1
536567023;155 729 049;B01;1;14;0;2;2;1;1
536567023;155 729 050;C01;1;7;0;2;4;1;1
536567024;155 729 041;A01;2;33;0;0;0;16;1
536567025;155 729 042;C01;2;15;0;2;6;1;1
536567025;155 729 046;B01;2;10;0;2;7;1;0
536567025;155 729 048;A01;2;33;0;2;8;11;1
536567026;155 729 039;B01;2;7;3;2;1;1;1
536567026;155 729 044;A01;1;7;0;2;1;1;1
536567027;155 729 035;C01;2;7;0;2;8;1;1
536567027;155 729 038;B01;2;7;0;2;1;1;1
536567027;155 729 040;A01;2;7;0;2;1;13;1
536567028;155 729 034;A01;2;7;0;2;1;13;1
536567028;155 729 036;B01;1;7;0;2;3;1;1
536567029;155 729 033;Y01;3;1;0;2;5;25;5
536567029;155 729 037;A01;3;7;0;2;7;26;1
536567030;155 729 030;B01;1;7;0;2;4;2;1
536567030;155 729 032;A01;1;7;0;2;1;2;3
536567031;155 729 031;A01;2;33;0;0;8;1;1
536567032;155 729 029;A01;2;7;15;0;1;1;1
536567033;155 729 027;B01;2;1;0;2;4;14;5
536567033;155 729 028;A01;2;1;0;2;1;1;5
536567034;155 729 024;B01;2;7;0;9;1;2;0
536567034;155 729 026;A01;2;2;5;2;3;9;6
536567035;155 729 021;A01;2;33;0;2;1;1;1
536567035;155 729 023;B01;1;7;0;2;1;15;1
536567036;155 729 018;A01;3;7;0;2;3;13;1
536567036;155 729 022;B01;3;7;0;2;8;0;1
536567037;155 729 020;A01;2;7;0;1;2;1;2
536567038;155 729 019;A01;1;31;0;2;1;13;1
536567038;155 729 025;B01;2;10;0;2;3;1;1
536567039;155 729 016;A01;3;7;13;0;2;14;1
536567040;155 729 013;A01;2;7;0;2;3;2;1
536567040;155 729 015;B01;2;33;0;2;5;2;1
536567040;155 729 017;C01;2;33;0;2;4;2;1
536567041;155 729 012;A01;2;1;0;0;1;1;5
536567041;155 729 014;Z01;2;1;0;0;1;1;5
536567042;155 729 011;A01;1;7;2;0;3;14;1
536567043;155 729 010;A01;2;38;0;1;1;1;1
536567044;155 729 009;A01;1;7;6;0;3;16;1
536567045;155 729 005;B01;1;1;0;2;4;13;5
536567045;155 729 007;A01;1;7;0;2;3;2;1
536567046;155 729 004;A01;1;7;0;2;1;13;1
536567046;155 729 008;B01;2;7;0;2;0;0;2
536567047;155 729 003;A01;1;50;0;2;8;15;3
536567047;155 729 006;B01;1;7;0;2;2;17;1
536567048;155 729 002;A01;1;33;0;6;1;0;1
536567049;155 729 001;A01;1;2;0;0;0;1;1
536567050;155 728 998;B01;3;7;0;2;0;0;0
536567050;155 729 000;A01;3;1;0;2;0;0;5
536567051;155 728 995;A01;2;7;0;2;1;1;1
536567051;155 728 997;B01;1;21;0;2;3;1;1
536567052;155 728 996;A01;2;7;0;0;3;1;1
536567052;155 728 999;B01;2;33;0;2;1;1;1
536567053;155 728 992;E01;3;60;0;1;1;2;5
536567054;155 728 990;A01;2;10;0;2;3;13;1
536567054;155 728 993;B01;1;7;0;2;3;1;1
536567055;155 728 989;A01;3;33;0;0;0;1;1
536567056;155 728 991;B01;1;15;0;2;6;1;1
536567056;155 728 994;A01;1;7;0;2;2;1;1
536567057;155 728 988;A01;1;33;0;0;8;1;1
536567058;155 728 985;A01;2;7;3;0;2;2;1
536567059;155 728 986;B01;0;7;0;2;3;11;1
536567059;155 728 987;A01;3;34;9;2;2;1;1
536567060;155 728 984;A01;2;7;13;0;9;1;1
536567061;155 728 980;A01;1;7;0;2;2;1;1
536567061;155 728 983;B01;1;7;13;2;3;1;1
536567062;155 728 981;A01;1;1;12;2;1;26;5
536567062;155 728 982;B01;2;7;12;2;3;5;1
536567063;155 728 978;B01;2;7;0;2;4;23;1
536567063;155 728 979;A01;2;7;0;2;1;2;1
536567064;155 728 975;A01;1;7;0;2;1;19;1
536567064;155 728 977;B01;2;10;0;2;1;1;1
536567065;155 728 974;A01;3;7;0;1;5;4;0
536567066;155 728 976;A01;0;1;0;0;0;0;5
536567067;155 728 973;A01;1;7;0;1;1;16;1
536567068;155 728 972;A01;1;2;0;0;0;1;1
536567069;155 728 970;A01;1;7;9;0;1;1;1
536567070;155 728 969;A01;1;7;0;2;1;2;1
536567070;155 728 971;B01;1;7;0;2;4;0;1
536567071;155 728 967;A01;2;21;0;0;7;15;1
536567072;155 728 966;A01;2;2;0;0;7;1;1
536567073;155 728 965;A01;2;1;0;2;4;2;5
536567073;155 728 968;B01;2;7;0;2;2;17;1
536567074;155 728 962;A01;1;7;0;1;1;1;0
536567075;155 728 961;A01;1;7;0;2;3;1;1
536567075;155 728 964;B01;1;7;0;2;2;1;0
536567076;155 728 955;B01;2;13;0;2;3;1;0
536567076;155 728 960;A01;1;7;0;2;3;13;1
536567077;155 728 956;B01;1;7;0;2;2;19;1
536567077;155 728 958;A01;1;2;0;2;1;1;1
536567078;155 728 954;A01;1;7;12;2;3;15;1
536567078;155 728 957;B01;1;32;0;0;0;0;1
536567079;155 728 959;A01;2;7;2;0;9;1;1
536567080;155 728 951;A01;3;50;0;0;0;1;3
536567081;155 728 948;A01;1;17;2;0;8;1;1
536567082;155 728 946;A01;3;7;1;2;8;26;1
536567082;155 728 949;B01;3;7;0;2;1;1;1
536567082;155 728 953;C01;3;7;0;2;6;1;1
536567083;155 728 943;B01;2;1;0;2;7;25;5
536567083;155 728 947;A01;1;34;0;2;3;25;1
536567084;155 728 945;A01;1;21;9;0;1;13;1
536567085;155 728 941;A01;1;7;8;2;1;1;1
536567086;155 728 938;A01;2;7;0;2;3;26;0
536567086;155 728 940;B01;2;2;0;2;4;0;0
536567087;155 728 937;A01;1;7;6;0;1;1;1
536567088;155 728 936;B01;1;7;8;2;8;1;1
536567088;155 728 939;A01;2;1;0;2;1;5;5
536567089;155 728 935;A01;2;7;0;1;2;20;1
536567090;155 728 932;A01;2;7;0;2;3;1;2
536567090;155 728 934;B01;1;10;0;2;6;1;1
536567091;155 728 930;A01;2;33;0;0;0;2;1
536567092;155 728 929;B01;1;7;0;2;3;1;1
536567092;155 728 931;A01;1;33;0;2;3;17;1
536567093;155 728 928;A01;2;7;0;2;1;1;1
536567093;155 728 933;B01;2;15;0;2;4;1;1
536567094;155 728 925;A01;1;7;8;0;2;14;0
536567095;155 728 923;A01;1;33;0;2;1;17;1
536567095;155 728 927;B01;2;7;0;2;5;15;1
536567096;155 728 926;A01;1;33;13;0;2;1;1
536567097;155 728 922;A01;2;34;0;2;3;13;1
536567097;155 728 924;B01;1;30;0;2;3;1;3
536567098;155 728 921;A01;3;7;9;0;1;1;1
536567099;155 728 916;A01;1;7;0;2;1;1;1
536567099;155 728 919;B01;2;7;0;2;1;13;1
536567100;155 728 915;A01;1;2;0;2;7;2;1
536567100;155 728 920;B01;1;7;0;2;1;1;1
536567101;155 728 914;B01;3;7;2;0;1;5;1
536567101;155 728 917;A01;3;7;5;0;1;1;1
536567102;155 728 913;B01;2;7;0;2;1;1;1
536567102;155 728 918;A01;0;10;0;2;8;19;1
536567103;155 728 912;A01;1;33;0;0;0;11;1
536567104;155 728 909;A01;1;7;0;1;1;1;1
536567105;155 728 910;A01;1;32;0;2;1;1;1
536567105;155 728 911;B01;2;33;0;2;7;15;1
536567106;155 728 907;A01;2;7;0;2;1;13;1
536567106;155 728 908;B01;1;10;0;2;1;21;1
536567107;155 728 903;A01;2;7;0;2;2;1;1
536567107;155 728 905;B01;1;7;0;2;3;1;1
536567108;155 728 901;B01;1;7;0;2;8;15;1
536567108;155 728 904;A01;1;7;0;2;8;15;1
536567109;155 728 900;B01;1;7;0;2;8;26;1
536567109;155 728 902;C01;1;7;0;2;1;17;1
536567109;155 728 906;A01;2;10;0;2;8;1;1
536567110;155 728 896;A01;1;7;0;2;3;13;1
536567110;155 728 898;B01;2;7;0;2;3;1;1
536567111;155 728 894;A01;1;7;0;2;0;15;1
536567111;155 728 897;B01;1;1;0;0;8;0;5
536567112;155 728 899;A01;2;7;2;0;2;0;1
536567113;155 728 893;A01;1;33;0;2;1;1;1
536567113;155 728 895;B01;2;10;0;2;1;15;1
536567114;155 728 891;A01;1;7;0;1;2;1;1
536567115;155 728 889;A01;1;7;2;0;1;13;1
536567116;155 728 892;A01;0;31;8;0;1;1;1
536567117;155 728 888;A01;2;7;0;0;7;15;3
536567117;155 728 890;B01;2;33;0;2;1;1;1
536567118;155 728 886;A01;3;7;0;2;5;11;1
536567118;155 728 887;B01;3;33;0;2;1;1;1
536567119;155 728 882;B01;2;10;0;2;8;1;1
536567119;155 728 885;A01;1;33;0;2;1;13;1
536567120;155 728 883;A01;2;10;0;2;3;13;1
536567120;155 728 884;B01;1;7;0;2;3;1;1
536567121;155 728 880;A01;2;33;0;2;1;1;1
536567121;155 728 881;B01;1;7;0;2;1;21;1
536567122;155 728 879;A01;3;1;0;0;1;21;5
536567123;155 728 875;A01;3;7;2;0;1;13;1
536567124;155 728 876;A01;3;2;0;2;1;0;1
536567124;155 728 878;B01;3;21;0;2;3;0;1
536567125;155 728 874;A01;1;7;0;2;8;2;1
536567125;155 728 877;B01;1;7;9;2;1;5;1
536567126;155 728 872;A01;1;1;0;0;8;1;5
536567127;155 728 868;A01;1;7;0;2;1;17;1
536567127;155 728 870;B01;2;7;0;2;1;1;1
536567128;155 728 869;B01;3;1;0;2;1;1;5
536567128;155 728 871;A01;3;10;0;2;3;1;1
536567129;155 728 866;A01;1;7;0;2;3;13;1
536567129;155 728 867;B01;2;7;0;2;3;2;1
536567130;155 728 864;A01;2;7;15;0;1;6;1
536567131;155 728 862;C01;1;7;0;2;2;17;1
536567131;155 728 865;A01;1;10;0;0;0;1;1
536567132;155 728 860;A01;1;33;0;2;1;1;1
536567132;155 728 863;B01;1;7;0;0;6;26;1
536567133;155 728 861;A01;2;7;0;1;1;1;1
536567134;155 728 858;B01;2;33;0;2;1;1;1
536567134;155 728 859;A01;1;33;0;2;7;15;1
536567135;155 728 855;A01;2;7;0;0;8;15;1
536567135;155 728 857;B01;1;33;0;2;1;1;1
536567136;155 728 856;A01;1;7;8;0;1;1;1
536567137;155 728 849;A01;2;7;0;2;1;0;2
536567137;155 728 852;B01;1;7;0;2;1;17;1
536567138;155 728 848;A01;3;7;0;2;2;16;1
536567138;155 728 850;B01;3;1;0;2;1;5;5
536567139;155 728 847;A01;1;7;0;2;0;0;1
536567139;155 728 851;B01;1;15;0;2;2;1;4
536567140;155 728 845;A01;3;2;14;0;1;1;1
536567141;155 728 844;B01;2;7;0;2;3;1;1
536567141;155 728 846;A01;1;7;0;2;2;1;1
536567142;155 728 842;A01;2;7;0;2;2;2;1
536567142;155 728 843;B01;2;7;0;2;8;2;1
536567143;155 728 839;B01;2;1;0;0;8;6;5
536567143;155 728 840;A01;2;7;0;2;3;1;1
536567144;155 728 838;B01;1;31;0;2;8;1;1
536567144;155 728 841;A01;3;10;0;0;8;19;1
536567145;155 728 836;A01;1;2;2;0;0;21;1
536567146;155 728 834;B01;2;10;0;2;1;1;1
536567146;155 728 837;A01;1;7;0;2;8;15;1
536567147;155 728 832;A01;1;17;16;0;9;1;1
536567148;155 728 831;C01;0;7;0;2;3;1;1
536567148;155 728 833;A01;0;2;0;2;1;17;1
536567148;155 728 835;B01;0;7;0;2;1;26;1
536567149;155 728 827;A01;1;7;13;2;1;5;1
536567149;155 728 829;B01;2;7;13;2;1;1;1
536567150;155 728 826;A01;2;7;4;0;2;9;1
536567151;155 728 824;A01;1;2;0;0;7;15;1
536567152;155 728 825;A01;2;7;0;0;1;1;1
536567153;155 728 823;A01;1;31;0;5;1;1;1
536567154;155 728 822;A01;2;50;13;0;3;1;3
536567155;155 728 820;A01;1;7;0;0;9;1;1
536567156;155 728 821;A01;1;7;3;0;1;14;1
536567157;155 728 817;A01;2;7;0;2;1;2;1
536567157;155 728 819;B01;2;1;0;2;4;2;5
536567158;155 728 815;A01;1;7;0;2;4;1;1
536567158;155 728 818;B01;1;7;0;2;2;21;1
536567159;155 728 814;A01;1;7;6;0;3;5;1
536567160;155 728 813;B01;2;7;0;2;2;1;1
536567160;155 728 816;A01;1;7;0;2;1;1;1
536567161;155 728 811;A01;1;34;0;2;1;2;1
536567161;155 728 812;B01;1;10;0;2;4;2;1
536567162;155 728 810;A01;1;10;8;0;1;13;1
536567163;155 728 807;A01;3;7;2;0;1;1;1
536567164;155 728 804;C01;2;7;0;2;7;17;1
536567164;155 728 805;A01;1;1;14;2;7;21;5
536567164;155 728 806;B01;2;7;0;2;1;1;1
536567165;155 728 803;A01;3;99;8;0;1;16;5
536567166;155 728 800;A01;1;7;13;0;1;1;1
536567167;155 728 801;A01;2;10;0;2;1;13;1
536567167;155 728 802;B01;1;33;0;2;1;1;1
536567168;155 728 798;B01;3;7;0;2;4;2;1
536567168;155 728 799;A01;3;7;0;2;1;2;1
536567169;155 728 796;A01;3;7;0;1;1;1;1
536567170;155 728 795;B01;0;7;0;2;7;19;1
536567170;155 728 797;A01;2;17;0;2;1;1;1
536567171;155 728 792;A01;2;30;0;2;7;1;1
536567171;155 728 794;Z01;3;7;0;2;7;0;0
536567172;155 728 790;A01;1;33;6;0;9;0;1
536567173;155 728 791;A01;3;33;0;0;7;1;1
536567173;155 728 793;B01;0;1;0;0;0;19;5