Num_Acc;id_vehicule;num_veh;senc;catv;obs;obsm;choc;manv;motor
536567174;155 728 789;A01;1;33;0;0;0;13;1
536567175;155 728 788;A01;2;2;0;0;1;1;1
536567176;155 728 784;A01;2;60;0;2;1;9;5
536567176;155 728 786;B01;2;7;0;2;3;23;2
536567177;155 728 782;A01;2;15;0;2;4;4;1
536567177;155 728 785;B01;2;2;0;2;1;1;1
536567178;155 728 783;A01;2;7;0;2;3;1;1
536567178;155 728 787;B01;1;2;0;2;1;1;1
536567179;155 728 777;A01;2;7;0;2;1;5;1
536567179;155 728 780;B01;2;7;0;2;2;1;1
536567180;155 728 778;A01;2;7;0;0;5;2;2
536567180;155 728 781;B01;2;32;0;2;3;2;1
536567181;155 728 776;B01;1;1;0;0;4;2;5
536567181;155 728 779;A01;1;7;0;9;2;2;1
536567182;155 728 775;A01;1;10;13;0;3;1;1
536567183;155 728 774;A01;2;7;0;1;3;12;1
536567184;155 728 769;A01;2;7;0;2;1;13;1
536567184;155 728 771;B01;1;7;0;2;1;1;1
536567185;155 728 770;B01;1;7;0;2;3;1;1
536567185;155 728 773;A01;2;7;0;2;3;5;1
536567186;155 728 767;A01;1;7;0;2;0;0;0
536567186;155 728 768;B01;1;3;0;2;0;0;0
536567186;155 728 772;C01;1;3;16;2;7;2;0
536567187;155 728 763;C01;1;7;0;2;3;1;1
536567187;155 728 764;A01;2;7;0;2;1;13;1
536567187;155 728 766;B01;1;7;0;2;8;1;2
536567188;155 728 762;A01;0;7;5;1;2;2;0
536567189;155 728 761;A01;2;7;0;2;3;15;1
536567189;155 728 765;B01;2;34;0;2;1;1;1
536567190;155 728 760;A01;1;7;2;0;2;0;1
536567191;155 728 758;A01;1;31;0;0;0;2;1
536567192;155 728 756;A01;1;7;13;0;1;1;1
536567193;155 728 755;B01;2;33;0;2;1;17;1
536567193;155 728 757;A01;2;7;0;2;3;15;1
536567194;155 728 753;A01;1;2;0;0;0;16;1
536567195;155 728 751;A01;0;7;0;2;3;16;1
536567195;155 728 752;B01;0;32;0;2;2;17;1
536567196;155 728 749;A01;3;7;12;2;1;11;1
536567196;155 728 750;B01;3;7;12;2;4;1;1
536567197;155 728 748;A01;1;7;13;0;2;1;1
536567198;155 728 745;A01;2;7;0;2;7;15;1
536567198;155 728 747;B01;1;33;0;2;1;1;1
536567199;155 728 746;A01;3;7;0;1;3;13;1
536567200;155 728 743;B01;2;14;0;9;7;16;1
536567200;155 728 744;A01;2;1;0;2;8;2;5
536567201;155 728 742;A01;2;7;12;0;1;1;1
536567202;155 728 740;A01;2;10;7;2;3;1;1
536567202;155 728 741;B01;2;7;0;2;4;23;1
536567203;155 728 738;A01;2;7;0;0;4;15;1
536567203;155 728 739;B01;2;7;0;2;1;1;0
536567204;155 728 737;A01;2;33;9;0;1;1;1
536567205;155 728 736;A01;2;10;0;1;2;2;1
536567206;155 728 735;A01;2;31;8;0;1;14;1
536567207;155 728 734;A01;1;10;0;1;1;1;1
536567208;155 728 732;A01;2;7;13;0;0;2;1
536567209;155 728 730;A01;0;7;0;0;1;1;1
536567209;155 728 733;B01;0;7;0;2;1;18;0
536567210;155 728 729;B01;2;7;0;2;3;15;1
536567210;155 728 731;A01;1;7;0;2;1;17;1
536567211;155 728 727;A01;1;50;12;0;1;0;3
536567212;155 728 726;A01;1;7;0;2;1;1;1
536567212;155 728 728;B01;2;1;0;2;7;1;5
536567213;155 728 724;A01;1;7;0;2;1;2;1
536567213;155 728 725;B01;1;7;0;2;4;2;1
536567214;155 728 722;A01;2;7;0;2;4;1;1
536567214;155 728 723;B01;2;33;0;2;1;1;1
536567215;155 728 719;B01;1;7;0;2;8;1;1
536567215;155 728 720;A01;2;33;0;2;1;17;1
536567216;155 728 718;A01;1;7;0;0;1;1;1
536567216;155 728 721;B01;2;7;0;2;1;1;1
536567217;155 728 716;B01;2;7;0;2;1;1;1
536567217;155 728 717;A01;2;7;0;2;4;1;2
536567218;155 728 713;A01;2;7;0;2;1;13;1
536567218;155 728 715;B01;1;7;0;2;1;1;1
536567219;155 728 711;B01;1;33;0;2;1;1;1
536567219;155 728 714;A01;1;7;0;2;5;15;1
536567220;155 728 710;A01;2;7;4;2;9;2;1
536567220;155 728 712;B01;1;7;0;2;4;1;1
536567221;155 728 706;B01;2;38;0;2;6;23;1
536567221;155 728 708;A01;2;7;0;2;2;13;1
536567222;155 728 704;A01;2;10;0;2;3;15;1
536567222;155 728 709;B01;2;1;0;2;1;1;5
536567223;155 728 705;B01;3;15;0;2;3;1;0
536567223;155 728 707;A01;3;10;0;2;1;13;1
536567224;155 728 700;A01;0;31;15;0;1;0;1
536567225;155 728 698;A01;2;33;0;2;1;17;1
536567225;155 728 701;B01;2;10;0;2;0;0;1
536567225;155 728 703;C01;2;10;0;2;0;0;1
536567226;155 728 699;A01;2;7;0;2;3;1;1
536567226;155 728 702;B01;1;7;0;2;3;17;1
536567227;155 728 696;A01;0;34;0;0;0;1;1
536567228;155 728 695;A01;1;7;0;2;1;14;1
536567228;155 728 697;B01;1;7;0;2;6;1;2
536567229;155 728 693;B01;1;17;0;2;4;2;1
536567229;155 728 694;A01;1;7;0;2;1;2;1
536567230;155 728 690;A01;2;33;0;2;1;2;1
536567230;155 728 691;B01;2;7;0;2;4;2;1
536567231;155 728 689;A01;1;7;0;2;0;1;0
536567231;155 728 692;B01;2;1;0;2;7;19;5
536567232;155 728 687;A01;1;7;3;0;7;2;1
536567233;155 728 688;A01;0;7;3;0;0;13;1
536567234;155 728 682;A01;2;7;0;2;1;2;1
536567234;155 728 683;B01;2;7;0;2;4;2;1
536567235;155 728 685;A01;1;1;0;2;3;11;5
536567235;155 728 686;B01;1;37;0;2;2;2;1
536567236;155 728 681;B01;1;7;0;2;3;11;1
536567236;155 728 684;A01;1;7;0;2;4;1;1
536567237;155 728 676;A01;1;50;0;2;1;2;3
536567237;155 728 678;B01;1;7;0;2;5;23;1
536567238;155 728 674;C01;1;7;0;2;1;2;1
536567238;155 728 675;A01;1;7;0;2;4;2;1
536567238;155 728 680;B01;1;7;0;2;4;2;1
536567239;155 728 673;C01;1;7;0;2;4;1;1
536567239;155 728 677;A01;1;7;0;2;1;1;1
536567239;155 728 679;B01;1;7;0;2;4;1;1
536567240;155 728 671;A01;1;7;4;0;8;2;1
536567241;155 728 670;A01;1;7;0;2;8;10;1
536567241;155 728 672;B01;1;7;0;2;2;1;1
536567242;155 728 666;A01;1;10;0;2;1;2;1
536567242;155 728 667;B01;1;7;0;2;4;23;2
536567242;155 728 669;C01;1;7;0;2;4;23;3
536567243;155 728 663;B01;2;7;0;2;4;1;2
536567243;155 728 665;Z01;1;7;0;2;0;26;1
536567244;155 728 664;A01;2;7;0;2;1;2;1
536567244;155 728 668;B01;2;7;0;2;4;2;2
536567245;155 728 660;A01;1;33;16;0;7;26;1
536567246;155 728 659;B01;2;7;0;2;4;2;1
536567246;155 728 661;C01;2;7;0;2;2;2;1
536567246;155 728 662;A01;2;7;0;2;1;2;1
536567247;155 728 658;A01;2;7;0;2;1;9;1
536567248;155 728 656;B01;1;15;0;2;1;1;1
536567248;155 728 657;A01;2;7;0;2;1;12;2
536567249;155 728 653;A01;2;7;0;2;2;12;2
536567249;155 728 655;B01;2;7;0;2;6;2;1
536567250;155 728 650;A01;1;10;0;2;1;1;1
536567250;155 728 651;B01;1;10;0;2;4;2;1
536567251;155 728 649;A01;2;2;0;1;0;18;1
536567251;155 728 652;B01;2;7;0;2;3;23;1
536567251;155 728 654;C01;2;7;0;2;4;23;1
536567252;155 728 646;B01;2;7;0;2;4;2;1
536567252;155 728 647;C01;2;7;0;2;4;2;1
536567252;155 728 648;A01;2;10;0;2;1;2;1
536567253;155 728 644;B01;2;7;0;2;4;1;6
536567253;155 728 645;A01;2;7;0;2;1;1;1
536567254;155 728 638;A01;2;7;0;2;3;11;1
536567254;155 728 641;B01;2;10;0;2;5;2;1
536567255;155 728 636;B01;2;16;3;0;6;6;1
536567255;155 728 639;A01;2;7;0;2;1;26;1
536567255;155 728 642;C01;2;7;1;2;6;23;1
536567255;155 728 643;D01;2;7;3;2;1;1;1
536567256;155 728 637;A01;1;33;0;0;0;0;1
536567256;155 728 640;B01;1;7;0;2;3;0;1
536567257;155 728 635;A01;1;34;0;0;2;1;1
536567258;155 728 634;A01;3;10;0;1;7;2;1
536567259;155 728 633;A01;3;7;0;1;1;1;1
536567260;155 728 628;A01;2;7;0;2;1;0;1
536567260;155 728 630;B01;1;10;0;2;1;0;1
536567261;155 728 627;C01;1;7;0;2;4;0;1
536567261;155 728 631;A01;1;7;0;2;1;1;1
536567261;155 728 632;B01;1;10;0;2;4;1;1
536567262;155 728 626;A01;3;30;0;2;1;26;1
536567262;155 728 629;B01;3;10;0;2;4;2;1
536567263;155 728 623;A01;2;7;0;2;1;1;2
536567263;155 728 625;B01;1;7;0;2;3;1;1
536567264;155 728 622;A01;1;33;0;2;8;12;1
536567264;155 728 624;B01;1;7;0;2;4;1;1
536567265;155 728 620;B01;1;7;0;2;5;1;1
536567265;155 728 621;A01;1;7;0;2;3;2;1
536567266;155 728 619;A01;1;7;12;0;1;2;1
536567267;155 728 617;B01;2;33;0;2;1;1;1
536567267;155 728 618;A01;2;7;0;2;6;11;1
536567268;155 728 614;A01;1;7;0;2;6;10;1
536567268;155 728 616;B01;1;30;0;2;1;1;1
536567269;155 728 613;A01;2;32;0;0;2;3;1
536567270;155 728 611;A01;3;1;0;2;7;19;5
536567270;155 728 612;B01;3;7;0;9;3;0;1
536567271;155 728 610;A01;1;33;3;0;8;16;1
536567272;155 728 608;A01;1;7;0;2;1;1;1
536567272;155 728 609;B01;1;33;0;2;0;0;1
536567273;155 728 607;Z01;1;7;0;1;1;26;1
536567274;155 728 600;A01;2;7;0;2;1;2;1
536567274;155 728 602;B01;2;7;0;2;4;2;1
536567274;155 728 605;C01;2;13;0;2;4;2;1
536567275;155 728 599;B01;1;7;0;2;4;1;2
536567275;155 728 603;C01;1;7;0;2;2;21;1
536567275;155 728 606;A01;1;7;0;2;1;13;1
536567276;155 728 598;C01;1;7;0;2;1;1;1
536567276;155 728 601;A01;1;7;0;2;4;1;2
536567276;155 728 604;B01;1;7;0;2;1;1;0
536567277;155 728 597;A01;1;30;0;0;0;0;1
536567278;155 728 592;A01;1;7;0;1;8;1;1
536567279;155 728 593;A01;1;30;0;2;1;3;3
536567279;155 728 595;C01;2;7;0;2;1;19;1
536567279;155 728 596;B01;1;2;0;2;1;3;3
536567280;155 728 590;A01;3;7;12;0;7;15;1
536567281;155 728 586;A01;1;7;0;2;1;13;1
536567281;155 728 588;B01;2;31;0;0;0;0;1
536567282;155 728 587;A01;2;7;0;2;1;2;1
536567282;155 728 589;B01;2;7;0;2;4;2;1
536567282;155 728 591;C01;2;7;0;2;1;2;1
536567283;155 728 584;A01;1;7;0;2;3;13;1
536567283;155 728 585;B01;2;10;0;2;6;1;1
536567284;155 728 583;Z01;1;7;0;1;0;19;0
536567285;155 728 582;A01;2;3;0;1;1;1;1
536567286;155 728 577;B01;2;7;0;2;3;1;1
536567286;155 728 579;A01;2;7;0;2;1;1;1
536567287;155 728 575;D01;1;7;0;2;4;2;1
536567287;155 728 576;E01;1;7;0;2;4;2;1
536567287;155 728 578;A01;1;7;0;2;1;2;1
536567287;155 728 580;B01;1;7;0;2;4;2;1
536567287;155 728 581;C01;1;7;0;2;4;2;1
536567288;155 728 574;A01;3;7;0;0;0;26;1
536567289;155 728 570;A01;3;7;0;2;5;12;1
536567289;155 728 572;B01;3;30;0;2;8;1;1
536567290;155 728 569;Z01;1;0;0;2;3;16;1
536567290;155 728 571;A01;1;30;0;2;2;12;1
536567290;155 728 573;B01;1;7;0;2;6;9;1
536567291;155 728 568;A01;1;7;0;1;2;16;1
536567292;155 728 566;A01;1;7;0;2;3;19;1
536567292;155 728 567;B01;1;2;0;2;1;21;1
536567293;155 728 564;B01;1;7;0;2;8;16;1
536567293;155 728 565;A01;1;32;0;2;1;2;1
536567294;155 728 561;A01;2;7;13;0;3;0;1
536567294;155 728 563;B01;1;7;13;0;3;0;2
536567295;155 728 560;A01;1;7;0;2;3;13;1
536567295;155 728 562;B01;1;33;0;2;2;1;1
536567296;155 728 556;A01;1;7;0;2;4;4;1
536567296;155 728 558;B01;1;1;0;2;1;1;5
536567297;155 728 557;A01;3;7;0;2;1;2;1
536567297;155 728 559;B01;3;7;0;0;4;1;2
536567298;155 728 555;A01;1;3;12;0;7;13;3
536567299;155 728 550;A01;3;32;0;2;3;7;1
536567299;155 728 551;B01;3;7;0;2;7;16;1
536567300;155 728 552;A01;2;10;0;2;1;9;1
536567300;155 728 553;C01;2;10;0;0;4;2;1
536567300;155 728 554;B01;2;7;0;2;4;2;1
536567301;155 728 547;A01;1;7;0;2;1;1;0
536567301;155 728 549;B01;1;7;0;2;4;1;1
536567302;155 728 546;B01;3;10;0;2;1;0;1
536567302;155 728 548;A01;3;7;0;2;1;13;1
536567303;155 728 544;B01;1;2;0;2;3;1;1
536567303;155 728 545;A01;1;7;0;2;2;17;1
536567304;155 728 543;A01;3;33;1;0;1;26;1
536567305;155 728 540;A01;3;7;0;2;3;1;1
536567305;155 728 542;B01;3;50;0;2;1;1;3
536567306;155 728 539;B01;3;7;0;1;4;16;1
536567306;155 728 541;A01;1;37;0;2;2;1;2
536567307;155 728 537;A01;2;38;1;0;2;16;1
536567307;155 728 538;B01;1;15;0;0;6;0;1
536567308;155 728 536;A01;2;7;12;0;1;26;1
536567309;155 728 534;A01;3;7;0;1;1;1;1
536567310;155 728 533;A01;2;7;0;2;2;15;1
536567310;155 728 535;B01;1;33;0;2;0;0;1
536567311;155 728 531;A01;2;7;1;0;2;0;1
536567312;155 728 530;B01;2;7;0;2;3;1;1
536567312;155 728 532;A01;2;7;0;2;2;1;1
536567313;155 728 528;A01;2;1;0;2;1;17;5
536567313;155 728 529;B01;2;7;0;2;3;15;1
536567314;155 728 526;A01;3;7;0;2;3;5;1
536567314;155 728 527;B01;3;7;0;2;3;1;1
536567315;155 728 524;A01;3;7;2;0;8;13;1
536567316;155 728 523;B01;1;32;0;2;1;1;1
536567316;155 728 525;A01;2;7;0;2;8;15;1
536567317;155 728 522;A01;3;7;9;0;5;0;2
536567318;155 728 521;A01;1;31;0;0;0;26;1
536567319;155 728 519;A01;2;7;9;0;1;1;1
536567320;155 728 518;B01;3;7;0;2;2;11;1
536567320;155 728 520;A01;3;32;0;2;4;17;1
536567321;155 728 517;A01;1;10;8;1;4;26;1
536567322;155 728 514;B01;1;33;0;2;7;1;1
536567322;155 728 515;A01;1;10;0;2;3;9;1
536567323;155 728 513;A01;1;7;0;2;6;19;1
536567323;155 728 516;B01;1;7;0;2;1;1;1
536567324;155 728 511;A01;1;7;0;2;3;15;1
536567324;155 728 512;B01;1;37;0;2;2;1;1
536567325;155 728 510;A01;1;31;0;0;0;14;1
536567326;155 728 508;A01;1;33;0;0;0;26;1
536567327;155 728 507;A01;3;7;0;2;2;26;1
536567327;155 728 509;B01;3;7;0;2;3;26;1
536567328;155 728 504;B01;3;7;0;2;6;4;1
536567328;155 728 506;A01;2;7;0;2;3;16;1
536567329;155 728 503;A01;3;10;0;2;1;15;1
536567329;155 728 505;B01;3;7;0;2;1;1;1
536567330;155 728 502;B01;2;1;0;2;0;1;5
536567331;155 728 499;A01;3;30;0;2;4;1;1
536567331;155 728 500;X01;3;7;0;0;1;0;1
536567332;155 728 498;A01;3;1;0;1;1;1;5
536567333;155 728 497;A01;2;7;0;1;3;1;1
536567334;155 728 496;A01;3;33;10;0;1;1;1
536567335;155 728 495;A01;1;7;0;1;1;1;1
536567336;155 728 491;B01;1;14;0;2;4;1;1
536567336;155 728 493;C01;1;14;0;2;1;1;1
536567336;155 728 494;A01;1;14;0;2;1;1;1
536567337;155 728 490;B01;3;1;0;2;3;16;5
536567337;155 728 492;A01;3;10;0;2;5;15;1
536567338;155 728 487;A01;1;33;0;2;1;17;1
536567338;155 728 489;B01;1;7;0;2;6;15;1
536567339;155 728 486;A01;1;7;0;2;1;9;1
536567339;155 728 488;B01;2;99;0;2;5;1;3
536567340;155 728 484;A01;3;33;0;2;5;17;1
536567340;155 728 485;B01;3;7;0;2;3;15;2
536567341;155 728 481;A01;1;7;0;2;6;13;1
536567341;155 728 483;B01;2;7;0;2;3;1;1
536567342;155 728 480;A01;1;7;0;2;1;15;2
536567342;155 728 482;B01;2;33;0;2;8;2;1
536567343;155 728 479;A01;2;7;0;1;1;1;1
536567344;155 728 478;A01;1;7;2;0;2;14;1
536567345;155 728 476;Z01;2;50;0;1;0;1;3
536567346;155 728 475;B01;1;10;0;2;3;11;1
536567346;155 728 477;A01;1;7;0;2;2;1;1
536567347;155 728 474;A01;3;80;0;0;0;1;3
536567348;155 728 472;A01;3;50;0;0;1;1;3
536567349;155 728 471;B01;3;1;0;2;7;0;5
536567349;155 728 473;A01;3;7;0;2;1;9;1
536567350;155 728 470;A01;2;7;13;0;0;1;1
536567351;155 728 469;A01;2;33;0;0;2;21;1
536567352;155 728 466;A01;2;7;0;2;7;15;1
536567352;155 728 468;B01;1;1;0;2;2;1;5
536567353;155 728 465;B01;1;33;0;0;0;0;1
536567353;155 728 467;A01;3;0;0;2;0;0;0
536567354;155 728 463;A01;2;7;3;0;1;12;1
536567355;155 728 462;A01;2;10;0;2;1;1;1
536567355;155 728 464;B01;2;7;8;0;5;1;1
536567356;155 728 460;A01;1;7;6;0;1;26;1
536567357;155 728 459;B01;2;13;0;0;0;0;1
536567357;155 728 461;A01;1;41;0;2;1;13;1
536567358;155 728 456;B01;2;7;0;2;1;1;1
536567358;155 728 458;A01;2;7;0;2;9;1;1
536567359;155 728 455;A01;2;7;0;2;8;19;1
536567359;155 728 457;B01;2;50;0;2;1;1;3
536567360;155 728 454;A01;3;7;0;1;1;15;1
536567361;155 728 453;A01;1;7;0;0;1;1;1
536567362;155 728 451;A01;1;7;0;2;1;2;1
536567362;155 728 452;B01;1;7;0;2;4;1;1
536567363;155 728 448;B01;1;7;0;2;4;2;1
536567363;155 728 449;C01;1;7;0;0;4;2;1
536567363;155 728 450;A01;1;7;0;2;1;2;2
536567364;155 728 447;A01;1;7;2;0;8;16;1
536567365;155 728 445;A01;1;7;0;2;2;15;1
536567365;155 728 446;B01;2;33;0;2;1;1;1
536567366;155 728 443;A01;1;7;0;2;8;15;1
536567366;155 728 444;B01;1;33;0;2;1;1;1
536567367;155 728 440;B01;1;2;0;2;3;15;1
536567367;155 728 442;A01;1;32;0;2;1;1;1
536567368;155 728 435;B01;3;37;0;2;2;1;6
536567368;155 728 438;A01;0;7;0;2;1;19;3
536567369;155 728 433;A01;2;7;0;2;2;15;1
536567369;155 728 434;B01;1;33;0;2;1;1;1
536567370;155 728 431;A01;3;10;0;2;3;15;1
536567370;155 728 432;B01;3;7;0;2;3;1;1
536567371;155 728 429;A01;3;10;14;2;7;21;1
536567371;155 728 430;B01;3;7;0;0;6;23;1
536567372;155 728 428;A01;2;7;0;1;1;26;1
536567373;155 728 427;A01;1;32;14;0;1;1;1
536567374;155 728 424;B01;1;7;0;2;3;0;0
536567374;155 728 426;A01;2;31;0;2;0;1;0
536567375;155 728 423;A01;1;7;0;2;1;15;1
536567375;155 728 425;B01;2;33;0;2;8;1;1
536567376;155 728 419;A01;1;10;0;2;3;9;1
536567376;155 728 421;B01;1;10;0;2;2;1;1
536567377;155 728 417;B01;1;7;0;2;4;2;1
536567377;155 728 418;C01;1;7;0;2;4;2;2
536567377;155 728 420;D01;1;7;0;2;4;2;2
536567377;155 728 422;A01;1;7;0;2;1;2;1
536567378;155 728 415;A01;2;33;0;2;1;3;1
536567378;155 728 416;B01;2;7;0;2;5;12;1
536567379;155 728 412;A01;2;50;0;2;7;25;3
536567379;155 728 414;B01;1;7;0;2;1;20;1
536567380;155 728 411;A01;1;7;0;2;3;9;1
536567380;155 728 413;B01;2;37;0;2;2;1;1
536567381;155 728 409;Z01;1;7;0;1;3;1;1
536567382;155 728 408;B01;1;50;0;2;1;21;3
536567382;155 728 410;A01;2;2;0;2;3;16;1
536567383;155 728 407;A01;2;1;12;0;7;1;5
536567384;155 728 405;A01;1;50;0;2;1;1;3
536567384;155 728 406;B01;1;7;0;2;7;16;1
536567385;155 728 404;A01;2;1;0;1;3;1;5
536567386;155 728 403;Z01;1;1;0;1;8;5;5
536567387;155 728 402;A01;3;10;0;1;4;26;1
536567388;155 728 401;A01;2;50;0;1;1;25;3
536567389;155 728 399;A01;1;43;0;2;3;1;1
536567389;155 728 400;B01;2;7;0;2;3;15;2
536567390;155 728 398;Z01;1;43;0;1;0;26;1
536567391;155 728 396;A01;2;7;0;2;2;1;1
536567391;155 728 397;B01;2;32;8;0;4;1;1
536567392;155 728 394;B01;2;1;0;2;8;1;5
536567392;155 728 395;A01;2;7;0;2;0;0;0
536567393;155 728 392;A01;1;10;0;2;4;0;1
536567393;155 728 393;B01;1;10;0;2;4;0;1
536567394;155 728 390;A01;2;34;0;2;1;23;1
536567394;155 728 391;B01;2;1;0;2;7;26;5
536567395;155 728 388;B01;2;80;0;2;3;1;3
536567395;155 728 389;A01;2;14;0;2;2;16;1
536567396;155 728 387;A01;2;7;0;1;1;1;3
536567397;155 728 386;A01;1;1;0;1;1;1;5
536567398;155 728 383;A01;1;33;0;2;2;17;1
536567398;155 728 384;B01;1;31;0;2;3;18;1
536567399;155 728 381;B01;1;7;0;2;2;1;1
536567399;155 728 382;A01;1;10;0;2;3;17;1
536567400;155 728 378;B01;1;31;0;2;1;16;1
536567400;155 728 380;A01;2;7;0;2;2;15;1
536567401;155 728 377;A01;3;10;0;2;2;12;1
536567401;155 728 379;B01;3;10;0;2;0;0;0
536567402;155 728 375;A01;1;1;0;2;7;16;5
536567402;155 728 376;B01;1;1;0;2;1;1;5
536567403;155 728 373;A01;3;7;0;2;2;19;1
536567403;155 728 374;B01;3;7;0;2;1;1;1
536567404;155 728 372;A01;1;33;16;0;1;1;1
536567405;155 728 368;A01;3;7;0;2;3;15;1
536567405;155 728 370;B01;3;32;0;2;7;23;1
536567405;155 728 371;C01;3;7;0;2;1;23;1
536567406;155 728 367;A01;3;7;0;2;7;1;1
536567406;155 728 369;B01;3;30;0;2;1;1;0
536567407;155 728 366;A01;2;7;8;0;1;9;1
536567408;155 728 364;B01;1;7;0;2;4;1;1
536567408;155 728 365;A01;1;7;0;2;1;1;2
536567409;155 728 363;A01;1;7;0;0;2;16;1
536567410;155 728 360;B01;3;7;0;2;2;1;1
536567410;155 728 362;A01;3;31;0;2;1;1;0
536567411;155 728 358;B01;1;7;0;2;6;24;1
536567411;155 728 359;A01;3;7;1;0;2;0;1
536567412;155 728 357;A01;1;37;0;1;2;16;1
536567413;155 728 354;A01;1;7;0;9;2;2;1
536567413;155 728 356;B01;2;1;0;2;4;2;5
536567414;155 728 353;B01;1;99;0;9;1;0;3
536567414;155 728 355;A01;1;1;0;9;1;26;5
536567415;155 728 350;A01;1;7;0;2;1;1;3
536567415;155 728 352;B01;1;10;0;2;8;1;1
536567416;155 728 349;B01;1;1;0;2;8;1;5
536567416;155 728 351;A01;2;7;0;2;2;19;1
536567417;155 728 348;A01;2;32;8;0;2;15;1
536567418;155 728 347;B01;1;80;0;1;1;1;3
536567419;155 728 346;A01;2;1;0;0;0;1;5
536567420;155 728 345;A01;0;7;9;2;9;1;1
536567421;155 728 343;A01;2;7;0;0;0;5;0
536567421;155 728 344;B01;1;33;13;0;7;21;1
536567422;155 728 342;A01;2;7;1;0;2;1;3
536567423;155 728 339;A01;3;33;0;2;1;9;1
536567423;155 728 340;B01;0;7;0;2;4;9;2
536567424;155 728 337;A01;1;7;0;0;4;23;1
536567424;155 728 338;B01;2;10;0;2;1;1;1
536567425;155 728 334;A01;1;7;0;9;0;16;0
536567425;155 728 336;B01;3;1;0;2;1;1;5
536567426;155 728 332;B01;2;7;4;2;4;23;1
536567426;155 728 333;C01;2;7;0;0;4;23;1
536567426;155 728 335;A01;2;10;0;2;1;1;1
536567427;155 728 331;A01;3;10;0;1;1;1;1
536567428;155 728 330;A01;2;7;2;0;0;1;1
536567429;155 728 328;A01;2;33;13;0;0;14;1
536567430;155 728 325;A01;2;7;1;0;1;0;1
536567431;155 728 326;A01;1;7;0;2;1;26;1
536567431;155 728 327;B01;1;7;0;2;1;26;1
536567431;155 728 329;C01;1;7;1;0;4;26;0
536567432;155 728 321;A01;1;33;0;2;1;17;1
536567432;155 728 324;B01;2;7;0;2;1;1;2
536567433;155 728 322;B01;2;7;0;2;4;2;1
536567433;155 728 323;Z01;1;0;0;2;1;2;0
536567434;155 728 320;A01;2;7;13;0;1;19;6
536567435;155 728 319;A01;1;7;0;1;4;26;1
536567436;155 728 317;A01;2;7;7;2;2;9;1
536567436;155 728 318;B01;2;7;7;2;3;1;1
536567437;155 728 316;A01;1;10;13;0;2;1;1
536567438;155 728 314;A01;2;7;0;2;1;17;1
536567438;155 728 315;B01;1;7;0;2;1;1;1
536567439;155 728 312;B01;1;7;6;2;7;21;1
536567439;155 728 313;A01;1;7;6;2;1;17;1
536567440;155 728 311;A01;1;7;8;0;2;15;1
536567441;155 728 309;A01;1;33;13;0;1;1;1
536567442;155 728 308;A01;2;7;0;2;3;15;1
536567442;155 728 310;B01;2;31;0;2;2;1;0
536567443;155 728 305;A01;1;31;0;2;1;2;0
536567443;155 728 307;B01;1;7;0;0;6;2;1
536567444;155 728 304;A01;2;7;0;1;3;1;1
536567445;155 728 303;A01;2;7;0;2;3;15;1
536567445;155 728 306;B01;1;7;0;2;3;1;1
536567446;155 728 300;A01;2;10;0;2;3;14;1
536567446;155 728 302;B01;1;7;0;2;3;13;1
536567447;155 728 299;A01;1;7;6;0;2;1;1
536567448;155 728 298;A01;1;7;0;1;1;1;1
536567449;155 728 297;A01;1;7;7;0;2;1;1
536567450;155 728 296;A01;1;33;7;0;1;1;1
536567451;155 728 291;A01;2;7;0;2;8;10;2
536567451;155 728 292;C01;2;43;0;2;1;1;1
536567451;155 728 293;B01;2;33;0;2;1;1;1
536567452;155 728 290;A01;1;7;8;0;9;13;1
536567453;155 728 287;C01;1;7;0;2;7;1;1
536567453;155 728 288;B01;2;33;0;2;8;1;1
536567453;155 728 289;A01;1;7;6;2;3;5;1
536567454;155 728 285;A01;1;7;0;2;8;1;1
536567454;155 728 286;B01;1;10;0;2;1;1;1
536567455;155 728 284;A01;1;7;0;1;3;1;1
536567456;155 728 282;A01;1;7;0;2;1;9;1
536567456;155 728 283;B01;1;2;0;2;7;1;1
536567457;155 728 280;A01;2;7;0;2;3;13;1
536567457;155 728 281;B01;1;15;0;2;3;1;1
536567458;155 728 279;A01;1;7;2;0;1;1;1
536567459;155 728 277;B01;1;7;0;2;1;1;1
536567459;155 728 278;A01;3;7;0;2;7;1;1
536567460;155 728 275;B01;2;7;0;0;2;1;1
536567460;155 728 276;A01;2;7;0;2;1;19;1
536567461;155 728 274;A01;0;1;12;0;0;1;5
536567462;155 728 273;A01;1;7;8;0;2;1;1
536567463;155 728 271;B01;2;33;0;0;2;17;1
536567463;155 728 272;A01;2;7;0;2;6;15;1
536567464;155 728 269;A01;1;7;0;2;2;1;1
536567464;155 728 270;B01;1;7;0;2;1;26;1
536567465;155 728 268;A01;1;7;3;0;1;0;1
536567466;155 728 267;A01;1;7;0;1;3;1;1
536567467;155 728 264;A01;1;7;0;2;4;1;1
536567467;155 728 265;B01;1;7;0;2;1;2;1
536567467;155 728 266;C01;1;7;0;2;2;2;1
536567468;155 728 262;A01;1;7;6;2;2;12;1
536567468;155 728 263;B01;1;7;6;2;6;1;3
536567469;155 728 261;A01;1;7;4;0;1;26;1
536567470;155 728 260;A01;2;7;4;0;1;1;1
536567471;155 728 258;A01;2;7;0;2;1;2;1