Num_Acc;id_vehicule;num_veh;senc;catv;obs;obsm;choc;manv;motor
536568682;155 726 129;B01;1;2;0;0;1;1;1
536568683;155 726 124;A01;2;10;0;2;2;19;1
536568683;155 726 127;B01;2;34;0;2;5;1;1
536568684;155 726 123;A01;0;7;0;1;1;1;1
536568685;155 726 122;A01;1;33;0;0;0;1;1
536568686;155 726 120;A01;2;7;0;1;3;1;1
536568687;155 726 119;A01;2;7;0;2;3;9;1
536568687;155 726 121;B01;1;33;13;2;1;0;1
536568688;155 726 116;A01;2;7;3;0;1;14;1
536568689;155 726 114;A01;1;7;0;2;3;13;1
536568689;155 726 115;B01;2;10;0;2;3;1;1
536568690;155 726 111;A01;3;7;1;0;3;1;1
536568691;155 726 110;A01;1;7;0;1;3;16;1
536568692;155 726 109;B01;2;33;0;2;1;1;1
536568692;155 726 112;A01;2;7;0;2;4;15;1
536568693;155 726 108;A01;1;7;15;0;1;13;1
536568694;155 726 107;A01;0;7;0;1;2;1;1
536568695;155 726 102;A01;2;7;0;2;1;15;1
536568695;155 726 104;B01;1;7;0;2;1;1;1
536568696;155 726 103;B01;2;7;0;2;5;1;1
536568696;155 726 106;A01;2;33;0;2;1;3;1
536568697;155 726 101;A01;2;7;0;2;1;15;1
536568697;155 726 105;B01;1;33;0;2;8;18;1
536568698;155 726 098;A01;1;7;0;2;2;2;1
536568698;155 726 100;B01;1;1;0;2;4;1;5
536568699;155 726 097;A01;2;10;0;2;1;1;1
536568699;155 726 099;B01;2;15;0;2;4;23;1
536568700;155 726 096;A01;1;7;4;0;3;11;1
536568701;155 726 095;A01;2;7;0;1;2;1;1
536568702;155 726 090;A01;2;7;0;0;9;1;1
536568703;155 726 091;A01;1;7;0;2;1;1;1
536568703;155 726 093;B01;1;2;0;0;4;1;1
536568704;155 726 089;A01;2;7;0;2;1;2;1
536568704;155 726 092;B01;2;7;0;2;4;2;1
536568704;155 726 094;C01;2;7;0;2;4;2;1
536568705;155 726 085;B01;1;7;0;2;6;1;1
536568705;155 726 088;A01;1;7;0;2;2;14;1
536568706;155 726 084;A01;2;33;0;2;1;3;1
536568706;155 726 087;B01;2;7;0;2;4;11;1
536568707;155 726 083;B01;1;7;0;0;8;5;1
536568707;155 726 086;A01;2;10;0;0;0;5;1
536568708;155 726 080;A01;2;7;0;2;8;10;1
536568708;155 726 082;B01;2;37;0;2;2;1;0
536568709;155 726 079;B01;2;7;0;2;2;12;1
536568709;155 726 081;A01;2;33;0;2;8;3;1
536568710;155 726 077;A01;2;7;0;0;1;1;1
536568710;155 726 078;B01;1;7;0;0;1;0;1
536568711;155 726 075;A01;2;33;0;0;7;1;1
536568712;155 726 074;A01;2;7;0;2;3;16;1
536568712;155 726 076;B01;0;1;0;2;8;1;0
536568713;155 726 072;A01;3;7;0;0;6;9;0
536568713;155 726 073;B01;3;33;0;2;1;1;1
536568714;155 726 069;A01;1;7;0;2;7;12;1
536568714;155 726 070;B01;1;7;0;2;3;1;1
536568715;155 726 068;B01;2;7;0;2;4;2;1
536568715;155 726 071;A01;2;7;0;2;1;2;1
536568716;155 726 065;A01;1;7;0;2;1;5;1
536568716;155 726 067;B01;2;7;0;2;1;1;1
536568717;155 726 064;B01;1;15;0;2;4;2;1
536568717;155 726 066;A01;1;33;0;2;1;2;1
536568718;155 726 063;A01;2;7;0;1;0;1;0
536568719;155 726 062;A01;2;7;8;0;3;1;1
536568720;155 726 061;A01;2;33;0;2;0;3;1
536568721;155 726 060;A01;3;7;0;1;1;16;1
536568722;155 726 056;A01;1;7;2;0;2;1;1
536568723;155 726 057;A01;2;7;0;2;1;1;1
536568723;155 726 059;B01;1;7;0;2;5;15;1
536568724;155 726 055;B01;1;13;0;2;2;12;1
536568724;155 726 058;A01;1;7;0;2;6;1;1
536568725;155 726 053;A01;2;7;0;1;1;1;1
536568726;155 726 049;A01;1;7;3;0;2;14;1
536568727;155 726 051;B01;3;80;0;2;7;15;3
536568727;155 726 054;A01;2;7;0;2;3;9;1
536568728;155 726 047;A01;1;33;0;0;0;9;1
536568729;155 726 045;B01;1;2;0;2;7;17;3
536568729;155 726 048;A01;3;7;0;2;5;15;1
536568730;155 726 044;A01;2;7;2;0;8;0;1
536568731;155 726 043;A01;1;7;0;2;2;1;1
536568731;155 726 046;B01;1;7;0;2;3;15;1
536568732;155 726 040;A01;1;7;0;1;3;1;1
536568733;155 726 036;C01;3;7;0;2;0;0;0
536568733;155 726 039;A01;3;7;0;2;1;1;1
536568733;155 726 042;B01;1;7;0;2;1;1;1
536568734;155 726 035;A01;2;33;11;0;1;1;1
536568735;155 726 034;C01;3;7;0;2;4;2;1
536568735;155 726 037;D01;3;7;0;2;4;2;1
536568735;155 726 038;A01;3;7;0;2;1;2;1
536568735;155 726 041;B01;3;7;0;2;4;2;1
536568736;155 726 033;A01;1;7;1;0;3;1;1
536568737;155 726 030;A01;1;7;0;2;2;12;1
536568737;155 726 032;B01;1;32;0;2;6;1;1
536568738;155 726 029;A01;1;10;0;2;1;26;1
536568738;155 726 031;B01;2;50;0;2;1;1;3
536568739;155 726 027;B01;2;31;0;2;1;1;1
536568739;155 726 028;A01;1;7;0;2;2;15;2
536568740;155 726 025;B01;1;7;0;2;1;1;1
536568740;155 726 026;A01;1;7;0;2;5;1;1
536568741;155 726 023;A01;0;7;0;2;1;2;0
536568741;155 726 024;B01;3;7;0;2;0;0;0
536568742;155 726 022;A01;3;10;0;1;2;2;1
536568743;155 726 021;A01;1;30;0;0;7;1;1
536568744;155 726 018;A01;2;31;0;1;1;1;1
536568745;155 726 019;A01;1;7;7;0;1;0;1
536568746;155 726 017;B01;2;33;0;2;1;1;1
536568746;155 726 020;A01;1;7;0;2;6;15;1
536568747;155 726 015;A01;1;7;0;2;2;1;1
536568747;155 726 016;B01;2;7;0;2;3;16;1
536568748;155 726 014;A01;2;10;0;1;1;15;1
536568749;155 726 012;A01;1;1;0;2;7;15;5
536568749;155 726 013;B01;2;7;0;2;1;1;1
536568750;155 726 011;A01;1;43;0;0;0;1;1
536568751;155 726 009;A01;1;7;0;2;5;1;1
536568751;155 726 010;B01;1;1;0;2;8;1;5
536568752;155 726 006;A01;2;7;0;2;1;2;1
536568752;155 726 008;B01;2;7;0;2;4;2;1
536568753;155 726 005;A01;1;7;0;2;4;23;1
536568753;155 726 007;B01;1;7;0;2;1;2;1
536568754;155 726 004;A01;2;7;0;1;1;16;1
536568755;155 725 999;A01;1;7;0;2;3;1;1
536568755;155 726 002;B01;1;7;0;2;2;15;1
536568756;155 725 997;A01;1;7;0;2;1;1;1
536568756;155 725 998;C01;1;7;0;2;4;1;1
536568756;155 726 000;B01;1;7;0;2;9;1;1
536568757;155 726 001;A01;1;10;0;2;8;11;1
536568757;155 726 003;B01;1;34;0;2;1;1;1
536568758;155 725 995;B01;1;7;0;2;1;1;1
536568758;155 725 996;A01;2;10;12;2;1;13;1
536568759;155 725 994;A01;2;7;0;1;1;16;3
536568760;155 725 990;A01;1;7;0;2;8;11;1
536568760;155 725 992;B01;1;33;0;2;2;1;1
536568761;155 725 991;B01;2;7;0;2;4;12;1
536568761;155 725 993;A01;2;30;0;2;1;3;1
536568762;155 725 988;A01;3;7;0;2;1;2;1
536568762;155 725 989;B01;3;7;0;2;4;2;1
536568763;155 725 987;A01;1;7;4;0;4;13;1
536568764;155 725 980;B01;3;10;0;2;4;1;0
536568764;155 725 983;A01;3;7;0;2;2;26;1
536568764;155 725 985;C01;3;7;0;2;3;24;1
536568764;155 725 986;D01;3;7;1;2;1;5;1
536568765;155 725 981;A01;2;7;0;2;3;15;1
536568765;155 725 984;B01;1;31;0;2;3;1;1
536568766;155 725 978;A01;1;7;0;1;1;0;0
536568767;155 725 976;A01;2;37;0;1;7;1;1
536568768;155 725 975;C01;1;7;0;2;4;2;1
536568768;155 725 977;A01;1;7;0;2;1;2;1
536568768;155 725 979;B01;1;7;0;2;9;2;1
536568769;155 725 971;E01;1;7;1;0;4;20;1
536568769;155 725 973;A01;1;7;1;0;1;1;1
536568770;155 725 968;A01;1;7;7;2;1;2;1
536568770;155 725 972;B01;1;10;0;2;4;2;1
536568771;155 725 963;A01;2;7;0;2;4;23;1
536568771;155 725 965;B01;2;7;0;2;4;1;1
536568771;155 725 967;C01;2;7;0;2;7;1;1
536568771;155 725 970;D01;2;7;0;2;2;1;1
536568772;155 725 961;B01;1;50;1;0;2;1;3
536568772;155 725 962;A01;1;7;1;9;6;22;1
536568773;155 725 960;A01;2;33;0;2;1;18;1
536568773;155 725 964;B01;2;50;0;2;4;1;3
536568774;155 725 966;A01;2;7;0;2;5;15;1
536568774;155 725 969;B01;2;7;0;2;6;15;1
536568774;155 725 974;C01;1;33;0;2;1;1;1
536568775;155 725 958;A01;1;7;0;2;2;1;1
536568775;155 725 959;B01;1;10;0;2;6;13;1
536568776;155 725 957;A01;3;2;0;0;3;26;1
536568777;155 725 955;A01;3;7;0;2;8;1;1
536568777;155 725 956;B01;3;99;0;2;2;17;0
536568778;155 725 953;A01;2;7;4;2;1;1;1
536568778;155 725 954;B01;1;7;0;2;4;2;1
536568779;155 725 949;B01;1;7;0;2;1;12;1
536568779;155 725 952;A01;1;13;0;2;1;1;1
536568780;155 725 946;B01;3;7;0;2;1;0;0
536568780;155 725 951;A01;3;7;0;2;1;0;1
536568781;155 725 945;B01;2;7;0;2;4;23;1
536568781;155 725 947;A01;2;7;14;0;1;1;2
536568782;155 725 944;A01;3;7;0;1;1;16;1
536568783;155 725 948;B01;1;31;0;2;1;1;1
536568783;155 725 950;A01;2;7;0;2;6;9;2
536568784;155 725 943;A01;1;7;6;0;8;13;1
536568785;155 725 942;A01;2;7;0;1;1;15;1
536568786;155 725 937;A01;1;32;1;0;1;0;1
536568786;155 725 939;B01;3;37;0;2;4;23;1
536568787;155 725 936;C01;1;7;0;2;1;1;1
536568787;155 725 938;A01;2;7;0;2;1;13;2
536568788;155 725 934;B01;1;7;0;2;8;1;1
536568788;155 725 935;A01;2;7;5;2;1;6;1
536568789;155 725 932;B01;1;33;1;0;1;1;1
536568790;155 725 930;A01;3;7;7;0;3;13;1
536568791;155 725 931;Z01;0;7;0;1;4;4;0
536568792;155 725 933;B01;2;33;0;2;2;2;1
536568792;155 725 940;C01;3;21;0;0;4;15;1
536568793;155 725 928;B01;3;7;6;2;4;20;1
536568793;155 725 929;A01;3;33;6;2;1;1;1
536568794;155 725 927;A01;2;10;0;1;1;15;1
536568795;155 725 926;A01;3;7;0;1;1;1;1
536568796;155 725 924;A01;3;7;0;1;5;11;1
536568797;155 725 925;A01;1;7;2;0;1;0;1
536568798;155 725 919;A01;1;7;8;2;1;26;0
536568798;155 725 922;B01;1;7;0;2;1;26;0
536568799;155 725 921;A01;1;7;0;2;0;0;0
536568799;155 725 923;B01;1;7;0;2;4;2;1
536568800;155 725 917;B01;1;7;0;2;3;1;1
536568800;155 725 920;A01;1;7;0;2;1;1;1
536568801;155 725 914;B01;1;7;0;2;2;0;1
536568801;155 725 918;A01;1;7;0;2;3;26;1
536568802;155 725 911;A01;1;2;0;0;8;0;1
536568803;155 725 909;A01;2;7;0;2;2;13;1
536568803;155 725 912;C01;2;7;0;2;1;1;1
536568803;155 725 913;B01;2;10;0;2;4;1;1
536568803;155 725 915;D01;2;7;0;2;1;0;1
536568804;155 725 908;B01;0;0;0;2;0;0;0
536568804;155 725 910;A01;0;33;0;2;7;0;0
536568805;155 725 905;A01;2;7;0;0;0;1;1
536568806;155 725 906;A01;3;1;0;0;7;1;5
536568807;155 725 904;A01;0;7;0;2;2;21;1
536568808;155 725 903;B01;0;7;0;2;1;1;1
536568808;155 725 907;A01;2;7;0;2;1;1;1
536568809;155 725 899;B01;0;7;0;2;2;1;1
536568809;155 725 902;A01;0;80;0;2;1;1;3
536568810;155 725 898;B01;1;7;0;2;3;1;2
536568810;155 725 900;A01;1;7;0;2;1;1;1
536568811;155 725 896;B01;2;7;0;2;3;21;1
536568811;155 725 901;A01;3;43;0;2;1;5;1
536568812;155 725 895;A01;1;7;1;0;3;13;1
536568813;155 725 894;B01;2;30;0;2;1;1;1
536568813;155 725 897;A01;0;30;0;2;1;16;1
536568814;155 725 893;A01;3;7;6;0;1;0;1
536568815;155 725 889;A01;3;7;0;1;7;1;1
536568816;155 725 883;C01;3;7;0;2;3;24;1
536568816;155 725 885;D01;3;7;0;2;3;24;1
536568816;155 725 888;A01;2;7;1;2;3;13;1
536568816;155 725 891;B01;1;32;0;2;1;1;1
536568817;155 725 884;D01;3;7;0;2;0;1;1
536568817;155 725 886;A01;3;7;9;2;9;19;1
536568817;155 725 887;B01;3;7;0;2;9;1;1
536568817;155 725 890;C01;3;7;0;2;0;1;2
536568818;155 725 881;A01;2;7;1;1;2;1;1
536568819;155 725 882;A01;2;21;0;2;7;1;1
536568819;155 725 892;B01;2;21;0;2;1;19;1
536568820;155 725 877;B01;1;7;0;2;1;9;1
536568820;155 725 880;A01;1;7;0;2;6;13;1
536568821;155 725 876;B01;2;50;0;2;2;19;3
536568821;155 725 879;A01;2;7;0;2;1;1;1
536568822;155 725 875;A01;2;32;0;2;2;17;1
536568822;155 725 878;B01;3;7;0;2;3;15;1
536568823;155 725 868;A01;1;7;0;2;8;9;1
536568823;155 725 872;B01;2;30;0;2;7;1;1
536568824;155 725 867;Z01;2;13;0;2;5;2;1
536568824;155 725 871;A01;2;7;0;2;3;2;2
536568825;155 725 869;A01;2;2;0;2;3;21;3
536568825;155 725 873;B01;2;7;0;2;7;16;2
536568826;155 725 866;C01;1;7;0;2;1;1;1
536568826;155 725 870;A01;2;10;0;2;1;21;1
536568826;155 725 874;B01;2;7;0;2;3;1;1
536568827;155 725 863;A01;2;10;0;2;7;12;3
536568827;155 725 865;B01;2;2;0;2;8;3;1
536568828;155 725 861;A01;1;7;4;0;1;9;1
536568829;155 725 860;A01;2;7;0;2;1;2;1
536568829;155 725 862;B01;2;7;0;2;9;0;1
536568829;155 725 864;C01;2;7;0;2;0;0;2
536568830;155 725 857;B01;1;2;0;2;1;1;1
536568830;155 725 858;A01;2;7;0;0;2;15;1
536568831;155 725 854;B01;1;7;0;2;1;1;1
536568831;155 725 856;A01;1;7;0;2;4;23;1
536568832;155 725 853;B01;2;33;0;2;2;2;1
536568832;155 725 855;A01;2;7;0;2;3;20;0
536568833;155 725 859;A01;2;33;0;0;8;23;1
536568834;155 725 852;A01;2;1;0;0;3;1;5
536568835;155 725 850;A01;1;37;0;1;7;1;1
536568836;155 725 851;Z01;1;7;0;1;0;1;0
536568837;155 725 847;A01;1;7;0;2;5;12;3
536568837;155 725 849;B01;1;31;0;2;3;1;1
536568838;155 725 844;A01;1;7;0;2;8;15;2
536568838;155 725 848;B01;1;7;0;2;2;1;1
536568839;155 725 845;A01;3;30;0;2;1;1;1
536568839;155 725 846;B01;3;7;0;2;3;9;1
536568840;155 725 841;A01;2;1;0;2;7;18;5
536568840;155 725 842;B01;2;37;0;2;7;1;2
536568841;155 725 839;B01;1;2;0;2;8;15;1
536568841;155 725 843;A01;1;7;0;2;2;17;1
536568842;155 725 838;B01;2;7;0;2;1;15;1
536568842;155 725 840;A01;1;2;0;2;8;2;3
536568843;155 725 837;A01;1;7;0;1;1;15;1
536568844;155 725 832;A01;1;1;14;0;1;1;5
536568844;155 725 836;Z01;2;80;0;2;1;26;3
536568845;155 725 829;A01;1;10;0;2;3;16;0
536568845;155 725 833;B01;1;50;0;2;1;0;3
536568846;155 725 831;A01;1;10;0;2;0;20;1
536568846;155 725 834;B01;1;1;0;2;0;1;5
536568847;155 725 828;A01;1;7;0;1;3;19;1
536568848;155 725 826;A01;1;7;0;1;2;1;1
536568849;155 725 830;A01;2;7;0;2;3;13;1
536568849;155 725 835;B01;1;7;13;2;3;1;1
536568850;155 725 827;A01;1;7;0;1;2;0;1
536568851;155 725 825;A01;3;99;0;1;1;1;0
536568852;155 725 818;A01;2;1;0;2;6;13;5
536568852;155 725 821;B01;2;43;0;2;1;17;1
536568853;155 725 817;A01;2;7;4;2;9;14;1
536568853;155 725 820;B01;2;7;0;2;1;1;1
536568854;155 725 819;B01;2;7;0;2;3;1;1
536568854;155 725 822;A01;1;2;0;2;1;5;1
536568855;155 725 815;A01;1;7;0;2;1;26;1
536568855;155 725 816;B01;1;7;0;2;1;0;1
536568855;155 725 823;C01;1;7;0;2;1;0;1
536568855;155 725 824;D01;1;7;0;2;4;0;1
536568856;155 725 812;A01;1;7;0;2;2;1;1
536568856;155 725 814;B01;1;7;0;2;3;20;1
536568857;155 725 811;B01;2;7;15;2;1;17;0
536568857;155 725 813;A01;2;10;0;2;3;15;1
536568858;155 725 805;A01;1;7;0;2;7;15;1
536568858;155 725 807;B01;2;50;0;2;1;1;3
536568859;155 725 809;B01;2;33;0;0;0;0;1
536568859;155 725 810;A01;1;7;0;2;3;11;1
536568860;155 725 804;A01;3;37;0;2;1;1;2
536568860;155 725 806;B01;3;1;0;2;8;19;5
536568861;155 725 802;A01;2;7;0;1;1;1;1
536568862;155 725 799;A01;1;50;0;1;1;25;3
536568863;155 725 798;A01;0;50;0;2;0;0;3
536568863;155 725 801;B01;2;7;0;2;1;0;1
536568864;155 725 800;B01;1;7;0;2;1;1;1
536568864;155 725 803;C01;1;33;0;2;1;1;1
536568864;155 725 808;A01;1;7;0;0;6;9;1
536568865;155 725 795;B01;3;37;0;0;6;1;1
536568865;155 725 797;A01;3;32;0;2;7;1;1
536568866;155 725 793;A01;1;50;0;2;1;5;3
536568866;155 725 796;B01;1;7;0;2;1;15;1
536568867;155 725 792;B01;1;50;12;2;1;26;3
536568867;155 725 794;A01;1;7;0;2;6;23;1
536568868;155 725 791;A01;3;7;0;0;1;1;1
536568869;155 725 789;A01;1;7;0;1;3;1;1
536568870;155 725 788;A01;3;7;0;2;3;13;1
536568870;155 725 790;B01;3;7;13;2;3;1;1
536568871;155 725 785;A01;3;30;0;1;8;13;1
536568872;155 725 786;A01;3;7;0;1;0;0;0
536568873;155 725 784;A01;3;7;0;2;7;26;1
536568873;155 725 787;B01;3;7;0;2;1;26;1
536568874;155 725 775;A01;3;7;0;2;3;1;1
536568874;155 725 780;B01;3;7;0;2;2;15;1
536568875;155 725 776;A01;1;30;0;0;0;0;1
536568875;155 725 778;B01;1;7;0;0;0;0;1
536568876;155 725 779;A01;2;7;0;2;3;19;1
536568876;155 725 783;B01;1;1;0;2;7;1;5
536568877;155 725 774;A01;3;33;15;2;1;1;1
536568877;155 725 777;B01;3;15;0;2;2;1;1
536568878;155 725 770;A01;2;10;0;2;1;15;1
536568878;155 725 772;B01;1;50;0;2;8;1;3
536568879;155 725 766;A01;3;7;0;2;1;1;1
536568879;155 725 768;B01;3;7;0;2;4;1;1
536568880;155 725 769;B01;1;7;2;2;3;1;1
536568880;155 725 773;A01;2;7;0;2;2;13;1
536568881;155 725 763;A01;0;50;0;2;0;0;3
536568881;155 725 767;B01;0;7;0;2;3;0;1
536568882;155 725 765;A01;2;31;0;2;8;19;1
536568882;155 725 771;B01;1;7;0;2;2;1;1
536568883;155 725 761;B01;3;15;0;2;1;1;1
536568883;155 725 764;A01;3;10;0;2;1;5;1
536568884;155 725 760;A01;0;7;0;9;1;1;1
536568884;155 725 762;B01;0;1;0;2;4;1;5
536568885;155 725 757;A01;1;7;0;1;1;1;1
536568886;155 725 755;A01;1;7;0;2;8;13;1
536568886;155 725 758;B01;2;2;0;2;8;13;1
536568887;155 725 754;B01;2;50;0;2;1;1;3
536568887;155 725 759;A01;1;7;0;2;3;9;2
536568888;155 725 752;A01;3;7;0;1;1;1;1
536568889;155 725 750;B01;1;13;0;2;1;23;1
536568889;155 725 751;A01;1;7;0;2;1;1;1
536568890;155 725 749;A01;3;33;2;0;8;1;1
536568891;155 725 748;A01;0;7;0;1;1;1;1
536568892;155 725 747;A01;2;7;0;1;1;1;1
536568893;155 725 745;A01;1;7;0;2;1;15;1
536568893;155 725 746;B01;2;2;0;2;1;1;1
536568894;155 725 742;A01;1;7;0;1;3;1;2
536568895;155 725 741;A01;2;7;0;2;1;1;1
536568895;155 725 744;B01;2;2;0;2;4;1;1
536568896;155 725 735;A01;1;7;0;1;2;1;1
536568897;155 725 739;B01;1;7;0;2;2;26;1
536568897;155 725 743;A01;1;50;0;2;0;0;3
536568898;155 725 736;A01;1;7;0;0;4;2;1
536568898;155 725 738;B01;1;31;0;2;1;1;1
536568899;155 725 734;A01;2;7;0;2;3;1;1
536568899;155 725 737;B01;2;7;0;2;6;1;1
536568900;155 725 732;B01;1;7;0;2;4;23;1
536568900;155 725 733;A01;1;1;0;2;1;1;5
536568901;155 725 728;B01;1;80;0;2;3;5;3
536568901;155 725 731;A01;2;7;0;2;2;16;1
536568902;155 725 727;B01;1;7;0;2;1;15;1
536568902;155 725 730;A01;2;33;0;2;1;26;1
536568903;155 725 725;A01;1;7;0;1;3;1;1
536568904;155 725 721;A01;2;7;0;1;2;1;1
536568905;155 725 720;A01;2;7;0;2;1;15;1
536568905;155 725 723;B01;1;7;0;2;8;1;1
536568906;155 725 718;A01;1;10;0;0;5;1;1
536568906;155 725 722;B01;1;33;0;2;5;14;1
536568907;155 725 715;A01;1;7;0;2;1;19;1
536568907;155 725 717;C01;2;7;0;2;1;23;1
536568907;155 725 724;B01;2;10;0;2;1;1;1
536568908;155 725 711;A01;2;7;0;2;3;0;1
536568908;155 725 713;B01;1;7;0;2;3;0;1
536568909;155 725 707;C01;1;7;0;2;3;23;1
536568909;155 725 709;A01;1;7;0;2;1;1;1
536568909;155 725 712;B01;2;7;0;2;3;15;1
536568910;155 725 708;B01;1;33;0;2;2;17;1
536568910;155 725 710;A01;1;7;0;2;5;16;1
536568911;155 725 705;A01;2;10;0;2;2;17;1
536568911;155 725 706;B01;2;21;0;2;8;1;1
536568912;155 725 714;A01;2;30;0;0;2;1;1
536568913;155 725 701;A01;3;7;0;1;1;15;1
536568914;155 725 702;B01;1;50;0;2;1;1;3
536568914;155 725 704;A01;1;7;0;2;5;12;1
536568915;155 725 703;A01;1;3;8;0;2;1;1
536568916;155 725 699;A01;2;7;0;2;3;1;1
536568916;155 725 700;B01;1;7;0;0;0;0;1
536568917;155 725 695;A01;0;7;0;2;2;17;1
536568917;155 725 698;B01;0;7;0;2;3;14;1
536568918;155 725 693;A01;2;30;0;1;1;1;1
536568919;155 725 692;A01;3;10;0;2;8;14;1
536568919;155 725 694;B01;3;33;0;2;1;17;1
536568919;155 725 697;C01;3;17;0;2;8;5;1
536568920;155 725 688;A01;2;7;0;0;4;1;1
536568920;155 725 690;B01;2;7;0;2;1;1;1
536568921;155 725 689;A01;2;7;0;2;7;17;1
536568921;155 725 691;B01;2;1;0;2;8;1;5
536568922;155 725 687;B01;2;7;0;2;1;1;1
536568922;155 725 696;A01;1;1;0;2;1;13;5
536568923;155 725 685;A01;1;80;0;0;0;26;2
536568924;155 725 684;A01;3;1;0;2;1;1;5
536568924;155 725 686;B01;3;50;0;2;1;1;3
536568925;155 725 682;A01;1;7;0;2;1;13;1
536568925;155 725 683;B01;2;7;0;2;1;1;1
536568926;155 725 681;A01;2;7;0;1;3;15;1
536568927;155 725 679;A01;2;33;2;0;1;1;1
536568928;155 725 678;B01;1;14;0;2;3;1;1
536568928;155 725 680;A01;2;33;0;2;1;13;1
536568929;155 725 677;A01;3;7;0;1;1;17;1
536568930;155 725 675;A01;2;7;0;2;1;13;1
536568930;155 725 676;B01;1;7;0;2;1;1;1
536568931;155 725 672;A01;3;7;0;2;3;0;1
536568931;155 725 674;B01;3;33;0;2;1;0;1
536568932;155 725 671;A01;1;7;0;1;3;1;1
536568933;155 725 670;A01;2;21;0;2;3;21;1
536568933;155 725 673;B01;1;33;0;2;3;21;1
536568934;155 725 667;A01;1;10;0;2;1;1;1
536568934;155 725 669;B01;1;10;0;2;4;1;1
536568935;155 725 665;B01;0;50;0;2;1;1;3
536568935;155 725 668;A01;0;7;0;2;6;1;1
536568936;155 725 664;A01;2;10;0;2;3;16;1
536568936;155 725 666;B01;2;50;0;2;2;9;3
536568937;155 725 663;A01;2;7;3;0;1;13;1
536568938;155 725 658;B01;2;15;0;0;0;11;1
536568938;155 725 661;A01;2;7;0;9;2;1;1
536568939;155 725 657;B01;3;7;0;2;1;1;1
536568939;155 725 662;A01;3;7;0;2;8;15;1
536568940;155 725 654;A01;1;3;0;2;3;10;1
536568940;155 725 659;B01;1;33;0;2;7;21;1
536568941;155 725 655;B01;1;7;0;2;2;15;1
536568941;155 725 660;A01;1;33;0;2;1;17;1
536568942;155 725 653;A01;2;33;4;0;8;17;1
536568942;155 725 656;B01;1;7;0;9;1;17;1
536568943;155 725 652;A01;1;30;6;0;1;1;1
536568944;155 725 651;A01;1;7;0;1;1;1;1
536568945;155 725 650;A01;1;7;3;0;0;1;1
536568946;155 725 648;B01;1;7;0;2;3;1;1
536568946;155 725 649;A01;2;7;0;2;3;1;1
536568947;155 725 647;A01;1;7;0;1;2;1;1
536568948;155 725 643;A01;0;33;0;2;7;21;1
536568949;155 725 640;A01;3;7;0;2;3;9;1
536568949;155 725 645;B01;2;33;0;2;1;1;1
536568950;155 725 641;A01;1;7;3;2;5;13;1
536568950;155 725 646;B01;2;7;0;2;2;1;1
536568951;155 725 639;A01;2;7;15;0;2;1;1
536568952;155 725 638;A01;1;7;0;1;1;1;2
536568953;155 725 637;A01;1;33;0;0;8;1;1
536568954;155 725 634;A01;2;7;0;2;3;1;2
536568954;155 725 636;B01;2;1;0;2;7;19;5
536568955;155 725 633;B01;2;2;0;2;1;1;1
536568955;155 725 635;A01;1;7;0;2;1;15;1
536568956;155 725 629;B01;2;1;0;2;0;1;5
536568956;155 725 631;A01;2;7;0;2;2;16;1
536568957;155 725 625;A01;2;7;0;2;3;15;1
536568957;155 725 628;B01;1;33;0;2;1;1;1
536568958;155 725 624;A01;1;7;0;2;1;13;1
536568958;155 725 630;B01;2;7;0;2;1;1;1
536568959;155 725 626;A01;1;32;0;2;8;15;1
536568959;155 725 632;B01;1;7;0;2;8;1;1
536568960;155 725 621;B01;1;7;0;2;7;15;1
536568960;155 725 622;D01;1;7;0;2;4;15;1
536568960;155 725 623;A01;1;7;0;2;1;11;1
536568960;155 725 627;C01;1;7;0;2;2;15;1
536568961;155 725 620;A01;0;7;3;0;0;26;1
536568962;155 725 619;A01;2;7;8;0;0;0;1
536568963;155 725 618;A01;0;7;6;0;1;1;3
536568964;155 725 615;A01;1;7;0;2;3;9;1
536568964;155 725 617;B01;1;7;0;2;5;2;1
536568965;155 725 612;A01;2;7;0;2;7;1;1
536568965;155 725 614;B01;2;2;13;2;0;1;1
536568966;155 725 611;A01;1;14;0;2;4;15;1
536568966;155 725 613;B01;1;1;0;2;1;1;5
536568967;155 725 607;B01;1;1;14;2;1;2;5
536568967;155 725 610;A01;1;7;0;2;5;23;1
536568968;155 725 608;A01;1;7;0;1;3;1;0
536568969;155 725 604;A01;1;7;0;0;0;1;1
536568970;155 725 603;B01;3;10;0;2;1;1;1
536568970;155 725 605;A01;3;7;0;2;1;13;2
536568971;155 725 602;A01;1;7;2;0;1;0;1
536568972;155 725 600;A01;2;7;0;1;1;1;1
536568973;155 725 599;A01;1;7;0;2;3;1;1
536568973;155 725 601;B01;2;7;0;2;3;13;1
536568974;155 725 596;A01;2;7;0;2;8;15;1
536568974;155 725 598;B01;2;34;0;2;1;17;1
536568975;155 725 595;A01;2;7;11;2;1;13;1
536568975;155 725 597;B01;1;10;0;2;2;1;1
536568976;155 725 594;A01;3;10;2;0;1;6;1
536568977;155 725 590;B01;1;21;0;0;5;15;0
536568977;155 725 592;A01;1;7;0;2;1;1;1
536568978;155 725 591;A01;2;7;0;2;8;13;1
536568978;155 725 593;B01;1;1;0;2;8;1;5
536568979;155 725 586;A01;3;7;0;2;1;1;1
536568979;155 725 589;B01;3;7;0;2;5;1;1