Num_Acc;id_vehicule;num_veh;senc;catv;obs;obsm;choc;manv;motor
536569564;155 724 530;B01;1;7;0;2;7;1;1
536569565;155 724 527;A01;2;32;0;2;1;3;1
536569565;155 724 528;B01;2;7;0;2;0;0;1
536569566;155 724 526;A01;2;33;4;0;1;0;1
536569567;155 724 524;A01;1;33;0;2;1;2;1
536569567;155 724 525;B01;1;10;0;2;5;2;1
536569568;155 724 522;A01;1;7;0;2;1;13;1
536569568;155 724 523;B01;1;10;0;2;4;2;1
536569569;155 724 520;B01;1;31;0;2;1;2;1
536569569;155 724 521;A01;1;7;0;2;6;2;1
536569570;155 724 517;A01;1;7;0;2;5;0;1
536569570;155 724 518;B01;1;7;0;2;3;2;1
536569570;155 724 519;C01;1;7;0;2;1;0;1
536569571;155 724 515;A01;1;17;0;2;2;2;1
536569571;155 724 516;B01;1;7;0;2;8;2;1
536569572;155 724 513;A01;2;7;0;2;6;18;1
536569572;155 724 514;B01;2;10;0;2;2;2;1
536569573;155 724 511;A01;2;7;0;2;1;2;1
536569573;155 724 512;B01;1;7;0;2;4;2;1
536569574;155 724 509;A01;2;7;0;2;3;1;1
536569574;155 724 510;B01;2;33;0;2;2;1;1
536569575;155 724 507;A01;2;7;0;2;7;16;1
536569575;155 724 508;B01;2;2;0;2;1;1;1
536569576;155 724 504;A01;1;30;0;2;3;1;3
536569576;155 724 505;B01;1;7;0;2;2;14;1
536569576;155 724 506;C01;1;7;0;2;8;0;1
536569577;155 724 502;A01;2;7;0;2;7;12;1
536569577;155 724 503;B01;2;2;0;2;8;1;1
536569578;155 724 500;A01;1;7;0;2;3;1;1
536569578;155 724 501;B01;2;32;0;2;1;1;1
536569579;155 724 499;A01;1;7;2;0;1;13;1
536569580;155 724 498;A01;1;7;13;0;1;13;1
536569581;155 724 497;A01;3;21;0;0;9;1;1
536569582;155 724 496;A01;3;7;8;0;0;2;1
536569583;155 724 495;A01;1;7;0;1;2;1;0
536569584;155 724 494;A01;3;7;1;1;2;26;1
536569585;155 724 492;B01;2;33;0;2;1;1;1
536569585;155 724 493;A01;1;10;0;2;2;15;1
536569586;155 724 491;A01;1;7;0;1;1;1;1
536569587;155 724 489;B01;0;7;0;2;1;1;2
536569587;155 724 490;A01;3;1;0;2;1;13;5
536569588;155 724 487;A01;0;14;14;2;6;1;1
536569588;155 724 488;B01;0;33;0;2;0;1;1
536569589;155 724 484;A01;1;10;0;0;3;9;1
536569589;155 724 485;B01;2;7;0;2;1;1;3
536569589;155 724 486;C01;2;7;0;2;3;1;1
536569590;155 724 481;A01;2;1;0;2;4;1;5
536569590;155 724 482;B01;2;99;0;2;5;14;1
536569590;155 724 483;C01;1;7;0;2;3;1;1
536569591;155 724 480;A01;2;7;0;1;3;15;1
536569592;155 724 479;A01;1;7;13;0;9;1;1
536569593;155 724 478;A01;2;31;2;0;1;1;1
536569594;155 724 476;A01;3;1;0;2;8;1;5
536569594;155 724 477;B01;3;33;0;2;8;1;1
536569595;155 724 475;A01;2;7;13;0;1;1;1
536569596;155 724 473;A01;1;7;0;9;2;15;1
536569596;155 724 474;B01;2;1;0;2;1;1;5
536569597;155 724 472;A01;1;31;7;0;1;1;1
536569598;155 724 471;A01;1;7;2;0;1;1;1
536569599;155 724 470;A01;1;7;2;0;1;0;1
536569600;155 724 469;A01;1;7;11;0;1;2;1
536569601;155 724 467;A01;3;7;0;2;1;1;1
536569601;155 724 468;B01;1;7;0;2;1;1;1
536569602;155 724 466;A01;1;33;2;0;0;2;1
536569603;155 724 464;A01;1;10;0;0;2;1;1
536569603;155 724 465;B01;1;7;0;0;3;9;1
536569604;155 724 463;A01;1;0;0;1;2;1;0
536569605;155 724 462;A01;1;7;3;0;1;2;2
536569606;155 724 461;A01;1;33;4;0;7;1;1
536569607;155 724 458;A01;2;33;0;0;0;0;1
536569608;155 724 456;B01;1;7;0;2;3;15;1
536569608;155 724 457;A01;2;33;0;2;1;1;1
536569609;155 724 454;B01;2;7;0;2;2;1;1
536569609;155 724 455;A01;1;10;0;2;1;13;1
536569610;155 724 452;A01;1;7;0;2;3;13;1
536569610;155 724 453;B01;2;7;0;2;8;1;1
536569611;155 724 450;A01;2;2;0;2;1;17;1
536569611;155 724 451;B01;0;7;0;0;2;15;1
536569612;155 724 448;B01;1;33;0;2;9;1;0
536569612;155 724 449;A01;1;7;0;2;8;11;1
536569613;155 724 446;B01;2;2;0;0;4;2;1
536569613;155 724 447;A01;2;7;0;2;1;2;1
536569614;155 724 444;B01;1;2;0;0;5;16;1
536569614;155 724 445;A01;1;7;0;2;1;1;1
536569615;155 724 442;A01;2;7;16;2;2;13;1
536569615;155 724 443;B01;2;7;0;0;6;23;1
536569616;155 724 440;B01;2;7;3;2;7;1;1
536569616;155 724 441;A01;2;7;0;2;3;15;1
536569617;155 724 438;A01;3;7;0;2;1;16;1
536569617;155 724 439;B01;2;7;0;0;7;1;1
536569618;155 724 435;C01;0;7;5;2;8;1;1
536569618;155 724 436;A01;1;7;0;2;1;13;1
536569618;155 724 437;B01;1;10;0;2;1;1;1
536569619;155 724 434;A01;1;7;5;0;1;14;1
536569620;155 724 433;A01;2;32;0;0;9;23;1
536569621;155 724 431;A01;3;7;0;2;2;26;1
536569621;155 724 432;B01;3;33;0;2;2;1;1
536569622;155 724 429;A01;1;7;0;2;5;13;1
536569622;155 724 430;B01;2;7;0;2;3;1;1
536569623;155 724 426;B01;2;2;0;0;4;2;1
536569623;155 724 427;A01;1;7;0;2;2;2;1
536569624;155 724 424;B01;1;33;0;2;3;3;1
536569624;155 724 425;A01;1;7;0;2;5;12;1
536569625;155 724 422;A01;1;7;0;2;1;1;1
536569625;155 724 423;B01;1;7;0;2;4;1;1
536569626;155 724 420;A01;2;7;0;2;1;2;1
536569626;155 724 421;B01;2;7;0;2;3;0;1
536569627;155 724 418;A01;1;33;0;2;1;9;1
536569627;155 724 419;B01;1;7;0;2;1;1;1
536569628;155 724 416;A01;1;7;0;2;1;1;1
536569628;155 724 417;B01;1;7;0;2;4;1;1
536569629;155 724 414;A01;1;7;0;2;1;9;1
536569629;155 724 415;B01;1;15;0;2;2;1;1
536569630;155 724 412;A01;1;7;0;2;1;1;1
536569630;155 724 413;B01;1;7;0;2;4;1;1
536569631;155 724 410;A01;1;7;4;2;1;1;1
536569631;155 724 411;B01;1;7;0;2;6;2;2
536569632;155 724 408;A01;3;7;0;2;1;2;1
536569632;155 724 409;B01;3;1;0;2;4;2;5
536569633;155 724 407;A01;1;50;14;0;1;1;3
536569634;155 724 405;A01;3;32;0;2;1;1;1
536569634;155 724 406;B01;0;7;0;2;3;15;1
536569635;155 724 404;A01;1;30;0;0;0;1;1
536569636;155 724 402;B01;1;7;0;2;8;19;1
536569636;155 724 403;A01;3;7;0;2;1;19;1
536569637;155 724 400;B01;1;80;0;2;8;1;3
536569637;155 724 401;A01;1;10;0;2;7;16;1
536569638;155 724 398;A01;2;80;0;2;4;15;3
536569638;155 724 399;Z01;2;30;0;2;1;17;0
536569639;155 724 396;A01;2;7;0;2;4;10;1
536569639;155 724 397;B01;2;1;0;2;1;1;0
536569640;155 724 392;A01;2;7;0;2;2;17;1
536569640;155 724 393;B01;2;7;0;2;1;17;1
536569640;155 724 394;C01;2;7;0;2;8;1;1
536569640;155 724 395;D01;2;7;0;2;6;1;2
536569641;155 724 390;A01;2;7;0;2;1;26;1
536569641;155 724 391;B01;3;7;0;2;2;26;1
536569642;155 724 387;C01;1;10;0;2;1;2;1
536569642;155 724 388;A01;1;10;0;2;4;23;1
536569642;155 724 389;B01;1;7;0;2;1;2;1
536569643;155 724 385;A01;2;32;0;2;1;17;1
536569643;155 724 386;B01;2;13;0;2;3;4;1
536569644;155 724 383;A01;2;10;0;2;2;2;1
536569644;155 724 384;B01;2;7;0;2;6;12;1
536569645;155 724 382;A01;3;7;0;1;1;26;1
536569646;155 724 380;B01;1;10;0;2;5;1;2
536569646;155 724 381;A01;1;7;0;2;3;13;1
536569647;155 724 378;A01;3;50;0;2;0;0;3
536569648;155 724 377;A01;3;30;0;1;1;2;1
536569649;155 724 376;Z01;0;10;0;1;4;4;0
536569650;155 724 375;A01;3;7;4;0;1;1;1
536569651;155 724 371;A01;3;7;9;0;1;9;1
536569652;155 724 370;A01;2;7;9;1;1;15;1
536569653;155 724 367;A01;3;7;0;2;1;0;0
536569653;155 724 369;B01;3;10;0;2;1;1;1
536569654;155 724 366;A01;3;7;0;2;1;13;1
536569654;155 724 368;B01;3;33;0;2;1;1;1
536569655;155 724 364;A01;0;7;0;1;4;20;1
536569656;155 724 363;B01;2;7;0;2;3;13;1
536569656;155 724 365;A01;2;7;0;2;8;1;1
536569657;155 724 362;B01;2;30;0;1;1;2;1
536569658;155 724 360;A01;0;1;0;2;0;18;5
536569658;155 724 361;B01;0;10;0;2;2;23;1
536569659;155 724 358;B01;1;7;0;2;1;5;1
536569659;155 724 359;A01;3;7;0;2;1;1;1
536569660;155 724 357;A01;3;10;0;1;1;15;0
536569661;155 724 356;A01;2;34;0;1;1;1;1
536569662;155 724 355;A01;3;1;1;0;0;0;5
536569663;155 724 354;A01;2;7;0;1;2;2;1
536569664;155 724 352;A01;1;7;0;2;3;15;1
536569664;155 724 353;B01;2;2;0;2;3;1;2
536569665;155 724 350;A01;1;14;0;2;3;9;1
536569665;155 724 351;B01;1;7;0;2;1;0;3
536569666;155 724 349;A01;1;7;3;0;3;1;1
536569667;155 724 347;A01;2;7;0;2;8;10;0
536569667;155 724 348;B01;2;33;0;2;2;2;0
536569668;155 724 345;A01;0;2;0;0;0;26;3
536569669;155 724 343;B01;1;7;0;2;1;1;1
536569669;155 724 344;A01;1;7;0;2;7;1;1
536569670;155 724 342;A01;2;7;0;1;2;1;1
536569671;155 724 339;A01;0;7;0;2;1;1;1
536569671;155 724 340;B01;0;50;0;2;3;19;3
536569672;155 724 338;A01;3;7;0;0;4;1;1
536569672;155 724 341;B01;3;7;0;2;1;1;1
536569673;155 724 335;A01;3;7;0;0;5;15;1
536569673;155 724 336;B01;3;1;0;2;1;1;5
536569674;155 724 334;A01;1;7;0;2;1;1;1
536569674;155 724 337;B01;2;7;0;2;5;26;1
536569675;155 724 332;B01;3;80;0;2;1;1;3
536569675;155 724 333;A01;3;7;0;2;5;24;3
536569676;155 724 331;A01;3;7;0;1;3;1;1
536569677;155 724 329;A01;3;7;0;2;1;2;1
536569677;155 724 330;B01;3;7;0;2;4;1;1
536569678;155 724 327;A01;3;7;0;2;3;1;1
536569678;155 724 328;B01;3;10;0;2;3;1;1
536569679;155 724 325;A01;1;2;0;1;1;3;1
536569680;155 724 324;B01;3;7;0;2;2;1;1
536569680;155 724 326;A01;3;50;0;2;8;9;3
536569681;155 724 323;A01;3;2;0;0;7;1;1
536569682;155 724 319;A01;3;7;0;2;8;15;1
536569682;155 724 321;B01;2;7;0;2;3;1;1
536569683;155 724 320;A01;3;2;0;2;0;5;1
536569683;155 724 322;B01;3;7;0;2;1;15;1
536569684;155 724 318;A01;1;7;13;0;1;26;2
536569685;155 724 316;A01;1;7;13;0;9;1;1
536569686;155 724 315;B01;1;7;0;2;7;1;1
536569686;155 724 317;A01;1;30;0;2;1;26;1
536569687;155 724 312;B01;2;33;0;2;7;17;1
536569687;155 724 314;A01;2;7;0;2;3;15;1
536569688;155 724 310;A01;3;7;0;2;1;2;1
536569688;155 724 311;B01;3;10;0;2;1;2;1
536569688;155 724 313;C01;3;7;0;2;4;2;2
536569689;155 724 309;A01;2;7;0;1;2;1;1
536569690;155 724 307;A01;3;50;0;2;4;26;3
536569690;155 724 308;B01;3;7;0;2;3;1;1
536569691;155 724 306;A01;2;7;2;0;1;1;1
536569692;155 724 303;A01;1;30;0;2;1;0;1
536569692;155 724 305;B01;1;7;0;2;5;16;1
536569693;155 724 304;A01;2;7;0;1;2;15;1
536569694;155 724 302;A01;1;30;12;0;1;14;1
536569695;155 724 300;B01;1;1;0;2;7;1;5
536569695;155 724 301;A01;1;7;0;2;1;16;1
536569696;155 724 299;A01;2;30;0;0;8;1;1
536569697;155 724 298;A01;1;7;2;0;9;1;1
536569698;155 724 297;A01;1;7;0;0;0;1;1
536569699;155 724 296;A01;0;3;0;0;4;10;1
536569700;155 724 294;A01;2;33;0;6;1;1;1
536569701;155 724 293;A01;3;7;0;2;5;1;1
536569701;155 724 295;B01;3;7;0;2;1;1;2
536569702;155 724 291;B01;1;1;0;2;4;1;5
536569702;155 724 292;A01;1;1;0;2;1;1;5
536569703;155 724 289;A01;1;7;0;2;1;1;1
536569703;155 724 290;B01;3;50;0;2;8;1;3
536569704;155 724 288;A01;2;7;13;0;9;0;1
536569705;155 724 286;B01;1;1;0;2;4;19;5
536569705;155 724 287;A01;1;7;0;2;1;21;1
536569706;155 724 285;A01;2;33;2;0;0;0;1
536569707;155 724 282;B01;1;1;1;0;4;7;5
536569707;155 724 284;A01;1;10;0;9;4;1;3
536569708;155 724 280;C01;2;10;0;0;3;24;0
536569708;155 724 281;A01;1;33;1;1;3;1;1
536569708;155 724 283;B01;1;7;0;0;9;1;1
536569709;155 724 278;A01;2;10;13;0;1;13;1
536569710;155 724 277;A01;1;7;0;2;3;15;1
536569710;155 724 279;B01;2;7;0;2;3;1;1
536569711;155 724 276;A01;1;2;6;0;1;1;1
536569712;155 724 274;A01;2;80;0;2;1;1;3
536569712;155 724 275;B01;1;1;0;2;1;1;5
536569713;155 724 273;A01;3;7;2;0;2;1;1
536569714;155 724 271;A01;1;7;13;0;1;1;1
536569715;155 724 269;A01;2;7;0;2;1;1;1
536569715;155 724 270;B01;2;7;0;2;4;23;1
536569715;155 724 272;C01;2;7;0;2;4;0;1
536569716;155 724 268;A01;2;33;0;0;0;1;1
536569717;155 724 267;A01;3;7;15;0;6;26;1
536569718;155 724 266;A01;3;50;0;0;0;0;3
536569719;155 724 261;A01;1;7;6;2;1;1;1
536569719;155 724 262;B01;1;7;0;2;4;1;1
536569719;155 724 265;C01;2;7;6;2;1;1;1
536569720;155 724 260;A01;1;37;0;1;2;1;2
536569721;155 724 259;A01;3;36;13;0;3;16;1
536569722;155 724 257;A01;2;7;0;2;1;2;1
536569722;155 724 258;B01;2;50;0;2;8;2;3
536569723;155 724 256;A01;1;7;1;1;1;1;1
536569724;155 724 253;A01;3;3;0;1;1;1;1
536569725;155 724 254;A01;2;33;0;2;1;1;1
536569725;155 724 255;B01;1;10;0;2;6;1;1
536569726;155 724 252;A01;0;33;0;5;8;1;1
536569727;155 724 250;A01;2;7;0;2;5;1;1
536569727;155 724 251;B01;2;50;0;2;0;1;3
536569728;155 724 248;A01;2;7;0;2;1;5;1
536569728;155 724 249;B01;1;7;3;2;1;1;1
536569729;155 724 246;A01;1;7;0;2;1;16;1
536569729;155 724 247;B01;3;50;0;2;8;19;3
536569730;155 724 245;A01;3;7;0;1;1;1;0
536569731;155 724 243;A01;1;7;0;2;1;2;1
536569731;155 724 244;B01;1;7;0;2;4;1;1
536569732;155 724 242;A01;0;7;0;1;2;1;3
536569733;155 724 241;A01;1;7;0;1;2;1;1
536569734;155 724 239;A01;2;2;0;2;8;1;1
536569734;155 724 240;B01;1;7;0;2;1;15;1
536569735;155 724 238;A01;3;7;8;0;3;1;1
536569736;155 724 234;A01;1;30;0;2;1;1;1
536569736;155 724 236;B01;2;99;0;0;8;1;1
536569737;155 724 231;B01;1;7;0;2;3;15;1
536569737;155 724 233;A01;1;32;0;2;1;2;1
536569738;155 724 230;C01;1;10;0;0;0;15;1
536569738;155 724 232;B01;1;7;0;2;3;23;1
536569738;155 724 235;A01;1;7;0;2;5;1;1
536569739;155 724 228;A01;1;7;13;0;9;1;1
536569740;155 724 227;B01;0;50;0;2;1;19;3
536569740;155 724 229;A01;0;7;0;2;2;17;1
536569741;155 724 226;A01;1;7;4;0;3;1;1
536569742;155 724 225;A01;3;30;0;0;0;26;1
536569743;155 724 224;A01;2;7;8;0;1;1;1
536569744;155 724 222;A01;1;7;0;2;3;13;1
536569744;155 724 223;B01;1;7;0;2;3;1;3
536569745;155 724 220;A01;0;1;0;0;4;1;5
536569745;155 724 221;B01;0;7;0;2;1;9;1
536569746;155 724 218;A01;1;7;0;2;1;15;1
536569746;155 724 219;B01;3;7;0;2;1;1;1
536569747;155 724 215;A01;0;7;0;1;0;20;1
536569748;155 724 216;A01;1;7;0;2;3;0;1
536569748;155 724 217;B01;2;7;0;2;3;0;1
536569749;155 724 212;A01;1;7;0;2;3;2;1
536569749;155 724 214;B01;1;2;0;2;0;0;1
536569750;155 724 209;A01;1;2;0;0;0;1;1
536569751;155 724 208;D01;2;7;0;9;1;0;1
536569751;155 724 210;A01;2;7;0;2;4;0;1
536569751;155 724 211;B01;2;7;0;2;1;0;1
536569751;155 724 213;C01;2;7;0;2;1;0;1
536569752;155 724 207;A01;1;13;3;1;7;1;6
536569753;155 724 205;A01;1;33;0;2;2;0;1
536569753;155 724 206;Z01;1;7;0;2;3;0;0
536569754;155 724 201;B01;2;7;0;2;1;1;1
536569754;155 724 203;C01;2;7;0;2;8;1;1
536569754;155 724 204;A01;2;7;0;2;1;5;2
536569755;155 724 200;B01;2;7;1;0;6;1;1
536569755;155 724 202;Z01;2;7;0;2;6;1;6
536569756;155 724 199;A01;1;7;4;0;2;1;1
536569757;155 724 197;B01;2;7;0;2;1;19;1
536569757;155 724 198;A01;2;7;0;2;3;19;1
536569758;155 724 194;A01;1;7;0;2;3;2;1
536569758;155 724 196;B01;1;33;8;2;1;16;1
536569759;155 724 193;A01;1;7;0;2;2;17;1
536569759;155 724 195;B01;1;7;13;0;6;1;2
536569760;155 724 190;B01;2;7;0;2;3;1;1
536569760;155 724 191;A01;1;31;0;2;1;13;1
536569761;155 724 188;A01;1;7;0;2;8;15;1
536569761;155 724 189;B01;1;33;0;2;2;17;1
536569761;155 724 192;C01;1;33;0;2;2;17;1
536569762;155 724 186;B01;2;33;0;2;1;13;1
536569762;155 724 187;A01;1;7;0;2;2;0;2
536569763;155 724 185;A01;1;30;0;0;0;1;1
536569764;155 724 184;A01;3;2;5;0;7;1;1
536569765;155 724 180;D01;3;7;0;2;6;24;1
536569765;155 724 182;A01;2;33;1;2;1;1;1
536569765;155 724 183;B01;2;7;0;2;3;1;1
536569766;155 724 181;A01;3;7;0;1;1;19;1
536569767;155 724 178;A01;1;50;0;0;0;1;3
536569768;155 724 176;A01;1;37;0;2;1;1;2
536569768;155 724 177;B01;1;7;0;2;9;1;1
536569768;155 724 179;C01;1;7;0;2;4;1;1
536569769;155 724 175;A01;2;7;3;0;2;1;1
536569770;155 724 173;Z01;2;80;0;1;2;1;3
536569771;155 724 172;A01;1;7;0;1;5;11;0
536569772;155 724 170;A01;1;14;0;2;1;2;1
536569772;155 724 171;B01;1;2;0;0;4;23;3
536569773;155 724 168;A01;3;33;0;2;1;13;1
536569773;155 724 169;B01;3;7;0;0;3;1;3
536569774;155 724 167;A01;1;33;0;1;1;1;1
536569775;155 724 165;A01;1;7;0;2;3;0;1
536569775;155 724 166;B01;1;2;0;0;4;1;1
536569776;155 724 163;A01;3;7;15;0;1;14;1
536569777;155 724 162;B01;2;1;0;2;3;1;5
536569777;155 724 164;A01;3;7;0;2;2;1;1
536569778;155 724 161;A01;1;33;0;0;1;1;1
536569779;155 724 160;A01;2;1;0;2;8;21;5
536569780;155 724 159;A01;2;10;1;0;2;1;1
536569781;155 724 158;A01;1;7;0;1;2;1;2
536569782;155 724 155;B01;3;33;0;2;2;1;1
536569782;155 724 156;A01;3;7;0;2;0;10;1
536569783;155 724 154;A01;3;7;2;0;1;0;1
536569784;155 724 153;A01;2;1;0;1;2;1;5
536569785;155 724 151;B01;2;7;0;2;8;1;1
536569785;155 724 152;Z01;2;17;0;0;0;0;0
536569786;155 724 150;A01;0;1;0;0;8;2;5
536569787;155 724 147;A01;2;7;0;2;1;2;1
536569787;155 724 148;B01;2;7;0;2;4;2;1
536569787;155 724 149;C01;2;7;0;2;4;2;1
536569788;155 724 145;B01;1;50;0;2;2;17;3
536569788;155 724 146;A01;1;1;0;2;3;1;5
536569789;155 724 143;A01;1;7;0;2;2;1;1
536569789;155 724 144;B01;1;10;0;2;6;2;1
536569790;155 724 142;A01;1;30;14;0;7;8;1
536569791;155 724 140;B01;1;7;0;2;2;1;1
536569791;155 724 141;A01;1;7;3;2;1;13;1
536569792;155 724 137;C01;3;1;0;2;8;0;5
536569792;155 724 138;B01;3;33;0;2;8;0;1
536569792;155 724 139;A01;3;7;0;2;3;13;1
536569793;155 724 136;A01;2;7;4;0;1;18;1
536569794;155 724 133;A01;2;7;0;2;2;1;1
536569794;155 724 135;B01;2;30;0;2;3;15;1
536569795;155 724 131;B01;2;7;0;2;8;1;2
536569795;155 724 132;A01;2;7;0;2;1;5;1
536569795;155 724 134;C01;1;7;0;2;1;1;1
536569796;155 724 129;A01;2;7;0;2;1;17;1
536569796;155 724 130;B01;1;7;0;2;1;1;1
536569797;155 724 127;B01;2;7;0;2;3;9;1
536569797;155 724 128;A01;2;30;0;2;2;13;1
536569798;155 724 123;A01;1;99;0;9;1;26;0
536569798;155 724 124;B01;2;99;0;9;1;0;0
536569799;155 724 125;A01;0;7;0;2;2;15;3
536569799;155 724 126;B01;0;33;0;2;1;2;1
536569800;155 724 119;B01;1;7;0;2;2;1;1
536569800;155 724 121;A01;1;7;0;2;3;13;1
536569801;155 724 118;A01;0;7;0;2;3;17;1
536569801;155 724 120;B01;1;31;0;2;7;3;1
536569802;155 724 117;B01;1;7;8;2;8;1;1
536569802;155 724 122;A01;1;7;8;2;1;9;1
536569803;155 724 115;A01;1;7;10;0;2;14;1
536569804;155 724 113;A01;3;7;0;2;8;9;1
536569804;155 724 116;B01;1;7;0;2;1;1;1
536569805;155 724 112;A01;1;10;0;2;3;15;1
536569805;155 724 114;B01;1;32;0;1;1;1;1
536569806;155 724 111;A01;0;7;0;1;3;15;1
536569807;155 724 108;Z01;2;7;0;2;0;0;0
536569807;155 724 109;A01;2;50;0;2;0;0;3
536569808;155 724 107;B01;3;10;0;2;1;0;1
536569808;155 724 110;A01;3;7;0;2;7;1;1
536569809;155 724 105;A01;2;7;0;2;1;13;1
536569809;155 724 106;B01;1;7;0;2;1;1;1
536569810;155 724 103;A01;1;7;1;0;0;22;1
536569810;155 724 104;B01;1;2;0;2;8;22;1
536569811;155 724 101;A01;1;7;0;0;0;0;1
536569812;155 724 100;A01;1;2;0;0;0;1;1
536569813;155 724 099;A01;1;32;0;2;1;1;1
536569813;155 724 102;B01;2;10;16;2;0;15;1
536569814;155 724 098;A01;2;7;13;0;1;5;1
536569815;155 724 097;A01;1;30;0;0;7;26;1
536569816;155 724 094;A01;2;33;13;0;9;1;1
536569817;155 724 093;B01;3;7;0;2;0;13;2
536569817;155 724 096;A01;2;33;0;2;3;17;1
536569818;155 724 095;A01;3;31;0;0;8;1;1
536569819;155 724 092;A01;2;33;0;0;0;0;1
536569820;155 724 090;B01;3;34;0;2;7;1;1
536569820;155 724 091;A01;3;7;0;2;1;1;2
536569821;155 724 089;A01;1;7;6;0;1;26;1
536569822;155 724 088;A01;1;7;2;0;1;6;1
536569823;155 724 086;A01;1;7;6;0;1;1;1
536569824;155 724 083;C01;1;7;0;2;4;2;1
536569824;155 724 084;A01;2;7;0;2;1;1;1
536569824;155 724 087;B01;1;7;0;2;4;2;2
536569825;155 724 082;B01;2;2;0;2;8;1;1
536569825;155 724 085;A01;1;7;0;2;2;1;1
536569826;155 724 081;A01;1;7;13;0;2;1;1
536569827;155 724 079;B01;0;50;0;2;1;1;3
536569827;155 724 080;A01;0;7;0;9;2;9;1
536569828;155 724 076;B01;1;33;0;2;1;1;1
536569828;155 724 078;A01;2;7;0;2;2;15;1
536569829;155 724 075;B01;1;7;0;0;1;26;0
536569829;155 724 077;A01;1;7;0;2;4;0;0
536569830;155 724 074;A01;1;7;0;1;1;1;2
536569831;155 724 073;A01;0;31;0;0;1;0;1
536569832;155 724 068;A01;2;7;13;0;1;1;1
536569833;155 724 069;B01;3;7;0;2;8;15;1
536569833;155 724 072;A01;2;30;0;2;1;17;1
536569834;155 724 070;A01;3;7;0;2;1;9;2
536569834;155 724 071;B01;0;7;0;2;3;1;1
536569835;155 724 066;A01;1;10;0;1;4;4;3
536569836;155 724 064;A01;2;7;0;2;3;17;1
536569836;155 724 067;B01;1;7;0;2;3;1;1
536569837;155 724 063;A01;1;7;0;2;2;15;1
536569837;155 724 065;B01;2;2;0;2;1;1;1
536569838;155 724 061;A01;1;33;2;0;0;2;1
536569839;155 724 060;A01;1;50;0;2;8;1;3
536569839;155 724 062;B01;2;10;0;2;2;1;1
536569840;155 724 058;B01;3;7;0;1;0;0;0
536569841;155 724 057;B01;2;38;0;0;5;15;1
536569841;155 724 059;A01;1;2;0;2;1;1;1
536569842;155 724 056;A01;1;31;0;2;7;16;1
536569843;155 724 053;A01;1;1;0;2;3;1;5
536569843;155 724 055;B01;1;7;0;2;3;15;1
536569844;155 724 052;A01;1;10;0;1;2;1;1
536569845;155 724 048;B01;0;10;0;2;3;9;1
536569845;155 724 050;A01;2;10;0;2;1;26;1
536569846;155 724 049;A01;2;7;0;2;2;15;1
536569846;155 724 051;B01;1;7;0;2;1;1;1
536569847;155 724 046;A01;1;7;0;2;4;2;1
536569847;155 724 047;B01;1;13;0;2;1;2;1
536569848;155 724 044;A01;3;7;0;2;1;2;1
536569848;155 724 045;B01;3;30;0;2;4;0;3
536569849;155 724 043;A01;1;7;13;0;1;13;1
536569850;155 724 042;A01;2;7;0;1;3;1;1
536569851;155 724 041;A01;1;10;1;0;2;1;0
536569852;155 724 040;A01;2;7;2;0;1;1;1
536569853;155 724 035;A01;1;7;0;2;1;2;2
536569853;155 724 038;B01;1;7;0;2;4;1;1
536569854;155 724 036;A01;1;7;0;2;3;9;1
536569854;155 724 039;B01;1;1;0;2;1;1;5
536569855;155 724 037;A01;3;7;2;0;3;1;1
536569856;155 724 031;B01;1;7;0;2;7;1;1
536569856;155 724 034;A01;3;50;0;2;1;1;3
536569857;155 724 030;A01;0;34;0;2;3;13;1
536569857;155 724 032;B01;3;7;0;2;3;1;1
536569858;155 724 029;A01;3;7;0;2;7;15;1
536569858;155 724 033;B01;3;7;8;2;1;1;1
536569859;155 724 028;A01;1;7;1;0;3;13;2
536569860;155 724 026;A01;3;7;1;0;1;14;1
536569861;155 724 025;B01;2;7;3;0;4;2;1
536569861;155 724 027;A01;2;10;0;2;1;2;1
536569862;155 724 024;A01;2;31;0;0;1;0;1
536569863;155 724 020;A01;1;1;0;0;0;26;5
536569864;155 724 019;A01;3;7;0;2;1;2;1
536569864;155 724 023;B01;3;7;0;2;4;23;1
536569865;155 724 018;A01;1;10;0;2;1;2;1
536569865;155 724 021;B01;1;7;0;2;4;2;1
536569865;155 724 022;C01;1;15;0;0;4;11;1
536569866;155 724 015;A01;2;7;0;2;2;13;1
536569866;155 724 017;B01;1;7;0;2;1;1;1
536569867;155 724 014;A01;1;10;0;1;2;1;1
536569868;155 724 013;A01;3;7;0;2;7;19;1
536569868;155 724 016;B01;1;33;0;2;1;1;1
536569869;155 724 009;A01;1;7;0;2;2;26;1
536569869;155 724 010;B01;1;7;0;2;6;1;1
536569869;155 724 012;C01;1;7;0;2;4;1;1
536569870;155 724 007;A01;1;10;3;0;8;1;1
536569871;155 724 008;A01;2;7;0;2;6;15;1
536569871;155 724 011;B01;2;2;0;2;1;0;1
536569872;155 724 005;B01;1;7;0;2;7;0;1
536569872;155 724 006;A01;1;31;0;2;8;9;3
536569873;155 724 002;A01;1;7;0;2;1;0;1
536569873;155 724 004;B01;2;7;0;2;3;0;1
536569874;155 724 001;B01;2;31;0;2;1;3;1
536569874;155 724 003;A01;2;7;0;2;3;15;1
536569875;155 724 000;A01;1;33;0;0;0;0;0
536569876;155 723 998;A01;1;33;0;0;0;0;1