Num_Acc;id_vehicule;num_veh;senc;catv;obs;obsm;choc;manv;motor
536569877;155 723 997;A01;0;33;1;0;1;14;1
536569877;155 723 999;B01;0;7;0;2;2;23;1
536569878;155 723 995;B01;0;50;0;2;1;1;3
536569878;155 723 996;A01;0;7;0;2;3;26;1
536569879;155 723 993;A01;3;36;0;0;1;14;1
536569880;155 723 992;A01;1;2;0;2;2;17;1
536569880;155 723 994;B01;1;7;4;2;0;13;1
536569881;155 723 988;A01;3;10;0;2;1;1;1
536569881;155 723 990;B01;2;7;0;2;3;1;1
536569882;155 723 986;A01;1;10;0;2;6;15;1
536569882;155 723 987;B01;1;33;0;2;1;17;1
536569883;155 723 984;A01;0;2;6;0;1;0;1
536569884;155 723 983;A01;1;7;0;1;3;19;1
536569885;155 723 980;A01;1;7;0;2;2;21;1
536569885;155 723 982;B01;2;10;0;2;3;21;1
536569886;155 723 979;A01;3;17;0;2;0;1;1
536569886;155 723 981;B01;3;1;0;2;0;1;5
536569887;155 723 976;A01;1;10;6;0;1;1;1
536569888;155 723 973;A01;1;36;0;2;1;26;1
536569888;155 723 975;B01;1;7;0;2;2;1;1
536569889;155 723 971;A01;2;7;0;2;1;17;1
536569889;155 723 972;B01;1;7;0;2;1;1;1
536569889;155 723 974;C01;1;7;0;2;6;1;1
536569889;155 723 977;D01;1;7;0;2;4;1;1
536569890;155 723 969;A01;2;7;2;0;1;1;0
536569891;155 723 968;A01;0;7;0;2;8;1;1
536569891;155 723 970;B01;0;2;0;2;1;1;1
536569892;155 723 966;A01;2;7;0;2;1;13;1
536569892;155 723 967;B01;1;7;0;2;3;1;1
536569893;155 723 965;A01;1;2;6;0;1;1;1
536569894;155 723 964;A01;1;7;2;0;3;0;2
536569895;155 723 963;A01;2;7;8;0;8;1;1
536569896;155 723 962;A01;2;7;0;0;1;1;1
536569897;155 723 961;A01;3;7;0;1;1;1;1
536569898;155 723 960;A01;1;7;8;0;1;1;1
536569899;155 723 956;A01;1;33;0;2;7;17;1
536569899;155 723 959;B01;1;7;0;2;3;15;1
536569900;155 723 955;A01;1;7;0;2;1;2;1
536569900;155 723 958;B01;1;7;0;2;4;2;1
536569901;155 723 954;A01;1;7;0;2;2;13;1
536569901;155 723 957;B01;2;7;0;2;1;1;2
536569902;155 723 953;A01;1;7;0;0;0;1;1
536569903;155 723 951;B01;1;10;4;2;3;1;0
536569903;155 723 952;A01;1;37;0;2;3;1;1
536569904;155 723 950;A01;2;7;0;1;1;0;1
536569905;155 723 949;A01;3;10;0;1;1;26;1
536569906;155 723 945;A01;2;7;2;0;5;13;1
536569907;155 723 944;A01;2;7;0;2;1;1;1
536569907;155 723 947;B01;1;1;0;2;8;19;5
536569908;155 723 946;A01;1;7;0;2;3;16;1
536569908;155 723 948;B01;2;7;0;2;3;1;1
536569909;155 723 940;B01;1;7;0;0;8;1;1
536569909;155 723 943;A01;2;7;0;2;3;13;1
536569910;155 723 941;A01;1;30;0;0;8;1;1
536569911;155 723 939;B01;2;2;0;2;2;1;1
536569911;155 723 942;A01;1;7;0;2;8;15;1
536569912;155 723 935;B01;1;7;0;2;1;1;1
536569912;155 723 938;A01;1;7;0;2;1;13;1
536569913;155 723 933;A01;3;2;0;2;8;19;1
536569913;155 723 937;B01;2;7;0;2;3;1;1
536569914;155 723 934;B01;1;1;0;2;1;0;5
536569914;155 723 936;A01;2;7;0;2;1;1;2
536569915;155 723 932;A01;0;7;0;1;2;1;1
536569916;155 723 930;A01;1;7;13;0;9;1;1
536569916;155 723 931;B01;2;7;0;0;0;5;0
536569917;155 723 929;A01;2;7;0;1;1;1;1
536569918;155 723 926;A01;1;7;0;2;8;1;1
536569918;155 723 928;B01;1;7;0;2;1;1;1
536569919;155 723 923;B01;1;7;0;2;1;1;1
536569919;155 723 925;A01;2;7;0;2;1;15;1
536569919;155 723 927;C01;1;38;0;2;8;1;1
536569920;155 723 922;B01;3;7;0;2;1;1;1
536569920;155 723 924;A01;3;50;0;2;1;1;3
536569921;155 723 920;A01;2;99;0;2;8;1;3
536569921;155 723 921;B01;1;7;0;2;3;15;1
536569922;155 723 919;A01;1;7;16;0;0;13;1
536569923;155 723 915;A01;2;3;15;0;3;0;1
536569924;155 723 917;A01;2;7;0;2;1;15;1
536569924;155 723 918;B01;1;1;0;2;8;1;5
536569925;155 723 914;A01;2;7;3;0;1;0;1
536569926;155 723 912;A01;1;7;4;0;1;1;1
536569927;155 723 911;A01;3;7;0;2;1;19;1
536569927;155 723 913;B01;3;50;0;2;1;19;3
536569928;155 723 908;A01;1;7;0;2;3;13;1
536569928;155 723 910;B01;2;33;0;2;1;1;1
536569929;155 723 907;B01;2;7;0;2;3;1;1
536569929;155 723 909;A01;2;7;0;2;4;14;1
536569930;155 723 905;A01;3;7;0;2;2;15;1
536569930;155 723 906;B01;3;30;0;2;6;1;1
536569931;155 723 901;B01;2;7;0;2;4;1;1
536569931;155 723 902;A01;2;33;0;2;1;2;1
536569932;155 723 900;A01;1;7;0;2;2;15;1
536569932;155 723 903;B01;2;7;0;2;1;1;1
536569933;155 723 898;B01;1;7;0;2;0;0;1
536569933;155 723 899;A01;1;7;0;2;4;26;1
536569934;155 723 904;A01;1;7;2;0;3;1;1
536569935;155 723 895;A01;1;7;0;2;1;13;1
536569935;155 723 896;B01;2;7;0;2;6;21;1
536569935;155 723 897;C01;2;7;0;2;1;1;1
536569936;155 723 894;A01;2;7;3;0;9;1;1
536569937;155 723 892;A01;2;7;0;2;1;2;1
536569937;155 723 893;B01;2;7;0;2;4;2;1
536569938;155 723 887;A01;1;7;0;2;3;15;1
536569938;155 723 891;B01;1;33;0;0;5;1;1
536569939;155 723 888;B01;2;50;0;2;2;9;3
536569939;155 723 890;A01;2;7;0;2;2;1;1
536569940;155 723 886;A01;1;7;0;2;1;2;1
536569940;155 723 889;B01;1;10;0;2;4;1;1
536569941;155 723 885;A01;1;7;4;0;3;1;1
536569942;155 723 883;A01;1;31;16;0;7;26;1
536569943;155 723 882;B01;1;31;0;2;1;1;1
536569943;155 723 884;A01;1;10;0;2;8;9;1
536569944;155 723 878;B01;2;2;0;2;3;15;1
536569944;155 723 881;A01;2;10;0;2;2;17;1
536569945;155 723 877;A01;2;30;0;2;8;1;1
536569945;155 723 879;B01;2;7;0;9;5;1;1
536569946;155 723 875;A01;1;7;0;2;1;2;1
536569946;155 723 876;B01;1;7;1;2;4;2;1
536569946;155 723 880;C01;1;7;0;2;4;2;1
536569947;155 723 873;A01;2;7;0;0;0;15;1
536569947;155 723 874;B01;1;31;13;0;7;0;1
536569948;155 723 872;A01;2;7;3;0;2;12;1
536569949;155 723 870;A01;2;7;0;2;1;2;1
536569949;155 723 871;B01;2;7;0;2;4;0;1
536569950;155 723 866;A01;1;7;0;2;4;1;1
536569950;155 723 868;B01;1;7;0;2;4;2;1
536569950;155 723 869;C01;1;7;0;2;1;2;1
536569951;155 723 865;A01;2;7;0;2;5;15;1
536569951;155 723 867;B01;1;34;0;2;1;1;1
536569952;155 723 861;A01;1;31;0;2;2;17;1
536569952;155 723 863;B01;1;7;0;2;3;15;1
536569953;155 723 860;A01;1;7;0;2;3;13;1
536569953;155 723 862;C01;1;10;0;2;6;0;1
536569953;155 723 864;B01;1;7;0;2;2;1;2
536569954;155 723 857;A01;1;7;0;2;3;15;1
536569954;155 723 859;B01;1;33;0;2;1;17;1
536569955;155 723 856;B01;2;7;0;2;0;12;1
536569955;155 723 858;A01;2;33;0;2;7;3;1
536569956;155 723 853;A01;1;7;0;2;1;0;1
536569956;155 723 855;B01;1;80;0;2;4;1;3
536569957;155 723 852;B01;1;7;4;2;4;1;1
536569957;155 723 854;A01;1;7;0;2;1;1;1
536569958;155 723 849;B01;1;1;0;2;1;1;5
536569958;155 723 851;A01;1;7;0;2;3;0;1
536569959;155 723 848;A01;1;33;0;2;1;2;1
536569959;155 723 850;B01;1;7;0;2;4;0;1
536569960;155 723 847;A01;3;37;0;1;2;15;1
536569961;155 723 845;B01;3;50;0;2;6;0;3
536569961;155 723 846;A01;3;32;0;2;2;21;1
536569962;155 723 842;A01;2;33;4;0;9;26;1
536569963;155 723 843;A01;3;7;0;2;5;2;1
536569963;155 723 844;B01;3;7;0;2;5;2;1
536569964;155 723 839;A01;2;7;0;2;1;5;1
536569964;155 723 841;B01;1;7;0;2;1;1;1
536569965;155 723 838;A01;3;7;0;2;7;15;1
536569965;155 723 840;B01;3;7;0;2;2;1;1
536569966;155 723 835;A01;2;7;0;2;3;10;1
536569966;155 723 836;B01;1;31;0;2;8;1;1
536569967;155 723 834;B01;1;33;12;0;0;1;1
536569967;155 723 837;A01;3;3;0;2;0;15;0
536569968;155 723 833;A01;3;7;0;1;2;1;1
536569969;155 723 831;A01;1;32;0;2;7;15;1
536569969;155 723 832;B01;2;10;0;2;7;1;1
536569970;155 723 830;A01;2;7;0;1;7;1;1
536569971;155 723 829;A01;3;33;0;0;7;1;1
536569972;155 723 827;A01;1;7;6;0;1;0;1
536569973;155 723 826;A01;3;50;0;2;8;19;3
536569973;155 723 828;B01;3;7;0;9;3;2;1
536569974;155 723 824;A01;1;33;0;2;1;0;1
536569974;155 723 825;B01;1;7;0;0;0;0;0
536569975;155 723 821;A01;1;7;0;2;3;1;1
536569975;155 723 823;B01;2;2;0;2;1;1;1
536569976;155 723 820;A01;2;7;0;2;7;14;1
536569976;155 723 822;B01;3;37;0;2;8;7;0
536569977;155 723 817;A01;2;7;0;2;2;2;1
536569977;155 723 819;B01;2;7;0;2;4;2;1
536569978;155 723 818;A01;2;1;0;2;1;25;5
536569979;155 723 813;A01;2;7;0;2;2;16;1
536569979;155 723 815;B01;2;43;0;2;3;16;1
536569980;155 723 812;A01;2;7;0;2;3;26;1
536569980;155 723 814;B01;1;10;0;2;3;26;1
536569981;155 723 811;A01;0;3;0;1;1;1;0
536569982;155 723 808;A01;1;7;0;2;1;1;0
536569982;155 723 809;B01;1;7;0;2;1;1;1
536569982;155 723 810;C01;1;7;0;2;1;1;1
536569983;155 723 806;A01;0;10;0;2;7;16;1
536569983;155 723 807;B01;0;13;0;2;1;1;0
536569984;155 723 805;A01;2;30;0;1;1;1;3
536569985;155 723 802;B01;1;1;0;2;1;1;5
536569985;155 723 804;A01;2;7;0;2;2;15;1
536569986;155 723 801;A01;1;7;0;2;1;1;1
536569986;155 723 803;B01;2;7;0;2;3;15;1
536569987;155 723 799;B01;1;7;0;2;4;1;1
536569987;155 723 800;A01;1;10;0;2;1;2;1
536569988;155 723 797;A01;3;30;0;1;7;16;1
536569989;155 723 796;B01;2;7;0;2;1;15;1
536569989;155 723 798;A01;1;33;0;2;1;3;1
536569990;155 723 794;B01;3;50;0;2;7;19;3
536569990;155 723 795;A01;3;7;0;0;7;16;0
536569991;155 723 793;A01;3;32;0;0;0;0;1
536569992;155 723 791;A01;2;2;0;2;3;1;1
536569992;155 723 792;B01;1;7;0;2;2;15;3
536569993;155 723 790;A01;1;7;0;1;3;1;1
536569994;155 723 789;A01;1;7;0;1;3;0;3
536569995;155 723 787;A01;2;7;0;2;3;13;1
536569995;155 723 788;B01;1;7;0;2;3;1;1
536569996;155 723 786;A01;1;7;0;1;1;15;2
536569997;155 723 783;A01;3;7;1;0;4;1;1
536569997;155 723 785;B01;3;7;0;2;1;1;1
536569998;155 723 782;A01;1;7;0;2;7;15;1
536569998;155 723 784;B01;2;33;0;2;1;1;1
536569999;155 723 781;Z01;1;10;0;1;1;26;1
536570000;155 723 778;C01;2;7;0;2;4;1;1
536570000;155 723 779;A01;2;7;0;2;1;1;1
536570000;155 723 780;B01;2;10;0;2;4;1;1
536570001;155 723 777;A01;2;7;1;0;2;14;1
536570002;155 723 775;A01;2;7;0;9;3;20;1
536570002;155 723 776;B01;2;50;0;2;2;0;3
536570003;155 723 773;A01;1;7;0;9;2;1;1
536570003;155 723 774;B01;2;50;0;2;3;26;3
536570004;155 723 771;A01;2;33;0;2;1;1;1
536570004;155 723 772;B01;1;7;0;9;1;15;1
536570005;155 723 769;A01;3;7;0;2;3;13;1
536570005;155 723 770;B01;3;10;0;2;3;1;1
536570006;155 723 768;A01;3;7;0;1;1;1;1
536570007;155 723 767;A01;3;50;0;0;0;1;3
536570008;155 723 765;A01;1;7;0;2;1;15;1
536570008;155 723 766;B01;1;33;0;2;2;1;1
536570009;155 723 764;A01;2;7;0;1;2;2;1
536570010;155 723 762;A01;0;7;1;2;1;1;1
536570010;155 723 763;B01;0;7;0;2;4;20;1
536570011;155 723 760;A01;3;30;0;2;8;9;1
536570011;155 723 761;B01;3;7;0;2;2;1;1
536570012;155 723 759;A01;2;7;0;1;5;26;2
536570013;155 723 756;B01;2;32;0;2;1;1;1
536570013;155 723 758;A01;1;10;0;2;0;15;0
536570014;155 723 754;C01;1;7;0;2;3;0;1
536570014;155 723 755;A01;1;7;0;2;3;1;1
536570014;155 723 757;B01;1;7;0;2;5;0;1
536570015;155 723 752;A01;3;50;0;1;1;2;3
536570016;155 723 751;A01;3;7;0;2;2;15;1
536570016;155 723 753;B01;3;50;0;2;1;1;3
536570017;155 723 748;A01;1;50;0;2;1;3;3
536570017;155 723 750;B01;2;7;0;2;3;0;1
536570018;155 723 744;E01;1;7;0;2;1;2;1
536570018;155 723 745;D01;1;7;0;2;1;2;1
536570018;155 723 746;A01;1;7;0;2;4;2;1
536570018;155 723 747;B01;1;7;0;2;1;2;1
536570018;155 723 749;C01;1;7;0;2;1;2;1
536570019;155 723 742;A01;1;7;0;2;8;15;1
536570019;155 723 743;B01;1;32;0;2;7;17;1
536570020;155 723 740;B01;3;7;1;2;3;1;1
536570020;155 723 741;A01;3;7;0;2;3;13;1
536570021;155 723 738;A01;3;7;0;2;1;2;1
536570021;155 723 739;B01;3;10;0;2;4;2;1
536570022;155 723 736;A01;0;7;0;2;2;17;0
536570022;155 723 737;B01;0;7;0;2;6;1;1
536570023;155 723 735;A01;1;7;0;1;2;1;1
536570024;155 723 733;B01;3;50;0;2;1;1;3
536570024;155 723 734;A01;3;7;0;2;2;15;1
536570025;155 723 730;A01;0;10;0;2;1;1;1
536570025;155 723 731;B01;3;7;0;2;4;1;1
536570026;155 723 729;A01;0;7;0;9;2;9;1
536570026;155 723 732;B01;0;1;0;2;8;1;5
536570027;155 723 728;A01;1;10;0;1;5;4;1
536570028;155 723 726;A01;2;7;0;2;3;18;1
536570028;155 723 727;B01;2;7;0;2;7;1;1
536570029;155 723 724;A01;2;7;0;2;2;15;1
536570029;155 723 725;B01;2;2;0;2;1;1;1
536570030;155 723 723;A01;3;7;0;0;3;26;1
536570031;155 723 721;A01;2;7;0;2;1;15;1
536570031;155 723 722;B01;1;33;0;2;8;1;1
536570032;155 723 719;A01;1;7;0;2;2;16;1
536570032;155 723 720;B01;1;50;0;2;1;25;3
536570033;155 723 716;A01;3;7;0;2;3;15;1
536570033;155 723 717;B01;3;33;0;2;1;17;1
536570034;155 723 715;B01;2;34;0;2;1;1;1
536570034;155 723 718;A01;1;7;0;2;5;19;2
536570035;155 723 713;A01;2;32;14;0;1;17;1
536570036;155 723 712;A01;0;7;0;2;1;1;1
536570036;155 723 714;B01;0;7;0;0;4;1;1
536570037;155 723 709;A01;3;10;0;1;4;20;1
536570038;155 723 710;A01;3;7;0;9;3;19;1
536570038;155 723 711;B01;3;50;0;2;2;19;3
536570039;155 723 708;A01;1;80;0;0;1;1;3
536570040;155 723 703;A01;1;7;0;2;3;15;1
536570040;155 723 705;B01;2;30;0;2;1;1;1
536570041;155 723 702;A01;1;7;0;2;6;3;1
536570041;155 723 704;B01;1;7;0;2;6;1;1
536570042;155 723 698;A01;3;7;0;1;8;1;3
536570043;155 723 697;A01;1;7;0;2;1;0;2
536570043;155 723 699;C01;2;7;0;2;9;1;1
536570043;155 723 700;D01;2;10;0;2;4;2;1
536570043;155 723 701;B01;2;7;0;2;1;1;1
536570044;155 723 696;A01;3;7;13;0;1;9;1
536570045;155 723 694;A01;1;7;0;9;1;13;1
536570045;155 723 695;B01;2;50;0;2;1;1;3
536570046;155 723 692;B01;2;50;0;2;1;1;3
536570046;155 723 693;A01;2;7;0;2;3;1;1
536570047;155 723 689;A01;3;7;2;0;8;0;1
536570048;155 723 690;A01;2;32;0;2;2;21;1
536570048;155 723 691;B01;2;33;0;2;6;1;1
536570049;155 723 688;A01;1;10;0;1;1;1;1
536570050;155 723 686;A01;1;33;0;2;1;2;1
536570050;155 723 687;B01;1;7;0;2;5;2;1
536570051;155 723 685;A01;3;34;0;0;0;0;1
536570052;155 723 684;A01;1;1;0;1;1;1;5
536570053;155 723 683;A01;3;7;1;1;4;4;2
536570054;155 723 682;A01;2;1;0;1;1;1;5
536570055;155 723 680;A01;0;7;0;2;1;2;1
536570055;155 723 681;B01;0;7;0;2;4;1;1
536570056;155 723 676;C01;1;1;0;2;7;3;5
536570056;155 723 678;A01;1;14;0;2;5;15;1
536570056;155 723 679;B01;1;7;0;2;8;16;1
536570057;155 723 675;B01;1;50;0;2;1;19;3
536570057;155 723 677;A01;1;7;0;9;1;2;1
536570058;155 723 673;B01;1;80;0;2;8;1;3
536570058;155 723 674;Z01;1;7;0;2;7;1;1
536570059;155 723 672;A01;1;7;0;1;1;15;2
536570060;155 723 670;A01;2;7;8;0;8;0;1
536570061;155 723 669;Z01;3;7;0;2;1;5;1
536570061;155 723 671;A01;3;30;0;2;1;1;1
536570062;155 723 667;B01;1;33;0;2;1;1;1
536570062;155 723 668;A01;2;10;0;2;7;15;1
536570063;155 723 666;A01;2;7;0;1;1;16;2
536570064;155 723 663;B01;0;7;0;2;2;26;1
536570064;155 723 665;A01;0;7;0;2;3;26;1
536570065;155 723 662;A01;1;32;0;2;7;3;1
536570065;155 723 664;B01;1;7;0;2;1;15;1
536570066;155 723 660;B01;1;1;1;0;4;14;5
536570066;155 723 661;A01;1;7;1;0;4;13;1
536570067;155 723 659;A01;1;80;0;0;8;21;3
536570068;155 723 657;B01;1;33;0;2;4;1;1
536570068;155 723 658;A01;1;7;0;2;1;1;2
536570069;155 723 656;A01;1;7;0;1;3;1;1
536570070;155 723 654;A01;2;7;0;2;2;16;3
536570070;155 723 655;B01;2;50;0;2;8;1;3
536570071;155 723 649;B01;2;2;0;2;8;1;1
536570071;155 723 652;A01;2;7;0;2;1;1;1
536570072;155 723 650;A01;1;10;0;2;2;10;1
536570072;155 723 651;B01;1;34;0;2;3;1;1
536570073;155 723 647;A01;2;13;0;2;2;15;1
536570073;155 723 648;B01;1;33;0;2;1;1;1
536570074;155 723 646;A01;1;1;0;1;1;5;5
536570075;155 723 643;A01;2;7;0;2;6;1;1
536570075;155 723 645;B01;2;10;0;2;2;2;1
536570076;155 723 642;A01;1;7;0;2;3;15;1
536570076;155 723 644;B01;2;1;0;2;1;1;5
536570077;155 723 640;A01;1;1;0;1;1;1;5
536570078;155 723 639;B01;1;7;0;2;3;15;1
536570078;155 723 641;A01;2;1;0;2;1;17;5
536570079;155 723 637;A01;2;33;0;2;3;1;1
536570079;155 723 638;B01;2;7;0;2;2;12;1
536570080;155 723 635;A01;1;7;0;2;2;15;2
536570080;155 723 636;B01;1;2;0;2;1;1;1
536570081;155 723 633;A01;2;34;0;2;2;3;1
536570081;155 723 634;B01;2;7;0;2;3;1;2
536570082;155 723 631;B01;2;10;0;2;4;16;1
536570082;155 723 632;A01;2;1;0;2;1;1;5
536570083;155 723 628;A01;2;10;0;2;8;24;1
536570083;155 723 630;B01;2;60;1;0;1;14;5
536570084;155 723 627;A01;1;7;0;2;2;10;1
536570084;155 723 629;B01;1;32;0;2;3;1;1
536570085;155 723 626;A01;2;2;12;0;1;1;3
536570086;155 723 624;A01;2;33;0;2;7;17;1
536570086;155 723 625;B01;0;7;0;2;3;15;1
536570087;155 723 623;A01;2;7;8;1;3;13;2
536570088;155 723 621;B01;1;50;0;2;1;1;3
536570088;155 723 622;A01;1;7;0;9;1;1;1
536570089;155 723 618;B01;2;50;0;0;1;25;3
536570089;155 723 620;A01;1;7;0;9;3;1;1
536570090;155 723 619;A01;1;33;0;1;3;1;1
536570091;155 723 616;A01;1;7;0;0;4;1;1
536570091;155 723 617;B01;1;34;0;0;0;0;1
536570092;155 723 614;Z01;1;7;0;1;1;1;1
536570093;155 723 611;A01;2;7;0;2;1;1;1
536570093;155 723 612;B01;1;7;0;2;2;15;1
536570094;155 723 613;A01;1;7;0;9;1;1;1
536570094;155 723 615;B01;1;1;0;2;8;1;5
536570095;155 723 610;A01;1;7;0;1;3;1;2
536570096;155 723 609;A01;2;7;0;1;2;16;1
536570097;155 723 607;B01;2;50;0;2;8;26;3
536570097;155 723 608;A01;2;7;0;2;1;11;1
536570098;155 723 605;A01;3;7;0;2;1;5;0
536570098;155 723 606;B01;2;7;0;2;1;1;0
536570099;155 723 603;A01;1;33;0;2;7;1;1
536570099;155 723 604;B01;1;7;0;2;3;11;3
536570100;155 723 601;A01;2;7;0;2;3;13;1
536570100;155 723 602;B01;1;7;0;2;3;1;1
536570101;155 723 599;B01;2;2;0;2;1;5;0
536570101;155 723 600;A01;0;7;0;2;3;2;0
536570102;155 723 598;A01;3;30;0;1;1;1;1
536570103;155 723 597;A01;3;7;0;1;1;1;1
536570104;155 723 596;A01;2;7;9;0;1;16;1
536570105;155 723 595;A01;2;7;0;1;2;21;1
536570106;155 723 593;A01;2;7;0;1;5;2;1
536570106;155 723 594;B01;2;7;0;2;1;1;1
536570107;155 723 592;A01;2;30;0;0;8;1;1
536570108;155 723 591;A01;3;7;1;0;3;1;1
536570109;155 723 589;A01;2;7;0;2;8;15;1
536570109;155 723 590;B01;2;33;0;2;1;1;1
536570110;155 723 587;A01;2;7;0;0;0;0;1
536570110;155 723 588;B01;2;7;9;2;1;0;1
536570111;155 723 585;B01;1;33;0;2;1;1;1
536570111;155 723 586;A01;2;7;0;2;5;15;1
536570112;155 723 584;A01;3;10;1;0;1;21;1
536570113;155 723 583;A01;2;43;0;1;1;1;1
536570114;155 723 581;A01;2;34;0;2;2;15;1
536570114;155 723 582;B01;2;30;0;2;3;1;1
536570115;155 723 579;B01;3;32;0;2;7;1;1
536570115;155 723 580;A01;3;7;0;2;8;10;1
536570116;155 723 577;B01;1;7;0;2;8;1;1
536570116;155 723 578;A01;2;7;0;2;3;19;1
536570117;155 723 576;A01;3;33;15;0;7;14;1
536570118;155 723 575;A01;1;7;15;0;1;1;1
536570119;155 723 572;A01;1;7;3;6;1;1;1
536570119;155 723 573;B01;1;7;3;2;5;23;2
536570119;155 723 574;C01;1;7;1;0;3;2;1
536570120;155 723 570;B01;2;7;0;2;3;0;1
536570120;155 723 571;A01;3;1;0;2;0;19;5
536570121;155 723 569;A01;1;7;13;0;1;14;1
536570122;155 723 568;A01;1;7;2;0;7;0;1
536570123;155 723 566;A01;1;7;13;2;8;13;1
536570123;155 723 567;B01;2;7;13;2;8;13;1
536570124;155 723 565;A01;1;1;0;0;8;11;5
536570125;155 723 563;A01;2;10;0;2;1;9;1
536570125;155 723 564;B01;2;1;0;2;7;15;5
536570126;155 723 561;B01;2;80;0;2;1;1;3
536570126;155 723 562;A01;2;7;0;2;2;19;1
536570127;155 723 560;A01;1;31;0;0;8;1;1
536570128;155 723 559;A01;1;7;13;0;7;14;1
536570129;155 723 557;A01;0;2;0;2;1;13;1
536570129;155 723 558;B01;0;10;0;2;1;1;1
536570130;155 723 555;A01;1;7;0;2;1;1;1
536570130;155 723 556;B01;2;7;0;2;1;13;1
536570131;155 723 554;A01;1;7;8;0;3;1;1
536570132;155 723 553;A01;1;7;0;0;1;1;1
536570133;155 723 551;A01;1;7;0;2;1;13;1
536570133;155 723 552;B01;2;7;0;2;1;1;1
536570134;155 723 549;A01;1;7;0;2;1;0;1
536570134;155 723 550;B01;2;7;0;2;1;0;1
536570135;155 723 547;A01;1;7;0;2;1;1;1
536570135;155 723 548;B01;2;7;0;2;1;5;1
536570136;155 723 546;A01;2;7;2;0;1;1;1
536570137;155 723 544;A01;1;2;0;2;1;0;1
536570137;155 723 545;B01;2;7;6;2;3;1;1
536570138;155 723 542;B01;2;17;0;0;6;1;1
536570138;155 723 543;A01;2;7;0;2;2;1;1
536570139;155 723 541;A01;2;7;6;0;2;1;1
536570140;155 723 539;A01;1;7;0;2;1;2;1
536570140;155 723 540;B01;1;7;0;0;4;1;1
536570141;155 723 537;A01;1;7;0;2;7;13;1
536570141;155 723 538;B01;1;7;0;2;1;1;1
536570142;155 723 535;A01;3;7;0;2;4;23;1
536570142;155 723 536;B01;0;10;0;2;1;2;1
536570143;155 723 533;A01;3;34;0;2;7;5;1
536570143;155 723 534;B01;0;7;0;2;3;9;1
536570144;155 723 531;A01;2;7;0;2;7;1;1
536570144;155 723 532;B01;1;7;0;2;1;1;1
536570145;155 723 529;B01;2;7;0;2;1;1;1
536570145;155 723 530;A01;1;7;0;2;1;17;1
536570146;155 723 528;A01;2;2;0;0;0;1;0
536570147;155 723 526;B01;3;7;0;2;6;5;1
536570147;155 723 527;A01;3;43;0;2;3;1;1
536570148;155 723 525;A01;1;7;13;0;3;2;1
536570149;155 723 524;A01;1;7;8;0;1;1;1
536570150;155 723 523;A01;0;7;15;0;1;5;1
536570151;155 723 521;B01;1;7;0;2;3;13;1
536570151;155 723 522;A01;2;7;0;2;3;1;1
536570152;155 723 520;A01;1;33;3;0;2;1;1
536570153;155 723 519;A01;1;7;2;0;1;13;1
536570154;155 723 517;B01;0;30;0;2;1;1;1
536570154;155 723 518;A01;3;7;0;2;7;19;1
536570155;155 723 514;A01;2;7;3;2;0;5;1
536570155;155 723 515;C01;1;7;0;2;3;1;1
536570155;155 723 516;B01;1;7;0;2;3;17;3
536570156;155 723 513;A01;2;7;4;0;1;1;1
536570157;155 723 510;A01;2;7;0;2;1;2;1
536570157;155 723 511;B01;2;10;0;2;7;2;1
536570157;155 723 512;C01;2;33;0;2;1;1;1
536570158;155 723 508;A01;2;33;0;2;0;26;1
536570158;155 723 509;B01;2;7;3;0;4;0;1
536570159;155 723 505;C01;1;7;0;2;1;2;3
536570159;155 723 506;B01;1;7;0;2;4;2;1
536570159;155 723 507;A01;1;7;0;2;1;2;2
536570160;155 723 502;C01;1;7;0;2;6;1;2
536570160;155 723 503;A01;1;7;0;2;2;17;1
536570160;155 723 504;B01;1;7;0;2;6;1;1
536570161;155 723 501;A01;2;7;0;2;1;2;1
536570162;155 723 499;B01;1;7;0;2;2;1;1
536570162;155 723 500;A01;1;34;0;2;1;3;1
536570163;155 723 496;A01;2;7;0;2;3;2;1
536570163;155 723 497;C01;2;7;0;2;4;2;1
536570163;155 723 498;B01;2;7;0;2;4;2;2
536570164;155 723 495;A01;1;7;3;0;1;26;1
536570165;155 723 493;A01;3;10;0;2;2;19;1
536570165;155 723 494;B01;1;10;0;0;7;1;1
536570166;155 723 491;B01;1;7;7;0;1;0;1
536570166;155 723 492;A01;2;7;0;0;0;1;1
536570167;155 723 488;A01;1;37;0;0;0;14;1
536570168;155 723 486;A01;2;7;0;2;1;17;1
536570168;155 723 487;B01;2;7;0;0;8;23;1
536570169;155 723 484;A01;1;7;0;2;1;5;1
536570169;155 723 485;B01;1;7;0;2;3;1;1
536570170;155 723 482;B01;2;33;0;2;1;18;1
536570170;155 723 483;A01;2;10;0;2;2;16;1
536570171;155 723 480;A01;3;10;0;2;3;1;1
536570171;155 723 481;B01;3;33;0;2;3;1;1
536570172;155 723 478;A01;2;7;0;2;1;0;1
536570172;155 723 479;B01;1;7;0;2;1;1;1
536570173;155 723 477;A01;2;7;8;0;1;0;1
536570174;155 723 475;B01;2;7;0;2;5;19;1
536570174;155 723 476;A01;1;33;0;2;1;1;1
536570175;155 723 472;B01;2;7;0;2;1;17;1
536570175;155 723 473;A01;1;7;0;2;1;21;1
536570176;155 723 470;A01;0;33;0;2;3;0;1