Num_Acc;id_vehicule;num_veh;senc;catv;obs;obsm;choc;manv;motor
536570176;155 723 471;B01;1;7;0;2;3;0;2
536570177;155 723 469;A01;1;7;16;0;9;0;1
536570178;155 723 467;B01;1;2;0;0;3;1;1
536570178;155 723 468;A01;2;7;0;0;3;15;1
536570179;155 723 466;A01;2;33;3;0;0;16;1
536570180;155 723 465;A01;1;33;13;0;1;0;1
536570181;155 723 463;A01;1;7;0;2;3;1;1
536570181;155 723 464;B01;2;7;0;2;3;13;1
536570182;155 723 462;A01;2;31;0;0;3;1;1
536570183;155 723 460;A01;1;7;0;2;3;13;1
536570183;155 723 461;B01;2;7;0;2;1;1;1
536570184;155 723 459;A01;1;7;6;0;2;2;1
536570185;155 723 458;A01;2;1;12;0;0;1;5
536570186;155 723 457;A01;1;2;0;6;1;0;1
536570187;155 723 456;A01;0;7;0;0;1;1;1
536570188;155 723 455;A01;1;7;3;0;3;1;2
536570189;155 723 453;A01;2;7;0;2;8;10;1
536570189;155 723 454;B01;2;14;0;2;2;2;1
536570190;155 723 452;A01;3;32;17;0;1;13;1
536570191;155 723 451;A01;1;7;2;0;7;1;1
536570192;155 723 449;A01;1;7;5;0;1;0;1
536570193;155 723 445;B01;2;7;0;2;4;1;1
536570193;155 723 447;A01;2;7;0;2;2;2;1
536570194;155 723 444;A01;1;7;0;2;3;16;3
536570194;155 723 446;B01;1;33;0;2;1;21;1
536570195;155 723 441;A01;3;30;0;0;0;0;1
536570195;155 723 442;Z01;3;0;0;2;1;0;0
536570196;155 723 439;A01;1;7;0;9;2;1;1
536570196;155 723 440;B01;0;1;0;2;0;15;5
536570197;155 723 437;A01;2;33;16;0;3;1;1
536570198;155 723 436;A01;0;7;0;2;2;15;1
536570198;155 723 438;B01;0;30;0;2;1;1;1
536570199;155 723 434;A01;1;7;0;2;2;1;1
536570199;155 723 435;B01;2;33;0;2;2;5;1
536570200;155 723 433;A01;1;0;0;1;0;0;0
536570201;155 723 432;A01;2;7;15;0;1;2;1
536570202;155 723 430;A01;3;7;0;2;1;1;1
536570202;155 723 431;B01;0;2;0;2;1;1;1
536570203;155 723 427;A01;3;50;0;1;1;25;3
536570204;155 723 428;A01;1;7;0;2;2;15;1
536570204;155 723 429;B01;2;32;0;2;1;0;3
536570205;155 723 426;A01;2;7;0;0;9;1;1
536570206;155 723 425;A01;2;32;0;1;1;1;1
536570207;155 723 423;A01;2;7;0;2;3;13;1
536570207;155 723 424;B01;1;7;0;2;3;1;1
536570208;155 723 420;A01;1;7;0;2;8;26;1
536570208;155 723 422;B01;1;32;0;2;1;26;1
536570209;155 723 416;A01;1;7;13;2;7;13;1
536570209;155 723 417;B01;2;7;0;2;1;1;1
536570210;155 723 415;A01;1;7;0;9;2;16;1
536570210;155 723 418;B01;1;50;14;2;1;25;3
536570211;155 723 412;A01;1;10;0;2;1;15;1
536570211;155 723 414;B01;1;1;0;2;7;1;5
536570212;155 723 410;A01;2;7;0;2;1;15;1
536570212;155 723 411;B01;1;33;0;2;8;1;1
536570212;155 723 413;C01;1;33;0;2;7;1;1
536570213;155 723 407;B01;0;33;0;2;1;1;1
536570213;155 723 409;A01;0;7;0;2;2;11;1
536570214;155 723 406;A01;1;7;0;2;2;12;1
536570214;155 723 408;B01;1;33;0;2;3;3;1
536570215;155 723 402;A01;1;31;0;2;6;3;1
536570215;155 723 404;C01;1;7;0;2;6;1;1
536570215;155 723 405;B01;1;31;0;2;5;3;3
536570216;155 723 401;A01;0;7;0;2;2;1;1
536570216;155 723 403;B01;0;7;8;2;3;19;1
536570217;155 723 397;C01;2;7;0;2;7;2;1
536570217;155 723 399;B01;2;7;0;2;6;23;1
536570217;155 723 400;A01;2;7;0;2;1;2;2
536570218;155 723 396;A01;1;7;7;0;1;1;1
536570219;155 723 395;A01;1;7;14;0;3;2;2
536570220;155 723 394;A01;1;3;1;0;1;14;1
536570221;155 723 391;A01;1;31;0;2;1;21;1
536570221;155 723 392;B01;1;7;0;2;6;1;2
536570222;155 723 390;A01;2;7;0;2;1;2;1
536570222;155 723 393;B01;2;7;0;2;4;1;1
536570223;155 723 388;A01;2;7;0;1;5;1;1
536570224;155 723 386;A01;2;7;0;2;1;1;1
536570224;155 723 387;C01;2;10;0;2;4;2;1
536570224;155 723 389;B01;2;7;0;2;4;2;1
536570225;155 723 384;A01;1;7;4;0;9;17;1
536570226;155 723 383;A01;3;2;0;2;3;2;1
536570226;155 723 385;B01;3;10;0;2;2;18;1
536570227;155 723 378;B01;2;10;0;2;3;9;1
536570227;155 723 380;A01;2;31;0;2;2;1;1
536570228;155 723 377;A01;2;7;0;2;1;1;1
536570228;155 723 379;B01;2;10;0;2;4;2;1
536570228;155 723 381;C01;2;7;0;2;4;2;1
536570228;155 723 382;D01;2;7;0;2;4;2;1
536570229;155 723 376;A01;1;2;0;1;1;1;1
536570230;155 723 372;A01;1;7;0;2;3;5;1
536570230;155 723 374;B01;2;7;0;2;3;1;2
536570231;155 723 373;A01;2;7;0;2;4;2;1
536570231;155 723 375;B01;2;7;0;2;1;2;1
536570232;155 723 370;A01;3;7;8;0;1;0;1
536570233;155 723 371;A01;2;50;0;0;0;0;3
536570234;155 723 368;A01;2;33;0;2;2;3;1
536570234;155 723 369;B01;2;7;0;2;6;11;1
536570235;155 723 365;A01;1;7;0;2;3;13;1
536570235;155 723 366;B01;2;7;0;2;3;1;2
536570236;155 723 364;A01;1;7;0;2;2;1;1
536570236;155 723 367;B01;2;32;0;2;3;0;1
536570237;155 723 362;A01;1;7;0;2;1;1;1
536570237;155 723 363;B01;1;14;0;2;4;1;1
536570238;155 723 359;A01;2;15;3;2;1;2;1
536570238;155 723 361;B01;2;17;0;0;5;2;1
536570239;155 723 360;A01;2;7;0;1;3;1;2
536570240;155 723 357;A01;3;14;0;9;2;1;0
536570240;155 723 358;B01;3;1;15;2;4;25;5
536570241;155 723 356;A01;1;7;0;1;1;15;1
536570242;155 723 355;A01;2;33;1;1;1;1;1
536570243;155 723 353;A01;3;7;0;2;1;15;1
536570243;155 723 354;B01;0;50;0;2;1;1;3
536570244;155 723 352;A01;0;7;0;1;4;20;1
536570245;155 723 351;A01;2;7;0;0;8;13;1
536570246;155 723 346;C01;2;10;0;2;1;2;1
536570246;155 723 347;A01;2;7;0;2;4;23;1
536570246;155 723 349;B01;2;7;0;2;6;23;1
536570247;155 723 345;A01;3;10;0;1;1;1;1
536570248;155 723 344;B01;2;7;0;1;4;23;2
536570248;155 723 348;C01;2;7;0;2;4;2;1
536570248;155 723 350;A01;2;99;0;2;1;2;2
536570249;155 723 341;A01;1;10;0;2;1;2;1
536570249;155 723 343;B01;1;7;0;2;4;1;1
536570250;155 723 339;A01;3;10;0;2;3;15;1
536570250;155 723 342;B01;3;33;0;2;2;1;1
536570251;155 723 336;A01;1;30;0;0;0;14;1
536570252;155 723 335;A01;1;32;0;2;3;3;1
536570252;155 723 337;B01;1;7;0;2;5;1;2
536570253;155 723 338;A01;2;7;0;2;2;1;1
536570253;155 723 340;B01;2;1;0;2;1;1;5
536570254;155 723 332;A01;1;30;0;9;1;9;1
536570255;155 723 329;B01;2;7;0;2;1;1;1
536570255;155 723 333;A01;3;7;1;2;2;1;1
536570256;155 723 327;A01;2;10;0;2;4;20;3
536570256;155 723 330;B01;2;1;0;2;1;1;5
536570257;155 723 326;C01;2;7;0;2;4;26;1
536570257;155 723 331;A01;2;7;0;2;1;2;1
536570257;155 723 334;B01;2;7;0;2;7;2;1
536570258;155 723 325;A01;1;7;0;2;5;15;1
536570258;155 723 328;B01;2;33;0;2;1;1;1
536570259;155 723 322;B01;2;7;0;2;4;1;1
536570259;155 723 323;A01;2;10;0;2;1;1;1
536570259;155 723 324;C01;2;7;0;2;4;1;1
536570260;155 723 321;A01;1;80;12;0;7;14;3
536570261;155 723 317;B01;2;7;0;2;3;16;1
536570261;155 723 319;A01;1;10;0;2;1;10;1
536570262;155 723 315;A01;2;7;0;2;1;2;1
536570262;155 723 318;B01;2;7;0;0;4;1;1
536570263;155 723 314;A01;1;7;0;4;3;9;0
536570263;155 723 320;B01;2;40;0;2;1;0;3
536570264;155 723 313;B01;2;7;0;2;0;0;2
536570264;155 723 316;A01;2;33;0;2;3;3;1
536570265;155 723 312;A01;1;7;0;1;1;16;1
536570266;155 723 310;A01;1;7;0;0;0;9;2
536570267;155 723 309;B01;1;7;0;2;6;23;1
536570267;155 723 311;A01;1;7;0;2;2;1;1
536570268;155 723 308;A01;3;1;12;0;0;2;5
536570269;155 723 307;A01;1;7;1;0;1;21;1
536570270;155 723 303;A01;2;7;0;2;3;13;1
536570270;155 723 306;B01;1;7;0;2;8;1;1
536570271;155 723 304;A01;2;80;9;0;1;1;3
536570272;155 723 302;B01;2;7;0;2;6;1;1
536570272;155 723 305;A01;2;14;0;2;2;12;1
536570273;155 723 301;A01;2;7;0;1;1;15;1
536570274;155 723 295;A01;0;1;0;0;0;25;5
536570275;155 723 296;A01;1;7;3;2;3;1;2
536570275;155 723 298;B01;1;7;3;2;2;12;1
536570276;155 723 294;A01;1;7;0;2;3;13;1
536570276;155 723 299;B01;2;38;0;2;3;14;1
536570277;155 723 297;A01;1;7;0;2;8;13;6
536570277;155 723 300;B01;1;30;0;2;2;1;0
536570278;155 723 292;A01;2;7;4;0;2;1;1
536570279;155 723 289;A01;1;10;0;2;3;1;1
536570279;155 723 293;B01;1;7;0;2;3;15;1
536570280;155 723 288;A01;1;7;0;2;2;15;1
536570280;155 723 291;B01;2;2;0;2;1;1;1
536570281;155 723 290;A01;2;7;0;1;2;16;1
536570282;155 723 286;B01;2;7;1;0;1;2;1
536570282;155 723 287;A01;2;14;0;2;4;23;1
536570283;155 723 282;A01;2;7;0;2;2;15;1
536570283;155 723 285;B01;1;32;0;2;1;1;1
536570284;155 723 279;A01;1;10;2;1;2;1;1
536570285;155 723 280;B01;1;10;0;2;7;13;1
536570285;155 723 283;A01;2;31;0;2;3;10;1
536570286;155 723 281;A01;1;7;0;2;2;15;1
536570286;155 723 284;B01;1;30;0;2;1;1;1
536570287;155 723 277;A01;1;7;0;2;1;0;1
536570287;155 723 278;B01;1;7;0;2;4;2;1
536570288;155 723 276;A01;2;7;3;0;1;26;1
536570289;155 723 275;A01;3;7;1;1;3;1;1
536570290;155 723 273;A01;3;7;8;0;1;1;1
536570291;155 723 274;A01;1;7;0;1;1;1;0
536570292;155 723 268;A01;1;7;15;2;2;12;1
536570292;155 723 272;B01;1;7;15;2;3;1;1
536570293;155 723 269;A01;1;7;0;2;7;1;1
536570293;155 723 271;B01;1;7;0;2;1;24;1
536570294;155 723 267;B01;1;99;1;0;0;0;0
536570294;155 723 270;A01;1;99;0;9;1;16;6
536570295;155 723 261;B01;0;31;0;0;0;0;1
536570295;155 723 263;A01;1;7;0;2;5;15;2
536570296;155 723 259;A01;2;38;0;2;3;26;1
536570296;155 723 264;B01;2;7;0;2;4;1;1
536570297;155 723 260;B01;1;7;0;2;1;0;1
536570297;155 723 262;A01;1;31;0;2;7;0;3
536570298;155 723 257;B01;3;7;0;2;2;15;1
536570298;155 723 258;A01;3;32;0;2;1;2;3
536570299;155 723 255;A01;1;7;0;1;2;1;1
536570300;155 723 254;A01;1;7;0;2;4;26;0
536570300;155 723 256;B01;1;1;0;2;4;26;5
536570301;155 723 253;A01;3;7;0;1;1;1;1
536570302;155 723 252;A01;3;7;0;1;1;15;1
536570303;155 723 248;A01;2;33;12;0;1;1;0
536570304;155 723 247;A01;2;33;0;2;0;17;1
536570304;155 723 250;B01;2;7;0;2;3;15;2
536570305;155 723 246;B01;1;7;0;2;1;15;1
536570305;155 723 249;A01;2;7;0;2;1;8;1
536570305;155 723 251;C01;2;7;0;2;5;1;1
536570306;155 723 244;B01;1;7;0;0;6;23;1
536570306;155 723 245;A01;1;34;14;0;1;17;1
536570307;155 723 242;A01;2;7;0;1;3;1;1
536570308;155 723 241;A01;1;7;0;2;3;13;1
536570308;155 723 243;B01;2;10;0;2;3;1;1
536570309;155 723 238;B01;3;7;6;2;8;1;1
536570309;155 723 240;A01;3;7;0;2;1;1;1
536570310;155 723 237;A01;2;10;0;1;2;19;1
536570311;155 723 235;A01;2;7;0;2;1;1;2
536570311;155 723 239;B01;3;37;0;2;3;1;1
536570312;155 723 233;A01;1;33;1;0;6;2;1
536570313;155 723 234;B01;2;1;0;2;7;26;5
536570313;155 723 236;A01;2;7;0;2;1;9;1
536570314;155 723 231;A01;2;7;0;2;1;2;1
536570314;155 723 232;B01;2;7;0;2;5;2;1
536570315;155 723 228;A01;3;7;4;0;1;15;1
536570316;155 723 226;B01;1;10;0;2;6;1;1
536570316;155 723 230;A01;1;7;0;2;0;0;0
536570317;155 723 225;A01;1;7;0;2;1;2;1
536570317;155 723 227;B01;1;7;0;2;4;2;1
536570318;155 723 224;A01;2;7;0;2;1;1;1
536570318;155 723 229;B01;3;50;0;0;0;0;3
536570319;155 723 222;A01;3;7;0;1;4;19;1
536570320;155 723 220;A01;1;7;0;2;8;23;1
536570320;155 723 223;B01;1;50;0;2;7;2;3
536570321;155 723 219;A01;1;10;0;2;4;2;1
536570321;155 723 221;B01;1;37;0;2;1;2;1
536570322;155 723 215;A01;0;7;0;2;8;1;3
536570322;155 723 217;B01;0;2;0;0;0;0;4
536570323;155 723 216;A01;1;7;0;2;1;13;1
536570323;155 723 218;B01;2;7;0;2;1;1;1
536570324;155 723 213;B01;2;10;0;2;7;15;0
536570324;155 723 214;A01;1;33;0;2;1;1;1
536570325;155 723 208;A01;1;7;0;2;1;2;1
536570325;155 723 211;B01;1;7;0;2;4;2;1
536570325;155 723 212;C01;1;7;0;2;4;2;1
536570326;155 723 206;B01;1;33;0;2;2;15;1
536570326;155 723 210;A01;1;7;0;2;1;15;1
536570327;155 723 204;A01;1;7;0;2;2;15;1
536570327;155 723 207;B01;1;80;0;2;8;1;3
536570328;155 723 203;C01;2;7;0;2;6;1;1
536570328;155 723 205;A01;2;34;0;2;1;18;1
536570328;155 723 209;B01;2;7;0;2;2;16;2
536570329;155 723 201;A01;1;7;0;1;1;19;2
536570330;155 723 200;A01;1;7;0;2;2;0;1
536570330;155 723 202;B01;1;3;0;2;7;0;1
536570331;155 723 197;A01;1;7;0;2;3;20;3
536570331;155 723 199;B01;1;50;0;2;1;2;3
536570332;155 723 196;A01;2;33;0;2;1;1;1
536570332;155 723 198;B01;1;10;0;2;2;1;1
536570333;155 723 194;A01;3;7;0;1;1;15;1
536570334;155 723 192;C01;2;7;1;0;6;24;2
536570334;155 723 193;A01;2;7;1;0;2;1;1
536570334;155 723 195;B01;2;7;1;0;0;1;0
536570335;155 723 188;B01;2;1;0;2;3;1;5
536570335;155 723 191;A01;1;10;0;9;3;17;1
536570336;155 723 186;B01;1;30;14;2;1;1;0
536570336;155 723 190;A01;1;7;16;2;3;15;0
536570337;155 723 185;A01;1;34;0;2;7;26;1
536570338;155 723 187;B01;1;33;0;2;1;1;1
536570338;155 723 189;A01;2;14;0;2;3;15;1
536570339;155 723 182;A01;1;30;0;0;0;1;1
536570340;155 723 181;B01;1;7;0;2;4;1;0
536570340;155 723 184;A01;1;30;0;2;1;1;1
536570341;155 723 180;B01;1;10;0;2;1;16;1
536570341;155 723 183;A01;1;33;8;2;8;18;1
536570342;155 723 176;B01;1;7;0;2;2;1;1
536570342;155 723 179;A01;1;7;0;2;8;10;1
536570343;155 723 175;B01;2;2;0;2;4;1;1
536570343;155 723 178;A01;2;7;0;2;1;1;1
536570344;155 723 173;B01;1;32;0;2;2;1;1
536570344;155 723 177;A01;1;7;1;2;3;9;1
536570345;155 723 172;B01;1;7;0;2;1;15;1
536570345;155 723 174;A01;1;33;0;2;1;3;1
536570346;155 723 170;A01;0;7;0;1;2;1;1
536570347;155 723 168;B01;3;50;0;2;8;19;3
536570347;155 723 171;A01;3;7;0;2;2;1;2
536570348;155 723 165;A01;0;33;0;2;3;26;0
536570348;155 723 167;B01;0;7;0;2;2;19;1
536570349;155 723 166;B01;3;1;0;2;1;1;5
536570349;155 723 169;A01;3;7;0;2;2;15;1
536570350;155 723 162;A01;0;7;0;2;3;9;1
536570350;155 723 164;B01;0;50;0;2;2;1;3
536570351;155 723 160;A01;1;33;3;0;8;1;1
536570352;155 723 158;B01;1;50;0;0;1;0;3
536570352;155 723 161;A01;1;7;0;0;3;13;2
536570353;155 723 159;A01;1;7;0;2;2;15;1
536570353;155 723 163;B01;2;32;0;2;1;1;1
536570354;155 723 154;B01;1;7;0;2;9;2;1
536570354;155 723 156;C01;1;7;0;2;4;2;1
536570354;155 723 157;A01;1;7;0;2;1;2;1
536570355;155 723 152;A01;1;37;0;2;3;9;0
536570355;155 723 155;B01;1;7;0;2;5;9;1
536570356;155 723 150;A01;3;7;0;2;5;1;1
536570356;155 723 153;B01;2;2;0;2;1;1;1
536570357;155 723 149;A01;1;7;0;2;1;1;1
536570357;155 723 151;B01;2;43;0;2;1;1;1
536570358;155 723 147;A01;2;7;0;1;1;1;1
536570359;155 723 146;A01;1;7;0;2;1;1;1
536570359;155 723 148;B01;1;7;0;0;7;10;1
536570360;155 723 144;A01;1;7;0;2;2;15;1
536570360;155 723 145;B01;2;50;0;2;3;25;3
536570361;155 723 143;A01;2;7;0;1;3;15;1
536570362;155 723 140;A01;2;15;8;0;3;1;1
536570362;155 723 142;B01;1;7;13;0;3;13;1
536570363;155 723 138;B01;2;34;0;2;1;13;0
536570363;155 723 141;A01;1;7;0;2;2;1;1
536570364;155 723 136;B01;1;7;0;2;3;24;1
536570364;155 723 139;A01;1;7;1;0;7;1;1
536570365;155 723 134;A01;1;7;0;2;2;15;1
536570365;155 723 137;B01;2;7;0;2;7;1;1
536570366;155 723 131;A01;1;7;0;0;2;1;1
536570366;155 723 135;B01;2;50;0;0;1;5;3
536570367;155 723 132;A01;2;7;4;0;3;13;1
536570368;155 723 129;A01;1;40;0;1;1;1;3
536570369;155 723 127;A01;2;2;0;2;2;1;1
536570369;155 723 130;B01;2;7;0;2;6;1;1
536570369;155 723 133;C01;1;7;0;2;1;1;1
536570370;155 723 126;A01;2;3;0;0;3;1;1
536570371;155 723 125;A01;3;7;0;2;1;16;1
536570371;155 723 128;B01;3;7;0;2;3;1;1
536570372;155 723 124;A01;1;30;0;2;2;16;1
536570373;155 723 121;A01;3;1;0;0;1;1;5
536570374;155 723 119;A01;3;7;0;2;9;2;1
536570374;155 723 120;B01;3;7;0;2;4;2;1
536570375;155 723 117;A01;1;7;4;2;9;1;1
536570375;155 723 123;B01;1;14;1;0;0;1;1
536570376;155 723 115;B01;1;32;0;2;1;2;1
536570376;155 723 118;A01;1;10;0;2;6;9;1
536570377;155 723 114;A01;1;7;0;2;6;11;1
536570377;155 723 116;B01;1;33;0;2;2;3;1
536570378;155 723 109;A01;2;7;0;0;1;1;1
536570378;155 723 112;B01;1;7;0;2;1;17;1
536570379;155 723 108;A01;1;31;0;2;1;9;1
536570379;155 723 113;B01;1;7;0;2;7;1;1
536570380;155 723 107;A01;2;7;0;2;8;15;1
536570380;155 723 110;B01;2;7;0;2;2;1;1
536570381;155 723 106;B01;1;7;0;0;6;1;1
536570381;155 723 111;A01;1;34;0;2;1;2;1
536570382;155 723 101;A01;1;7;15;0;2;1;1
536570383;155 723 102;B01;2;33;13;0;0;1;1
536570383;155 723 105;A01;1;7;0;0;3;1;2
536570384;155 723 100;A01;1;7;0;2;1;9;1
536570384;155 723 104;B01;1;1;0;2;8;1;5
536570385;155 723 099;A01;1;7;0;2;8;1;1
536570385;155 723 103;B01;2;7;0;2;1;19;1
536570386;155 723 096;A01;2;7;1;0;2;2;1
536570387;155 723 095;A01;1;7;1;2;3;16;1
536570387;155 723 098;B01;2;7;0;2;8;1;1
536570388;155 723 094;B01;0;7;0;2;1;15;1
536570388;155 723 097;A01;1;7;0;2;1;15;1
536570389;155 723 091;B01;2;7;0;2;1;1;1
536570389;155 723 092;A01;1;7;0;2;1;13;1
536570390;155 723 093;A01;2;7;16;0;0;17;1
536570391;155 723 090;A01;3;10;8;0;1;1;0
536570392;155 723 087;A01;2;7;0;2;6;13;1
536570392;155 723 089;B01;1;7;0;2;3;1;1
536570393;155 723 086;A01;1;32;0;2;1;3;1
536570393;155 723 088;B01;1;7;0;2;8;10;1
536570394;155 723 084;A01;1;32;13;0;2;1;1
536570395;155 723 083;A01;0;7;0;2;1;1;1
536570395;155 723 085;B01;0;7;0;2;4;1;1
536570396;155 723 082;A01;2;7;0;1;1;1;1
536570397;155 723 081;A01;1;7;6;0;9;13;1
536570398;155 723 079;B01;3;7;0;9;1;2;1
536570398;155 723 080;A01;3;1;0;0;2;0;5
536570399;155 723 077;A01;1;7;13;0;3;13;1
536570400;155 723 075;A01;1;10;0;2;2;17;3
536570400;155 723 078;B01;1;1;0;2;8;1;5
536570401;155 723 074;A01;1;7;0;2;2;15;1
536570401;155 723 076;B01;2;7;0;2;1;1;1
536570402;155 723 073;A01;2;33;13;0;7;1;1
536570403;155 723 070;A01;1;7;0;2;3;13;1
536570403;155 723 072;B01;2;14;0;2;3;1;1
536570404;155 723 069;A01;2;30;0;2;8;21;1
536570404;155 723 071;B01;2;7;0;2;4;20;1
536570405;155 723 066;B01;2;7;0;2;1;13;1
536570405;155 723 068;A01;1;33;0;2;1;1;1
536570406;155 723 067;A01;2;10;0;1;2;16;1
536570407;155 723 064;A01;2;7;13;0;2;1;1
536570408;155 723 061;A01;1;7;3;0;9;17;1
536570409;155 723 062;A01;2;7;0;2;1;16;1
536570409;155 723 065;B01;2;1;0;2;7;19;5
536570410;155 723 063;A01;3;7;0;1;1;26;1
536570411;155 723 060;A01;3;2;13;0;1;1;1
536570412;155 723 056;A01;0;7;0;1;1;16;1
536570413;155 723 054;C01;2;1;0;2;4;1;5
536570413;155 723 057;A01;2;10;0;9;1;1;1
536570413;155 723 059;B01;2;1;0;2;4;1;5
536570414;155 723 053;B01;2;7;0;2;8;1;1
536570414;155 723 058;A01;1;7;0;2;2;1;1
536570415;155 723 052;A01;2;7;0;2;6;15;1
536570415;155 723 055;B01;1;2;0;2;1;2;1
536570416;155 723 049;A01;1;7;2;0;7;1;1
536570417;155 723 048;A01;1;7;8;2;6;16;1
536570417;155 723 051;B01;2;10;0;2;3;2;1
536570418;155 723 046;A01;0;7;11;2;1;1;1
536570418;155 723 047;B01;0;7;0;2;1;15;1
536570419;155 723 044;A01;1;33;0;0;2;1;1
536570420;155 723 042;A01;3;7;0;2;3;13;1
536570420;155 723 045;B01;3;7;0;2;3;0;1
536570421;155 723 041;A01;2;7;0;2;1;1;1
536570421;155 723 043;B01;1;33;0;2;3;1;1
536570422;155 723 040;A01;1;7;0;1;1;1;1
536570423;155 723 036;A01;2;33;0;6;1;26;1
536570424;155 723 035;B01;2;7;0;2;3;15;1
536570424;155 723 038;A01;1;32;0;2;1;1;1
536570425;155 723 034;A01;1;7;0;2;1;1;1
536570425;155 723 037;B01;1;7;0;2;4;1;1
536570425;155 723 039;C01;1;7;0;0;4;1;1
536570426;155 723 033;A01;3;7;1;1;1;20;1
536570427;155 723 032;A01;2;7;2;0;3;1;1
536570428;155 723 031;A01;0;1;0;0;0;25;5
536570429;155 723 027;A01;3;14;0;9;2;16;1
536570429;155 723 029;B01;3;1;0;2;1;1;5
536570430;155 723 028;A01;2;33;1;0;1;13;1
536570430;155 723 030;B01;2;10;0;0;4;23;1
536570431;155 723 023;B01;1;2;0;2;1;19;1
536570431;155 723 025;A01;2;7;0;2;2;1;1
536570432;155 723 024;B01;0;2;0;2;1;1;1
536570432;155 723 026;A01;3;7;0;2;2;15;1
536570433;155 723 020;B01;2;7;0;2;6;2;1
536570433;155 723 022;A01;2;33;0;2;1;2;1
536570434;155 723 019;B01;1;7;0;2;1;11;1
536570434;155 723 021;A01;2;50;0;2;1;1;3
536570435;155 723 017;B01;3;50;0;2;1;19;3
536570435;155 723 018;A01;0;7;0;9;2;1;1
536570436;155 723 015;A01;1;10;0;2;5;13;1
536570436;155 723 016;B01;2;7;0;2;2;21;1
536570437;155 723 010;A01;2;10;8;2;8;10;1
536570437;155 723 013;B01;2;7;0;2;1;1;1
536570438;155 723 012;B01;2;7;0;2;3;15;1
536570438;155 723 014;A01;2;30;0;2;7;17;1
536570439;155 723 007;A01;2;7;7;0;2;14;1
536570440;155 723 005;B01;1;7;0;2;1;2;1
536570440;155 723 008;A01;1;15;0;0;6;2;1
536570441;155 723 009;A01;1;7;0;2;4;2;1
536570441;155 723 011;B01;1;33;0;2;1;2;1
536570442;155 723 003;A01;1;7;6;0;2;13;1
536570443;155 723 001;B01;1;1;0;2;4;1;5
536570443;155 723 002;A01;1;7;0;2;2;1;1
536570444;155 722 998;A01;2;7;0;2;2;2;1
536570444;155 723 000;B01;2;7;0;2;6;20;1
536570445;155 722 996;A01;2;7;0;2;1;5;1
536570445;155 722 997;B01;1;7;0;0;1;1;1
536570446;155 722 994;A01;1;7;0;2;1;1;1
536570446;155 722 999;B01;1;7;0;2;8;1;1
536570447;155 722 993;A01;1;38;0;2;1;1;1
536570447;155 722 995;B01;2;7;0;2;3;15;1
536570448;155 722 991;A01;1;33;0;0;7;1;1
536570449;155 722 990;A01;0;7;0;2;7;10;1
536570449;155 722 992;B01;0;2;0;2;1;2;1
536570450;155 722 988;A01;2;33;7;0;3;13;1
536570451;155 722 983;A01;3;7;6;0;3;13;1
536570452;155 722 984;A01;3;7;0;2;8;16;1
536570452;155 722 986;B01;3;7;0;2;1;1;1
536570453;155 722 982;A01;1;7;6;0;1;5;1
536570454;155 722 981;A01;0;7;0;2;3;1;1
536570454;155 722 985;B01;0;1;0;2;1;1;5
536570455;155 722 979;A01;1;10;0;1;3;15;1
536570456;155 722 976;A01;3;7;0;2;1;15;1
536570456;155 722 978;B01;3;33;0;2;7;0;1
536570457;155 722 974;A01;2;7;0;2;3;13;1
536570457;155 722 975;B01;1;7;0;2;3;1;1
536570458;155 722 971;A01;1;7;2;0;1;1;1
536570459;155 722 972;A01;2;7;0;1;1;16;1
536570460;155 722 970;A01;1;7;2;0;2;19;1
536570461;155 722 969;B01;3;7;0;2;8;26;1
536570461;155 722 973;A01;2;7;0;2;1;1;1
536570462;155 722 968;A01;2;7;3;0;8;0;1
536570463;155 722 967;A01;2;7;0;1;1;1;1
536570464;155 722 965;B01;1;33;0;2;2;17;1
536570464;155 722 966;A01;1;7;0;2;3;2;1
536570465;155 722 961;A01;1;2;0;2;0;13;1
536570466;155 722 960;A01;3;7;0;2;3;9;1
536570466;155 722 963;B01;3;7;0;2;1;1;1
536570467;155 722 959;A01;2;2;10;0;8;1;1
536570468;155 722 958;C01;2;7;0;2;4;1;1
536570468;155 722 962;A01;2;7;0;2;1;1;1
536570468;155 722 964;B01;2;7;0;2;9;1;1
536570469;155 722 953;B01;1;7;0;0;5;1;1
536570469;155 722 956;A01;1;1;0;0;3;21;5
536570470;155 722 950;B01;3;7;0;2;8;16;1
536570470;155 722 955;A01;3;31;0;2;2;1;1
536570471;155 722 951;A01;3;33;0;2;1;1;1
536570471;155 722 954;B01;3;7;0;0;4;1;1
536570472;155 722 949;C01;1;37;0;2;1;1;1
536570472;155 722 952;B01;3;7;0;2;0;0;1
536570472;155 722 957;A01;3;3;0;2;0;0;1
536570473;155 722 947;A01;2;33;0;2;1;1;1
536570473;155 722 948;B01;2;7;0;2;6;13;1
536570474;155 722 944;B01;0;7;0;1;1;1;1
536570475;155 722 943;A01;1;7;0;2;5;15;1
536570475;155 722 946;B01;2;33;0;2;1;1;1
536570476;155 722 940;A01;3;15;0;1;5;15;1
536570477;155 722 939;A01;1;7;4;2;9;12;1
536570477;155 722 942;B01;1;7;4;2;7;1;1
536570478;155 722 941;A01;2;10;13;0;3;21;1
536570479;155 722 938;A01;2;7;8;0;1;1;1