Num_Acc;id_vehicule;num_veh;senc;catv;obs;obsm;choc;manv;motor
536570480;155 722 934;A01;2;33;0;2;7;1;1
536570480;155 722 937;Z01;2;7;0;2;0;11;0
536570481;155 722 932;B01;1;33;0;2;1;18;1
536570481;155 722 936;A01;1;10;0;2;2;20;1
536570482;155 722 931;A01;1;33;0;2;8;18;1
536570482;155 722 935;B01;1;7;0;2;7;2;1
536570483;155 722 930;B01;2;7;0;2;1;19;1
536570483;155 722 933;A01;1;33;0;2;5;1;1
536570484;155 722 925;A01;1;7;0;2;2;9;1
536570484;155 722 929;B01;1;7;0;2;8;1;3
536570485;155 722 924;B01;2;14;0;2;4;26;1
536570485;155 722 927;C01;2;2;0;2;7;26;1
536570486;155 722 922;A01;2;7;0;2;3;15;1
536570486;155 722 928;C01;1;33;0;2;1;21;1
536570487;155 722 923;A01;2;7;0;2;1;2;1
536570487;155 722 926;B01;2;10;0;2;4;23;1
536570488;155 722 921;A01;1;43;4;0;7;1;1
536570489;155 722 920;A01;2;7;2;0;7;0;1
536570490;155 722 916;A01;2;33;0;2;8;3;1
536570490;155 722 918;B01;2;7;0;2;7;12;1
536570491;155 722 914;A01;2;7;0;2;7;22;1
536570491;155 722 917;B01;2;32;0;2;1;18;3
536570492;155 722 913;A01;1;7;13;0;3;13;1
536570493;155 722 912;A01;1;7;4;0;7;1;1
536570494;155 722 915;A01;2;30;0;2;8;7;1
536570494;155 722 919;B01;1;0;0;0;0;0;0
536570495;155 722 907;A01;2;7;0;2;4;12;1
536570495;155 722 910;B01;2;33;0;2;1;3;1
536570496;155 722 906;A01;1;7;0;2;2;15;1
536570496;155 722 911;B01;1;34;0;2;1;1;1
536570497;155 722 905;B01;0;1;0;2;1;17;5
536570497;155 722 908;A01;0;7;0;2;8;15;1
536570498;155 722 899;C01;1;7;0;2;6;26;1
536570498;155 722 901;A01;1;7;0;2;5;12;1
536570498;155 722 903;B01;1;7;0;2;1;3;1
536570499;155 722 900;A01;2;7;0;2;8;10;1
536570499;155 722 902;B01;2;32;0;2;1;1;1
536570500;155 722 898;A01;1;7;13;0;9;1;1
536570501;155 722 897;A01;3;7;9;0;1;14;1
536570502;155 722 895;A01;1;43;14;0;2;1;1
536570503;155 722 894;A01;2;7;3;0;1;1;1
536570504;155 722 892;C01;1;7;0;2;2;0;1
536570504;155 722 893;A01;1;7;0;2;8;13;1
536570504;155 722 896;B01;1;33;0;2;5;0;1
536570505;155 722 891;A01;1;10;0;1;1;1;1
536570506;155 722 889;A01;1;7;0;1;1;9;2
536570507;155 722 885;A01;2;7;0;2;1;11;1
536570507;155 722 888;B01;2;7;0;2;4;1;1
536570508;155 722 884;A01;2;33;0;2;1;1;1
536570508;155 722 887;B01;2;33;0;2;4;21;1
536570508;155 722 890;C01;2;7;0;2;5;1;1
536570509;155 722 883;B01;1;1;0;2;4;1;5
536570509;155 722 886;A01;1;7;0;2;0;1;0
536570510;155 722 882;A01;1;31;12;0;8;17;1
536570511;155 722 880;A01;2;7;0;2;1;2;1
536570511;155 722 881;B01;2;7;0;2;4;23;1
536570512;155 722 875;B01;3;1;0;2;1;1;5
536570512;155 722 878;A01;3;7;0;2;3;9;1
536570513;155 722 876;A01;1;7;0;1;3;15;1
536570514;155 722 873;A01;2;7;0;2;3;13;1
536570514;155 722 877;B01;1;7;0;2;3;1;1
536570514;155 722 879;C01;1;10;0;2;1;1;1
536570515;155 722 872;A01;2;15;0;2;2;1;1
536570515;155 722 874;B01;2;7;0;2;1;11;1
536570516;155 722 871;A01;3;33;13;0;1;5;1
536570517;155 722 870;A01;3;30;0;1;1;1;1
536570518;155 722 865;B01;2;33;0;2;2;1;1
536570518;155 722 869;A01;2;7;0;2;8;11;1
536570519;155 722 862;B01;3;7;0;2;8;1;1
536570519;155 722 866;A01;3;13;14;2;7;2;1
536570520;155 722 864;A01;0;37;0;2;0;0;0
536570520;155 722 868;B01;0;7;0;2;0;0;1
536570521;155 722 863;B01;1;33;0;2;1;0;1
536570521;155 722 867;A01;2;33;0;2;1;0;1
536570522;155 722 858;A01;3;7;0;1;1;15;1
536570523;155 722 856;A01;1;33;0;2;1;1;1
536570523;155 722 861;B01;1;7;0;2;6;9;1
536570524;155 722 854;D01;2;7;0;2;3;1;1
536570524;155 722 855;C01;1;7;0;2;4;1;1
536570524;155 722 857;B01;1;7;0;2;4;1;1
536570524;155 722 859;A01;1;7;0;2;1;13;1
536570525;155 722 851;A01;;10;0;1;4;4;0
536570526;155 722 850;B01;1;7;0;2;1;1;1
536570526;155 722 852;A01;1;7;0;2;3;1;1
536570527;155 722 849;A01;1;2;0;1;1;3;1
536570528;155 722 844;B01;1;7;0;2;1;2;1
536570528;155 722 847;A01;2;7;1;2;3;11;1
536570529;155 722 843;A01;1;33;0;2;8;3;1
536570529;155 722 846;Z01;1;10;0;2;7;12;0
536570530;155 722 842;A01;1;10;0;2;6;16;1
536570530;155 722 845;B01;1;7;0;2;2;1;1
536570531;155 722 840;A01;2;7;0;1;1;15;1
536570532;155 722 841;C01;1;10;0;2;1;1;1
536570532;155 722 848;A01;1;7;0;2;6;1;1
536570532;155 722 853;B01;1;14;0;2;2;12;1
536570532;155 722 860;D01;1;10;0;2;1;1;1
536570533;155 722 839;A01;2;7;6;0;1;1;1
536570534;155 722 838;A01;1;7;2;0;2;1;1
536570535;155 722 837;A01;0;32;0;0;7;1;3
536570536;155 722 835;A01;1;7;6;0;2;1;1
536570537;155 722 831;C01;1;7;0;2;1;1;1
536570537;155 722 834;A01;1;7;0;2;1;1;1
536570537;155 722 836;B01;1;7;0;2;4;1;1
536570538;155 722 833;A01;2;33;0;0;8;3;1
536570539;155 722 828;B01;0;7;0;2;1;0;2
536570539;155 722 832;A01;0;7;0;1;7;1;1
536570540;155 722 829;B01;3;7;0;2;3;1;1
536570540;155 722 830;A01;3;7;0;2;1;9;1
536570541;155 722 826;A01;1;31;0;2;3;3;3
536570541;155 722 827;B01;1;7;0;2;5;1;1
536570542;155 722 825;A01;1;37;0;1;1;23;3
536570543;155 722 820;A01;1;32;0;0;2;23;1
536570544;155 722 821;A01;1;7;0;2;1;0;1
536570544;155 722 824;B01;2;7;0;2;1;0;1
536570545;155 722 819;A01;1;50;0;2;1;16;3
536570545;155 722 823;B01;2;1;0;2;1;1;5
536570546;155 722 817;A01;1;7;1;0;1;13;1
536570547;155 722 815;A01;1;7;12;2;1;13;1
536570547;155 722 816;B01;1;7;0;2;3;0;1
536570548;155 722 814;A01;1;7;0;1;2;1;1
536570549;155 722 813;A01;2;7;2;0;2;13;1
536570550;155 722 818;B01;1;10;0;2;2;12;1
536570550;155 722 822;A01;1;33;0;2;1;3;1
536570551;155 722 811;A01;2;50;0;2;1;19;3
536570551;155 722 812;B01;1;7;0;2;7;23;1
536570552;155 722 808;A01;0;7;0;2;1;0;1
536570552;155 722 810;B01;3;1;0;2;1;1;5
536570553;155 722 807;A01;2;7;13;0;7;1;1
536570554;155 722 802;A01;2;7;0;2;6;11;1
536570554;155 722 804;B01;2;34;0;2;2;3;1
536570555;155 722 803;X01;2;30;0;1;1;18;1
536570556;155 722 800;B01;1;7;0;2;6;1;1
536570556;155 722 806;A01;1;10;0;2;2;14;1
536570557;155 722 797;B01;1;7;0;9;1;1;1
536570557;155 722 799;A01;1;7;4;0;1;18;1
536570558;155 722 795;A01;1;7;0;2;6;2;1
536570558;155 722 798;C01;1;10;0;2;1;1;1
536570558;155 722 801;B01;1;33;0;2;1;2;1
536570559;155 722 792;A01;1;7;0;1;3;1;1
536570560;155 722 796;A01;1;7;0;1;7;2;1
536570561;155 722 791;A01;1;10;0;2;3;1;1
536570561;155 722 794;B01;2;10;0;2;2;1;1
536570562;155 722 790;A01;1;7;0;2;1;1;1
536570562;155 722 793;B01;1;7;0;2;4;23;1
536570563;155 722 788;B01;2;10;1;0;1;1;1
536570563;155 722 789;A01;2;7;0;0;4;23;1
536570564;155 722 787;A01;1;7;0;1;2;15;1
536570565;155 722 783;A01;1;16;0;2;2;12;1
536570565;155 722 785;B01;1;7;0;2;8;1;1
536570566;155 722 780;A01;1;7;0;0;4;12;1
536570566;155 722 784;B01;1;7;0;2;1;12;1
536570567;155 722 779;A01;2;7;3;0;1;1;1
536570568;155 722 777;A01;1;7;2;0;2;14;1
536570569;155 722 776;B01;3;1;0;0;4;24;5
536570569;155 722 782;Z01;1;7;1;0;1;0;0
536570569;155 722 786;C01;2;80;0;0;0;0;3
536570570;155 722 778;B01;2;50;0;2;7;1;3
536570570;155 722 781;A01;1;7;0;2;2;26;1
536570571;155 722 773;A01;1;7;0;1;2;16;2
536570572;155 722 771;B01;1;7;0;2;3;1;1
536570572;155 722 774;A01;2;7;0;2;1;15;1
536570573;155 722 770;C01;1;10;0;2;4;23;1
536570573;155 722 772;A01;1;7;0;2;1;1;1
536570573;155 722 775;B01;1;7;0;2;9;2;1
536570574;155 722 769;A01;1;10;0;1;4;4;1
536570575;155 722 766;A01;1;10;0;1;1;16;1
536570576;155 722 765;A01;1;7;0;2;1;2;1
536570576;155 722 768;B01;1;7;0;2;4;2;2
536570577;155 722 764;A01;2;10;0;1;6;15;1
536570578;155 722 762;A01;1;33;0;0;9;1;1
536570579;155 722 767;A01;1;7;0;1;1;0;1
536570580;155 722 761;A01;1;30;0;2;2;15;3
536570580;155 722 763;B01;0;31;0;2;1;1;1
536570581;155 722 759;B01;2;17;0;2;2;1;1
536570581;155 722 760;A01;1;7;7;2;3;13;1
536570582;155 722 754;A01;2;7;0;2;1;2;1
536570582;155 722 756;B01;2;7;0;2;4;23;1
536570582;155 722 758;C01;2;7;0;2;4;23;1
536570583;155 722 752;B01;2;80;0;2;1;1;3
536570583;155 722 755;A01;2;7;0;2;2;16;1
536570584;155 722 750;A01;2;7;0;2;8;19;1
536570584;155 722 753;B01;1;10;0;2;1;1;1
536570585;155 722 748;A01;2;33;0;2;3;3;1
536570585;155 722 749;B01;2;7;0;2;5;2;1
536570586;155 722 751;B01;1;7;0;2;4;1;1
536570586;155 722 757;A01;2;7;0;2;1;2;1
536570587;155 722 745;A01;1;7;0;1;4;1;1
536570588;155 722 744;A01;2;7;0;2;1;1;1
536570588;155 722 746;B01;2;10;0;2;4;1;1
536570589;155 722 742;A01;1;33;0;2;1;2;1
536570589;155 722 743;B01;1;7;0;2;4;2;1
536570590;155 722 737;A01;2;33;0;2;4;17;1
536570590;155 722 738;B01;2;33;0;2;1;17;1
536570591;155 722 735;A01;1;7;0;1;2;1;1
536570592;155 722 733;A01;1;33;0;0;8;3;1
536570593;155 722 732;A01;1;7;7;2;1;13;1
536570593;155 722 736;B01;1;7;0;2;1;1;1
536570594;155 722 731;A01;1;38;0;1;2;21;1
536570595;155 722 726;C01;2;7;0;2;4;1;2
536570595;155 722 728;A01;2;43;0;2;0;3;1
536570595;155 722 730;B01;2;7;0;2;2;14;1
536570596;155 722 724;A01;1;1;0;2;6;26;5
536570596;155 722 729;B01;1;13;0;0;6;1;1
536570597;155 722 723;B01;1;7;0;2;1;1;1
536570597;155 722 725;A01;1;7;0;0;8;19;1
536570598;155 722 727;B01;3;7;0;2;6;23;1
536570598;155 722 734;C01;3;7;0;2;4;23;0
536570598;155 722 740;A01;3;7;1;0;1;2;1
536570599;155 722 720;B01;1;32;0;2;4;3;1
536570599;155 722 722;A01;1;7;0;2;3;11;1
536570600;155 722 721;A01;1;7;1;0;2;1;1
536570601;155 722 718;A01;1;7;0;2;1;9;1
536570601;155 722 719;B01;2;33;0;2;7;1;1
536570602;155 722 715;A01;1;7;4;2;3;17;1
536570602;155 722 717;B01;1;7;4;2;5;1;1
536570603;155 722 714;A01;2;7;0;1;1;1;1
536570604;155 722 716;A01;2;7;0;1;3;15;1
536570605;155 722 709;A01;1;14;0;2;2;21;1
536570605;155 722 712;B01;1;10;0;2;8;2;1
536570606;155 722 713;A01;1;7;0;0;0;26;1
536570607;155 722 708;A01;2;7;0;2;2;2;1
536570607;155 722 711;B01;2;7;0;2;6;2;1
536570608;155 722 707;B01;2;30;0;2;1;1;3
536570608;155 722 710;A01;1;7;0;2;3;15;1
536570609;155 722 705;A01;3;7;0;1;4;20;1
536570610;155 722 700;B01;1;7;16;2;3;1;1
536570610;155 722 702;C01;2;7;0;2;1;1;1
536570610;155 722 704;D01;2;7;0;2;4;1;1
536570610;155 722 706;A01;2;7;7;2;8;6;1
536570611;155 722 699;A01;1;7;0;1;2;16;1
536570612;155 722 697;A01;1;7;0;2;1;1;1
536570612;155 722 701;C01;1;7;0;2;0;1;1
536570612;155 722 703;D01;1;7;14;0;0;1;1
536570613;155 722 693;A01;1;21;0;9;0;1;1
536570613;155 722 695;C01;2;1;0;9;0;1;5
536570613;155 722 696;B01;2;1;0;9;0;1;5
536570614;155 722 694;A01;2;7;13;0;1;14;1
536570615;155 722 691;A01;1;7;0;2;3;2;1
536570615;155 722 692;B01;1;7;1;2;6;0;1
536570616;155 722 698;A01;1;7;12;0;3;13;1
536570617;155 722 689;A01;1;7;2;0;1;14;1
536570618;155 722 690;A01;3;7;0;0;0;1;1
536570619;155 722 688;A01;1;7;0;1;7;16;1
536570620;155 722 686;A01;2;7;0;1;1;15;1
536570621;155 722 684;A01;2;30;0;2;1;1;1
536570621;155 722 687;B01;1;7;0;2;3;19;1
536570622;155 722 683;A01;1;10;0;2;1;1;1
536570622;155 722 685;B01;1;17;0;2;4;1;6
536570623;155 722 677;A01;0;21;0;0;9;1;1
536570624;155 722 678;A01;1;50;0;2;1;5;3
536570624;155 722 681;B01;2;7;0;2;2;23;1
536570625;155 722 679;B01;3;37;0;2;8;1;1
536570625;155 722 682;A01;3;15;0;2;1;9;1
536570626;155 722 676;A01;1;7;0;2;1;26;2
536570626;155 722 680;B01;1;7;0;2;2;0;1
536570627;155 722 672;A01;2;7;0;2;1;17;0
536570627;155 722 675;B01;2;1;0;2;1;1;0
536570628;155 722 671;A01;2;7;0;1;3;2;1
536570629;155 722 673;A01;2;7;0;1;1;16;1
536570630;155 722 670;Z01;3;7;0;2;3;15;0
536570630;155 722 674;A01;3;50;0;2;1;1;3
536570631;155 722 665;B01;0;7;0;2;1;0;1
536570631;155 722 668;A01;0;7;0;2;4;1;0
536570632;155 722 663;A01;;33;12;2;0;1;1
536570632;155 722 666;B01;3;34;0;0;0;0;1
536570633;155 722 664;B01;1;7;0;2;5;1;1
536570633;155 722 669;A01;1;7;0;2;1;1;1
536570634;155 722 662;A01;3;7;0;2;1;2;1
536570634;155 722 667;B01;3;36;0;2;1;1;1
536570635;155 722 658;A01;2;7;0;1;3;1;1
536570636;155 722 660;A01;1;1;0;1;1;19;5
536570637;155 722 657;A01;2;7;0;2;3;1;0
536570637;155 722 661;B01;2;7;0;2;1;13;1
536570638;155 722 656;Z01;2;7;0;2;1;15;1
536570638;155 722 659;B01;1;50;0;2;1;15;3
536570639;155 722 654;A01;3;7;0;1;3;1;1
536570640;155 722 649;A01;1;7;0;2;3;13;1
536570640;155 722 652;B01;2;7;0;2;3;1;1
536570641;155 722 651;A01;0;7;0;2;1;1;1
536570641;155 722 655;B01;0;7;0;2;4;26;1
536570642;155 722 650;A01;3;10;0;2;2;9;1
536570642;155 722 653;B01;2;10;0;2;0;0;1
536570643;155 722 648;A01;1;7;0;6;1;1;1
536570644;155 722 646;A01;1;7;3;0;2;0;1
536570645;155 722 645;A01;3;30;0;1;1;1;1
536570646;155 722 643;C01;1;7;0;2;4;2;1
536570646;155 722 644;A01;1;7;0;2;1;2;1
536570646;155 722 647;B01;1;7;0;2;4;2;1
536570647;155 722 641;A01;1;32;3;0;7;1;1
536570648;155 722 640;B01;2;7;0;2;1;19;1
536570648;155 722 642;A01;2;7;0;2;8;19;1
536570649;155 722 639;A01;3;7;0;1;1;16;1
536570650;155 722 637;A01;2;7;0;2;5;1;1
536570650;155 722 638;Z01;2;7;0;2;3;26;0
536570651;155 722 633;A01;2;32;0;2;1;17;1
536570651;155 722 635;B01;2;7;0;2;3;15;1
536570652;155 722 629;B01;1;7;0;0;4;1;1
536570652;155 722 630;A01;1;7;0;2;1;1;1
536570653;155 722 625;A01;2;7;0;2;1;2;1
536570653;155 722 627;B01;2;33;0;2;4;11;1
536570654;155 722 626;A01;1;7;0;2;3;1;1
536570654;155 722 628;B01;1;30;0;2;1;1;1
536570655;155 722 624;A01;3;7;0;1;1;15;1
536570656;155 722 632;A01;3;7;0;1;3;1;1
536570657;155 722 622;C01;2;7;0;2;1;1;1
536570657;155 722 631;D01;2;7;0;2;1;2;1
536570657;155 722 634;A01;2;7;3;2;2;17;1
536570657;155 722 636;B01;2;15;0;2;3;1;1
536570658;155 722 620;A01;1;50;0;0;0;1;3
536570659;155 722 619;A01;2;7;0;2;1;15;1
536570659;155 722 623;B01;1;30;0;2;1;1;1
536570660;155 722 618;A01;0;7;0;9;1;16;1
536570660;155 722 621;B01;0;1;0;2;1;1;5
536570661;155 722 617;A01;2;7;0;1;2;1;0
536570662;155 722 612;B01;1;99;0;2;2;1;1
536570662;155 722 616;A01;1;10;0;2;2;13;1
536570663;155 722 611;B01;1;50;9;0;1;1;3
536570663;155 722 615;A01;0;1;9;0;1;15;5
536570664;155 722 610;A01;2;7;0;2;1;5;1
536570664;155 722 613;B01;1;33;0;2;1;1;1
536570664;155 722 614;C01;1;7;0;2;3;1;1
536570665;155 722 609;A01;1;7;0;1;3;13;1
536570666;155 722 608;A01;2;7;0;0;9;1;0
536570667;155 722 607;A01;1;10;0;1;3;1;1
536570668;155 722 606;A01;1;10;11;0;3;1;1
536570669;155 722 604;A01;3;7;0;1;2;2;1
536570670;155 722 602;A01;2;7;0;0;2;15;1
536570670;155 722 605;B01;1;32;0;2;1;1;1
536570671;155 722 600;B01;2;34;0;2;7;1;1
536570671;155 722 603;A01;1;7;0;2;3;1;1
536570672;155 722 599;A01;3;7;0;2;8;15;1
536570672;155 722 601;B01;3;34;0;2;3;2;1
536570673;155 722 597;A01;1;50;0;0;0;26;3
536570674;155 722 596;B01;2;7;14;2;1;19;0
536570674;155 722 598;A01;2;7;14;0;0;9;1
536570675;155 722 594;A01;1;7;0;2;8;22;0
536570675;155 722 595;B01;1;1;14;2;3;18;5
536570676;155 722 593;A01;1;33;0;0;1;15;1
536570677;155 722 592;A01;3;7;0;1;2;16;1
536570678;155 722 590;A01;3;7;2;0;1;1;1
536570679;155 722 589;A01;1;7;15;1;3;13;1
536570680;155 722 587;A01;1;7;0;1;2;1;1
536570681;155 722 585;B01;1;38;0;2;2;1;1
536570681;155 722 588;A01;1;7;0;2;3;16;1
536570682;155 722 584;A01;1;33;4;0;8;1;1
536570683;155 722 582;A01;1;7;2;0;1;0;1
536570684;155 722 583;A01;2;50;0;2;1;1;3
536570684;155 722 586;B01;0;7;0;2;3;15;1
536570685;155 722 581;A01;1;7;0;1;2;1;1
536570686;155 722 580;A01;3;50;12;0;1;1;3
536570687;155 722 578;A01;0;7;0;1;3;1;1
536570688;155 722 576;A01;1;7;6;0;3;13;1
536570689;155 722 577;A01;2;31;0;0;8;1;1
536570689;155 722 579;B01;1;7;0;0;1;15;1
536570690;155 722 575;A01;1;7;0;1;2;1;1
536570691;155 722 574;A01;1;7;0;1;1;15;1
536570692;155 722 573;A01;1;7;12;0;2;14;1
536570693;155 722 572;A01;3;31;4;0;3;0;1
536570694;155 722 571;A01;3;7;13;0;0;0;5
536570695;155 722 568;A01;2;2;0;0;9;1;1
536570696;155 722 567;A01;1;7;0;1;3;1;1
536570697;155 722 565;A01;0;7;0;2;2;1;1
536570697;155 722 570;B01;0;1;0;2;4;19;5
536570698;155 722 566;A01;2;10;0;2;2;15;1
536570698;155 722 569;B01;1;33;0;2;2;15;1
536570699;155 722 562;A01;3;7;0;2;3;1;1
536570699;155 722 564;B01;3;7;9;2;2;19;1
536570700;155 722 561;A01;1;7;0;1;1;17;1
536570701;155 722 560;A01;1;50;0;1;1;1;3
536570702;155 722 559;A01;2;7;0;2;1;2;1
536570702;155 722 563;B01;2;13;0;0;4;2;1
536570703;155 722 557;A01;1;7;0;1;4;4;1
536570704;155 722 555;A01;1;7;0;2;3;9;1
536570704;155 722 558;B01;2;1;0;2;7;1;5
536570705;155 722 552;A01;0;10;0;2;8;15;1
536570705;155 722 556;B01;0;7;0;2;3;1;1
536570706;155 722 553;A01;1;7;8;2;8;1;1
536570706;155 722 554;B01;2;7;0;2;1;1;1
536570707;155 722 548;Z01;1;14;0;0;0;0;0
536570707;155 722 550;A01;1;7;0;2;8;1;1
536570708;155 722 549;A01;1;1;0;2;1;19;5
536570708;155 722 551;B01;2;7;0;2;6;1;1
536570709;155 722 546;A01;3;7;4;0;1;1;1
536570710;155 722 545;A01;2;7;0;2;3;1;1
536570710;155 722 547;B01;1;7;0;2;1;1;1
536570711;155 722 543;A01;2;33;0;2;1;1;1
536570712;155 722 542;A01;1;7;0;2;1;13;1
536570712;155 722 544;B01;2;7;0;2;1;21;1
536570713;155 722 538;A01;2;7;0;2;1;16;1
536570713;155 722 541;B01;2;1;0;2;8;19;5
536570714;155 722 535;A01;1;7;3;2;1;1;1
536570714;155 722 539;B01;1;7;0;2;1;2;1
536570715;155 722 536;A01;2;7;0;2;1;13;1
536570715;155 722 537;B01;1;7;0;2;1;1;1
536570716;155 722 534;A01;3;7;8;2;2;1;1
536570716;155 722 540;B01;3;7;8;2;3;1;1
536570717;155 722 530;A01;2;10;0;2;2;16;1
536570717;155 722 533;B01;2;80;0;2;3;1;3
536570718;155 722 529;B01;1;33;0;2;3;13;1
536570718;155 722 531;A01;2;10;0;2;8;21;1
536570719;155 722 528;A01;1;2;14;0;1;1;1
536570720;155 722 527;A01;1;7;13;0;0;1;0
536570721;155 722 524;A01;2;7;2;2;1;13;1
536570722;155 722 525;A01;2;33;11;0;1;13;1
536570723;155 722 522;A01;1;32;0;0;0;14;2
536570724;155 722 523;A01;1;7;0;2;1;1;1
536570724;155 722 526;B01;1;2;0;2;1;11;1
536570725;155 722 520;A01;1;7;4;0;0;1;1
536570726;155 722 519;A01;1;10;16;0;9;13;1
536570727;155 722 515;Z01;1;7;0;2;1;0;0
536570727;155 722 517;A01;1;7;0;2;4;1;1
536570728;155 722 516;C01;1;7;0;2;4;1;1
536570728;155 722 518;A01;1;7;0;2;1;2;1
536570728;155 722 521;B01;1;7;0;2;4;1;2
536570729;155 722 513;B01;2;34;0;2;1;1;1
536570729;155 722 514;A01;1;7;0;2;6;1;1
536570730;155 722 510;A01;3;1;0;0;0;1;5
536570731;155 722 509;B01;2;7;0;2;6;2;1
536570731;155 722 511;A01;2;7;0;2;1;2;1
536570732;155 722 507;A01;2;7;0;2;1;2;1
536570732;155 722 512;B01;2;7;0;2;4;2;1
536570733;155 722 506;A01;3;7;2;2;7;20;1
536570733;155 722 508;B01;3;1;0;2;1;1;5
536570734;155 722 504;A01;1;7;0;2;5;15;1
536570734;155 722 505;B01;2;50;0;2;1;17;3
536570735;155 722 503;A01;2;7;6;0;8;1;1
536570736;155 722 500;A01;1;2;0;0;0;0;1
536570737;155 722 499;A01;2;7;0;2;3;1;2
536570737;155 722 502;B01;1;7;0;2;3;13;1
536570738;155 722 498;A01;2;7;0;2;2;1;1
536570738;155 722 501;B01;2;7;0;2;6;15;1
536570739;155 722 494;A01;2;7;0;1;6;4;1
536570740;155 722 493;B01;2;1;0;2;3;1;5
536570740;155 722 496;A01;1;7;0;0;3;15;1
536570741;155 722 489;A01;2;7;0;2;3;23;1
536570741;155 722 491;B01;1;1;0;2;7;2;5
536570742;155 722 488;B01;1;1;0;2;2;1;5
536570742;155 722 490;A01;0;7;0;2;1;15;1
536570743;155 722 492;B01;3;7;0;2;7;1;1
536570743;155 722 497;A01;3;7;0;2;1;15;1
536570744;155 722 487;A01;1;7;8;0;1;14;1
536570745;155 722 486;A01;1;7;0;2;7;10;1
536570745;155 722 495;B01;1;31;0;2;1;1;1
536570746;155 722 482;B01;1;1;0;2;2;1;5
536570746;155 722 485;A01;1;7;0;2;2;9;1
536570747;155 722 480;A01;1;33;13;0;8;2;1
536570748;155 722 481;A01;1;7;0;0;6;21;0
536570748;155 722 484;B01;1;31;0;2;1;17;0
536570749;155 722 479;A01;1;33;0;1;1;1;1
536570750;155 722 476;A01;2;7;0;2;1;1;1
536570750;155 722 478;C01;2;7;0;0;0;0;1
536570750;155 722 483;B01;2;7;0;0;4;1;2
536570751;155 722 474;A01;2;7;0;1;2;2;1
536570752;155 722 472;A01;1;7;0;2;4;15;1
536570752;155 722 477;B01;1;7;0;2;1;1;1
536570753;155 722 473;B01;1;7;0;2;3;2;1
536570753;155 722 475;A01;2;7;0;2;3;1;1
536570754;155 722 469;A01;0;7;8;0;1;14;1
536570755;155 722 468;A01;3;7;0;2;3;17;1
536570755;155 722 471;B01;3;7;0;2;3;1;1
536570756;155 722 466;B01;2;33;14;2;2;3;1
536570756;155 722 470;A01;2;7;14;2;3;13;1
536570757;155 722 463;A01;3;10;0;2;3;2;1
536570757;155 722 464;B01;3;7;0;2;4;2;1
536570757;155 722 467;C01;3;7;0;2;4;2;1
536570758;155 722 461;A01;1;30;0;0;0;0;1
536570759;155 722 460;A01;1;7;0;0;4;23;1
536570759;155 722 465;B01;1;7;0;2;1;1;1
536570760;155 722 459;A01;3;7;0;1;1;1;2
536570761;155 722 458;A01;1;7;11;0;3;13;1
536570762;155 722 456;A01;2;7;13;0;8;13;1
536570763;155 722 457;B01;2;7;0;2;8;15;1
536570763;155 722 462;A01;2;43;0;2;1;17;1
536570764;155 722 454;A01;1;7;0;1;3;15;1
536570765;155 722 451;A01;2;7;8;0;1;0;1
536570766;155 722 452;A01;1;7;2;0;7;1;1
536570767;155 722 450;A01;1;7;0;2;5;15;1
536570767;155 722 455;B01;1;32;0;2;3;2;1
536570768;155 722 448;B01;2;7;0;2;3;1;1
536570768;155 722 453;A01;1;7;0;2;1;26;1
536570769;155 722 444;A01;2;30;0;2;2;17;1
536570769;155 722 449;B01;2;7;0;2;8;0;3
536570770;155 722 441;A01;3;1;0;2;0;1;5
536570770;155 722 445;B01;3;7;0;9;8;15;1
536570771;155 722 443;A01;3;7;0;2;7;1;1
536570771;155 722 447;B01;0;2;0;2;1;1;1
536570772;155 722 442;B01;2;20;0;0;6;15;1
536570772;155 722 446;A01;2;7;0;2;2;17;1
536570773;155 722 436;A01;2;7;13;0;9;1;1
536570774;155 722 438;B01;1;7;0;2;5;1;1
536570774;155 722 440;A01;1;2;0;2;1;9;1
536570775;155 722 432;A01;1;10;0;1;7;2;1
536570776;155 722 434;A01;1;7;0;2;1;15;2
536570776;155 722 437;B01;2;1;0;2;3;1;5
536570777;155 722 428;A01;0;1;0;0;1;1;5
536570778;155 722 429;B01;2;15;0;2;4;2;1
536570778;155 722 430;A01;2;10;3;2;1;2;1
536570779;155 722 422;C01;2;7;0;2;8;23;1
536570779;155 722 425;A01;2;32;0;2;1;17;1
536570779;155 722 427;B01;1;7;0;2;1;1;1
536570780;155 722 421;B01;1;33;0;2;7;3;1
536570780;155 722 424;A01;1;7;0;2;2;1;1
536570780;155 722 426;C01;1;7;0;2;1;1;1
536570781;155 722 419;A01;0;2;0;2;1;1;1
536570781;155 722 423;B01;0;7;0;0;4;15;1
536570782;155 722 417;A01;1;33;0;2;1;2;1
536570782;155 722 420;B01;1;7;0;2;4;1;1
536570783;155 722 416;A01;3;7;0;1;1;0;1
536570784;155 722 418;A01;1;7;0;1;1;1;1
536570785;155 722 415;A01;1;7;0;0;1;1;1
536570786;155 722 414;A01;0;7;16;0;0;17;1
536570787;155 722 412;A01;2;7;0;2;2;19;1
536570787;155 722 413;B01;1;32;0;2;5;17;1
536570788;155 722 409;A01;2;10;0;1;2;0;1
536570789;155 722 407;A01;1;7;2;0;7;1;1
536570790;155 722 406;A01;3;7;0;2;2;1;1
536570790;155 722 410;B01;3;7;0;2;1;1;1