Num_Acc;id_vehicule;num_veh;senc;catv;obs;obsm;choc;manv;motor
536570791;155 722 405;A01;1;7;8;0;0;14;1
536570792;155 722 404;A01;3;7;0;1;1;15;1
536570793;155 722 401;A01;1;7;0;2;0;0;0
536570793;155 722 402;B01;1;7;0;2;4;0;1
536570794;155 722 399;A01;2;7;0;2;2;15;1
536570794;155 722 403;B01;1;33;0;2;1;1;1
536570795;155 722 396;Z01;2;7;0;1;1;0;1
536570796;155 722 397;A01;2;7;0;2;3;2;1
536570796;155 722 400;B01;2;33;0;2;4;2;1
536570797;155 722 395;A01;0;7;0;2;8;0;1
536570797;155 722 398;B01;1;7;0;2;1;1;1
536570798;155 722 394;A01;2;7;0;1;3;1;1
536570799;155 722 393;A01;2;7;3;0;1;2;1
536570800;155 722 392;A01;2;7;0;0;3;13;1
536570801;155 722 391;A01;0;7;0;1;2;1;1
536570802;155 722 390;A01;0;7;0;1;1;1;1
536570803;155 722 387;B01;1;7;0;2;5;2;1
536570803;155 722 389;A01;1;7;0;2;1;2;1
536570804;155 722 386;A01;1;10;0;1;3;2;1
536570805;155 722 384;A01;2;2;0;2;3;9;1
536570805;155 722 388;B01;1;10;0;2;1;1;1
536570806;155 722 383;A01;1;7;2;0;5;14;1
536570807;155 722 382;A01;2;7;0;2;8;22;1
536570807;155 722 385;B01;2;1;0;2;7;1;5
536570808;155 722 375;Z01;2;7;0;2;1;9;0
536570808;155 722 381;A01;2;1;0;2;7;1;5
536570809;155 722 374;A01;2;7;0;2;3;0;1
536570809;155 722 380;B01;1;7;0;2;3;0;1
536570810;155 722 373;B01;1;34;0;2;2;1;1
536570810;155 722 378;A01;1;7;0;2;6;16;1
536570811;155 722 377;B01;3;33;0;2;1;1;1
536570811;155 722 379;A01;3;10;0;2;1;15;1
536570812;155 722 372;A01;2;10;0;2;8;10;1
536570812;155 722 376;B01;2;30;0;2;2;17;1
536570813;155 722 368;B01;2;7;0;2;2;1;1
536570814;155 722 366;A01;3;7;0;1;1;16;1
536570815;155 722 364;C01;2;17;0;0;5;1;1
536570815;155 722 367;A01;2;17;0;2;2;1;0
536570815;155 722 369;B01;2;15;0;0;4;1;0
536570816;155 722 361;A01;2;7;14;0;1;6;1
536570817;155 722 363;A01;1;7;0;2;9;13;1
536570817;155 722 365;B01;2;7;13;2;3;1;1
536570817;155 722 370;C01;2;7;0;2;1;1;1
536570818;155 722 360;A01;1;7;0;1;2;15;2
536570819;155 722 358;B01;1;7;0;0;0;9;0
536570819;155 722 359;A01;2;32;0;0;0;1;1
536570820;155 722 355;A01;1;7;0;1;1;1;1
536570821;155 722 354;B01;;40;0;9;2;1;3
536570821;155 722 357;A01;;1;0;4;3;15;5
536570822;155 722 353;A01;3;7;6;2;5;4;1
536570822;155 722 356;B01;2;7;0;2;2;1;1
536570823;155 722 350;A01;1;10;0;9;2;2;0
536570823;155 722 351;B01;1;1;0;0;8;2;5
536570824;155 722 349;B01;1;33;0;2;1;18;1
536570824;155 722 352;A01;2;7;0;2;7;15;1
536570825;155 722 345;B01;2;30;0;2;4;0;3
536570825;155 722 348;A01;2;7;0;2;1;1;1
536570826;155 722 343;A01;1;33;3;9;4;2;1
536570826;155 722 346;B01;1;7;0;0;1;11;1
536570827;155 722 344;A01;2;7;14;0;1;21;1
536570827;155 722 347;B01;2;7;0;0;6;2;1
536570828;155 722 340;A01;2;7;0;2;1;13;1
536570828;155 722 341;B01;1;7;0;2;1;1;1
536570829;155 722 339;A01;1;10;0;2;8;15;1
536570829;155 722 342;B01;1;33;0;2;1;3;0
536570830;155 722 338;A01;1;33;2;0;9;1;1
536570831;155 722 337;A01;1;7;0;1;7;1;1
536570832;155 722 334;A01;3;7;0;1;4;4;1
536570833;155 722 336;A01;2;7;0;1;1;1;0
536570834;155 722 333;A01;1;7;0;2;7;15;1
536570834;155 722 335;B01;2;33;0;2;1;0;1
536570835;155 722 331;A01;0;7;15;0;3;13;1
536570836;155 722 328;B01;1;1;0;2;8;1;5
536570836;155 722 330;A01;1;14;0;2;7;1;1
536570837;155 722 327;A01;0;50;0;0;8;25;3
536570838;155 722 323;A01;2;7;0;2;3;15;1
536570838;155 722 325;B01;1;7;0;2;8;1;1
536570839;155 722 319;A01;0;21;0;2;4;1;1
536570839;155 722 321;B01;0;7;0;2;4;23;1
536570840;155 722 320;B01;2;7;0;2;2;1;1
536570840;155 722 324;A01;2;7;0;2;3;16;3
536570841;155 722 318;A01;3;3;0;2;1;9;1
536570841;155 722 322;B01;3;7;0;2;3;1;1
536570842;155 722 317;A01;3;7;0;1;6;4;1
536570843;155 722 315;A01;2;30;0;2;1;11;1
536570843;155 722 316;B01;1;7;0;2;1;1;3
536570844;155 722 314;A01;1;7;2;0;1;0;1
536570845;155 722 313;B01;2;38;0;1;1;1;1
536570846;155 722 312;A01;1;10;2;0;2;0;1
536570847;155 722 309;A01;1;7;16;2;8;15;1
536570847;155 722 311;B01;1;10;0;2;1;11;1
536570848;155 722 305;A01;3;7;0;2;3;16;2
536570848;155 722 307;B01;3;1;0;2;7;16;5
536570849;155 722 304;A01;2;7;0;2;1;13;1
536570849;155 722 308;B01;1;7;0;2;1;1;1
536570849;155 722 310;C01;2;7;0;2;1;1;1
536570850;155 722 306;A01;1;7;15;0;2;14;1
536570851;155 722 302;A01;3;7;0;2;1;0;1
536570851;155 722 303;B01;3;50;0;2;0;0;3
536570852;155 722 298;A01;3;7;0;2;4;4;1
536570852;155 722 300;B01;3;15;0;2;1;2;0
536570853;155 722 299;A01;1;7;0;2;6;11;1
536570853;155 722 301;B01;1;33;0;2;7;1;1
536570854;155 722 297;A01;2;7;0;1;1;16;1
536570855;155 722 296;A01;3;7;2;0;1;1;1
536570856;155 722 291;B01;0;7;0;2;1;16;1
536570856;155 722 295;A01;0;50;0;2;1;1;3
536570857;155 722 290;B01;3;34;0;2;6;1;1
536570857;155 722 293;A01;3;7;0;2;2;16;1
536570858;155 722 289;A01;2;10;0;0;0;15;1
536570858;155 722 294;B01;1;33;0;0;0;21;1
536570859;155 722 287;A01;1;7;1;0;8;1;1
536570860;155 722 286;A01;2;31;0;0;0;1;1
536570861;155 722 284;A01;2;7;1;0;9;1;1
536570862;155 722 283;B01;2;1;0;2;3;1;5
536570862;155 722 285;A01;2;15;0;2;5;1;1
536570863;155 722 282;A01;2;40;0;1;2;1;3
536570864;155 722 281;A01;3;50;0;1;1;1;3
536570865;155 722 278;A01;2;15;0;2;7;12;1
536570865;155 722 280;B01;2;7;0;2;8;2;2
536570866;155 722 279;A01;2;34;0;0;2;1;1
536570867;155 722 276;A01;1;7;0;2;7;16;1
536570867;155 722 277;B01;2;1;12;2;1;1;5
536570868;155 722 274;B01;1;7;0;2;4;2;1
536570868;155 722 275;A01;1;7;0;2;1;2;1
536570869;155 722 270;A01;2;7;0;2;2;12;1
536570869;155 722 273;B01;2;32;0;2;1;3;1
536570870;155 722 266;A01;2;33;0;2;1;1;1
536570870;155 722 268;B01;2;7;0;2;5;14;1
536570871;155 722 267;A01;1;7;0;2;3;2;1
536570871;155 722 271;B01;3;33;0;2;5;15;1
536570872;155 722 265;B01;1;7;0;0;3;23;1
536570872;155 722 269;C01;1;7;0;0;1;1;1
536570872;155 722 272;A01;2;7;0;0;2;2;1
536570873;155 722 264;Z01;1;1;0;1;7;1;5
536570874;155 722 263;A01;1;7;8;0;1;2;1
536570875;155 722 261;B01;2;33;0;2;8;1;1
536570875;155 722 262;A01;2;7;0;2;7;12;2
536570876;155 722 257;A01;1;1;0;2;8;1;5
536570876;155 722 260;B01;2;7;0;2;1;15;1
536570877;155 722 255;B01;2;33;1;9;1;1;1
536570877;155 722 256;A01;1;15;9;2;8;1;1
536570878;155 722 253;A01;2;80;0;2;2;17;3
536570878;155 722 259;B01;2;50;0;2;3;15;3
536570879;155 722 254;B01;1;33;0;2;1;1;1
536570879;155 722 258;A01;1;10;0;2;3;9;1
536570880;155 722 252;A01;1;14;6;0;3;1;1
536570881;155 722 248;A01;1;33;16;0;7;0;0
536570882;155 722 247;B01;1;7;0;2;3;15;1
536570882;155 722 250;A01;1;33;0;2;2;17;1
536570883;155 722 249;A01;1;2;0;2;0;11;1
536570883;155 722 251;Z01;1;33;0;2;1;1;1
536570884;155 722 246;A01;2;80;0;1;1;1;3
536570885;155 722 242;A01;2;43;0;1;1;17;1
536570886;155 722 241;B01;2;7;0;2;4;2;1
536570886;155 722 245;A01;2;33;0;2;1;1;1
536570887;155 722 240;A01;2;7;0;2;1;1;2
536570887;155 722 244;B01;2;1;0;2;7;1;5
536570888;155 722 239;B01;1;30;0;2;5;15;1
536570888;155 722 243;A01;2;7;0;2;3;9;1
536570889;155 722 237;Z01;1;7;0;2;0;0;0
536570889;155 722 238;B01;1;80;0;2;0;1;3
536570890;155 722 236;A01;2;7;0;1;1;1;1
536570891;155 722 235;A01;1;14;0;1;2;1;1
536570892;155 722 232;A01;3;7;0;1;2;1;1
536570893;155 722 230;B01;3;7;0;2;3;15;0
536570893;155 722 234;A01;3;33;0;2;1;17;1
536570894;155 722 231;A01;2;7;0;2;3;15;2
536570894;155 722 233;B01;2;2;0;2;2;17;1
536570895;155 722 228;A01;3;7;0;2;3;13;1
536570895;155 722 229;B01;3;7;0;2;3;1;1
536570896;155 722 224;Z01;1;50;0;1;0;1;3
536570897;155 722 225;A01;1;7;0;2;8;24;1
536570897;155 722 227;B01;1;50;0;2;7;1;3
536570898;155 722 223;A01;1;7;0;2;1;2;1
536570898;155 722 226;B01;1;7;0;2;4;2;1
536570899;155 722 222;A01;1;7;0;1;3;15;1
536570901;155 722 219;A01;2;33;0;2;2;10;1
536570901;155 722 221;B01;1;33;0;2;1;1;1
536570902;155 722 217;A01;1;33;0;2;2;12;1
536570902;155 722 220;B01;1;10;0;0;6;1;1
536570903;155 722 215;A01;1;7;0;2;1;1;1
536570903;155 722 216;B01;1;1;0;2;4;1;5
536570904;155 722 212;A01;2;1;0;1;1;1;5
536570905;155 722 211;A01;1;7;0;2;3;13;1
536570905;155 722 213;B01;1;15;0;2;2;1;1
536570906;155 722 209;A01;1;7;0;1;1;0;1
536570907;155 722 206;A01;2;7;0;2;1;1;2
536570907;155 722 208;B01;2;50;0;2;8;1;3
536570908;155 722 210;A01;1;7;0;2;3;15;1
536570908;155 722 214;B01;1;33;0;2;7;1;1
536570909;155 722 203;A01;1;50;0;2;2;1;3
536570909;155 722 205;B01;1;7;0;2;1;1;3
536570910;155 722 202;C01;2;7;0;2;1;2;1
536570910;155 722 204;B01;2;10;0;2;5;12;1
536570910;155 722 207;A01;2;33;0;2;1;3;1
536570911;155 722 199;B01;1;33;0;2;6;3;1
536570911;155 722 201;A01;2;7;0;2;2;2;1
536570912;155 722 195;A01;0;37;0;2;3;26;1
536570912;155 722 197;C01;0;7;0;2;4;23;1
536570912;155 722 200;B01;0;7;0;2;4;23;2
536570913;155 722 194;A01;2;7;4;0;9;2;1
536570914;155 722 193;B01;3;7;0;2;3;1;1
536570914;155 722 196;C01;3;7;0;2;3;23;0
536570914;155 722 198;A01;3;1;0;2;8;19;5
536570915;155 722 191;A01;1;7;0;0;7;1;1
536570916;155 722 190;A01;2;13;0;2;3;13;1
536570916;155 722 192;B01;2;7;0;2;2;1;1
536570917;155 722 189;A01;1;7;0;1;1;0;0
536570918;155 722 185;A01;2;43;0;1;3;1;1
536570919;155 722 182;C01;1;10;0;2;4;2;1
536570919;155 722 186;A01;1;7;0;2;1;2;2
536570919;155 722 188;B01;1;10;0;2;4;2;2
536570920;155 722 181;Z01;2;7;0;2;1;1;1
536570920;155 722 184;B01;2;1;0;2;8;19;5
536570921;155 722 180;A01;1;7;14;0;1;1;0
536570922;155 722 178;A01;1;7;13;0;1;1;1
536570923;155 722 183;Z01;1;7;0;2;1;1;1
536570923;155 722 187;ZZ01;1;2;0;1;1;1;1
536570924;155 722 179;A01;2;31;0;0;0;1;1
536570925;155 722 176;B01;2;32;1;2;1;1;1
536570925;155 722 177;A01;2;7;1;2;3;9;1
536570926;155 722 173;A01;2;7;4;2;2;12;1
536570926;155 722 175;B01;2;7;0;2;9;1;1
536570927;155 722 172;A01;3;7;1;0;4;20;1
536570928;155 722 171;A01;1;37;0;1;1;1;1
536570929;155 722 167;A01;2;33;0;2;1;3;1
536570929;155 722 170;B01;2;7;0;2;4;11;1
536570930;155 722 164;A01;1;33;0;2;7;15;1
536570930;155 722 166;B01;2;7;0;2;3;1;1
536570931;155 722 169;A01;1;7;0;2;1;2;1
536570931;155 722 174;B01;1;7;0;2;4;2;1
536570932;155 722 158;B01;3;31;0;2;2;0;1
536570932;155 722 161;A01;1;7;0;2;8;15;1
536570933;155 722 156;A01;2;7;0;2;1;12;1
536570933;155 722 160;B01;2;7;0;2;4;1;3
536570933;155 722 163;C01;2;10;0;2;4;1;1
536570934;155 722 154;A01;2;7;0;2;3;15;1
536570934;155 722 159;B01;1;1;0;2;1;1;5
536570934;155 722 162;C01;2;7;0;2;1;1;1
536570935;155 722 155;A01;3;7;0;2;1;1;1
536570935;155 722 157;B01;3;7;0;2;4;2;1
536570936;155 722 153;A01;2;37;1;1;0;0;1
536570937;155 722 152;A01;3;33;4;0;1;16;1
536570938;155 722 150;A01;2;7;0;1;1;1;1
536570939;155 722 147;A01;1;1;0;2;2;1;5
536570939;155 722 151;B01;2;7;0;2;3;1;1
536570940;155 722 145;A01;1;10;0;2;4;1;1
536570940;155 722 148;B01;1;99;0;2;1;1;1
536570941;155 722 144;A01;1;7;0;2;4;1;1
536570941;155 722 146;B01;1;7;0;2;3;0;1
536570941;155 722 149;C01;1;33;0;2;7;3;1
536570942;155 722 141;B01;1;1;1;2;1;1;5
536570942;155 722 143;A01;1;10;0;2;6;24;1
536570943;155 722 140;A01;2;15;0;1;2;2;1
536570944;155 722 139;B01;3;1;0;2;0;0;5
536570944;155 722 142;A01;3;7;0;2;4;16;1
536570945;155 722 138;A01;1;10;2;0;2;1;1
536570946;155 722 136;A01;1;7;0;1;1;1;1
536570947;155 722 135;A01;1;7;2;0;2;1;1
536570948;155 722 134;B01;2;10;15;2;7;1;1
536570948;155 722 137;A01;2;7;0;2;1;1;1
536570949;155 722 133;A01;3;7;0;1;1;15;1
536570950;155 722 130;A01;1;7;0;1;3;1;1
536570951;155 722 131;A01;3;7;0;1;2;17;1
536570952;155 722 129;B01;1;30;0;2;1;5;1
536570952;155 722 132;A01;2;7;0;2;1;2;1
536570953;155 722 128;A01;2;2;13;0;9;0;1
536570954;155 722 125;A01;3;7;0;2;1;26;1
536570954;155 722 127;B01;3;33;0;2;1;1;1
536570955;155 722 124;Z01;1;7;1;2;3;13;3
536570955;155 722 126;B01;0;1;1;2;0;1;5
536570956;155 722 120;B01;1;2;0;2;0;0;1
536570956;155 722 123;A01;2;7;0;2;1;0;1
536570957;155 722 121;A01;1;7;0;2;3;1;1
536570957;155 722 122;B01;2;33;0;2;1;1;1
536570958;155 722 114;A01;2;7;0;2;4;23;1
536570958;155 722 117;B01;2;7;0;2;1;1;1
536570959;155 722 113;A01;3;7;0;2;1;5;1
536570959;155 722 116;C01;3;7;0;2;1;1;1
536570959;155 722 118;D01;3;7;0;2;6;24;1
536570959;155 722 119;B01;3;7;0;2;8;1;2
536570960;155 722 112;A01;2;10;0;2;1;1;1
536570960;155 722 115;B01;2;37;0;2;4;1;1
536570961;155 722 111;A01;2;7;6;0;1;2;1
536570962;155 722 106;B01;0;32;0;2;4;23;1
536570962;155 722 110;A01;0;7;0;2;1;2;1
536570963;155 722 105;A01;1;7;0;2;1;13;1
536570963;155 722 108;B01;2;10;0;2;1;13;3
536570964;155 722 103;A01;1;7;0;9;2;15;1
536570964;155 722 107;B01;2;1;0;2;1;1;5
536570965;155 722 104;B01;1;15;0;2;6;1;1
536570965;155 722 109;A01;2;17;0;2;3;14;1
536570966;155 722 102;A01;2;34;1;0;1;0;1
536570967;155 722 098;A01;1;17;0;0;6;2;1
536570967;155 722 101;B01;1;7;0;2;2;2;1
536570968;155 722 099;A01;3;2;1;0;1;25;1
536570969;155 722 097;A01;1;50;0;2;1;16;3
536570969;155 722 100;B01;1;7;0;2;1;1;1
536570970;155 722 094;A01;2;7;6;1;1;20;1
536570971;155 722 092;A01;1;2;0;2;1;2;1
536570971;155 722 096;B01;1;7;0;2;4;16;1
536570972;155 722 091;A01;2;33;2;0;1;2;1
536570973;155 722 090;A01;1;7;0;2;1;13;1
536570973;155 722 093;B01;2;7;0;2;6;1;4
536570973;155 722 095;C01;2;10;0;2;3;1;1
536570974;155 722 089;A01;2;7;15;0;1;0;1
536570975;155 722 088;A01;3;7;0;1;2;15;0
536570976;155 722 086;B01;2;30;0;2;1;1;3
536570976;155 722 087;A01;1;7;0;2;8;19;3
536570977;155 722 085;A01;2;7;6;0;1;1;1
536570978;155 722 083;A01;2;33;0;2;4;26;1
536570978;155 722 084;B01;2;30;0;0;5;13;1
536570979;155 722 081;B01;1;13;0;2;3;0;1
536570979;155 722 082;A01;3;33;0;2;0;0;1
536570980;155 722 080;A01;2;7;9;2;1;13;1
536570981;155 722 079;A01;1;7;0;1;1;21;2
536570982;155 722 077;A01;2;2;12;2;7;1;3
536570983;155 722 076;A01;2;7;0;2;2;16;1
536570983;155 722 078;B01;0;1;0;2;1;18;5
536570984;155 722 073;A01;2;34;0;2;4;23;1
536570984;155 722 075;B01;2;7;0;2;1;2;1
536570985;155 722 074;A01;1;30;0;2;1;2;1
536570986;155 722 071;A01;2;30;0;0;0;26;3
536570987;155 722 068;B01;0;7;0;2;3;0;1
536570987;155 722 070;A01;0;38;0;2;2;1;1
536570988;155 722 067;A01;1;7;0;2;5;15;1
536570988;155 722 069;B01;2;32;0;2;1;1;1
536570989;155 722 062;A01;3;10;0;2;1;12;1
536570989;155 722 064;B01;3;31;0;2;6;1;3
536570989;155 722 066;C01;3;7;0;2;6;2;1
536570990;155 722 063;A01;1;10;0;2;3;9;1
536570990;155 722 065;B01;1;33;0;2;2;1;1
536570991;155 722 061;A01;2;33;0;0;9;1;1
536570992;155 722 059;A01;1;10;12;0;1;5;0
536570992;155 722 060;B01;2;31;12;2;1;1;0
536570993;155 722 056;A01;1;33;0;2;3;17;1
536570993;155 722 058;B01;2;7;0;2;3;1;1
536570994;155 722 057;A01;1;33;1;0;7;1;1
536570995;155 722 055;A01;2;33;0;0;0;26;1
536570996;155 722 053;A01;1;7;0;2;1;19;2
536570996;155 722 054;B01;2;7;0;2;8;1;1
536570997;155 722 052;A01;1;2;0;0;3;1;1
536570998;155 722 047;A01;2;7;0;2;1;13;1
536570998;155 722 049;B01;1;7;0;2;3;1;1
536570999;155 722 046;B01;1;7;0;2;8;1;1
536570999;155 722 048;A01;2;7;0;2;3;13;1
536570999;155 722 050;C01;1;7;0;2;3;1;1
536570999;155 722 051;D01;2;7;0;2;1;21;1
536571000;155 722 044;A01;1;7;4;0;1;1;1
536571001;155 722 043;A01;2;7;0;2;2;17;1
536571001;155 722 045;B01;2;7;0;2;8;15;1
536571002;155 722 041;A01;2;7;0;2;4;10;1
536571002;155 722 042;B01;2;33;0;2;1;1;1
536571003;155 722 040;A01;1;7;0;0;2;1;1
536571004;155 722 036;A01;2;2;0;0;0;1;1
536571005;155 722 037;B01;2;7;0;2;4;1;1
536571005;155 722 039;A01;2;15;0;2;1;1;1
536571006;155 722 035;A01;1;7;0;2;0;17;1
536571006;155 722 038;B01;2;50;0;2;2;26;3
536571007;155 722 034;A01;1;7;0;1;1;19;1
536571008;155 722 029;A01;1;37;0;2;1;1;1
536571008;155 722 032;B01;1;7;0;2;9;1;1
536571008;155 722 033;C01;1;7;0;2;4;1;1
536571009;155 722 030;A01;3;7;0;2;1;1;1
536571009;155 722 031;B01;3;10;0;2;3;1;1
536571010;155 722 028;A01;1;30;0;0;3;14;1
536571011;155 722 023;A01;2;10;0;2;1;2;1
536571011;155 722 025;B01;2;7;0;2;4;2;1
536571011;155 722 027;C01;2;7;0;0;4;2;1
536571012;155 722 021;A01;2;7;0;2;1;3;1
536571012;155 722 022;C01;2;7;0;2;4;23;1
536571012;155 722 024;D01;2;7;0;2;4;23;1
536571012;155 722 026;B01;2;7;0;2;4;23;1
536571013;155 722 018;A01;2;14;0;2;2;12;1
536571013;155 722 020;B01;2;7;0;2;8;1;1
536571014;155 722 017;A01;3;7;0;2;2;16;1
536571014;155 722 019;B01;3;80;0;2;1;1;3
536571015;155 722 016;A01;1;7;0;0;9;1;1
536571016;155 722 015;A01;1;37;0;1;1;1;0
536571017;155 722 013;B01;1;7;4;2;6;9;1
536571017;155 722 014;A01;1;7;4;2;3;9;1
536571018;155 722 011;A01;1;33;0;2;1;1;1
536571018;155 722 012;B01;1;7;0;2;3;10;1
536571019;155 722 009;A01;2;43;0;2;2;3;1
536571019;155 722 010;B01;2;10;0;2;6;1;1
536571020;155 722 007;A01;1;7;0;2;5;12;1
536571020;155 722 008;B01;1;7;0;2;1;1;1
536571021;155 722 005;A01;1;7;0;1;2;1;1
536571022;155 722 004;B01;2;32;0;2;1;26;1
536571022;155 722 006;A01;2;7;0;2;8;11;1
536571023;155 722 003;A01;0;1;5;0;1;14;5
536571024;155 722 000;A01;1;15;0;2;1;2;1
536571024;155 722 001;B01;1;15;0;2;4;2;1
536571024;155 722 002;C01;1;7;0;2;4;2;2
536571025;155 721 999;A01;2;30;1;0;1;14;1
536571026;155 721 996;Z01;1;7;0;2;1;26;0
536571026;155 721 998;B01;1;1;0;2;0;0;5
536571027;155 721 995;A01;2;7;0;2;1;1;1
536571027;155 721 997;B01;2;14;0;2;4;1;1
536571028;155 721 994;A01;1;7;0;1;1;1;1
536571029;155 721 992;A01;2;1;0;1;1;1;5
536571030;155 721 989;D01;1;7;0;2;4;2;1
536571030;155 721 990;B01;1;7;0;2;4;2;1
536571030;155 721 991;A01;1;7;0;2;1;2;1
536571030;155 721 993;C01;1;10;0;2;4;2;1
536571031;155 721 987;A01;2;7;0;1;3;1;1
536571031;155 721 988;B01;1;7;0;0;8;23;1
536571032;155 721 986;A01;1;10;13;9;2;21;1
536571033;155 721 983;A01;2;7;0;2;3;15;1
536571033;155 721 985;B01;1;7;0;2;2;1;1
536571034;155 721 981;A01;3;7;0;2;8;1;1
536571034;155 721 982;B01;3;38;0;2;0;0;1
536571035;155 721 980;A01;2;7;3;0;3;13;1
536571036;155 721 978;A01;1;34;0;2;0;21;1
536571036;155 721 979;B01;2;2;0;2;1;19;1
536571037;155 721 976;B01;3;30;0;2;1;1;1
536571037;155 721 977;A01;3;7;0;2;1;15;1
536571038;155 721 974;A01;1;33;0;2;3;1;1
536571038;155 721 975;B01;1;7;0;2;2;12;1
536571039;155 721 972;B01;1;1;0;2;1;1;5
536571039;155 721 973;A01;1;7;0;9;7;16;1
536571040;155 721 969;A01;3;7;0;2;3;13;1
536571040;155 721 970;B01;3;7;0;2;3;1;4
536571041;155 721 968;A01;2;30;1;0;1;0;1
536571041;155 721 971;B01;2;7;0;0;4;23;1
536571042;155 721 966;A01;2;7;0;2;3;10;1
536571042;155 721 967;B01;2;32;0;2;1;1;1
536571043;155 721 965;A01;1;30;0;0;0;0;1
536571044;155 721 964;A01;2;7;0;1;7;1;3
536571045;155 721 961;B01;3;7;0;2;0;0;1
536571046;155 721 962;B01;2;7;0;2;3;1;2
536571046;155 721 963;A01;1;50;0;2;1;1;3
536571047;155 721 959;A01;1;7;0;1;1;1;1
536571048;155 721 958;B01;2;33;0;2;7;3;1
536571048;155 721 960;A01;1;7;0;2;1;15;2
536571049;155 721 955;A01;0;7;0;2;8;13;1
536571049;155 721 956;B01;0;7;0;2;7;1;1
536571050;155 721 953;B01;3;7;0;2;1;9;1
536571050;155 721 954;A01;1;33;0;2;1;1;1
536571050;155 721 957;C01;2;1;0;2;1;1;0
536571051;155 721 951;A01;0;30;0;2;1;26;1
536571051;155 721 952;B01;0;1;0;2;1;1;5
536571052;155 721 950;A01;1;7;0;1;4;20;2
536571053;155 721 947;A01;1;7;0;1;1;2;1
536571054;155 721 948;A01;2;7;0;2;4;1;1
536571054;155 721 949;B01;1;1;0;2;4;2;5
536571055;155 721 944;B01;1;7;0;2;3;1;1
536571055;155 721 945;A01;2;7;0;2;2;15;2
536571056;155 721 942;C01;2;7;0;2;4;2;1
536571056;155 721 943;B01;2;7;0;2;4;2;1
536571056;155 721 946;A01;2;38;0;2;1;2;1
536571057;155 721 938;A01;2;7;0;2;1;2;1
536571057;155 721 940;B01;1;7;0;2;4;2;1
536571058;155 721 939;B01;1;7;0;2;4;9;1
536571058;155 721 941;A01;1;1;0;2;1;1;5
536571059;155 721 936;A01;2;33;0;2;3;3;1
536571059;155 721 937;B01;2;7;0;2;5;2;1
536571060;155 721 935;A01;1;7;4;0;9;13;1
536571061;155 721 933;A01;2;7;0;2;3;15;1
536571061;155 721 934;B01;2;1;0;2;7;1;5
536571062;155 721 932;A01;2;7;0;2;7;21;1
536571063;155 721 931;A01;2;1;0;1;1;1;5
536571064;155 721 929;A01;2;33;0;2;1;0;1
536571064;155 721 930;B01;2;7;0;2;6;0;1
536571065;155 721 927;A01;3;30;14;0;0;1;1
536571066;155 721 926;A01;1;30;0;2;5;26;1
536571066;155 721 928;B01;1;14;0;2;5;23;1
536571067;155 721 925;A01;3;7;2;0;1;14;1
536571068;155 721 923;A01;2;7;6;0;1;1;3
536571069;155 721 922;B01;1;1;1;0;1;1;5
536571069;155 721 924;A01;1;7;0;9;3;22;1
536571070;155 721 920;A01;2;7;0;2;7;2;1
536571070;155 721 921;Y01;1;1;0;2;0;0;5
536571071;155 721 918;B01;1;7;0;2;4;23;1
536571071;155 721 919;A01;1;7;0;2;1;1;1
536571072;155 721 917;A01;3;7;0;1;1;15;0
536571073;155 721 916;A01;2;1;0;1;1;1;5
536571074;155 721 914;A01;1;7;0;2;1;1;1
536571074;155 721 915;B01;1;50;0;2;7;19;3
536571075;155 721 913;A01;1;80;12;0;8;1;3
536571076;155 721 911;A01;1;7;0;2;2;19;3
536571076;155 721 912;B01;2;7;0;2;0;1;1
536571077;155 721 910;A01;2;7;0;1;2;1;3
536571079;155 721 907;A01;0;7;0;2;2;2;1
536571079;155 721 909;B01;1;1;0;2;2;0;5
536571080;155 721 905;A01;1;7;8;0;1;2;1
536571081;155 721 904;B01;2;7;0;2;7;15;1
536571081;155 721 906;A01;1;33;0;2;1;1;1
536571082;155 721 903;A01;1;1;16;0;0;0;5
536571083;155 721 902;A01;2;7;0;1;2;17;1
536571084;155 721 900;A01;1;7;0;2;2;16;1
536571084;155 721 901;B01;1;50;0;2;1;1;3
536571085;155 721 897;A01;1;50;0;2;1;26;3
536571085;155 721 899;B01;1;7;0;9;3;1;1
536571086;155 721 896;B01;1;10;0;2;3;1;1
536571086;155 721 898;A01;1;33;0;2;5;17;1
536571087;155 721 894;A01;2;2;14;0;8;12;1
536571088;155 721 895;A01;3;7;0;1;1;1;1
536571089;155 721 891;B01;1;33;0;2;1;1;1
536571089;155 721 893;A01;2;7;0;2;1;15;1
536571090;155 721 890;B01;2;7;0;2;4;16;1
536571090;155 721 892;A01;2;7;0;2;1;1;1
536571091;155 721 889;A01;3;7;6;0;1;1;2
536571092;155 721 887;C01;2;7;0;0;5;1;1
536571092;155 721 888;A01;2;50;0;1;2;1;3
536571093;155 721 885;A01;1;30;0;2;3;2;1
536571093;155 721 886;B01;1;7;0;2;2;2;1
536571094;155 721 883;A01;2;30;6;0;1;1;1
536571095;155 721 882;B01;1;30;0;2;1;1;1
536571095;155 721 884;A01;3;7;0;2;8;15;1
536571096;155 721 879;B01;1;33;0;2;6;11;1
536571096;155 721 881;A01;1;7;0;2;2;11;1
536571097;155 721 878;A01;3;7;0;2;3;15;2
536571097;155 721 880;B01;2;1;0;2;7;0;5
536571098;155 721 876;A01;2;7;0;2;3;1;1