Num_Acc;id_vehicule;num_veh;senc;catv;obs;obsm;choc;manv;motor
536571098;155 721 877;B01;3;50;0;2;8;1;3
536571099;155 721 875;A01;1;31;9;0;1;26;1
536571100;155 721 873;A01;0;33;0;2;1;17;1
536571100;155 721 874;B01;0;7;13;2;1;1;1
536571101;155 721 871;A01;2;7;0;2;2;13;1
536571101;155 721 872;B01;1;10;0;2;3;1;1
536571102;155 721 870;A01;1;7;0;1;1;1;1
536571103;155 721 866;A01;1;17;0;2;6;11;1
536571103;155 721 868;B01;1;7;0;2;2;1;1
536571104;155 721 864;B01;1;7;0;2;4;23;2
536571104;155 721 865;C01;1;7;0;2;4;23;1
536571104;155 721 867;D01;1;3;0;2;4;23;1
536571104;155 721 869;A01;1;7;0;2;1;1;1
536571105;155 721 863;A01;1;2;13;0;1;2;1
536571106;155 721 860;A01;1;33;0;2;1;1;1
536571106;155 721 862;B01;1;10;0;0;6;16;1
536571107;155 721 859;A01;3;14;0;2;3;13;6
536571107;155 721 861;B01;3;15;0;0;3;1;1
536571108;155 721 857;A01;1;33;5;0;2;0;1
536571109;155 721 852;A01;3;7;0;2;1;2;1
536571109;155 721 855;B01;3;7;0;2;4;23;1
536571109;155 721 856;C01;3;7;0;2;4;23;1
536571109;155 721 858;D01;3;7;0;2;4;23;1
536571110;155 721 849;B01;2;33;0;0;7;1;1
536571110;155 721 851;A01;1;7;0;2;2;15;1
536571111;155 721 848;B01;1;60;0;2;0;0;5
536571111;155 721 850;A01;2;7;0;2;1;9;1
536571112;155 721 846;B01;3;1;0;2;8;9;5
536571112;155 721 847;A01;3;7;0;2;1;1;1
536571113;155 721 844;A01;1;7;6;0;2;26;1
536571114;155 721 843;B01;2;7;0;2;1;1;1
536571114;155 721 845;A01;2;7;0;2;2;15;1
536571115;155 721 841;B01;2;1;0;2;4;1;5
536571115;155 721 842;A01;2;10;0;2;2;1;1
536571116;155 721 838;A01;3;10;0;2;1;1;1
536571116;155 721 840;B01;1;7;7;0;2;1;1
536571117;155 721 836;A01;2;7;0;2;2;1;1
536571117;155 721 839;B01;2;10;0;2;3;15;1
536571118;155 721 835;B01;2;33;0;0;7;1;1
536571118;155 721 837;A01;1;10;0;0;5;15;1
536571119;155 721 834;A01;1;7;0;1;1;1;1
536571120;155 721 833;A01;1;7;2;0;1;1;1
536571121;155 721 831;A01;2;7;0;1;3;1;1
536571122;155 721 830;A01;3;1;0;2;2;15;5
536571122;155 721 832;B01;3;31;0;2;1;1;1
536571123;155 721 828;A01;1;7;0;0;3;6;1
536571123;155 721 829;B01;1;33;0;2;1;1;1
536571124;155 721 825;B01;1;21;0;2;6;2;0
536571124;155 721 826;A01;1;10;0;2;2;2;1
536571125;155 721 824;B01;1;50;0;2;1;1;3
536571125;155 721 827;A01;1;7;0;2;2;15;1
536571126;155 721 823;A01;1;1;14;0;1;0;5
536571127;155 721 821;B01;0;33;0;2;1;9;1
536571127;155 721 822;A01;0;7;0;2;1;26;1
536571128;155 721 819;A01;3;10;0;9;3;16;1
536571128;155 721 820;B01;3;1;0;2;7;19;5
536571129;155 721 817;B01;1;33;0;2;1;1;1
536571129;155 721 818;A01;2;7;0;2;1;10;1
536571130;155 721 815;A01;1;7;0;2;3;19;2
536571130;155 721 816;B01;1;30;0;2;1;1;1
536571131;155 721 813;A01;3;33;0;2;8;2;1
536571131;155 721 814;B01;3;7;0;2;6;23;1
536571132;155 721 810;A01;3;7;0;2;8;11;1
536571132;155 721 812;B01;3;2;1;2;7;2;1
536571133;155 721 811;A01;1;7;0;0;9;1;1
536571134;155 721 809;A01;1;7;1;0;2;14;1
536571135;155 721 808;A01;1;33;0;0;8;1;1
536571136;155 721 807;A01;3;7;0;1;1;1;1
536571137;155 721 805;A01;2;33;13;0;0;2;1
536571138;155 721 804;A01;3;7;0;2;8;9;1
536571138;155 721 806;B01;3;7;0;2;2;1;1
536571139;155 721 802;B01;3;7;0;2;1;9;1
536571139;155 721 803;A01;3;1;0;2;1;1;5
536571140;155 721 799;B01;3;1;0;2;1;1;5
536571140;155 721 801;A01;3;50;0;2;8;15;3
536571141;155 721 795;A01;2;1;0;2;0;2;5
536571141;155 721 796;B01;2;1;0;2;0;2;5
536571141;155 721 797;D01;2;1;0;2;0;2;5
536571141;155 721 798;E01;2;1;0;2;0;2;5
536571141;155 721 800;C01;2;1;0;2;0;2;5
536571142;155 721 793;A01;3;50;0;2;1;1;3
536571142;155 721 794;B01;3;10;0;2;3;16;1
536571143;155 721 792;A01;2;7;2;0;1;14;1
536571145;155 721 788;A01;2;7;0;2;1;13;1
536571145;155 721 789;B01;1;7;0;2;1;1;1
536571146;155 721 784;B01;2;1;0;0;9;21;5
536571146;155 721 786;A01;2;7;0;0;0;9;0
536571147;155 721 783;C01;2;7;0;2;8;1;1
536571147;155 721 785;B01;1;7;0;2;1;1;1
536571147;155 721 787;A01;2;7;0;2;1;5;1
536571148;155 721 782;A01;2;10;13;0;8;13;1
536571149;155 721 780;A01;3;7;0;2;3;20;1
536571149;155 721 781;B01;3;30;0;2;2;2;3
536571150;155 721 779;A01;2;3;2;0;7;1;1
536571151;155 721 775;B01;0;30;0;2;1;1;1
536571151;155 721 778;A01;1;7;0;2;3;15;1
536571152;155 721 776;A01;1;1;0;2;8;1;5
536571152;155 721 777;B01;1;10;0;9;2;1;1
536571153;155 721 772;A01;2;7;0;2;3;15;1
536571153;155 721 774;B01;1;2;1;2;1;1;1
536571154;155 721 771;A01;1;7;0;2;1;1;1
536571154;155 721 773;B01;1;7;0;2;0;0;3
536571155;155 721 770;A01;1;7;0;0;5;0;6
536571156;155 721 766;A01;2;7;2;2;2;1;1
536571156;155 721 768;B01;1;1;0;2;0;0;5
536571157;155 721 767;A01;1;7;0;2;2;26;1
536571157;155 721 769;B01;3;50;0;2;2;19;3
536571158;155 721 764;A01;2;7;4;0;3;0;1
536571159;155 721 763;A01;2;3;0;2;3;16;1
536571159;155 721 765;B01;2;2;0;2;7;16;1
536571160;155 721 761;A01;3;7;6;0;1;1;1
536571161;155 721 759;B01;2;14;1;0;2;1;1
536571161;155 721 760;C01;2;14;1;0;2;1;1
536571161;155 721 762;A01;2;10;4;0;4;23;1
536571162;155 721 758;A01;0;33;4;0;1;1;1
536571163;155 721 754;A01;2;7;0;2;3;10;1
536571163;155 721 757;B01;2;10;0;2;2;1;1
536571164;155 721 753;B01;2;7;0;2;3;1;1
536571164;155 721 755;A01;1;32;0;2;1;17;1
536571164;155 721 756;C01;1;7;0;2;3;2;1
536571165;155 721 752;A01;1;33;0;0;1;0;1
536571166;155 721 750;A01;3;7;0;2;1;13;0
536571166;155 721 751;B01;3;7;0;2;1;1;1
536571167;155 721 747;A01;2;7;0;0;0;9;2
536571167;155 721 749;B01;1;34;0;0;0;2;1
536571168;155 721 746;A01;3;50;0;2;1;19;3
536571168;155 721 748;B01;2;7;0;2;1;0;1
536571169;155 721 743;A01;3;10;0;2;3;19;1
536571169;155 721 745;B01;2;1;0;2;1;15;5
536571170;155 721 742;A01;1;7;0;2;3;13;1
536571170;155 721 744;B01;2;7;0;2;3;1;1
536571171;155 721 741;A01;1;7;0;1;2;11;1
536571172;155 721 740;A01;3;2;2;0;1;1;1
536571173;155 721 738;B01;2;1;0;2;0;0;5
536571173;155 721 739;A01;1;7;0;2;5;15;1
536571174;155 721 737;A01;1;7;1;0;1;13;1
536571175;155 721 735;A01;1;33;0;2;1;2;1
536571175;155 721 736;B01;2;7;0;2;3;15;1
536571176;155 721 733;A01;2;33;0;2;1;1;1
536571176;155 721 734;B01;1;7;0;2;6;9;1
536571177;155 721 731;A01;2;7;8;2;2;13;1
536571177;155 721 732;B01;2;10;0;2;6;1;3
536571178;155 721 729;B01;1;7;15;2;8;1;1
536571178;155 721 730;A01;2;7;0;2;1;9;1
536571179;155 721 726;A01;2;7;13;0;3;13;1
536571180;155 721 723;B01;1;7;0;2;4;2;1
536571180;155 721 724;E01;1;7;0;2;4;1;1
536571180;155 721 725;C01;1;7;0;2;4;2;1
536571180;155 721 727;D01;1;10;0;2;4;1;1
536571180;155 721 728;A01;1;10;0;2;1;2;1
536571181;155 721 721;A01;1;33;0;2;2;17;1
536571181;155 721 722;B01;1;7;0;2;8;15;1
536571182;155 721 719;A01;1;33;12;2;1;2;1
536571182;155 721 720;B01;1;7;0;2;5;2;1
536571183;155 721 718;A01;2;7;13;0;1;2;1
536571184;155 721 715;A01;2;7;0;2;1;2;1
536571184;155 721 716;B01;2;7;0;2;4;2;2
536571184;155 721 717;C01;2;7;0;2;4;2;1
536571185;155 721 713;A01;3;2;0;2;7;19;1
536571185;155 721 714;B01;2;7;13;2;1;1;1
536571186;155 721 712;A01;1;7;0;1;5;1;1
536571187;155 721 711;A01;1;7;2;0;9;1;1
536571188;155 721 708;A01;1;2;0;2;1;1;1
536571188;155 721 710;B01;1;7;0;2;2;1;2
536571189;155 721 707;A01;1;7;0;2;2;19;1
536571189;155 721 709;B01;2;7;0;2;3;1;1
536571190;155 721 706;A01;2;33;0;1;1;10;1
536571191;155 721 702;B01;1;32;0;0;6;15;1
536571191;155 721 705;A01;1;7;0;2;2;1;1
536571192;155 721 701;A01;1;10;0;2;1;2;1
536571192;155 721 703;B01;1;33;0;2;1;3;1
536571192;155 721 704;C01;1;7;0;2;4;2;1
536571193;155 721 700;A01;0;2;0;0;0;1;3
536571194;155 721 699;A01;2;1;14;0;1;1;5
536571195;155 721 697;A01;0;7;0;2;2;1;1
536571195;155 721 698;B01;0;1;0;2;4;2;5
536571196;155 721 696;A01;2;1;0;1;1;1;5
536571197;155 721 694;B01;0;33;3;2;8;1;1
536571197;155 721 695;A01;0;10;0;2;2;9;1
536571198;155 721 692;A01;2;10;0;2;7;15;2
536571198;155 721 693;B01;1;2;0;2;1;1;1
536571199;155 721 690;A01;1;1;0;1;1;1;5
536571200;155 721 689;A01;1;7;0;2;1;26;1
536571200;155 721 691;B01;1;33;0;2;4;1;1
536571201;155 721 687;A01;1;31;0;0;0;14;1
536571202;155 721 688;A01;2;7;0;1;8;0;2
536571203;155 721 684;A01;2;7;0;2;4;12;1
536571203;155 721 685;B01;2;33;0;2;1;3;1
536571204;155 721 682;B01;1;31;0;2;7;2;1
536571204;155 721 683;A01;1;10;0;2;3;10;3
536571205;155 721 680;A01;2;34;0;2;1;3;1
536571205;155 721 681;B01;0;7;0;2;5;1;1
536571206;155 721 678;A01;2;7;0;2;6;26;1
536571206;155 721 679;B01;2;7;0;2;3;17;1
536571207;155 721 673;B01;3;37;0;2;3;1;1
536571207;155 721 676;A01;3;7;0;2;2;15;1
536571208;155 721 672;B01;2;7;0;2;4;23;1
536571208;155 721 674;C01;2;7;0;2;4;23;1
536571208;155 721 675;D01;2;99;0;2;4;0;1
536571208;155 721 677;A01;2;7;0;2;1;23;1
536571209;155 721 670;A01;1;10;0;2;1;1;1
536571209;155 721 671;B01;1;7;0;2;4;9;1
536571210;155 721 666;A01;0;32;0;2;2;1;1
536571210;155 721 668;B01;0;10;0;2;3;16;1
536571211;155 721 665;A01;2;7;0;2;1;2;3
536571211;155 721 667;B01;2;7;0;2;4;23;1
536571211;155 721 669;C01;2;7;0;2;4;23;1
536571212;155 721 662;A01;1;7;1;0;0;1;2
536571213;155 721 663;A01;2;7;0;2;4;4;1
536571213;155 721 664;B01;1;1;0;2;0;1;5
536571214;155 721 658;A01;1;7;0;2;1;15;2
536571214;155 721 659;B01;2;2;0;2;7;1;3
536571215;155 721 657;B01;2;7;0;2;0;2;1
536571215;155 721 660;A01;2;7;0;2;0;11;2
536571215;155 721 661;C01;2;7;0;2;0;0;1
536571216;155 721 655;A01;1;30;0;1;1;1;1
536571217;155 721 654;A01;3;7;0;1;2;1;1
536571218;155 721 653;B01;1;1;0;2;7;1;5
536571218;155 721 656;A01;1;10;0;2;1;1;1
536571219;155 721 650;A01;1;7;0;2;3;11;2
536571219;155 721 652;B01;1;31;0;2;7;1;1
536571220;155 721 649;A01;1;33;0;2;1;2;1
536571220;155 721 651;B01;1;7;0;0;5;1;1
536571221;155 721 647;A01;1;7;14;0;3;1;1
536571222;155 721 646;A01;1;7;8;0;1;1;1
536571223;155 721 645;A01;2;7;0;2;1;19;1
536571223;155 721 648;B01;2;2;0;2;1;5;1
536571224;155 721 642;B01;1;30;0;2;3;1;0
536571224;155 721 644;A01;2;7;0;2;1;1;0
536571225;155 721 640;A01;3;36;0;2;0;13;1
536571225;155 721 643;B01;3;7;0;2;7;1;1
536571226;155 721 639;A01;1;50;1;0;1;26;3
536571227;155 721 638;B01;1;50;0;2;4;1;3
536571227;155 721 641;Z01;1;7;0;2;1;1;0
536571228;155 721 636;A01;2;30;0;1;1;18;1
536571229;155 721 635;B01;2;7;0;2;8;2;1
536571229;155 721 637;A01;1;7;0;2;1;6;1
536571230;155 721 633;A01;2;7;0;1;1;16;0
536571231;155 721 632;A01;2;2;0;0;0;1;1
536571232;155 721 628;A01;3;7;0;2;1;2;1
536571232;155 721 631;B01;3;7;0;2;4;2;1
536571232;155 721 634;C01;3;7;0;0;4;2;1
536571233;155 721 627;A01;2;33;12;2;0;1;1
536571233;155 721 629;B01;1;7;0;2;8;1;3
536571234;155 721 626;A01;3;7;0;9;5;16;1
536571234;155 721 630;B01;3;1;0;2;1;0;5
536571235;155 721 625;B01;3;7;0;0;3;2;1
536571236;155 721 622;B01;1;7;0;2;6;1;1
536571236;155 721 624;A01;1;10;0;2;2;26;1
536571237;155 721 623;Z01;0;7;0;1;8;25;0
536571238;155 721 621;A01;1;2;15;0;1;1;1
536571239;155 721 620;A01;1;33;0;5;8;1;1
536571240;155 721 619;A01;2;33;0;0;9;26;1
536571241;155 721 614;A01;1;7;0;2;3;11;0
536571241;155 721 617;B01;1;7;0;2;1;0;0
536571242;155 721 615;B01;0;7;0;2;3;1;1
536571242;155 721 618;A01;0;2;0;2;1;15;1
536571243;155 721 612;B01;3;31;0;2;1;1;1
536571243;155 721 613;A01;3;7;0;2;2;19;1
536571244;155 721 606;B01;0;10;0;0;3;1;0
536571244;155 721 608;A01;1;33;0;0;1;26;1
536571245;155 721 604;A01;1;7;13;0;1;14;1
536571245;155 721 605;B01;1;7;0;2;8;20;1
536571245;155 721 607;C01;1;7;1;0;4;26;1
536571245;155 721 611;D01;1;10;1;0;1;21;1
536571246;155 721 609;A01;3;7;0;2;2;16;1
536571246;155 721 610;B01;3;50;0;2;1;1;3
536571247;155 721 603;A01;1;7;0;0;0;2;1
536571248;155 721 601;A01;2;50;0;0;1;1;3
536571249;155 721 599;A01;1;7;0;0;9;12;1
536571250;155 721 596;A01;3;7;0;2;1;13;1
536571250;155 721 598;B01;3;7;0;2;1;13;2
536571251;155 721 594;A01;3;7;0;1;1;1;1
536571252;155 721 592;B01;1;31;0;2;5;17;1
536571252;155 721 593;A01;1;7;0;2;3;15;1
536571253;155 721 590;E01;2;7;14;2;3;2;1
536571253;155 721 591;D01;2;7;14;9;0;2;1
536571253;155 721 595;A01;2;7;4;0;9;1;1
536571253;155 721 597;B01;2;7;14;2;1;0;1
536571253;155 721 600;C01;2;7;14;2;0;1;2
536571254;155 721 586;A01;0;7;0;9;1;1;1
536571254;155 721 587;B01;0;1;0;0;1;1;5
536571255;155 721 585;B01;3;33;0;2;1;1;0
536571255;155 721 588;A01;3;7;0;0;0;19;0
536571255;155 721 589;C01;3;7;0;2;3;23;1
536571256;155 721 584;A01;3;7;0;0;3;1;1
536571257;155 721 583;A01;2;33;4;0;7;16;1
536571258;155 721 580;A01;3;7;0;1;7;2;1
536571259;155 721 581;A01;1;7;0;9;3;9;1
536571259;155 721 582;B01;1;80;0;0;5;1;3
536571260;155 721 578;A01;2;7;14;0;1;26;1
536571261;155 721 573;B01;1;7;0;2;3;1;1
536571261;155 721 576;A01;2;33;13;2;0;17;1
536571262;155 721 574;A01;1;7;0;2;1;1;1
536571262;155 721 575;D01;1;7;0;2;8;1;1
536571262;155 721 577;B01;1;7;0;2;9;2;1
536571262;155 721 579;C01;1;7;0;2;4;2;1
536571263;155 721 571;A01;2;7;0;2;1;9;1
536571263;155 721 572;B01;1;1;0;2;7;1;5
536571264;155 721 569;A01;1;7;0;2;3;15;1
536571264;155 721 570;B01;1;7;0;2;2;18;1
536571265;155 721 567;A01;3;7;0;1;4;20;1
536571266;155 721 566;B01;1;32;0;2;8;1;1
536571266;155 721 568;A01;2;7;0;2;1;15;1
536571267;155 721 563;A01;2;7;0;2;2;1;1
536571267;155 721 564;B01;1;1;0;2;4;1;5
536571267;155 721 565;C01;1;1;0;2;6;1;5
536571268;155 721 560;A01;3;21;0;2;8;9;1
536571268;155 721 562;B01;3;31;0;2;1;1;1
536571269;155 721 559;A01;2;80;0;2;1;19;3
536571269;155 721 561;B01;2;7;0;2;2;1;1
536571270;155 721 556;A01;1;36;12;0;2;1;1
536571271;155 721 555;B01;2;1;0;2;0;1;5
536571271;155 721 558;A01;2;10;0;9;0;2;1
536571272;155 721 557;A01;1;38;16;0;7;1;1
536571273;155 721 551;B01;1;31;0;2;1;15;1
536571273;155 721 554;A01;2;7;0;2;2;15;1
536571274;155 721 553;A01;0;33;6;0;1;1;1
536571275;155 721 550;A01;1;7;0;2;7;20;1
536571275;155 721 552;B01;2;33;0;2;1;1;1
536571276;155 721 549;A01;2;80;1;0;0;1;3
536571277;155 721 548;A01;1;7;9;0;2;1;1
536571278;155 721 545;A01;1;2;12;0;0;1;1
536571279;155 721 546;A01;1;7;0;2;0;0;0
536571279;155 721 547;B01;0;99;0;2;0;19;0
536571280;155 721 544;A01;1;43;11;0;1;17;1
536571281;155 721 542;B01;3;7;0;2;1;1;1
536571281;155 721 543;A01;3;60;0;2;1;13;5
536571282;155 721 539;B01;2;37;0;2;6;1;0
536571282;155 721 541;A01;2;33;3;2;1;17;1
536571283;155 721 538;A01;1;33;0;2;1;1;1
536571283;155 721 540;B01;2;7;0;2;2;10;1
536571284;155 721 537;A01;1;7;0;1;4;25;1
536571285;155 721 535;A01;1;50;0;2;1;19;3
536571285;155 721 536;B01;1;7;0;2;3;0;1
536571286;155 721 534;A01;3;7;0;1;1;1;1
536571287;155 721 530;B01;2;7;0;2;1;1;1
536571287;155 721 532;A01;1;33;0;2;2;1;1
536571288;155 721 531;A01;1;50;0;4;1;1;3
536571288;155 721 533;B01;2;40;0;2;3;26;3
536571290;155 721 527;A01;2;7;0;2;1;13;1
536571290;155 721 528;B01;1;7;12;2;0;0;1
536571291;155 721 525;A01;2;7;0;2;3;15;1
536571291;155 721 526;B01;1;13;0;2;2;1;1
536571292;155 721 521;A01;3;7;0;0;2;1;1
536571292;155 721 523;B01;3;7;0;0;3;1;1
536571293;155 721 522;B01;1;2;0;2;0;0;0
536571293;155 721 524;A01;2;7;0;2;1;0;0
536571294;155 721 518;A01;0;2;5;2;1;2;1
536571294;155 721 520;B01;0;1;0;0;4;1;5
536571295;155 721 516;A01;3;7;6;0;7;0;1
536571296;155 721 517;B01;1;7;0;2;1;1;1
536571296;155 721 519;A01;1;1;0;2;7;1;5
536571297;155 721 515;A01;3;2;0;0;2;1;1
536571298;155 721 512;A01;2;7;0;2;2;2;1
536571298;155 721 514;B01;2;30;0;2;4;2;1
536571299;155 721 510;A01;1;2;0;2;1;2;1
536571299;155 721 511;B01;1;2;14;0;4;2;1
536571299;155 721 513;C01;1;7;0;0;4;23;1
536571300;155 721 509;A01;2;7;2;0;1;14;1
536571301;155 721 507;B01;3;1;0;2;4;0;5
536571301;155 721 508;A01;3;7;0;9;1;26;1
536571302;155 721 505;A01;2;7;0;2;1;15;1
536571302;155 721 506;B01;1;50;0;2;8;1;3
536571303;155 721 503;A01;2;7;13;2;1;1;1
536571303;155 721 504;B01;1;7;0;2;1;0;1
536571304;155 721 499;B01;1;15;0;2;3;0;1
536571304;155 721 501;A01;2;7;0;2;1;5;1
536571305;155 721 495;C01;1;7;0;0;5;1;1
536571305;155 721 496;A01;1;7;0;2;1;1;1
536571305;155 721 498;B01;1;13;0;0;2;1;1
536571306;155 721 494;B01;2;2;0;2;7;1;1
536571306;155 721 497;A01;1;7;0;2;3;9;1
536571307;155 721 492;A01;3;2;0;2;3;1;1
536571307;155 721 493;B01;3;7;0;2;2;1;1
536571308;155 721 490;A01;2;7;7;0;1;1;1
536571309;155 721 486;A01;1;7;3;0;2;1;1
536571309;155 721 488;B01;2;10;0;0;4;23;1
536571309;155 721 489;C01;2;10;1;0;1;2;1
536571310;155 721 487;A01;1;7;0;2;8;21;1
536571310;155 721 491;B01;3;17;0;2;3;23;1
536571311;155 721 483;A01;1;10;0;2;3;13;1
536571311;155 721 485;B01;2;34;0;2;1;13;1
536571312;155 721 480;A01;1;7;0;2;8;1;1
536571312;155 721 482;B01;2;33;0;2;8;13;1
536571313;155 721 481;A01;3;7;8;2;3;1;2
536571313;155 721 484;B01;3;7;0;2;1;1;2
536571314;155 721 478;A01;3;7;0;1;3;1;1
536571315;155 721 477;A01;2;7;0;2;1;13;1
536571315;155 721 479;B01;1;7;0;2;1;1;1
536571316;155 721 476;A01;2;7;0;1;2;14;3
536571317;155 721 474;A01;1;7;0;2;1;17;1
536571317;155 721 475;B01;1;7;0;2;3;9;2
536571318;155 721 472;A01;1;33;0;0;8;2;1
536571319;155 721 473;A01;1;33;12;0;8;1;1
536571320;155 721 469;A01;2;34;0;2;1;2;1
536571320;155 721 471;B01;2;3;0;9;6;1;1
536571321;155 721 468;B01;2;7;0;2;4;1;1
536571321;155 721 470;A01;2;14;0;2;1;2;1
536571322;155 721 465;A01;3;7;0;1;1;1;1
536571323;155 721 462;B01;2;7;0;2;4;2;1
536571323;155 721 463;C01;2;7;0;2;4;2;1
536571323;155 721 464;D01;2;7;0;2;4;2;1
536571323;155 721 466;E01;2;7;0;2;1;2;1
536571323;155 721 467;A01;2;7;0;0;4;1;1
536571324;155 721 461;A01;2;7;0;1;1;15;1
536571325;155 721 459;A01;2;33;0;2;1;1;1
536571325;155 721 460;B01;2;7;0;2;7;15;1
536571326;155 721 457;A01;2;7;2;0;9;14;1
536571327;155 721 455;A01;1;1;0;0;0;0;5
536571328;155 721 456;A01;1;7;0;2;5;15;1
536571328;155 721 458;B01;2;2;0;2;1;1;3
536571329;155 721 454;A01;1;7;16;0;0;0;1
536571330;155 721 452;A01;3;10;0;2;6;9;1
536571330;155 721 453;B01;3;50;0;2;2;1;3
536571331;155 721 450;B01;2;7;0;2;1;1;1
536571331;155 721 451;A01;1;3;0;2;2;13;1
536571332;155 721 446;B01;2;33;0;2;1;2;1
536571332;155 721 447;A01;2;10;0;2;4;23;1
536571333;155 721 448;A01;1;50;0;2;7;15;3
536571333;155 721 449;B01;2;7;0;2;2;1;1
536571334;155 721 445;A01;1;7;0;0;1;1;1
536571335;155 721 442;A01;2;7;13;0;3;1;1
536571336;155 721 443;A01;3;10;0;2;3;13;1
536571336;155 721 444;B01;3;13;0;2;3;1;1
536571337;155 721 439;B01;2;7;0;2;3;1;1
536571337;155 721 441;A01;1;7;0;2;3;17;1
536571338;155 721 438;B01;2;7;0;2;3;1;1
536571338;155 721 440;A01;2;2;0;2;1;17;1
536571339;155 721 436;A01;3;10;0;9;2;0;0
536571339;155 721 437;B01;3;1;13;0;0;2;5
536571340;155 721 434;A01;1;33;7;2;3;13;1
536571340;155 721 435;B01;1;7;0;2;2;1;1
536571341;155 721 432;A01;2;7;0;9;3;1;1
536571341;155 721 433;B01;1;1;0;2;3;13;5
536571342;155 721 431;A01;3;7;0;1;1;0;1
536571343;155 721 429;A01;1;7;0;2;4;26;1
536571343;155 721 430;B01;1;43;0;2;1;2;1
536571344;155 721 425;B01;2;7;0;2;5;1;1
536571344;155 721 427;A01;2;33;0;2;3;3;1
536571345;155 721 423;A01;2;31;0;0;7;1;1
536571346;155 721 422;A01;0;7;0;1;7;1;1
536571347;155 721 420;A01;2;7;0;2;1;1;1
536571347;155 721 421;B01;2;14;0;2;0;0;1
536571348;155 721 416;A01;1;33;0;2;1;1;1
536571348;155 721 418;B01;1;7;0;2;4;1;1
536571349;155 721 417;A01;1;10;0;2;2;1;2
536571349;155 721 419;B01;1;10;0;2;1;26;0
536571350;155 721 413;B01;2;7;8;2;4;2;1
536571350;155 721 415;A01;2;7;0;2;1;2;1
536571351;155 721 410;B01;1;7;0;2;4;2;2
536571351;155 721 411;C01;1;7;0;2;4;2;1
536571351;155 721 412;D01;1;7;0;2;4;2;1
536571351;155 721 414;A01;1;7;0;2;1;21;1
536571352;155 721 409;A01;1;7;0;1;1;1;1
536571353;155 721 407;A01;2;7;0;2;2;11;1
536571353;155 721 408;B01;2;33;0;2;7;3;1
536571354;155 721 405;B01;1;7;0;2;3;11;1
536571354;155 721 406;A01;1;32;0;2;7;17;1
536571355;155 721 404;A01;2;7;0;2;8;1;1
536571356;155 721 402;B01;1;7;0;2;4;0;1
536571356;155 721 403;A01;1;43;0;2;1;0;1
536571357;155 721 398;A01;3;7;8;2;3;1;1
536571357;155 721 400;B01;3;7;0;2;3;15;1
536571357;155 721 401;C01;3;1;9;0;0;0;5
536571358;155 721 397;B01;1;10;0;2;4;2;1
536571358;155 721 399;A01;1;7;0;2;1;2;1
536571359;155 721 395;A01;1;33;0;2;1;2;1
536571359;155 721 396;B01;1;7;0;2;6;1;2
536571360;155 721 392;B01;2;33;0;2;8;1;1
536571360;155 721 394;A01;1;7;0;2;1;15;1
536571361;155 721 390;A01;1;33;0;2;1;1;1
536571361;155 721 391;B01;1;33;0;2;4;1;1
536571361;155 721 393;C01;1;15;0;2;6;1;1
536571362;155 721 387;A01;2;10;0;2;6;1;1
536571362;155 721 389;B01;2;33;0;2;1;2;1
536571363;155 721 386;B01;1;7;0;2;6;15;1
536571363;155 721 388;A01;1;33;0;2;6;17;1
536571364;155 721 383;A01;1;10;0;2;4;1;1
536571364;155 721 384;B01;1;43;0;2;6;3;1
536571364;155 721 385;C01;1;10;0;2;3;14;1
536571365;155 721 382;A01;3;30;0;1;1;1;1
536571366;155 721 379;A01;2;33;0;2;7;3;1
536571366;155 721 380;B01;2;7;0;2;6;2;3
536571367;155 721 378;B01;1;33;0;2;1;1;1
536571367;155 721 381;A01;1;7;0;2;2;19;1
536571368;155 721 376;A01;2;33;0;0;8;15;1
536571369;155 721 375;B01;3;37;0;2;3;1;1
536571369;155 721 377;A01;3;7;0;2;1;13;1
536571370;155 721 374;A01;1;7;0;1;1;2;1
536571371;155 721 372;A01;0;7;0;2;1;1;3
536571371;155 721 373;B01;0;50;0;0;0;0;3
536571372;155 721 369;A01;3;7;0;2;3;1;1
536571372;155 721 371;B01;3;7;0;2;3;14;1
536571373;155 721 367;A01;3;7;0;1;2;1;1
536571374;155 721 366;B01;0;30;0;2;4;1;1
536571374;155 721 368;A01;0;7;0;9;1;1;1
536571375;155 721 362;A01;3;50;0;2;8;19;3
536571375;155 721 364;B01;0;7;0;2;0;2;1
536571376;155 721 361;B01;1;7;0;2;4;23;1
536571376;155 721 363;C01;1;7;0;2;4;23;1
536571376;155 721 365;A01;1;7;0;2;1;2;2
536571377;155 721 357;A01;1;7;0;2;3;13;1
536571377;155 721 359;B01;2;7;0;2;3;1;1
536571378;155 721 353;A01;1;33;0;2;1;1;1
536571378;155 721 355;B01;1;7;0;0;4;15;1
536571379;155 721 354;B01;1;50;0;2;1;1;3
536571379;155 721 356;A01;2;7;0;9;2;16;1
536571380;155 721 352;A01;1;50;1;0;1;1;3
536571381;155 721 351;A01;1;31;13;0;3;1;1
536571382;155 721 350;A01;2;7;0;2;2;1;1
536571383;155 721 348;A01;2;7;0;2;2;11;1
536571383;155 721 349;B01;2;7;0;2;4;1;1
536571384;155 721 346;A01;2;7;0;2;3;15;1
536571384;155 721 347;B01;1;32;0;2;2;17;1
536571385;155 721 345;A01;1;7;0;1;1;2;2