Num_Acc;id_vehicule;num_veh;senc;catv;obs;obsm;choc;manv;motor
536571386;155 721 344;A01;1;50;0;1;1;25;3
536571387;155 721 340;B01;3;1;0;2;3;19;5
536571387;155 721 342;C01;1;1;0;2;0;0;5
536571387;155 721 343;A01;1;7;0;2;1;1;0
536571388;155 721 339;B01;3;7;0;2;2;1;1
536571388;155 721 341;A01;3;7;0;2;3;19;1
536571389;155 721 337;A01;2;7;0;1;1;1;1
536571390;155 721 334;A01;3;7;0;2;1;9;1
536571390;155 721 335;B01;3;10;0;2;7;9;1
536571391;155 721 336;B01;1;7;0;2;1;15;1
536571391;155 721 338;A01;1;7;0;2;6;15;2
536571392;155 721 332;A01;2;34;0;2;1;12;1
536571392;155 721 333;B01;2;10;0;2;5;1;1
536571393;155 721 330;A01;1;37;1;2;7;17;1
536571393;155 721 331;B01;1;37;0;2;6;23;1
536571394;155 721 329;A01;1;10;0;1;4;20;1
536571395;155 721 326;A01;2;1;0;2;3;15;5
536571395;155 721 327;B01;1;80;0;2;1;1;3
536571396;155 721 324;A01;2;1;0;2;8;13;5
536571396;155 721 325;B01;1;30;0;2;8;1;3
536571397;155 721 323;A01;2;31;0;2;1;17;1
536571397;155 721 328;B01;2;7;0;2;8;15;1
536571398;155 721 321;B01;2;1;0;2;6;2;5
536571398;155 721 322;Z01;2;7;0;2;2;2;0
536571399;155 721 318;A01;2;10;0;2;1;19;1
536571399;155 721 319;B01;2;33;0;2;7;1;1
536571400;155 721 315;A01;2;7;0;2;3;16;1
536571400;155 721 317;B01;2;50;0;2;1;25;3
536571401;155 721 313;A01;2;33;1;1;1;1;1
536571402;155 721 314;A01;3;10;0;2;2;15;1
536571402;155 721 316;B01;3;33;0;2;7;1;1
536571403;155 721 312;A01;2;33;4;0;2;1;1
536571404;155 721 310;A01;1;7;0;2;3;1;2
536571404;155 721 311;B01;2;1;0;2;1;1;5
536571405;155 721 308;B01;0;7;0;2;1;13;0
536571405;155 721 309;Z01;0;0;0;2;0;26;0
536571406;155 721 306;A01;2;7;0;2;2;19;1
536571406;155 721 307;B01;3;7;0;2;1;15;1
536571407;155 721 305;A01;3;7;1;1;3;15;1
536571408;155 721 303;A01;1;7;0;2;2;1;2
536571408;155 721 304;B01;1;50;8;0;3;13;3
536571409;155 721 301;B01;0;50;0;2;1;1;3
536571409;155 721 302;A01;3;7;0;2;2;20;1
536571410;155 721 300;A01;0;7;2;0;1;2;2
536571411;155 721 299;A01;3;14;0;1;2;15;1
536571412;155 721 297;B01;1;14;0;0;7;0;0
536571412;155 721 298;A01;3;7;0;0;8;0;0
536571413;155 721 295;B01;0;7;0;2;3;15;0
536571413;155 721 296;A01;0;43;0;2;3;1;1
536571414;155 721 294;A01;3;7;0;1;3;1;1
536571415;155 721 293;A01;1;10;0;1;1;0;3
536571416;155 721 289;A01;1;7;0;2;1;1;1
536571416;155 721 290;B01;1;7;0;2;4;23;1
536571416;155 721 291;C01;1;7;0;2;4;23;1
536571416;155 721 292;D01;1;7;0;2;4;23;1
536571417;155 721 287;B01;1;7;0;2;2;0;1
536571417;155 721 288;A01;2;7;8;2;0;1;1
536571418;155 721 286;A01;0;60;14;0;1;25;5
536571419;155 721 284;B01;2;7;0;2;1;2;1
536571419;155 721 285;A01;2;7;0;2;4;2;3
536571420;155 721 282;B01;1;7;0;2;7;16;1
536571420;155 721 283;A01;1;32;0;2;1;1;1
536571421;155 721 281;A01;3;7;0;1;3;1;2
536571422;155 721 279;B01;0;34;0;2;8;1;1
536571422;155 721 280;A01;3;7;0;2;2;23;1
536571423;155 721 277;B01;2;7;0;2;4;1;2
536571423;155 721 278;A01;2;30;0;2;1;1;3
536571424;155 721 276;A01;3;33;0;1;8;0;1
536571425;155 721 274;A01;2;7;0;0;8;10;1
536571425;155 721 275;B01;2;7;0;2;2;21;1
536571426;155 721 273;A01;3;2;1;0;1;17;1
536571427;155 721 272;A01;3;2;13;0;7;2;1
536571428;155 721 270;A01;1;7;0;2;3;1;1
536571428;155 721 271;B01;3;1;0;2;8;19;5
536571429;155 721 269;A01;2;33;0;6;8;1;1
536571430;155 721 268;A01;3;7;13;0;1;1;1
536571431;155 721 266;A01;1;7;0;2;2;15;1
536571431;155 721 267;B01;2;2;0;2;1;1;1
536571432;155 721 265;A01;2;14;0;0;0;1;1
536571433;155 721 263;A01;2;7;0;2;7;15;1
536571433;155 721 264;B01;1;33;0;2;1;1;1
536571434;155 721 262;A01;2;2;6;0;1;1;1
536571435;155 721 261;A01;1;7;4;0;3;1;1
536571436;155 721 259;B01;1;7;0;2;8;1;1
536571436;155 721 260;A01;2;7;8;2;3;13;2
536571437;155 721 258;A01;3;34;0;0;8;15;1
536571438;155 721 257;A01;1;7;0;0;9;0;1
536571439;155 721 256;A01;2;7;13;0;3;1;1
536571440;155 721 254;A01;2;1;0;2;0;0;5
536571440;155 721 255;B01;0;15;0;0;3;1;1
536571441;155 721 252;A01;2;7;0;2;2;17;1
536571441;155 721 253;B01;2;7;0;2;8;15;1
536571442;155 721 250;A01;1;7;0;2;3;1;1
536571442;155 721 251;B01;2;33;0;2;3;1;1
536571443;155 721 248;A01;1;7;0;2;1;1;1
536571443;155 721 249;B01;2;15;0;0;6;9;1
536571444;155 721 247;A01;1;7;15;0;1;1;3
536571445;155 721 246;A01;2;33;0;0;3;1;1
536571446;155 721 245;A01;2;33;2;0;2;1;1
536571447;155 721 242;A01;0;7;12;1;1;20;2
536571448;155 721 243;A01;1;7;0;2;8;13;1
536571448;155 721 244;B01;2;15;0;2;3;14;1
536571449;155 721 239;A01;1;7;0;2;1;1;1
536571449;155 721 240;B01;2;7;0;2;1;1;1
536571450;155 721 238;A01;3;7;6;2;2;1;1
536571450;155 721 241;B01;3;7;0;0;2;15;1
536571451;155 721 235;A01;2;33;0;2;8;1;1
536571451;155 721 236;B01;1;7;0;2;3;13;1
536571452;155 721 234;A01;3;7;15;2;1;19;1
536571452;155 721 237;B01;3;30;0;2;1;1;1
536571453;155 721 233;A01;0;2;0;9;0;0;1
536571454;155 721 231;A01;2;7;0;2;3;15;2
536571454;155 721 232;B01;2;33;0;2;1;17;1
536571455;155 721 228;B01;2;15;0;2;3;1;0
536571455;155 721 230;A01;1;7;0;2;3;5;0
536571456;155 721 226;A01;1;33;8;0;1;26;1
536571457;155 721 222;C01;2;7;0;2;7;21;1
536571457;155 721 223;A01;1;7;0;2;7;13;1
536571457;155 721 224;B01;2;7;0;2;1;1;1
536571458;155 721 225;B01;2;7;0;9;7;17;1
536571458;155 721 227;A01;2;1;0;2;8;11;5
536571459;155 721 221;A01;3;7;8;0;1;1;1
536571460;155 721 218;A01;1;7;0;2;1;17;1
536571460;155 721 220;B01;2;7;0;2;1;1;1
536571461;155 721 217;B01;2;7;0;2;4;2;1
536571461;155 721 219;A01;2;10;0;2;1;2;3
536571462;155 721 215;A01;1;7;0;1;2;2;1
536571463;155 721 214;B01;2;7;0;2;7;21;1
536571463;155 721 216;A01;1;10;0;2;2;5;1
536571464;155 721 213;A01;2;33;0;0;8;1;1
536571465;155 721 211;A01;1;7;0;2;1;0;1
536571465;155 721 212;B01;1;7;0;0;4;14;1
536571466;155 721 210;A01;1;2;13;0;1;26;1
536571467;155 721 209;A01;1;2;12;0;0;1;1
536571468;155 721 208;A01;1;7;0;1;3;1;1
536571469;155 721 206;B01;1;7;0;2;1;1;1
536571469;155 721 207;A01;2;7;0;2;1;5;1
536571470;155 721 202;A01;2;7;0;2;2;2;1
536571470;155 721 204;B01;2;7;0;0;6;23;1
536571471;155 721 203;A01;1;10;0;2;1;19;1
536571471;155 721 205;B01;2;7;0;2;6;19;1
536571472;155 721 201;A01;2;33;3;0;7;1;1
536571473;155 721 200;A01;2;7;0;9;1;13;1
536571474;155 721 196;A01;2;7;13;0;0;21;1
536571474;155 721 198;B01;1;10;0;0;0;15;1
536571475;155 721 197;A01;3;7;2;2;2;1;3
536571475;155 721 199;B01;3;2;0;0;5;1;1
536571476;155 721 193;B01;1;2;0;2;1;19;0
536571476;155 721 195;A01;1;7;0;2;8;1;1
536571477;155 721 192;A01;3;7;0;2;3;15;1
536571477;155 721 194;B01;1;33;0;2;1;1;1
536571478;155 721 190;A01;2;10;0;0;1;13;1
536571478;155 721 191;B01;1;32;0;9;1;1;1
536571479;155 721 189;A01;2;7;6;0;1;1;1
536571480;155 721 187;A01;3;50;0;1;8;2;3
536571481;155 721 184;A01;0;31;0;9;1;2;1
536571481;155 721 185;B01;0;1;0;0;8;2;5
536571482;155 721 183;C01;1;7;0;2;4;23;1
536571482;155 721 186;A01;1;7;0;2;3;13;1
536571482;155 721 188;B01;2;7;0;2;3;1;2
536571483;155 721 182;A01;2;7;3;0;3;1;1
536571484;155 721 179;A01;1;33;0;2;3;26;1
536571484;155 721 181;B01;2;33;0;2;3;26;1
536571485;155 721 177;A01;1;10;0;2;2;15;1
536571485;155 721 178;B01;2;33;0;2;1;1;1
536571485;155 721 180;C01;2;33;0;2;1;1;1
536571486;155 721 175;A01;2;7;10;0;3;1;1
536571487;155 721 174;A01;1;7;0;2;3;12;1
536571487;155 721 176;B01;1;7;0;0;5;1;1
536571488;155 721 172;A01;0;15;0;0;8;1;1
536571488;155 721 173;B01;0;33;0;2;3;1;1
536571489;155 721 171;A01;3;2;0;0;5;26;1
536571490;155 721 168;A01;2;33;0;2;2;17;1
536571490;155 721 170;B01;2;50;0;2;8;15;3
536571491;155 721 166;A01;2;7;0;2;1;13;1
536571491;155 721 167;B01;1;7;0;2;3;1;1
536571492;155 721 160;A01;1;7;0;2;1;2;1
536571492;155 721 162;B01;1;10;0;2;4;2;1
536571492;155 721 164;C01;1;7;0;2;4;2;1
536571492;155 721 165;D01;1;7;0;0;4;2;1
536571493;155 721 161;A01;1;7;0;2;2;9;1
536571493;155 721 163;B01;2;2;0;2;1;1;1
536571494;155 721 157;A01;3;1;0;2;3;1;5
536571494;155 721 159;B01;3;7;0;9;8;1;1
536571495;155 721 156;A01;2;7;0;2;1;13;1
536571495;155 721 158;B01;1;7;0;2;3;1;1
536571496;155 721 154;A01;1;2;0;0;3;1;1
536571497;155 721 153;A01;1;7;0;2;3;15;1
536571497;155 721 155;B01;2;7;0;2;1;1;1
536571498;155 721 152;A01;2;10;2;0;1;14;1
536571499;155 721 151;A01;3;10;0;1;5;4;1
536571500;155 721 150;A01;0;2;0;0;1;1;1
536571501;155 721 149;A01;1;7;2;0;1;14;1
536571502;155 721 148;A01;1;7;0;1;3;1;1
536571503;155 721 146;B01;1;7;0;0;6;1;1
536571503;155 721 147;A01;1;7;2;2;2;2;1
536571504;155 721 142;A01;1;7;0;2;2;14;1
536571504;155 721 144;B01;1;7;0;2;3;1;1
536571504;155 721 145;C01;1;7;0;2;5;12;1
536571505;155 721 141;B01;1;33;0;2;1;14;1
536571505;155 721 143;A01;2;7;0;2;3;13;1
536571506;155 721 140;A01;2;33;0;2;1;3;1
536571507;155 721 138;A01;3;10;0;2;6;10;1
536571507;155 721 139;B01;3;2;0;2;1;1;1
536571508;155 721 136;A01;2;7;0;2;7;12;1
536571508;155 721 137;B01;2;33;0;2;8;3;1
536571509;155 721 133;B01;1;7;0;2;3;1;1
536571509;155 721 135;A01;1;7;2;2;1;17;1
536571510;155 721 131;C01;2;10;0;2;1;1;1
536571510;155 721 132;B01;2;10;0;2;1;1;1
536571510;155 721 134;A01;2;33;0;0;4;23;1
536571511;155 721 128;A01;3;10;0;2;3;5;1
536571511;155 721 130;B01;3;2;0;2;1;1;1
536571512;155 721 126;A01;1;33;0;2;1;3;1
536571512;155 721 127;B01;1;7;0;2;2;12;1
536571512;155 721 129;C01;1;7;0;2;8;1;1
536571513;155 721 122;Z01;2;7;0;2;1;2;0
536571513;155 721 124;B01;1;7;0;2;4;2;1
536571513;155 721 125;A01;2;7;0;2;4;2;1
536571514;155 721 121;A01;1;7;4;2;2;21;2
536571514;155 721 123;B01;1;7;0;2;4;23;1
536571515;155 721 118;A01;1;7;0;2;4;1;1
536571515;155 721 120;B01;1;7;0;2;1;14;1
536571516;155 721 117;A01;2;15;0;2;1;2;0
536571516;155 721 119;B01;2;7;0;2;4;2;1
536571517;155 721 115;A01;1;7;0;2;2;12;1
536571517;155 721 116;B01;1;17;0;2;6;1;1
536571518;155 721 113;B01;1;7;0;2;9;0;1
536571518;155 721 114;A01;1;7;0;2;0;0;1
536571519;155 721 111;A01;1;33;0;2;8;1;1
536571519;155 721 112;B01;1;7;0;2;2;14;1
536571520;155 721 109;A01;1;7;3;2;4;23;1
536571520;155 721 110;B01;1;7;0;2;1;1;1
536571521;155 721 108;A01;2;7;4;2;1;21;1
536571522;155 721 107;A01;1;7;4;0;3;26;1
536571523;155 721 103;A01;2;7;0;2;3;14;1
536571523;155 721 105;B01;2;7;0;2;2;2;2
536571523;155 721 106;C01;2;7;0;2;6;1;1
536571524;155 721 102;B01;3;7;0;2;4;26;1
536571524;155 721 104;A01;3;7;0;2;3;1;1
536571525;155 721 100;A01;2;7;0;2;3;1;1
536571525;155 721 101;B01;2;10;0;2;6;1;1
536571526;155 721 099;A01;2;37;0;1;2;7;1
536571527;155 721 097;A01;3;7;0;2;1;1;1
536571527;155 721 098;B01;3;7;0;2;4;15;1
536571528;155 721 095;A01;2;34;0;2;6;3;1
536571528;155 721 096;B01;2;10;0;2;7;12;1
536571529;155 721 092;A01;2;7;4;0;3;13;1
536571530;155 721 090;A01;2;33;0;2;1;1;1
536571530;155 721 093;B01;2;7;0;2;4;1;1
536571531;155 721 091;B01;2;50;0;2;1;3;3
536571531;155 721 094;A01;1;15;0;2;1;15;1
536571532;155 721 088;A01;1;2;0;0;0;26;1
536571533;155 721 087;A01;1;7;0;2;1;1;1
536571533;155 721 089;B01;1;7;0;0;4;1;1
536571534;155 721 086;A01;3;7;0;1;2;1;1
536571535;155 721 082;B01;3;7;0;2;4;1;1
536571535;155 721 084;A01;3;7;0;2;1;1;1
536571536;155 721 081;A01;1;7;0;2;1;1;1
536571537;155 721 077;A01;2;7;4;0;1;0;1
536571538;155 721 076;A01;1;10;0;2;3;2;0
536571538;155 721 078;B01;1;33;0;2;2;2;1
536571539;155 721 075;A01;1;7;0;2;8;13;1
536571540;155 721 072;B01;1;7;0;2;6;24;1
536571540;155 721 074;A01;1;10;0;2;1;15;1
536571541;155 721 070;A01;1;7;0;2;8;13;2
536571541;155 721 073;B01;1;80;0;2;4;2;3
536571542;155 721 068;A01;3;7;2;0;8;13;1
536571543;155 721 067;A01;2;7;0;2;4;1;1
536571543;155 721 069;B01;2;7;0;2;4;1;1
536571543;155 721 071;C01;2;7;0;2;1;1;2
536571544;155 721 062;B01;3;60;0;2;4;0;5
536571544;155 721 066;A01;3;10;0;2;1;2;1
536571545;155 721 063;B01;1;7;0;2;3;15;1
536571545;155 721 065;A01;2;2;0;2;1;17;1
536571546;155 721 061;A01;2;7;0;2;1;12;1
536571546;155 721 064;B01;2;38;0;2;4;1;1
536571547;155 721 059;A01;1;2;0;0;7;1;3
536571548;155 721 058;A01;3;2;0;2;1;17;1
536571548;155 721 060;B01;3;10;0;2;3;15;1
536571549;155 721 057;A01;3;7;1;0;2;1;1
536571550;155 721 054;A01;2;7;3;0;2;1;1
536571551;155 721 048;A01;1;7;0;1;1;1;1
536571552;155 721 047;A01;2;7;0;2;1;26;1
536571552;155 721 050;B01;2;7;0;2;4;26;1
536571552;155 721 052;C01;2;7;0;2;4;26;1
536571553;155 721 046;A01;1;10;0;2;1;2;1
536571553;155 721 049;B01;1;7;0;2;4;2;1
536571553;155 721 051;C01;1;10;0;2;1;2;1
536571554;155 721 045;A01;1;7;13;0;9;0;1
536571555;155 721 043;A01;2;10;0;1;2;1;1
536571556;155 721 042;B01;2;50;0;2;2;5;3
536571556;155 721 044;A01;3;7;0;2;3;15;1
536571557;155 721 037;B01;0;10;0;2;3;15;1
536571557;155 721 039;A01;0;7;0;2;1;1;1
536571558;155 721 036;A01;2;13;6;0;1;26;1
536571559;155 721 038;A01;3;2;0;1;1;0;1
536571560;155 721 034;A01;1;7;0;1;2;1;1
536571561;155 721 031;C01;2;7;0;2;7;1;1
536571561;155 721 032;B01;2;15;0;2;4;1;1
536571561;155 721 035;A01;2;10;0;2;7;21;1
536571562;155 721 030;A01;1;30;0;2;7;17;1
536571562;155 721 033;B01;1;7;0;2;3;17;2
536571563;155 721 029;A01;1;10;0;1;6;1;1
536571564;155 721 026;A01;2;7;16;0;3;17;1
536571565;155 721 025;A01;3;7;0;1;2;1;1
536571566;155 721 019;C01;3;38;0;2;8;0;1
536571566;155 721 022;A01;3;30;0;2;8;17;1
536571566;155 721 023;B01;3;7;0;2;8;1;1
536571567;155 721 021;A01;1;80;0;1;2;1;3
536571568;155 721 018;B01;2;7;0;2;1;16;1
536571568;155 721 020;A01;2;7;0;2;0;15;1
536571569;155 721 017;A01;1;37;1;1;1;1;1
536571570;155 721 015;A01;2;7;0;2;1;17;1
536571570;155 721 016;B01;1;2;0;2;1;1;1
536571571;155 721 014;A01;3;7;0;1;0;13;0
536571572;155 721 013;A01;2;7;0;1;1;1;1
536571573;155 721 012;A01;2;7;6;0;1;1;1
536571574;155 721 009;A01;1;10;0;2;1;0;0
536571574;155 721 010;B01;1;50;0;2;3;0;3
536571575;155 721 008;B01;2;1;0;2;7;15;5
536571575;155 721 011;A01;2;7;0;2;1;1;1
536571576;155 721 006;A01;1;7;0;0;1;0;1
536571577;155 721 005;A01;2;7;0;2;1;13;1
536571577;155 721 007;B01;1;7;0;2;1;1;1
536571578;155 721 001;B01;2;7;0;2;8;1;0
536571578;155 721 004;A01;1;30;0;2;1;1;1
536571579;155 721 000;B01;3;7;0;2;7;15;3
536571579;155 721 002;A01;3;33;0;2;2;21;1
536571580;155 720 999;A01;1;7;7;2;3;1;1
536571580;155 721 003;B01;2;7;0;0;8;1;1
536571581;155 720 996;B01;1;7;0;2;8;2;1
536571581;155 720 998;A01;2;7;0;2;1;15;1
536571582;155 720 994;A01;2;7;0;2;2;16;1
536571582;155 720 997;B01;2;50;0;2;1;19;3
536571583;155 720 993;B01;2;7;0;2;3;1;1
536571583;155 720 995;A01;1;7;0;2;3;13;1
536571584;155 720 992;A01;3;7;4;0;3;13;1
536571585;155 720 990;B01;1;1;0;2;0;0;5
536571585;155 720 991;A01;1;7;0;2;1;15;1
536571586;155 720 989;A01;3;7;0;1;1;1;1
536571587;155 720 988;A01;1;7;2;0;1;26;1
536571588;155 720 984;B01;3;7;0;0;0;0;1
536571588;155 720 986;A01;3;1;0;2;5;0;5
536571589;155 720 983;B01;2;7;12;2;4;23;1
536571589;155 720 985;C01;2;7;0;2;4;23;1
536571589;155 720 987;A01;2;7;0;2;1;2;1
536571590;155 720 980;A01;1;40;0;1;7;1;3
536571591;155 720 979;A01;1;7;0;2;1;1;1
536571591;155 720 982;B01;2;33;0;2;1;13;1
536571592;155 720 977;A01;3;7;9;0;1;1;1
536571593;155 720 976;A01;1;7;0;2;2;15;1
536571593;155 720 978;B01;2;7;0;2;3;1;2
536571594;155 720 972;C01;1;7;0;2;4;1;0
536571594;155 720 973;A01;1;10;0;2;1;1;1
536571594;155 720 974;B01;1;7;0;2;4;1;2
536571595;155 720 970;A01;1;10;0;2;5;10;1
536571595;155 720 971;B01;2;7;0;2;3;1;1
536571596;155 720 968;A01;2;7;13;0;1;21;1
536571597;155 720 966;B01;2;10;0;2;2;1;1
536571597;155 720 969;A01;1;7;8;2;1;0;1
536571598;155 720 965;B01;1;20;0;2;4;4;1
536571598;155 720 967;A01;2;1;0;2;1;1;5
536571599;155 720 964;A01;3;7;0;1;1;1;1
536571600;155 720 960;A01;2;7;0;2;1;1;1
536571600;155 720 961;B01;2;7;0;2;4;0;1
536571600;155 720 963;C01;2;7;0;2;6;1;1
536571601;155 720 959;A01;3;7;0;2;1;9;1
536571601;155 720 962;B01;3;7;0;2;7;1;3
536571602;155 720 957;A01;2;10;0;2;1;1;1
536571602;155 720 958;B01;1;7;0;2;3;15;1
536571603;155 720 954;B01;2;7;0;2;5;23;1
536571603;155 720 956;A01;3;7;1;2;3;20;1
536571604;155 720 953;B01;1;37;0;2;8;0;1
536571604;155 720 955;A01;1;7;0;2;7;13;1
536571605;155 720 948;Y01;1;1;0;2;1;1;0
536571605;155 720 951;A01;1;7;0;2;3;1;1
536571606;155 720 950;A01;2;50;0;2;1;1;3
536571606;155 720 952;B01;1;7;0;2;5;15;1
536571607;155 720 947;A01;3;7;0;9;3;9;1
536571607;155 720 949;B01;3;50;0;2;1;0;3
536571608;155 720 946;A01;3;7;14;1;2;16;1
536571609;155 720 944;A01;2;33;14;0;0;1;1
536571610;155 720 941;A01;3;7;0;2;1;1;1
536571610;155 720 942;B01;3;7;0;2;7;15;1
536571611;155 720 939;A01;2;7;0;2;1;2;1
536571611;155 720 940;B01;2;7;0;2;4;23;1
536571612;155 720 938;A01;1;7;2;0;1;14;2
536571613;155 720 937;A01;1;7;0;1;3;13;3
536571614;155 720 933;A01;2;7;0;2;6;15;1
536571614;155 720 935;B01;1;33;0;2;3;17;1
536571615;155 720 932;B01;2;99;0;2;1;7;1
536571615;155 720 934;A01;2;7;0;2;3;1;2
536571616;155 720 931;B01;3;7;0;2;7;1;1
536571616;155 720 936;A01;3;7;0;2;2;19;1
536571617;155 720 927;A01;3;7;0;2;3;9;2
536571617;155 720 930;B01;3;2;0;2;3;1;1
536571618;155 720 928;A01;3;7;15;0;2;0;1
536571619;155 720 926;A01;0;7;0;2;3;13;1
536571619;155 720 929;B01;0;7;0;2;8;1;1
536571620;155 720 922;B01;1;13;0;2;4;1;1
536571620;155 720 925;A01;1;7;0;2;1;2;1
536571621;155 720 921;B01;2;7;0;2;3;1;0
536571621;155 720 923;A01;1;7;1;2;3;5;2
536571622;155 720 920;B01;2;2;0;2;1;1;1
536571622;155 720 924;A01;1;7;0;2;3;1;1
536571623;155 720 918;A01;1;7;0;2;1;9;1
536571623;155 720 919;B01;1;2;0;2;1;21;1
536571624;155 720 917;A01;0;7;0;1;3;1;1
536571625;155 720 915;A01;3;10;0;1;4;4;1
536571626;155 720 913;B01;1;50;0;2;1;1;3
536571626;155 720 916;A01;3;7;0;2;2;16;1
536571627;155 720 910;A01;1;10;0;2;1;1;0
536571627;155 720 911;E01;1;10;0;2;3;1;0
536571627;155 720 912;B01;1;7;0;2;4;1;1
536571627;155 720 914;D01;1;7;0;2;4;1;1
536571628;155 720 909;A01;0;3;0;1;7;1;0
536571629;155 720 905;A01;1;10;0;1;1;1;1
536571630;155 720 907;A01;1;7;0;2;1;0;1
536571630;155 720 908;B01;2;7;3;2;1;0;2
536571631;155 720 906;A01;3;10;0;1;2;15;3
536571632;155 720 904;A01;2;37;0;1;7;1;6
536571633;155 720 902;A01;3;7;1;1;3;13;1
536571634;155 720 901;B01;2;10;0;2;3;15;1
536571634;155 720 903;A01;1;33;0;2;1;1;1
536571635;155 720 898;A01;3;7;0;2;4;20;1
536571635;155 720 899;B01;2;7;0;2;1;19;1
536571636;155 720 897;B01;3;50;0;2;8;1;3
536571636;155 720 900;A01;3;7;0;2;1;15;1
536571637;155 720 893;A01;2;7;0;2;1;1;1
536571637;155 720 895;B01;2;2;0;2;7;1;1
536571638;155 720 892;A01;3;7;0;2;0;22;1
536571638;155 720 894;B01;3;1;0;2;1;1;5
536571639;155 720 891;A01;1;7;0;2;1;17;1
536571639;155 720 896;B01;2;7;4;2;1;1;1
536571640;155 720 890;A01;1;10;0;1;3;1;1
536571641;155 720 889;B01;1;7;0;0;9;14;1
536571642;155 720 887;A01;2;7;0;2;1;13;1
536571642;155 720 888;B01;1;10;0;2;1;1;1
536571643;155 720 885;A01;0;37;0;2;2;21;1
536571643;155 720 886;B01;0;50;0;0;0;0;3
536571644;155 720 882;A01;2;7;0;2;3;19;1
536571644;155 720 884;B01;2;7;0;2;7;17;1
536571645;155 720 879;B01;2;7;0;2;1;1;1
536571645;155 720 881;A01;2;7;0;0;4;1;1
536571646;155 720 880;B01;1;7;0;2;1;19;1
536571646;155 720 883;A01;1;7;8;2;7;1;1
536571647;155 720 876;B01;1;7;0;2;3;1;1
536571647;155 720 877;A01;2;7;0;2;1;10;1
536571648;155 720 873;A01;1;10;0;1;1;1;1
536571649;155 720 874;A01;2;7;0;2;3;1;1
536571649;155 720 875;B01;1;7;3;2;3;13;1
536571650;155 720 870;A01;1;7;0;2;3;26;1
536571650;155 720 872;B01;1;10;0;2;2;1;1
536571651;155 720 869;B01;2;3;0;2;7;1;1
536571651;155 720 871;A01;1;7;0;2;3;1;1
536571652;155 720 866;A01;2;7;0;2;1;1;1
536571652;155 720 868;B01;2;7;0;2;4;1;1
536571653;155 720 867;A01;2;7;13;0;1;1;1
536571654;155 720 862;B01;1;7;0;0;8;15;1
536571654;155 720 864;A01;1;2;0;2;1;17;1
536571655;155 720 861;A01;1;10;0;2;1;2;1
536571655;155 720 863;B01;1;7;0;2;4;23;1
536571655;155 720 865;C01;1;7;0;2;4;23;1
536571656;155 720 857;A01;1;30;0;2;1;1;1
536571656;155 720 859;B01;1;7;0;2;4;1;1
536571657;155 720 858;A01;2;7;0;2;2;1;2
536571657;155 720 860;B01;2;1;0;2;3;19;5
536571658;155 720 856;A01;3;31;0;0;2;26;1
536571659;155 720 854;B01;1;1;0;2;4;0;5
536571659;155 720 855;A01;1;7;0;2;0;0;0
536571660;155 720 852;A01;3;1;0;2;2;1;5
536571660;155 720 853;B01;1;10;0;2;3;1;1
536571661;155 720 850;A01;1;43;7;9;1;14;1
536571662;155 720 847;A01;1;7;0;2;3;15;2
536571662;155 720 848;B01;1;31;0;2;7;0;1
536571663;155 720 845;A01;2;7;0;2;6;0;1
536571663;155 720 846;B01;1;7;0;2;3;13;1
536571664;155 720 844;A01;3;7;0;1;5;4;2
536571665;155 720 842;A01;2;1;0;2;1;1;5
536571665;155 720 843;B01;2;7;0;2;6;1;1
536571666;155 720 840;A01;1;33;0;0;1;17;1
536571667;155 720 839;A01;1;7;0;6;1;1;1
536571667;155 720 841;B01;1;7;0;2;1;2;1
536571668;155 720 836;B01;2;7;0;2;5;26;1
536571668;155 720 838;A01;1;7;0;2;1;26;1
536571669;155 720 835;A01;1;7;0;2;3;1;1
536571669;155 720 837;B01;2;17;0;2;3;13;1
536571670;155 720 833;A01;1;7;13;0;3;1;1
536571671;155 720 832;B01;1;7;0;2;1;9;1
536571671;155 720 834;A01;2;10;0;2;5;1;1
536571672;155 720 831;A01;2;33;6;0;1;1;1
536571673;155 720 827;A01;2;32;0;2;1;17;1
536571673;155 720 830;B01;1;7;0;2;1;1;1
536571674;155 720 828;B01;3;7;0;2;2;1;1
536571674;155 720 829;A01;1;3;12;2;1;1;1
536571675;155 720 826;A01;1;1;0;1;1;1;5
536571676;155 720 825;A01;1;2;0;0;0;1;1
536571677;155 720 824;A01;1;7;13;0;9;25;1
536571678;155 720 822;A01;1;7;4;2;3;5;1
536571678;155 720 823;B01;2;7;0;2;3;17;1
536571679;155 720 820;A01;3;50;0;2;1;25;3
536571679;155 720 821;B01;3;7;0;2;2;1;1
536571680;155 720 818;A01;1;7;0;1;1;1;1
536571681;155 720 817;A01;1;7;0;2;1;1;1
536571681;155 720 819;B01;1;7;0;2;4;1;1
536571682;155 720 816;A01;1;7;16;0;1;19;1
536571683;155 720 814;A01;1;7;0;2;1;1;1
536571683;155 720 815;B01;2;7;0;2;2;15;1
536571684;155 720 811;B01;2;2;0;2;1;1;1
536571684;155 720 812;A01;1;7;0;2;1;17;1
536571685;155 720 810;B01;3;7;0;2;1;1;1
536571685;155 720 813;A01;3;7;0;2;1;17;1
536571686;155 720 808;B01;2;10;0;0;5;15;1
536571686;155 720 809;A01;2;33;0;2;1;13;1
536571687;155 720 807;A01;1;30;0;1;1;13;1