Num_Acc;id_vehicule;num_veh;senc;catv;obs;obsm;choc;manv;motor
536572588;155 719 206;B01;1;33;0;2;2;1;1
536572589;155 719 203;A01;2;2;12;2;7;1;1
536572589;155 719 205;B01;2;7;12;2;8;1;1
536572590;155 719 197;A01;1;7;0;0;0;1;1
536572591;155 719 196;A01;2;31;1;0;0;26;1
536572591;155 719 200;B01;1;7;0;2;0;0;1
536572592;155 719 198;A01;1;1;0;0;0;1;5
536572593;155 719 194;A01;1;7;0;2;1;1;1
536572593;155 719 195;B01;1;7;0;2;4;1;1
536572594;155 719 191;A01;1;7;0;1;3;1;1
536572595;155 719 188;A01;1;7;0;1;1;15;1
536572596;155 719 185;B01;1;10;0;2;0;9;1
536572596;155 719 187;A01;1;33;0;2;3;1;1
536572597;155 719 186;A01;1;31;0;2;1;2;1
536572597;155 719 189;B01;1;10;0;2;4;1;1
536572598;155 719 184;A01;2;33;0;0;8;15;1
536572599;155 719 182;A01;2;7;1;0;1;26;1
536572600;155 719 181;A01;3;7;0;2;1;15;1
536572600;155 719 183;B01;2;2;0;2;7;1;3
536572601;155 719 176;A01;1;7;0;2;3;17;1
536572601;155 719 178;B01;2;7;0;2;1;1;1
536572602;155 719 175;A01;2;1;0;1;1;1;5
536572603;155 719 170;A01;1;37;0;9;1;2;3
536572603;155 719 172;B01;1;80;0;2;8;2;3
536572604;155 719 173;B01;1;33;0;2;8;2;1
536572604;155 719 179;A01;2;7;0;2;1;15;1
536572605;155 719 168;A01;3;7;0;2;3;17;6
536572605;155 719 171;B01;3;10;0;2;1;1;6
536572605;155 719 174;C01;3;7;0;2;1;2;6
536572606;155 719 165;A01;1;1;8;0;1;1;5
536572607;155 719 161;A01;3;10;0;2;2;20;1
536572607;155 719 164;B01;3;50;0;2;0;0;3
536572608;155 719 160;B01;3;33;0;9;3;23;1
536572608;155 719 163;A01;3;80;0;2;2;2;3
536572609;155 719 159;A01;2;7;0;1;3;16;2
536572610;155 719 156;A01;2;7;4;0;9;26;1
536572611;155 719 158;A01;2;50;0;0;0;1;3
536572612;155 719 157;A01;3;7;0;2;1;1;1
536572612;155 719 162;B01;3;7;0;2;2;1;1
536572613;155 719 153;A01;1;10;0;9;5;26;1
536572613;155 719 155;B01;1;50;0;2;1;2;3
536572614;155 719 152;B01;2;7;0;2;2;21;1
536572614;155 719 154;A01;1;10;0;2;2;5;1
536572615;155 719 151;A01;1;7;0;1;1;1;1
536572616;155 719 150;A01;1;7;0;1;3;1;1
536572617;155 719 147;A01;1;7;0;6;1;0;2
536572618;155 719 146;A01;1;10;0;2;7;15;1
536572618;155 719 148;B01;2;7;0;2;1;1;1
536572619;155 719 145;B01;3;1;0;2;1;5;5
536572619;155 719 149;A01;3;7;0;2;1;15;1
536572620;155 719 143;A01;2;7;0;2;6;11;1
536572620;155 719 144;B01;2;7;0;2;2;1;1
536572621;155 719 141;A01;1;7;0;1;2;1;1
536572622;155 719 137;A01;2;34;0;1;1;1;1
536572623;155 719 138;A01;2;7;0;0;2;2;1
536572623;155 719 140;B01;2;7;1;0;0;0;1
536572624;155 719 134;B01;0;32;0;2;1;1;1
536572624;155 719 142;A01;3;7;0;2;3;19;1
536572625;155 719 136;B01;1;7;7;2;4;1;1
536572625;155 719 139;A01;1;7;0;2;1;1;2
536572626;155 719 132;A01;2;7;0;2;3;13;2
536572626;155 719 133;B01;2;7;0;2;1;1;1
536572626;155 719 135;C01;1;7;0;2;3;1;1
536572627;155 719 131;A01;3;33;0;1;3;1;1
536572628;155 719 129;A01;1;7;0;1;1;2;1
536572629;155 719 124;A01;2;1;0;2;2;1;5
536572629;155 719 127;B01;2;7;0;0;8;16;1
536572630;155 719 122;B01;2;7;0;2;1;1;1
536572630;155 719 128;A01;3;7;0;2;2;16;1
536572631;155 719 121;A01;3;33;0;2;3;17;1
536572631;155 719 125;B01;3;7;0;0;2;15;1
536572632;155 719 123;B01;3;2;0;2;4;0;1
536572632;155 719 126;C01;3;7;0;2;4;0;1
536572632;155 719 130;A01;3;7;0;2;1;2;1
536572633;155 719 119;A01;2;7;0;2;5;15;3
536572633;155 719 120;B01;1;30;0;2;1;1;1
536572634;155 719 114;A01;1;10;1;0;2;0;1
536572634;155 719 117;B01;1;33;1;0;0;0;1
536572635;155 719 113;A01;1;32;0;2;2;17;1
536572635;155 719 116;B01;1;7;0;2;3;0;1
536572636;155 719 115;A01;1;15;0;2;1;2;1
536572636;155 719 118;B01;1;15;0;2;4;2;1
536572637;155 719 109;A01;3;7;0;1;2;16;1
536572638;155 719 111;B01;2;7;0;2;1;1;1
536572638;155 719 112;A01;2;1;0;2;8;19;5
536572639;155 719 110;A01;1;7;12;1;1;26;1
536572640;155 719 107;A01;2;7;1;0;2;14;1
536572641;155 719 105;A01;2;7;0;2;1;13;1
536572641;155 719 108;B01;1;14;0;2;3;1;1
536572642;155 719 102;A01;3;7;0;2;1;13;1
536572642;155 719 106;B01;3;13;0;2;1;1;1
536572643;155 719 098;B01;3;7;0;2;1;1;0
536572643;155 719 104;A01;3;7;0;2;5;1;0
536572644;155 719 097;B01;1;7;0;0;1;19;0
536572644;155 719 101;A01;1;7;7;0;7;1;1
536572645;155 719 099;A01;1;7;0;2;0;21;1
536572645;155 719 103;B01;1;2;16;2;1;19;1
536572646;155 719 095;A01;3;50;0;0;0;0;3
536572647;155 719 094;A01;0;7;0;1;7;1;1
536572648;155 719 087;A01;2;32;1;0;2;1;1
536572648;155 719 092;B01;2;10;0;0;6;1;1
536572649;155 719 086;A01;2;10;1;2;2;0;1
536572649;155 719 089;B01;2;7;0;2;3;22;1
536572650;155 719 084;C01;1;7;0;0;4;2;1
536572650;155 719 088;A01;1;7;0;2;1;2;1
536572650;155 719 091;B01;1;7;0;2;1;2;1
536572651;155 719 083;B01;1;33;0;2;8;23;1
536572651;155 719 085;A01;2;7;0;2;3;1;1
536572652;155 719 080;A01;2;40;0;1;2;26;0
536572653;155 719 081;A01;1;7;6;0;1;1;1
536572654;155 719 078;B01;1;33;0;2;1;1;1
536572654;155 719 082;A01;2;7;0;2;6;9;1
536572655;155 719 077;A01;3;7;0;1;2;15;1
536572656;155 719 076;A01;2;13;0;2;6;23;1
536572656;155 719 079;B01;2;7;1;0;7;1;1
536572657;155 719 074;A01;0;15;0;1;0;26;0
536572658;155 719 075;A01;3;10;0;1;2;0;0
536572659;155 719 071;B01;2;7;0;2;1;9;1
536572659;155 719 073;A01;1;2;0;2;8;1;1
536572660;155 719 069;A01;1;7;0;2;1;1;1
536572660;155 719 072;B01;1;7;0;2;4;1;1
536572661;155 719 066;A01;1;17;3;9;1;6;1
536572662;155 719 064;B01;0;7;0;2;1;1;1
536572662;155 719 068;A01;0;7;0;2;8;15;1
536572663;155 719 062;A01;2;7;0;2;2;1;1
536572663;155 719 065;B01;1;7;0;2;3;1;1
536572664;155 719 060;A01;2;7;0;2;1;1;1
536572664;155 719 063;B01;2;7;0;2;4;2;1
536572664;155 719 067;C01;2;7;0;2;5;1;1
536572664;155 719 070;D01;1;7;0;2;1;5;2
536572665;155 719 056;A01;3;7;0;1;6;4;3
536572666;155 719 059;A01;1;13;0;2;3;1;1
536572666;155 719 061;B01;1;1;0;2;3;1;5
536572667;155 719 055;A01;2;7;0;9;3;1;1
536572667;155 719 057;B01;2;1;0;2;4;12;5
536572668;155 719 054;A01;2;7;0;2;2;1;1
536572668;155 719 058;B01;1;7;0;2;3;19;1
536572669;155 719 053;A01;1;7;6;0;3;26;1
536572670;155 719 049;A01;2;7;2;0;3;14;1
536572671;155 719 048;B01;1;50;0;2;1;1;3
536572671;155 719 051;A01;2;7;0;2;2;15;1
536572672;155 719 046;A01;2;7;0;2;2;15;2
536572672;155 719 050;B01;1;33;0;2;1;1;1
536572673;155 719 047;A01;1;33;0;2;1;18;1
536572673;155 719 052;B01;1;7;0;2;5;14;3
536572674;155 719 044;A01;2;7;1;0;1;1;1
536572675;155 719 045;A01;1;7;6;0;1;14;2
536572676;155 719 043;A01;2;7;0;1;2;14;1
536572677;155 719 040;A01;2;1;0;2;1;1;5
536572677;155 719 042;B01;2;7;0;2;3;19;1
536572678;155 719 037;B01;1;7;0;2;1;1;1
536572678;155 719 041;A01;1;7;0;2;7;1;1
536572679;155 719 033;B01;1;7;0;2;4;2;1
536572679;155 719 036;C01;2;7;0;2;3;1;1
536572679;155 719 039;A01;1;15;0;2;1;2;1
536572680;155 719 035;A01;1;7;0;2;3;13;1
536572680;155 719 038;B01;2;13;0;2;3;1;1
536572681;155 719 031;A01;2;7;0;2;1;15;2
536572681;155 719 034;B01;1;7;0;2;1;2;1
536572682;155 719 029;A01;0;7;0;2;1;2;1
536572682;155 719 032;B01;0;7;0;2;4;0;1
536572683;155 719 027;A01;1;10;16;0;2;21;1
536572684;155 719 026;A01;2;7;0;9;1;26;1
536572684;155 719 030;B01;2;1;0;2;8;25;5
536572685;155 719 025;A01;2;33;0;2;1;1;1
536572685;155 719 028;B01;1;21;0;0;6;1;1
536572686;155 719 024;A01;1;7;0;1;1;1;1
536572687;155 719 023;A01;1;7;6;0;1;14;1
536572688;155 719 021;A01;2;17;0;0;6;23;1
536572688;155 719 022;B01;2;7;0;2;1;21;1
536572689;155 719 016;A01;1;7;0;2;1;2;2
536572689;155 719 020;B01;1;33;0;2;4;2;1
536572690;155 719 015;A01;2;7;0;2;3;15;3
536572690;155 719 018;B01;1;34;0;2;1;1;1
536572691;155 719 017;A01;2;10;0;2;3;1;1
536572691;155 719 019;B01;1;14;0;2;3;1;1
536572692;155 719 011;B01;3;1;0;2;7;26;5
536572692;155 719 014;A01;1;7;0;9;1;26;3
536572693;155 719 012;B01;1;31;0;2;1;1;1
536572693;155 719 013;A01;2;7;0;2;1;15;1
536572694;155 719 007;B01;3;43;0;2;0;0;1
536572694;155 719 010;A01;3;7;0;2;3;1;1
536572696;155 719 006;B01;2;2;0;2;3;1;0
536572696;155 719 009;A01;1;7;0;2;1;9;1
536572697;155 719 005;A01;1;7;2;0;1;1;1
536572698;155 719 002;A01;3;7;2;0;1;13;1
536572699;155 719 000;A01;2;7;0;2;1;13;1
536572699;155 719 003;B01;1;15;0;2;1;1;1
536572700;155 719 001;A01;2;7;0;2;8;11;1
536572700;155 719 004;B01;2;2;0;2;1;2;1
536572701;155 718 999;Z01;2;0;0;1;1;11;0
536572702;155 718 997;A01;1;7;0;2;7;16;1
536572702;155 718 998;B01;2;7;0;2;1;11;1
536572703;155 718 995;A01;2;7;2;0;2;1;1
536572704;155 718 992;A01;1;7;0;2;2;15;1
536572704;155 718 996;B01;2;2;0;2;1;1;0
536572705;155 718 990;A01;1;30;0;2;1;1;1
536572705;155 718 993;B01;1;7;0;2;4;20;3
536572706;155 718 991;A01;1;30;0;2;3;7;1
536572706;155 718 994;B01;1;7;0;2;2;16;1
536572707;155 718 986;A01;1;7;0;0;4;1;1
536572707;155 718 989;B01;1;7;0;2;1;2;1
536572708;155 718 983;A01;1;7;0;2;1;19;1
536572708;155 718 987;B01;1;7;0;2;3;1;1
536572709;155 718 982;A01;1;7;0;2;1;1;1
536572709;155 718 985;B01;1;7;0;2;7;15;1
536572709;155 718 988;C01;1;7;0;2;1;1;1
536572710;155 718 981;A01;1;7;13;0;2;1;1
536572711;155 718 980;A01;3;7;3;2;3;1;1
536572711;155 718 984;B01;3;7;3;2;1;1;1
536572712;155 718 977;A01;1;33;0;2;2;17;1
536572712;155 718 978;C01;2;1;0;2;8;1;5
536572712;155 718 979;B01;1;7;0;2;3;15;2
536572713;155 718 975;A01;3;10;0;1;8;1;1
536572714;155 718 973;A01;2;7;0;0;8;10;1
536572714;155 718 976;B01;1;33;0;2;1;1;1
536572715;155 718 972;B01;1;7;11;2;1;0;1
536572715;155 718 974;A01;2;7;2;2;1;0;1
536572716;155 718 969;A01;3;7;0;2;3;1;1
536572716;155 718 970;B01;3;31;0;2;7;1;1
536572717;155 718 966;A01;2;7;0;2;1;19;1
536572717;155 718 971;B01;1;7;0;2;8;1;1
536572718;155 718 965;A01;1;33;0;2;1;1;1
536572718;155 718 968;B01;2;33;0;2;1;13;1
536572719;155 718 963;B01;1;1;0;2;8;9;5
536572719;155 718 967;A01;1;7;0;2;2;12;1
536572720;155 718 956;B01;1;7;0;2;3;1;0
536572720;155 718 960;A01;2;33;0;2;3;1;1
536572721;155 718 955;A01;2;7;0;2;3;5;2
536572721;155 718 959;B01;2;7;0;2;0;1;1
536572721;155 718 962;C01;2;7;0;2;3;1;1
536572721;155 718 964;D01;2;7;0;2;3;1;1
536572722;155 718 954;A01;2;7;0;2;1;1;1
536572722;155 718 958;B01;2;1;0;2;4;1;5
536572723;155 718 953;B01;2;7;0;2;4;1;0
536572723;155 718 957;A01;2;7;1;2;1;1;1
536572723;155 718 961;C01;2;7;0;2;6;24;1
536572724;155 718 952;A01;1;10;0;1;3;1;1
536572725;155 718 948;A01;2;7;1;0;2;1;1
536572726;155 718 950;A01;2;17;6;0;1;13;1
536572727;155 718 947;A01;2;7;0;0;1;2;2
536572727;155 718 949;B01;2;7;0;0;4;2;1
536572727;155 718 951;C01;2;7;0;2;4;2;1
536572728;155 718 944;A01;1;30;0;2;1;14;1
536572728;155 718 945;B01;1;30;0;2;3;0;1
536572729;155 718 938;A01;1;33;0;2;1;17;1
536572729;155 718 940;B01;2;7;0;2;2;1;1
536572730;155 718 942;A01;3;10;4;0;3;1;1
536572731;155 718 933;A01;2;10;6;0;1;13;1
536572732;155 718 937;C01;1;7;0;2;1;23;1
536572732;155 718 943;B01;2;7;0;2;2;1;1
536572732;155 718 946;A01;1;7;0;2;2;15;1
536572733;155 718 931;B01;2;7;0;2;4;2;1
536572733;155 718 932;C01;2;7;0;2;1;2;1
536572733;155 718 934;D01;2;7;0;2;4;2;1
536572733;155 718 935;E01;2;7;0;2;1;2;1
536572733;155 718 939;A01;2;7;0;2;4;2;1
536572733;155 718 941;F01;2;7;0;2;1;2;1
536572734;155 718 925;A01;2;7;8;2;1;13;1
536572734;155 718 927;B01;1;7;0;2;3;1;1
536572735;155 718 926;A01;1;7;0;2;7;1;1
536572735;155 718 930;B01;1;7;0;2;7;1;1
536572735;155 718 936;C01;1;7;0;2;0;0;1
536572736;155 718 924;A01;2;7;0;9;7;16;1
536572736;155 718 929;B01;2;1;0;2;1;1;5
536572737;155 718 922;A01;1;7;3;0;1;1;1
536572738;155 718 917;A01;2;33;0;2;3;3;1
536572738;155 718 919;B01;2;10;0;2;5;11;1
536572739;155 718 921;A01;1;7;0;1;2;21;1
536572740;155 718 923;A01;1;15;0;2;1;21;1
536572740;155 718 928;B01;1;7;0;2;8;15;1
536572741;155 718 914;B01;1;17;0;2;1;1;0
536572741;155 718 916;C01;1;7;0;2;4;1;3
536572741;155 718 920;A01;1;7;0;2;1;1;1
536572742;155 718 912;B01;2;15;0;2;6;1;1
536572742;155 718 913;A01;1;7;0;2;3;13;1
536572743;155 718 910;Z01;1;7;0;1;2;11;0
536572744;155 718 909;A01;2;7;0;2;3;11;1
536572744;155 718 911;B01;2;43;0;2;1;3;1
536572745;155 718 908;A01;1;7;6;0;1;1;1
536572746;155 718 903;A01;1;10;0;2;4;1;1
536572746;155 718 904;B01;1;33;0;2;1;13;1
536572747;155 718 902;B01;1;33;0;2;1;1;1
536572747;155 718 906;A01;3;7;0;2;8;9;1
536572748;155 718 901;A01;1;7;0;0;3;13;1
536572749;155 718 899;B01;3;7;0;2;7;1;1
536572749;155 718 905;A01;0;7;0;2;1;1;1
536572750;155 718 897;A01;2;33;0;0;1;1;1
536572751;155 718 894;A01;2;7;0;2;2;12;1
536572751;155 718 898;B01;2;31;0;2;3;1;1
536572752;155 718 893;A01;3;7;0;2;3;1;1
536572752;155 718 896;B01;3;7;0;2;3;0;1
536572753;155 718 895;A01;1;7;0;2;1;2;1
536572753;155 718 900;B01;1;7;0;2;5;2;2
536572753;155 718 907;C01;1;7;0;2;4;2;1
536572754;155 718 891;A01;1;50;0;0;1;15;3
536572755;155 718 889;A01;1;7;0;0;0;1;1
536572756;155 718 884;A01;1;33;0;2;8;26;1
536572756;155 718 888;B01;1;7;0;2;7;0;1
536572756;155 718 890;C01;1;7;0;2;8;2;1
536572757;155 718 885;A01;0;33;0;0;8;0;1
536572758;155 718 883;A01;1;7;0;2;7;14;1
536572758;155 718 886;B01;1;33;0;2;8;14;1
536572759;155 718 887;B01;1;7;0;2;8;1;3
536572759;155 718 892;A01;1;33;0;2;7;17;1
536572760;155 718 878;A01;3;7;0;0;4;26;1
536572760;155 718 880;B01;3;2;0;2;1;2;1
536572761;155 718 881;A01;1;34;0;2;6;1;1
536572762;155 718 877;A01;1;7;0;2;2;1;1
536572762;155 718 882;B01;3;7;0;2;3;15;1
536572763;155 718 876;A01;2;1;14;0;1;26;5
536572764;155 718 872;A01;0;7;0;2;5;1;1
536572764;155 718 875;B01;3;43;0;2;3;3;1
536572765;155 718 871;A01;2;7;0;2;7;1;1
536572765;155 718 873;B01;1;7;5;0;8;1;1
536572766;155 718 863;A01;1;7;0;2;1;1;1
536572766;155 718 867;B01;1;10;0;2;4;1;1
536572766;155 718 868;C01;1;7;0;2;4;1;1
536572766;155 718 870;D01;1;7;0;2;4;1;1
536572766;155 718 874;E01;1;7;0;2;4;1;1
536572767;155 718 865;Z01;2;31;0;1;1;1;1
536572768;155 718 861;A01;2;7;0;2;3;1;1
536572768;155 718 862;B01;1;7;0;2;3;1;1
536572769;155 718 860;A01;1;15;0;0;9;2;1
536572770;155 718 859;B01;3;1;0;2;3;26;5
536572770;155 718 866;A01;3;99;0;2;2;1;1
536572771;155 718 857;A01;0;7;0;1;2;1;1
536572772;155 718 855;A01;2;7;0;2;1;13;1
536572772;155 718 856;B01;1;15;0;2;3;1;1
536572773;155 718 854;A01;1;10;0;2;1;2;1
536572773;155 718 858;B01;1;7;0;2;4;2;1
536572773;155 718 864;C01;1;7;0;2;4;2;1
536572773;155 718 869;D01;1;7;0;2;4;2;1
536572774;155 718 853;A01;1;7;6;0;1;14;1
536572775;155 718 849;A01;3;7;0;2;1;13;1
536572775;155 718 851;B01;0;10;0;2;3;1;1
536572776;155 718 846;A01;3;7;12;0;3;16;1
536572777;155 718 847;A01;2;7;0;1;1;16;1
536572778;155 718 848;B01;1;1;0;2;3;26;5
536572778;155 718 852;A01;1;7;0;9;3;10;1
536572779;155 718 844;A01;1;7;4;0;3;1;1
536572780;155 718 839;A01;1;7;0;2;1;15;1
536572780;155 718 841;B01;2;33;0;2;1;1;1
536572781;155 718 842;A01;1;10;0;1;3;1;1
536572782;155 718 838;A01;2;7;0;2;1;15;1
536572782;155 718 840;B01;1;1;0;2;8;1;5
536572783;155 718 836;A01;2;7;0;2;2;15;1
536572783;155 718 837;B01;2;2;0;2;1;1;1
536572784;155 718 833;A01;1;2;0;2;1;1;1
536572784;155 718 835;B01;2;7;0;2;1;5;1
536572785;155 718 828;A01;2;7;2;0;1;1;1
536572786;155 718 829;A01;1;10;0;2;3;9;1
536572786;155 718 831;B01;1;1;0;2;7;2;5
536572787;155 718 830;B01;0;7;0;2;2;1;1
536572787;155 718 832;A01;2;1;0;2;1;1;5
536572788;155 718 827;B01;2;32;0;2;2;17;1
536572788;155 718 834;A01;2;7;0;2;3;13;1
536572789;155 718 825;A01;1;7;0;1;1;1;1
536572790;155 718 821;A01;1;7;0;2;6;10;1
536572790;155 718 824;B01;1;1;0;2;1;17;5
536572791;155 718 822;A01;2;1;11;0;1;26;5
536572792;155 718 819;A01;2;21;0;0;0;0;1
536572793;155 718 823;B01;1;10;0;2;8;2;1
536572793;155 718 826;A01;1;33;0;2;7;3;1
536572794;155 718 818;A01;3;32;0;0;3;1;3
536572795;155 718 816;A01;1;7;13;0;3;1;1
536572796;155 718 817;B01;1;1;0;2;2;1;5
536572796;155 718 820;A01;1;7;0;2;2;9;2
536572797;155 718 813;A01;1;7;4;0;9;1;1
536572798;155 718 812;A01;1;1;0;2;1;1;5
536572798;155 718 815;B01;3;7;0;2;8;1;1
536572799;155 718 810;A01;1;7;3;0;0;0;1
536572800;155 718 809;A01;2;33;0;2;1;1;1
536572800;155 718 811;B01;2;7;0;2;1;19;1
536572800;155 718 814;C01;1;7;0;2;2;1;1
536572801;155 718 805;A01;1;7;0;2;0;11;1
536572801;155 718 808;B01;1;33;0;2;5;0;1
536572802;155 718 807;A01;1;43;0;1;2;21;1
536572803;155 718 801;B01;2;7;0;2;1;1;1
536572803;155 718 804;A01;2;7;0;0;4;16;1
536572804;155 718 799;A01;3;7;0;2;1;15;1
536572804;155 718 802;B01;0;33;0;2;1;1;1
536572804;155 718 806;C01;0;7;0;0;1;23;1
536572805;155 718 803;A01;1;31;0;1;1;1;3
536572806;155 718 797;B01;1;7;9;2;5;1;1
536572806;155 718 800;A01;1;7;9;2;1;13;1
536572807;155 718 796;A01;1;7;13;0;2;1;1
536572808;155 718 798;A01;1;10;0;1;1;1;1
536572809;155 718 793;A01;3;7;0;2;2;19;1
536572809;155 718 795;B01;1;7;0;2;8;1;1
536572810;155 718 792;A01;1;7;8;0;8;1;1
536572811;155 718 790;A01;1;37;0;1;2;26;1
536572812;155 718 788;A01;3;30;0;2;7;2;1
536572812;155 718 791;B01;3;7;0;2;8;15;1
536572813;155 718 787;A01;2;7;0;2;7;15;1
536572813;155 718 789;B01;1;50;0;2;1;1;3
536572814;155 718 794;A01;2;7;1;1;2;15;1
536572815;155 718 785;A01;1;33;0;0;1;1;1
536572816;155 718 784;B01;0;7;0;2;3;1;1
536572816;155 718 786;A01;0;50;0;2;1;5;3
536572817;155 718 781;B01;3;7;0;0;0;0;1
536572817;155 718 782;A01;3;7;0;0;0;0;1
536572818;155 718 783;A01;1;37;0;1;2;26;1
536572819;155 718 780;A01;2;10;0;0;0;0;1
536572820;155 718 775;A01;2;7;2;0;1;1;1
536572821;155 718 774;A01;3;7;0;2;8;0;0
536572821;155 718 778;B01;0;7;0;2;1;1;0
536572822;155 718 773;A01;2;7;0;1;1;1;1
536572823;155 718 772;B01;1;33;0;2;3;2;1
536572823;155 718 777;A01;1;7;0;2;2;2;1
536572824;155 718 776;A01;1;7;0;2;1;1;1
536572824;155 718 779;B01;1;7;0;2;5;1;1
536572825;155 718 771;A01;2;7;15;0;1;1;1
536572826;155 718 767;A01;1;33;12;0;2;1;1
536572827;155 718 766;A01;2;7;0;2;1;11;1
536572827;155 718 769;B01;2;31;0;2;9;3;1
536572827;155 718 770;C01;2;7;0;2;7;1;1
536572828;155 718 764;A01;1;2;0;0;7;1;1
536572829;155 718 765;B01;1;10;0;2;4;1;1
536572829;155 718 768;A01;1;10;0;2;1;19;1
536572830;155 718 762;A01;1;10;0;2;2;2;1
536572830;155 718 763;B01;1;7;8;0;8;15;1
536572831;155 718 759;B01;0;32;0;2;1;1;1
536572831;155 718 761;A01;0;7;0;2;1;15;2
536572832;155 718 758;Z01;1;10;0;0;0;0;0
536572832;155 718 760;A01;1;7;0;2;5;1;1
536572833;155 718 757;A01;1;7;0;1;3;15;1
536572834;155 718 755;A01;2;10;0;1;2;1;1
536572835;155 718 754;A01;3;50;14;0;1;1;3
536572836;155 718 756;A01;1;7;0;1;3;1;1
536572837;155 718 751;A01;1;10;1;0;1;14;1
536572837;155 718 753;B01;1;7;0;2;4;23;1
536572838;155 718 749;A01;0;32;0;0;0;1;1
536572839;155 718 747;B01;1;10;0;2;3;15;1
536572839;155 718 750;A01;1;32;0;2;1;1;1
536572840;155 718 748;B01;3;1;0;2;0;0;5
536572840;155 718 752;A01;1;7;0;9;3;16;1
536572841;155 718 744;A01;1;7;0;2;6;11;0
536572841;155 718 745;B01;1;31;0;2;2;3;0
536572842;155 718 740;A01;1;7;0;2;3;13;1
536572842;155 718 743;B01;2;7;0;2;3;1;1
536572843;155 718 738;B01;2;1;0;2;3;1;5
536572843;155 718 742;A01;2;10;0;2;2;16;1
536572844;155 718 741;A01;1;7;0;1;3;15;1
536572845;155 718 739;B01;3;7;0;2;2;1;1
536572845;155 718 746;A01;3;2;0;2;3;1;1
536572846;155 718 736;A01;2;33;0;2;2;1;1
536572846;155 718 737;B01;2;13;0;2;6;11;1
536572847;155 718 735;A01;1;33;14;0;1;1;1
536572848;155 718 734;A01;1;30;0;0;8;9;1
536572849;155 718 733;A01;1;7;0;1;8;17;1
536572850;155 718 730;A01;1;7;0;2;8;9;1
536572850;155 718 731;B01;1;33;0;2;7;2;1
536572851;155 718 729;A01;1;30;0;1;2;1;3
536572852;155 718 728;B01;1;7;0;2;1;15;1
536572852;155 718 732;A01;2;33;0;2;7;1;1
536572853;155 718 725;A01;1;50;0;2;1;1;3
536572853;155 718 727;B01;1;7;0;2;4;1;1
536572854;155 718 723;A01;1;7;0;2;2;15;1
536572854;155 718 726;B01;2;33;0;2;1;1;1
536572855;155 718 722;A01;1;33;0;2;1;21;1
536572855;155 718 724;B01;1;7;0;0;6;2;1
536572856;155 718 721;A01;2;7;0;1;3;15;1
536572857;155 718 720;A01;1;7;6;1;1;13;1
536572858;155 718 718;A01;2;1;0;0;0;15;5
536572859;155 718 717;B01;2;7;0;2;1;9;1
536572859;155 718 719;A01;1;2;0;2;3;9;0
536572860;155 718 714;A01;1;7;0;1;1;1;1
536572861;155 718 711;A01;0;2;0;2;1;2;1
536572861;155 718 713;B01;0;7;0;2;4;4;1
536572862;155 718 708;A01;1;7;8;0;1;1;1
536572863;155 718 710;A01;1;7;15;0;1;1;1
536572864;155 718 712;A01;2;10;0;2;1;2;1
536572864;155 718 715;B01;2;10;0;2;4;2;1
536572864;155 718 716;C01;2;7;0;2;4;2;1
536572865;155 718 707;B01;1;7;0;2;1;26;1
536572865;155 718 709;A01;1;7;0;2;7;15;1
536572866;155 718 706;A01;1;7;6;0;1;13;1
536572867;155 718 702;B01;0;1;0;2;1;1;5
536572867;155 718 705;A01;0;1;0;2;1;0;5
536572868;155 718 698;B01;1;14;0;2;4;2;1
536572868;155 718 700;C01;1;7;0;2;1;2;1
536572868;155 718 704;A01;1;7;0;2;1;2;1
536572869;155 718 699;A01;1;2;0;6;1;1;1
536572870;155 718 697;A01;1;7;0;2;8;1;1
536572870;155 718 701;Y01;1;60;0;2;0;0;5
536572871;155 718 696;A01;0;7;0;2;8;19;1
536572871;155 718 703;B01;1;7;0;2;1;1;1
536572872;155 718 693;A01;2;16;1;0;1;14;1
536572872;155 718 695;B01;2;17;0;0;4;24;1
536572873;155 718 694;A01;1;30;0;0;0;26;1
536572874;155 718 690;A01;1;10;13;0;1;1;1
536572875;155 718 689;A01;3;7;0;1;2;16;1
536572876;155 718 688;A01;3;7;3;0;1;0;1
536572877;155 718 684;A01;1;30;0;2;3;1;1
536572877;155 718 687;B01;2;7;0;2;1;1;1
536572878;155 718 682;B01;2;10;0;2;2;1;1
536572878;155 718 685;A01;1;30;0;2;1;13;1
536572879;155 718 681;B01;3;7;0;2;1;1;1
536572879;155 718 683;A01;3;2;0;0;8;19;1
536572880;155 718 678;A01;2;7;0;1;1;1;1
536572881;155 718 675;B01;2;33;0;2;1;17;1
536572881;155 718 677;A01;1;30;0;2;4;3;1
536572882;155 718 676;B01;1;15;0;0;0;17;1
536572882;155 718 679;A01;1;7;0;0;8;13;1
536572883;155 718 680;B01;1;33;6;2;1;21;1
536572883;155 718 686;A01;1;7;0;2;3;15;1
536572884;155 718 673;A01;1;7;0;2;1;7;1
536572884;155 718 674;B01;2;1;0;2;1;2;0
536572885;155 718 669;A01;1;7;0;2;1;14;1
536572885;155 718 671;B01;1;7;0;2;3;1;1
536572886;155 718 668;B01;1;7;0;2;0;0;1
536572886;155 718 672;A01;2;30;0;2;0;0;1
536572887;155 718 667;A01;1;50;0;0;8;15;3
536572888;155 718 666;A01;1;7;2;0;1;0;1
536572889;155 718 664;A01;1;31;0;9;8;1;3
536572890;155 718 662;A01;1;7;0;2;0;19;0