Num_Acc;id_vehicule;num_veh;senc;catv;obs;obsm;choc;manv;motor
536572890;155 718 665;B01;2;1;0;2;0;1;5
536572891;155 718 661;B01;1;99;0;0;0;1;0
536572891;155 718 663;A01;2;7;0;2;0;12;1
536572892;155 718 660;A01;0;7;0;1;2;1;1
536572893;155 718 659;A01;3;7;8;1;1;14;1
536572894;155 718 656;A01;1;7;0;1;8;0;1
536572895;155 718 657;B01;0;30;0;2;3;18;1
536572895;155 718 658;A01;0;37;0;2;5;0;1
536572896;155 718 654;A01;3;3;0;2;5;1;1
536572896;155 718 655;B01;0;7;0;2;1;1;1
536572897;155 718 653;A01;1;7;0;1;1;1;1
536572898;155 718 652;A01;1;7;2;0;1;14;2
536572899;155 718 650;A01;1;31;0;2;1;17;1
536572899;155 718 651;B01;3;7;0;2;3;1;1
536572900;155 718 647;B01;2;7;0;2;3;15;1
536572900;155 718 649;A01;2;32;0;2;1;17;1
536572901;155 718 648;A01;1;33;8;0;1;1;1
536572902;155 718 645;A01;1;7;0;2;3;13;0
536572902;155 718 646;B01;2;7;0;2;3;1;0
536572903;155 718 644;A01;1;33;13;0;0;1;1
536572904;155 718 642;A01;1;7;0;2;0;13;1
536572904;155 718 643;B01;2;2;0;2;1;1;1
536572905;155 718 640;B01;1;7;0;2;6;9;1
536572905;155 718 641;A01;2;33;0;2;1;1;1
536572906;155 718 638;A01;3;7;13;0;3;14;1
536572907;155 718 637;A01;2;10;13;0;0;1;1
536572908;155 718 636;B01;2;2;0;2;1;1;1
536572908;155 718 639;A01;2;10;0;2;2;15;1
536572909;155 718 633;A01;2;10;0;2;4;23;1
536572909;155 718 635;B01;2;2;0;2;1;2;1
536572910;155 718 629;C01;1;7;0;2;1;2;0
536572910;155 718 630;B01;1;7;0;2;1;2;0
536572910;155 718 632;A01;1;7;0;2;4;1;0
536572911;155 718 628;A01;1;31;13;0;1;1;1
536572912;155 718 625;A01;1;33;0;2;1;1;1
536572912;155 718 627;B01;2;7;0;2;3;19;2
536572913;155 718 624;B01;1;7;1;2;2;16;0
536572913;155 718 626;A01;1;30;1;2;1;18;1
536572914;155 718 622;A01;1;7;0;2;1;13;1
536572914;155 718 623;B01;2;10;0;2;1;1;1
536572915;155 718 619;A01;1;7;3;0;1;0;1
536572916;155 718 614;C01;2;7;0;2;1;21;2
536572916;155 718 616;D01;2;7;0;2;1;21;1
536572916;155 718 618;B01;2;7;0;2;1;21;1
536572916;155 718 620;A01;2;7;0;6;1;21;1
536572917;155 718 615;C01;3;7;0;2;4;15;1
536572917;155 718 617;A01;0;7;0;2;1;1;1
536572917;155 718 621;B01;3;7;0;2;1;1;1
536572918;155 718 612;A01;3;3;0;2;1;1;1
536572918;155 718 613;B01;3;14;0;2;3;1;1
536572919;155 718 609;A01;1;7;0;2;7;14;1
536572919;155 718 611;B01;1;33;0;2;8;1;1
536572920;155 718 608;A01;1;7;13;0;9;1;1
536572921;155 718 607;B01;1;10;0;2;8;1;1
536572921;155 718 610;A01;1;7;0;2;1;1;1
536572922;155 718 606;A01;1;7;0;1;1;0;2
536572923;155 718 603;A01;2;7;0;9;2;2;1
536572923;155 718 605;B01;2;1;0;2;4;1;5
536572924;155 718 602;B01;1;7;0;2;3;13;3
536572924;155 718 604;A01;1;33;0;2;1;17;1
536572925;155 718 600;A01;2;33;13;0;0;1;1
536572926;155 718 598;A01;2;7;0;2;1;1;1
536572926;155 718 601;B01;1;7;0;2;1;13;1
536572927;155 718 596;A01;1;33;0;0;8;1;1
536572928;155 718 597;B01;2;7;0;2;8;1;1
536572928;155 718 599;A01;2;10;0;2;1;19;1
536572929;155 718 594;A01;2;7;0;2;4;2;1
536572929;155 718 595;B01;2;10;0;2;4;2;1
536572930;155 718 590;A01;2;15;0;0;6;1;1
536572930;155 718 591;B01;2;7;0;0;1;17;1
536572930;155 718 593;C01;2;7;0;2;1;2;1
536572931;155 718 589;B01;1;7;0;2;8;15;1
536572931;155 718 592;A01;1;2;0;2;1;26;1
536572932;155 718 588;A01;3;7;0;1;3;1;1
536572933;155 718 587;A01;3;2;9;0;3;0;1
536572934;155 718 585;A01;2;7;0;2;1;2;1
536572934;155 718 586;B01;2;7;0;2;4;1;1
536572935;155 718 584;A01;2;33;15;0;1;21;1
536572936;155 718 582;A01;1;33;0;2;4;1;1
536572936;155 718 583;B01;1;7;0;2;2;1;1
536572937;155 718 580;A01;1;31;13;0;1;0;1
536572938;155 718 581;A01;0;7;0;1;1;1;1
536572939;155 718 577;A01;1;33;4;0;8;1;1
536572939;155 718 578;B01;1;7;0;2;3;1;1
536572940;155 718 576;A01;1;10;0;2;4;4;1
536572940;155 718 579;B01;2;7;0;2;1;1;1
536572941;155 718 573;A01;1;10;0;2;2;14;1
536572941;155 718 575;B01;1;7;0;2;6;0;1
536572942;155 718 574;A01;1;7;5;0;9;26;1
536572943;155 718 571;A01;1;31;0;0;8;21;1
536572943;155 718 572;B01;2;7;0;0;3;13;0
536572944;155 718 568;B01;1;7;0;2;4;1;1
536572944;155 718 570;A01;1;7;0;2;1;1;1
536572945;155 718 566;A01;2;7;8;0;1;14;1
536572946;155 718 567;A01;2;7;0;2;2;15;1
536572946;155 718 569;B01;1;7;0;2;3;1;1
536572947;155 718 563;B01;2;7;0;2;1;13;1
536572947;155 718 565;A01;2;7;0;2;4;2;1
536572948;155 718 562;A01;1;7;0;2;3;1;1
536572948;155 718 564;B01;2;7;0;2;3;1;1
536572949;155 718 558;C01;2;7;0;1;0;19;1
536572949;155 718 559;B01;2;7;0;1;0;19;1
536572949;155 718 560;A01;2;7;0;1;0;19;1
536572950;155 718 556;B01;3;7;0;2;8;1;1
536572950;155 718 561;A01;1;33;0;2;9;1;1
536572951;155 718 555;A01;1;7;0;9;7;1;1
536572951;155 718 557;B01;1;50;0;2;0;1;3
536572952;155 718 550;A01;1;7;0;2;1;1;1
536572952;155 718 553;B01;1;7;0;2;1;1;1
536572952;155 718 554;C01;1;7;0;2;4;1;1
536572953;155 718 549;B01;2;7;0;2;8;1;1
536572953;155 718 552;A01;1;7;0;2;2;15;1
536572954;155 718 548;A01;1;7;9;0;1;3;2
536572954;155 718 551;B01;2;7;9;0;1;1;1
536572955;155 718 546;A01;1;33;5;0;1;1;1
536572956;155 718 545;A01;1;7;0;2;1;15;2
536572956;155 718 547;B01;2;31;0;2;8;15;1
536572957;155 718 542;B01;2;7;0;2;2;1;1
536572957;155 718 544;A01;1;10;0;2;2;13;1
536572958;155 718 541;A01;0;7;1;2;1;1;1
536572958;155 718 543;B01;0;7;0;2;3;1;1
536572959;155 718 540;A01;3;7;2;0;1;14;2
536572960;155 718 538;B01;3;50;0;2;1;1;3
536572960;155 718 539;A01;3;7;0;2;2;9;2
536572961;155 718 537;A01;3;2;0;6;1;1;1
536572962;155 718 535;A01;3;31;0;2;8;1;1
536572962;155 718 536;B01;3;7;0;2;3;2;2
536572963;155 718 532;A01;2;7;0;2;7;16;1
536572963;155 718 533;B01;2;50;0;2;1;1;3
536572964;155 718 531;B01;2;7;0;2;1;1;1
536572964;155 718 534;A01;2;7;0;2;5;19;1
536572965;155 718 528;A01;3;2;6;0;2;1;1
536572966;155 718 529;B01;2;7;0;2;2;1;1
536572966;155 718 530;A01;2;7;0;2;3;11;1
536572967;155 718 526;A01;1;30;0;0;9;1;1
536572968;155 718 525;A01;1;7;0;2;2;13;1
536572968;155 718 527;B01;1;7;0;2;6;1;1
536572969;155 718 524;A01;3;10;0;1;2;16;1
536572970;155 718 523;A01;2;7;2;0;3;13;1
536572971;155 718 522;A01;3;80;8;0;1;26;3
536572972;155 718 521;A01;3;36;0;0;0;1;1
536572973;155 718 519;A01;3;7;0;2;6;11;1
536572973;155 718 520;B01;3;32;0;2;1;1;1
536572974;155 718 517;B01;2;1;2;2;1;1;5
536572974;155 718 518;A01;1;7;8;2;7;1;3
536572975;155 718 515;A01;1;7;13;0;0;1;1
536572976;155 718 514;B01;2;33;0;2;7;1;1
536572976;155 718 516;A01;2;7;0;2;1;9;1
536572977;155 718 512;A01;1;7;13;0;0;1;3
536572978;155 718 511;B01;0;50;0;2;0;2;3
536572978;155 718 513;A01;0;7;0;9;7;2;1
536572979;155 718 509;MB01;3;7;0;1;1;21;1
536572980;155 718 508;B01;0;2;0;2;1;1;0
536572980;155 718 510;A01;3;2;0;2;4;26;0
536572981;155 718 506;A01;2;7;0;2;3;1;1
536572981;155 718 507;B01;1;34;0;2;3;1;1
536572982;155 718 504;A01;2;7;12;0;1;1;1
536572983;155 718 503;A01;1;7;0;0;5;14;1
536572983;155 718 505;B01;1;33;0;0;8;1;5
536572984;155 718 501;A01;3;7;13;0;0;1;0
536572985;155 718 500;A01;3;7;0;2;1;1;1
536572985;155 718 502;B01;3;50;0;2;1;19;3
536572986;155 718 498;A01;2;7;0;2;8;20;1
536572986;155 718 499;B01;2;30;0;2;7;1;1
536572987;155 718 497;A01;2;10;14;0;1;1;1
536572988;155 718 495;A01;2;7;0;2;1;2;1
536572988;155 718 496;B01;2;7;0;2;4;1;1
536572989;155 718 493;A01;1;50;0;2;0;25;3
536572990;155 718 492;A01;2;15;0;2;2;1;1
536572990;155 718 494;B01;2;7;0;2;4;23;0
536572991;155 718 491;Z01;3;1;0;1;6;1;5
536572992;155 718 490;A01;3;7;13;0;9;1;1
536572993;155 718 488;A01;2;2;0;2;1;2;1
536572993;155 718 489;B01;2;3;0;2;4;2;1
536572994;155 718 487;B01;1;17;0;1;7;1;1
536572995;155 718 486;A01;3;33;0;0;8;1;1
536572996;155 718 484;A01;2;7;0;2;3;12;1
536572996;155 718 485;B01;2;1;0;0;4;2;5
536572997;155 718 483;A01;3;7;1;0;2;1;1
536572998;155 718 479;C01;3;7;0;2;4;2;1
536572998;155 718 481;A01;0;7;0;2;1;2;1
536572998;155 718 482;B01;3;7;0;2;4;2;1
536572999;155 718 478;A01;1;7;0;2;1;1;1
536572999;155 718 480;B01;2;7;0;2;1;1;1
536573000;155 718 476;A01;1;33;0;2;0;0;1
536573000;155 718 477;B01;2;7;0;0;0;0;2
536573001;155 718 472;B01;2;7;0;2;3;1;1
536573001;155 718 474;A01;1;7;0;2;1;13;3
536573002;155 718 473;A01;2;7;0;9;8;1;1
536573002;155 718 475;B01;2;2;0;2;2;2;1
536573003;155 718 470;A01;0;7;15;0;1;0;1
536573004;155 718 469;A01;1;7;0;2;3;20;1
536573004;155 718 471;B01;1;32;0;2;2;1;1
536573005;155 718 468;A01;1;33;0;0;0;2;1
536573006;155 718 467;A01;1;7;4;0;1;1;1
536573007;155 718 465;A01;3;2;8;0;2;1;1
536573008;155 718 466;A01;1;33;0;0;7;1;1
536573009;155 718 462;B01;3;7;0;2;7;16;0
536573009;155 718 463;A01;2;1;0;2;1;7;5
536573010;155 718 460;B01;2;33;0;2;1;17;1
536573010;155 718 461;A01;1;10;0;2;2;15;1
536573011;155 718 458;Z01;1;7;0;2;0;0;0
536573011;155 718 459;A01;1;7;0;2;4;0;1
536573012;155 718 456;A01;2;1;0;1;1;1;5
536573013;155 718 455;A01;2;10;0;2;3;1;1
536573013;155 718 457;B01;1;1;0;2;1;13;5
536573014;155 718 454;A01;1;7;15;9;1;6;1
536573015;155 718 453;A01;3;7;0;1;3;1;1
536573016;155 718 450;A01;3;7;0;1;7;19;1
536573017;155 718 451;A01;1;7;5;2;1;1;1
536573017;155 718 452;B01;1;2;0;2;8;15;1
536573018;155 718 448;A01;3;30;0;0;0;0;1
536573019;155 718 447;A01;1;7;0;2;2;15;1
536573019;155 718 449;B01;1;2;0;2;3;16;1
536573020;155 718 446;A01;1;7;9;1;2;21;1
536573021;155 718 445;Z01;1;34;0;1;0;0;0
536573022;155 718 444;A01;1;1;4;0;2;14;5
536573023;155 718 442;A01;3;17;0;2;1;0;1
536573023;155 718 443;B01;3;7;0;2;1;5;1
536573024;155 718 440;A01;1;7;0;0;3;13;1
536573024;155 718 441;B01;2;7;0;0;3;2;1
536573025;155 718 438;A01;1;7;0;2;1;1;1
536573025;155 718 439;B01;1;7;0;2;8;15;1
536573026;155 718 436;A01;1;7;0;2;1;13;1
536573026;155 718 437;B01;2;7;0;2;1;1;1
536573027;155 718 434;A01;2;7;0;2;7;15;1
536573027;155 718 435;B01;1;2;0;2;1;1;1
536573028;155 718 432;B01;1;7;0;9;3;1;3
536573028;155 718 433;A01;1;1;0;2;8;15;5
536573029;155 718 430;A01;1;7;2;0;0;13;1
536573030;155 718 429;B01;2;7;0;2;3;1;0
536573030;155 718 431;A01;1;7;0;2;1;1;1
536573031;155 718 427;A01;2;7;0;9;9;1;1
536573032;155 718 426;A01;3;7;1;0;1;21;1
536573032;155 718 428;B01;3;7;0;2;5;24;1
536573033;155 718 425;A01;2;3;0;0;0;14;3
536573034;155 718 422;A01;1;7;0;2;2;2;2
536573034;155 718 424;B01;1;7;0;2;9;2;1
536573035;155 718 421;A01;1;10;0;2;1;16;1
536573035;155 718 423;B01;1;34;0;2;3;1;1
536573036;155 718 418;A01;2;15;0;2;2;12;1
536573036;155 718 420;B01;2;7;0;2;8;2;1
536573037;155 718 416;A01;1;43;0;2;1;18;1
536573037;155 718 417;B01;1;7;0;2;6;1;1
536573037;155 718 419;C01;1;7;0;2;5;1;3
536573038;155 718 413;A01;2;32;0;2;2;13;1
536573038;155 718 414;B01;2;7;0;2;6;2;1
536573039;155 718 412;B01;1;7;0;2;4;1;1
536573039;155 718 415;A01;1;7;0;2;1;1;1
536573040;155 718 411;A01;1;2;0;2;1;26;3
536573041;155 718 409;A01;3;80;0;0;1;25;3
536573042;155 718 410;A01;1;7;0;0;9;1;1
536573043;155 718 408;A01;1;10;0;1;2;1;1
536573044;155 718 407;A01;2;7;9;0;1;13;2
536573045;155 718 404;B01;2;1;0;2;7;1;5
536573045;155 718 406;A01;2;10;0;2;8;15;1
536573046;155 718 403;A01;1;33;0;2;8;12;1
536573046;155 718 405;B01;1;33;0;2;7;12;1
536573047;155 718 401;Z01;2;7;0;2;3;13;0
536573047;155 718 402;A01;2;34;0;2;2;17;1
536573048;155 718 400;A01;2;7;3;0;1;13;1
536573049;155 718 398;A01;1;7;0;2;1;1;1
536573049;155 718 399;B01;1;43;0;2;3;9;1
536573050;155 718 397;A01;1;7;3;0;1;26;1
536573051;155 718 393;B01;2;14;0;2;2;1;6
536573051;155 718 396;A01;2;30;0;2;1;1;3
536573052;155 718 392;A01;2;7;0;2;1;1;1
536573052;155 718 394;B01;2;7;0;2;4;1;1
536573052;155 718 395;C01;2;7;0;2;4;1;1
536573053;155 718 390;A01;0;7;0;2;7;19;1
536573053;155 718 391;B01;0;7;0;2;3;19;1
536573054;155 718 389;A01;1;7;4;0;1;1;1
536573055;155 718 386;A01;1;34;0;2;1;1;1
536573055;155 718 388;B01;2;50;0;2;8;19;3
536573056;155 718 385;A01;2;10;0;2;1;2;1
536573056;155 718 387;B01;2;7;0;2;4;2;2
536573057;155 718 383;A01;1;7;4;0;9;1;1
536573058;155 718 382;B01;2;50;0;2;1;1;3
536573058;155 718 384;A01;1;1;0;2;1;1;5
536573059;155 718 379;A01;3;7;0;2;1;2;1
536573059;155 718 381;B01;0;7;0;2;4;2;1
536573060;155 718 378;A01;2;7;0;2;1;2;1
536573060;155 718 380;B01;2;7;0;2;4;2;1
536573061;155 718 375;A01;2;7;0;2;2;1;1
536573061;155 718 377;B01;2;10;0;2;6;0;3
536573062;155 718 374;A01;2;7;4;2;1;2;0
536573062;155 718 376;B01;2;7;4;2;4;1;1
536573063;155 718 372;B01;3;7;0;2;3;1;1
536573063;155 718 373;A01;3;7;0;2;3;15;1
536573064;155 718 370;A01;1;7;0;2;4;1;1
536573064;155 718 371;B01;1;7;0;2;8;1;1
536573065;155 718 367;A01;3;7;0;2;1;5;1
536573065;155 718 369;B01;3;7;0;2;1;1;1
536573066;155 718 365;B01;1;7;0;2;1;2;1
536573066;155 718 366;C01;1;7;0;2;4;2;1
536573066;155 718 368;A01;2;7;0;2;1;2;1
536573067;155 718 363;A01;1;7;0;9;4;26;0
536573067;155 718 364;B01;1;80;0;0;4;1;3
536573068;155 718 361;A01;1;7;0;0;4;1;0
536573068;155 718 362;B01;1;7;0;2;1;1;0
536573069;155 718 359;A01;1;7;14;0;1;0;2
536573069;155 718 360;B01;1;7;0;9;1;0;1
536573070;155 718 358;A01;1;34;0;0;8;1;1
536573071;155 718 355;B01;1;15;0;2;6;1;1
536573071;155 718 357;A01;2;33;0;2;2;3;1
536573072;155 718 354;A01;2;15;0;2;2;16;0
536573072;155 718 356;B01;2;7;3;0;2;16;1
536573073;155 718 352;A01;3;10;0;1;7;1;1
536573074;155 718 351;A01;2;7;3;2;1;13;1
536573074;155 718 353;B01;1;14;3;0;8;1;1
536573075;155 718 350;A01;1;30;0;1;8;1;0
536573076;155 718 349;A01;1;33;6;0;1;1;1
536573077;155 718 346;A01;1;10;0;2;3;15;1
536573077;155 718 348;B01;1;33;0;2;2;1;1
536573078;155 718 344;A01;1;10;0;2;1;13;1
536573078;155 718 345;B01;2;7;0;2;1;1;1
536573078;155 718 347;C01;2;7;0;2;6;1;2
536573079;155 718 343;A01;1;7;16;0;7;19;1
536573080;155 718 341;A01;3;7;0;2;4;0;1
536573080;155 718 342;B01;3;7;0;2;1;1;1
536573081;155 718 340;A01;3;7;0;1;3;26;1
536573082;155 718 337;A01;3;7;0;2;3;19;1
536573082;155 718 339;B01;3;7;0;2;1;1;1
536573083;155 718 336;A01;2;7;0;2;2;1;1
536573083;155 718 338;B01;2;50;0;2;7;1;3
536573084;155 718 333;A01;2;7;0;2;7;22;1
536573084;155 718 335;B01;2;32;0;2;3;18;1
536573085;155 718 332;A01;1;7;0;2;1;2;1
536573085;155 718 334;B01;2;1;0;0;4;2;5
536573086;155 718 330;A01;2;7;0;0;4;1;1
536573086;155 718 331;B01;2;2;0;2;1;1;1
536573087;155 718 329;A01;1;7;2;0;3;1;3
536573088;155 718 327;A01;2;10;0;2;1;1;1
536573088;155 718 328;B01;1;10;0;2;1;17;1
536573089;155 718 326;A01;2;1;0;0;1;2;5
536573090;155 718 324;A01;2;10;0;2;3;17;1
536573090;155 718 325;B01;2;7;0;2;3;1;1
536573091;155 718 323;A01;1;7;0;1;1;1;1
536573092;155 718 321;A01;2;33;0;2;1;1;1
536573092;155 718 322;B01;2;10;0;0;4;1;1
536573093;155 718 320;A01;2;7;0;0;0;0;1
536573094;155 718 319;A01;2;36;0;0;9;1;1
536573095;155 718 317;A01;1;7;0;2;6;15;1
536573095;155 718 318;B01;1;33;0;2;2;17;1
536573096;155 718 315;A01;1;7;0;2;2;17;1
536573096;155 718 316;B01;1;80;0;0;4;13;3
536573097;155 718 312;A01;1;33;2;0;1;1;1
536573098;155 718 313;B01;1;32;0;2;1;2;1
536573098;155 718 314;A01;2;7;0;2;2;19;1
536573099;155 718 308;A01;1;7;0;2;3;22;1
536573099;155 718 310;B01;1;80;1;0;7;2;3
536573100;155 718 307;A01;3;1;0;0;0;0;5
536573101;155 718 305;A01;1;33;7;0;1;1;1
536573102;155 718 304;A01;1;7;6;0;1;0;1
536573103;155 718 303;A01;1;30;0;0;8;13;1
536573104;155 718 302;A01;2;7;10;0;3;13;1
536573105;155 718 299;A01;1;7;2;0;1;26;1
536573105;155 718 300;B01;2;7;12;0;0;0;1
536573106;155 718 298;B01;3;80;0;2;2;1;3
536573106;155 718 301;A01;1;7;0;2;3;9;1
536573107;155 718 297;A01;2;7;1;0;2;14;1
536573108;155 718 294;A01;2;33;0;2;1;17;1
536573108;155 718 296;B01;2;7;0;2;5;15;1
536573109;155 718 293;B01;3;7;0;2;5;1;1
536573109;155 718 295;A01;3;7;0;2;1;1;1
536573110;155 718 290;A01;1;7;0;2;4;2;1
536573110;155 718 291;B01;1;0;0;0;0;0;0
536573111;155 718 289;B01;1;7;0;2;2;21;1
536573111;155 718 292;A01;2;7;0;2;8;15;1
536573112;155 718 285;B01;2;7;0;2;1;0;1
536573112;155 718 287;A01;2;7;0;2;1;5;1
536573113;155 718 286;Z01;1;10;0;2;1;15;1
536573113;155 718 288;B01;1;31;0;2;1;1;1
536573114;155 718 284;A01;1;50;13;0;0;16;3
536573115;155 718 282;A01;1;7;9;0;1;16;1
536573116;155 718 281;B01;2;33;0;2;1;17;1
536573116;155 718 283;A01;2;10;0;2;8;15;1
536573117;155 718 277;B01;3;31;0;2;3;1;1
536573117;155 718 280;A01;2;7;0;2;1;15;1
536573118;155 718 278;A01;2;7;0;2;1;15;1
536573118;155 718 279;B01;2;33;0;2;7;17;1
536573119;155 718 274;B01;2;15;12;2;3;1;1
536573119;155 718 276;A01;1;7;0;2;1;1;1
536573120;155 718 273;B01;2;33;0;2;1;1;1
536573120;155 718 275;A01;2;7;0;2;6;26;1
536573121;155 718 269;A01;2;1;0;2;1;5;5
536573121;155 718 272;B01;1;7;0;9;1;26;1
536573122;155 718 270;B01;1;21;0;2;8;1;1
536573122;155 718 271;A01;2;1;0;2;8;1;5
536573123;155 718 267;A01;1;7;0;2;1;13;1
536573123;155 718 268;B01;2;13;0;2;1;1;1
536573124;155 718 265;A01;1;7;0;2;2;15;1
536573124;155 718 266;B01;2;33;0;2;1;1;1
536573125;155 718 261;A01;1;7;0;0;1;5;0
536573125;155 718 262;B01;2;7;0;0;1;1;0
536573126;155 718 260;A01;3;7;0;2;0;19;1
536573126;155 718 263;B01;1;34;0;2;0;1;1
536573127;155 718 258;A01;2;33;0;0;7;1;1
536573128;155 718 254;B01;2;7;0;0;1;1;1
536573128;155 718 256;A01;1;7;0;2;3;3;1
536573129;155 718 253;A01;1;33;0;2;3;26;1
536573129;155 718 255;B01;1;7;0;9;2;14;1
536573130;155 718 251;A01;0;7;0;1;2;1;1
536573131;155 718 250;A01;3;7;0;2;8;23;1
536573131;155 718 252;B01;3;1;1;0;1;1;5
536573132;155 718 247;A01;0;7;0;2;2;26;1
536573132;155 718 249;B01;0;7;0;2;3;26;1
536573133;155 718 246;A01;1;7;8;0;7;19;1
536573133;155 718 248;B01;2;7;8;0;1;1;1
536573134;155 718 244;B01;1;10;0;2;3;0;1
536573134;155 718 245;A01;1;10;0;2;3;13;1
536573135;155 718 243;A01;0;38;0;1;2;1;1
536573136;155 718 242;A01;2;50;0;1;1;1;3
536573137;155 718 241;A01;2;7;3;0;1;1;1
536573138;155 718 239;A01;3;7;1;0;1;13;1
536573138;155 718 240;B01;2;7;0;2;1;1;1
536573139;155 718 237;B01;3;13;0;9;2;12;1
536573139;155 718 238;A01;3;1;0;2;3;1;5
536573140;155 718 235;Z01;1;2;0;2;1;3;1
536573140;155 718 236;A01;0;7;0;9;3;26;1
536573141;155 718 233;A01;1;33;0;2;1;0;1
536573141;155 718 234;B01;1;7;0;2;8;0;1
536573142;155 718 232;A01;2;31;0;1;2;21;1
536573143;155 718 231;A01;2;7;13;0;2;9;1
536573144;155 718 228;B01;3;7;0;2;4;1;1
536573144;155 718 229;A01;3;43;0;2;2;13;1
536573145;155 718 227;A01;2;7;0;2;2;2;1
536573145;155 718 230;B01;2;7;0;2;6;2;1
536573146;155 718 226;A01;3;33;6;0;1;26;1
536573147;155 718 225;A01;1;37;0;1;2;1;1
536573148;155 718 223;A01;2;7;0;2;3;1;1
536573148;155 718 224;B01;1;10;0;2;1;1;1
536573149;155 718 220;C01;3;7;0;0;7;23;1
536573149;155 718 221;B01;3;7;1;2;3;23;1
536573149;155 718 222;A01;3;7;0;2;3;13;1
536573150;155 718 218;A01;3;7;1;2;2;9;1
536573150;155 718 219;B01;3;7;1;2;8;1;1
536573151;155 718 215;B01;1;50;0;2;3;19;3
536573151;155 718 216;A01;1;7;0;2;2;1;1
536573152;155 718 214;A01;3;7;0;1;3;13;1
536573153;155 718 212;B01;1;7;0;2;8;0;1
536573153;155 718 213;A01;1;1;0;2;1;1;5
536573154;155 718 210;A01;1;7;0;0;0;1;1
536573155;155 718 209;A01;2;7;0;2;3;15;1
536573155;155 718 211;B01;2;32;0;2;2;17;1
536573156;155 718 208;A01;3;33;8;0;8;14;1
536573157;155 718 207;A01;1;7;0;1;2;1;1
536573158;155 718 205;B01;1;7;0;2;5;2;1
536573158;155 718 206;A01;1;30;0;2;1;2;1
536573159;155 718 204;A01;1;33;0;5;1;0;1
536573160;155 718 203;A01;3;7;0;0;8;13;1
536573161;155 718 202;A01;2;2;2;0;1;1;1
536573162;155 718 201;A01;2;7;6;0;1;14;1
536573163;155 718 199;A01;1;1;0;2;0;1;5
536573163;155 718 200;B01;2;21;0;9;0;1;0
536573164;155 718 196;C01;1;7;0;2;4;2;1
536573164;155 718 197;A01;1;7;0;2;1;1;1
536573164;155 718 198;B01;1;7;0;2;5;2;1
536573165;155 718 195;A01;1;33;0;0;0;1;1
536573166;155 718 192;A01;2;10;0;2;2;2;1
536573166;155 718 194;B01;2;50;0;2;4;1;3
536573167;155 718 191;B01;2;7;0;2;1;1;1
536573167;155 718 193;A01;2;2;0;2;1;19;1
536573168;155 718 187;B01;3;2;0;2;2;0;1
536573168;155 718 189;A01;3;7;0;2;1;9;1
536573169;155 718 188;A01;3;7;0;2;1;9;1
536573169;155 718 190;B01;3;7;0;2;1;1;1
536573170;155 718 184;A01;1;10;0;2;1;1;0
536573170;155 718 186;B01;1;10;0;2;4;1;0
536573171;155 718 183;B01;3;2;0;2;1;1;1
536573171;155 718 185;A01;3;7;0;2;2;26;1
536573172;155 718 182;A01;0;7;8;0;1;1;1
536573173;155 718 181;A01;2;7;2;0;9;0;1
536573174;155 718 179;B01;0;7;0;2;8;15;0
536573174;155 718 180;A01;1;7;2;2;2;1;0
536573175;155 718 177;B01;2;7;0;2;2;1;1
536573175;155 718 178;A01;1;7;0;2;5;1;1
536573176;155 718 175;A01;1;33;0;2;1;17;0
536573176;155 718 176;B01;1;7;0;2;6;15;1
536573177;155 718 174;A01;3;50;0;0;8;0;3
536573178;155 718 173;A01;3;7;0;1;8;1;2
536573179;155 718 170;B01;1;33;0;2;1;2;1
536573179;155 718 172;A01;2;7;0;2;3;15;1
536573180;155 718 169;B01;0;30;0;2;1;2;0
536573180;155 718 171;A01;0;7;0;2;1;2;1
536573182;155 718 165;A01;1;33;0;0;0;26;1
536573183;155 718 164;B01;1;7;0;2;3;1;1
536573183;155 718 166;A01;2;50;0;2;1;1;3
536573184;155 718 162;A01;2;7;7;0;5;1;1
536573185;155 718 160;A01;1;7;0;2;4;1;1
536573185;155 718 161;B01;1;7;0;2;4;1;1
536573185;155 718 163;C01;1;7;0;2;1;1;1
536573186;155 718 158;B01;3;33;0;2;5;1;1
536573186;155 718 159;A01;3;7;0;2;5;10;0
536573187;155 718 156;A01;2;10;0;2;1;1;1
536573187;155 718 157;B01;2;7;0;2;4;1;3
536573188;155 718 154;A01;1;7;0;2;3;1;1
536573188;155 718 155;B01;1;33;0;2;5;15;1
536573189;155 718 151;A01;1;7;0;2;3;11;0
536573189;155 718 153;B01;1;10;0;2;2;1;0
536573190;155 718 150;A01;2;7;0;2;8;13;1
536573190;155 718 152;B01;2;33;0;2;7;26;1
536573191;155 718 146;C01;2;2;0;2;4;1;1
536573191;155 718 147;A01;2;7;13;2;2;17;1
536573191;155 718 149;B01;2;7;0;2;3;0;1
536573192;155 718 143;C01;1;7;0;2;4;1;2
536573192;155 718 145;A01;1;7;0;2;1;1;1
536573192;155 718 148;B01;1;7;0;2;4;1;1
536573193;155 718 141;A01;2;32;0;2;2;3;1
536573193;155 718 142;B01;2;7;0;2;3;2;1
536573193;155 718 144;C01;2;7;0;2;4;2;1
536573194;155 718 138;A01;1;32;0;2;1;2;3
536573194;155 718 140;B01;1;7;0;2;4;2;2
536573195;155 718 134;B01;1;10;4;2;4;2;1
536573195;155 718 135;D01;1;10;4;2;4;2;1
536573195;155 718 136;C01;1;7;4;2;4;2;1
536573195;155 718 137;E01;1;7;4;2;4;2;1