Num_Acc;id_vehicule;num_veh;senc;catv;obs;obsm;choc;manv;motor
536573491;155 717 607;A01;3;7;0;1;2;1;1
536573492;155 717 606;A01;2;1;0;1;1;1;5
536573493;155 717 603;B01;1;33;0;2;4;2;1
536573493;155 717 604;A01;1;10;0;2;1;2;1
536573494;155 717 602;B01;;7;0;2;3;15;1
536573494;155 717 605;A01;1;32;0;2;5;17;1
536573495;155 717 600;A01;3;50;0;2;1;1;3
536573495;155 717 601;B01;3;7;0;2;7;16;3
536573496;155 717 597;A01;1;7;0;2;1;1;1
536573496;155 717 599;B01;1;7;0;2;4;1;1
536573497;155 717 596;A01;2;7;0;9;2;26;1
536573497;155 717 598;B01;1;50;0;2;0;26;3
536573498;155 717 593;A01;2;7;0;2;3;15;1
536573498;155 717 595;B01;1;33;0;2;3;1;1
536573499;155 717 592;B01;1;33;0;2;1;1;1
536573499;155 717 594;A01;1;7;0;2;8;19;1
536573500;155 717 591;A01;0;2;14;9;3;0;1
536573501;155 717 588;A01;0;7;0;9;1;16;1
536573501;155 717 590;B01;0;50;0;2;1;16;3
536573502;155 717 586;B01;1;1;0;2;3;1;5
536573502;155 717 589;A01;1;7;0;2;7;14;2
536573503;155 717 587;A01;2;7;7;0;2;1;1
536573504;155 717 585;A01;2;7;0;1;7;26;1
536573505;155 717 583;A01;3;50;0;1;7;25;3
536573506;155 717 580;A01;3;7;12;1;1;1;1
536573507;155 717 579;A01;1;1;0;1;1;1;5
536573508;155 717 575;B01;2;2;0;2;8;0;1
536573508;155 717 577;A01;2;13;0;2;1;1;1
536573509;155 717 574;B01;1;32;0;2;4;23;1
536573509;155 717 576;A01;1;7;0;2;3;1;2
536573510;155 717 571;A01;2;7;0;2;3;20;1
536573510;155 717 572;B01;1;7;0;2;3;1;1
536573511;155 717 569;A01;2;10;0;2;1;15;3
536573511;155 717 570;B01;1;32;0;2;8;1;1
536573512;155 717 568;A01;1;7;7;0;1;15;1
536573513;155 717 566;A01;2;50;0;1;1;1;3
536573514;155 717 565;A01;2;7;0;0;5;1;1
536573514;155 717 567;B01;2;31;0;2;1;1;1
536573515;155 717 562;B01;3;30;0;2;2;17;1
536573515;155 717 564;A01;3;7;0;2;3;15;2
536573516;155 717 573;A01;3;10;12;2;7;1;1
536573516;155 717 578;B01;3;7;0;2;1;16;1
536573517;155 717 556;A01;2;1;0;2;1;13;5
536573517;155 717 558;B01;1;1;0;2;1;1;5
536573518;155 717 553;C01;2;7;0;2;3;1;1
536573518;155 717 555;B01;2;15;0;0;6;1;1
536573518;155 717 557;D01;2;7;0;2;1;1;1
536573518;155 717 559;E01;2;7;0;2;7;1;1
536573518;155 717 560;F01;2;15;14;0;8;1;1
536573518;155 717 561;A01;2;7;0;2;3;2;1
536573518;155 717 563;G01;2;7;14;0;3;1;2
536573519;155 717 552;A01;1;31;0;0;1;5;1
536573520;155 717 547;B01;1;80;0;2;1;1;3
536573520;155 717 548;A01;1;10;0;2;8;22;1
536573521;155 717 546;A01;3;1;0;1;8;1;5
536573522;155 717 544;A01;2;33;0;1;1;3;1
536573523;155 717 543;B01;1;1;1;0;4;2;5
536573523;155 717 545;A01;1;7;0;2;1;26;1
536573524;155 717 542;A01;1;33;12;0;1;11;1
536573525;155 717 540;A01;2;7;13;0;0;21;1
536573526;155 717 539;A01;3;7;0;2;1;2;1
536573526;155 717 541;B01;1;7;0;2;3;2;1
536573527;155 717 537;A01;1;2;0;0;7;0;1
536573528;155 717 536;A01;0;37;0;2;2;2;1
536573528;155 717 538;B01;3;7;0;2;4;23;1
536573529;155 717 535;A01;1;7;0;1;1;1;1
536573530;155 717 529;A01;2;38;0;2;3;15;1
536573530;155 717 532;B01;2;1;0;2;1;1;5
536573531;155 717 530;A01;1;33;0;2;1;17;1
536573531;155 717 533;B01;2;7;0;2;2;21;1
536573531;155 717 534;C01;2;7;0;2;1;1;1
536573532;155 717 528;A01;1;33;0;2;1;1;1
536573532;155 717 531;B01;1;7;0;2;3;11;1
536573533;155 717 525;A01;1;7;0;2;2;1;1
536573533;155 717 527;B01;1;2;0;2;8;11;1
536573534;155 717 523;B01;1;31;0;2;3;17;0
536573534;155 717 524;A01;1;7;0;2;3;10;2
536573535;155 717 526;A01;1;7;0;1;4;20;1
536573536;155 717 521;B01;3;7;0;2;3;13;1
536573536;155 717 522;A01;3;7;0;2;3;13;2
536573537;155 717 519;A01;3;7;0;2;6;24;1
536573537;155 717 520;B01;3;43;1;0;2;11;1
536573538;155 717 518;A01;3;1;0;0;9;0;5
536573539;155 717 516;A01;1;15;0;2;1;1;1
536573539;155 717 517;B01;1;7;0;0;4;1;1
536573540;155 717 514;A01;3;7;0;2;2;16;1
536573540;155 717 515;B01;3;34;0;2;7;1;3
536573541;155 717 512;B01;0;31;0;2;1;1;1
536573541;155 717 513;A01;0;7;0;2;5;11;1
536573542;155 717 510;B01;3;30;0;0;1;1;1
536573542;155 717 511;A01;3;7;0;2;8;9;1
536573543;155 717 509;A01;3;7;1;2;2;26;1
536573544;155 717 504;B01;1;32;0;2;1;1;1
536573544;155 717 508;A01;1;7;0;2;2;19;1
536573545;155 717 505;B01;1;10;0;2;3;1;1
536573545;155 717 507;A01;1;33;0;2;1;26;1
536573546;155 717 503;A01;1;14;5;0;2;0;1
536573547;155 717 502;A01;1;7;0;0;1;26;1
536573548;155 717 506;A01;1;30;16;0;1;26;1
536573549;155 717 500;A01;0;7;8;0;1;5;1
536573550;155 717 499;A01;1;7;0;2;8;23;1
536573550;155 717 501;B01;1;7;14;2;7;17;1
536573551;155 717 498;A01;1;10;6;0;1;1;1
536573552;155 717 496;A01;1;14;0;0;0;0;1
536573552;155 717 497;B01;1;7;0;2;1;2;1
536573553;155 717 493;A01;1;7;0;2;1;2;1
536573553;155 717 494;B01;1;7;0;1;4;2;1
536573554;155 717 491;B01;2;50;0;2;1;1;3
536573554;155 717 495;A01;1;7;0;9;3;1;1
536573555;155 717 490;A01;3;1;0;2;1;2;5
536573555;155 717 492;B01;3;7;0;9;5;16;1
536573556;155 717 489;A01;1;33;0;6;0;19;1
536573557;155 717 486;A01;1;7;0;0;3;22;1
536573557;155 717 487;B01;1;1;1;0;8;1;5
536573558;155 717 484;Z01;1;7;0;2;7;15;1
536573558;155 717 488;A01;2;32;0;2;2;26;1
536573559;155 717 483;A01;3;7;0;9;2;16;1
536573559;155 717 485;B01;0;1;0;2;1;16;5
536573560;155 717 481;A01;2;7;0;9;2;1;1
536573560;155 717 482;B01;2;60;0;2;8;11;5
536573561;155 717 479;A01;2;7;6;0;1;1;1
536573562;155 717 480;A01;1;7;0;1;3;1;1
536573563;155 717 478;A01;3;31;0;0;0;5;1
536573564;155 717 476;A01;1;33;0;0;4;15;1
536573564;155 717 477;B01;1;10;0;0;2;2;1
536573565;155 717 475;A01;2;10;2;0;1;1;1
536573566;155 717 471;A01;1;7;0;2;1;1;1
536573566;155 717 473;B01;2;7;0;2;6;1;1
536573566;155 717 474;C01;2;37;0;2;1;1;1
536573567;155 717 469;A01;2;7;0;0;4;1;1
536573567;155 717 472;B01;2;7;0;0;1;1;1
536573568;155 717 468;A01;2;31;0;2;1;17;1
536573568;155 717 470;B01;2;10;0;0;8;15;1
536573569;155 717 465;A01;1;7;0;0;0;0;3
536573570;155 717 464;A01;1;7;0;2;1;15;1
536573570;155 717 467;B01;2;1;0;2;7;0;5
536573571;155 717 463;A01;0;2;0;2;7;1;1
536573571;155 717 466;B01;1;7;0;2;3;9;1
536573572;155 717 458;A01;3;7;0;2;3;1;1
536573572;155 717 459;B01;3;1;0;2;7;1;5
536573573;155 717 457;A01;2;7;0;2;3;1;1
536573573;155 717 460;B01;2;7;0;2;2;13;1
536573574;155 717 454;A01;2;7;0;2;8;11;1
536573574;155 717 455;B01;2;33;0;2;2;1;1
536573575;155 717 452;B01;2;32;0;2;1;1;1
536573575;155 717 453;A01;1;7;0;2;1;15;1
536573576;155 717 451;A01;1;7;3;0;2;1;1
536573577;155 717 456;A01;1;10;0;0;1;2;1
536573578;155 717 448;B01;2;10;0;2;4;2;1
536573578;155 717 450;A01;2;10;0;2;1;2;1
536573579;155 717 447;B01;1;32;0;2;1;17;1
536573579;155 717 449;A01;1;7;0;2;3;10;1
536573580;155 717 445;B01;2;7;0;2;4;2;1
536573580;155 717 446;A01;2;10;0;2;1;2;1
536573581;155 717 443;A01;2;7;0;2;3;5;1
536573581;155 717 444;B01;1;7;0;2;1;1;1
536573582;155 717 439;B01;1;7;0;2;4;1;1
536573582;155 717 440;C01;1;7;0;2;4;1;1
536573582;155 717 441;A01;1;7;0;2;1;9;1
536573583;155 717 438;B01;3;80;0;9;1;0;3
536573583;155 717 442;A01;3;1;0;9;1;5;5
536573584;155 717 436;A01;2;33;0;2;8;11;1
536573584;155 717 437;B01;2;31;0;2;7;3;1
536573585;155 717 433;B01;2;17;0;0;4;1;1
536573585;155 717 434;A01;2;7;0;0;1;1;1
536573586;155 717 430;A01;2;15;0;2;2;1;1
536573586;155 717 431;B01;2;7;0;2;8;11;1
536573587;155 717 432;A01;2;7;0;2;2;20;1
536573587;155 717 435;B01;1;1;0;2;1;1;5
536573588;155 717 428;A01;0;7;0;9;8;22;1
536573588;155 717 429;B01;0;1;1;0;1;1;5
536573589;155 717 426;B01;1;7;0;2;6;9;1
536573589;155 717 427;A01;1;43;0;2;2;1;1
536573590;155 717 422;A01;1;7;0;2;6;1;2
536573590;155 717 424;Z01;1;10;0;2;0;0;0
536573591;155 717 421;A01;1;38;0;1;5;15;0
536573592;155 717 418;Z01;1;7;0;2;0;0;0
536573592;155 717 420;A01;1;33;0;2;8;3;1
536573593;155 717 416;A01;1;7;0;2;3;13;1
536573593;155 717 417;B01;2;7;0;2;3;13;1
536573594;155 717 414;A01;1;31;0;2;7;3;1
536573594;155 717 415;B01;1;10;0;2;8;1;1
536573595;155 717 419;B01;2;7;0;2;3;15;1
536573595;155 717 423;A01;2;50;0;2;0;11;3
536573596;155 717 411;A01;1;7;0;2;5;21;1
536573596;155 717 413;B01;1;7;0;2;3;1;1
536573597;155 717 409;B01;3;50;0;2;1;1;3
536573597;155 717 412;A01;3;7;0;2;3;15;1
536573598;155 717 408;A01;1;7;0;2;3;1;1
536573598;155 717 410;B01;3;7;0;0;8;15;1
536573599;155 717 406;A01;2;33;0;2;2;1;1
536573599;155 717 407;B01;2;7;0;2;3;11;1
536573600;155 717 404;A01;1;7;0;1;1;1;1
536573601;155 717 402;B01;2;1;0;2;1;1;5
536573601;155 717 405;A01;1;7;0;9;6;19;1
536573602;155 717 401;B01;2;7;0;2;5;12;1
536573602;155 717 403;A01;2;33;0;2;1;3;1
536573603;155 717 398;A01;1;7;13;0;3;1;1
536573604;155 717 400;B01;1;7;0;1;5;1;1
536573605;155 717 397;A01;2;7;0;2;3;2;1
536573605;155 717 399;B01;2;7;0;0;5;2;1
536573606;155 717 394;A01;1;7;0;1;1;1;1
536573607;155 717 393;A01;1;31;0;2;4;1;1
536573607;155 717 396;Z01;1;7;0;2;0;0;0
536573608;155 717 392;B01;2;15;0;2;1;1;1
536573608;155 717 395;A01;2;3;0;2;3;9;1
536573609;155 717 389;A01;2;32;0;0;0;9;1
536573610;155 717 387;B01;3;7;0;9;3;15;1
536573610;155 717 391;A01;2;80;0;2;1;1;3
536573611;155 717 386;A01;2;33;0;2;3;3;1
536573611;155 717 388;B01;2;10;0;2;7;12;1
536573611;155 717 390;C01;2;7;0;2;6;1;1
536573612;155 717 382;A01;2;7;0;0;3;19;1
536573612;155 717 385;B01;2;7;0;2;2;1;1
536573613;155 717 381;A01;1;7;0;2;7;15;1
536573613;155 717 383;B01;2;1;0;2;1;1;5
536573614;155 717 378;A01;2;13;0;2;4;1;1
536573614;155 717 380;B01;2;13;0;2;4;1;1
536573614;155 717 384;C01;2;17;0;2;1;1;1
536573615;155 717 377;B01;1;7;0;2;5;10;1
536573615;155 717 379;A01;2;7;0;2;2;1;1
536573616;155 717 373;A01;1;7;0;9;1;15;1
536573616;155 717 376;B01;3;1;0;2;1;2;5
536573617;155 717 371;B01;1;7;0;2;1;1;1
536573617;155 717 374;A01;2;7;0;2;9;13;1
536573618;155 717 372;B01;1;7;0;9;0;0;0
536573618;155 717 375;A01;1;1;0;2;0;0;5
536573619;155 717 370;A01;1;7;2;0;1;1;1
536573620;155 717 367;A01;3;7;0;9;3;0;1
536573620;155 717 369;B01;3;60;0;2;1;1;5
536573621;155 717 366;A01;1;7;13;0;3;13;1
536573622;155 717 364;A01;2;7;8;2;8;0;1
536573622;155 717 368;Z01;2;7;0;2;0;0;0
536573623;155 717 361;A01;1;7;0;2;3;19;1
536573623;155 717 362;B01;1;15;0;2;2;1;1
536573624;155 717 360;B01;2;10;0;2;7;17;1
536573624;155 717 363;C01;1;7;0;2;1;23;1
536573624;155 717 365;A01;2;7;0;2;1;1;1
536573625;155 717 359;A01;1;33;0;0;1;1;1
536573626;155 717 358;A01;2;0;4;0;0;0;0
536573627;155 717 357;A01;1;10;6;0;3;13;1
536573628;155 717 353;A01;1;33;13;0;9;1;1
536573629;155 717 349;B01;2;7;0;2;3;19;1
536573629;155 717 350;A01;3;10;0;2;1;19;1
536573630;155 717 348;B01;2;7;0;2;1;1;1
536573630;155 717 354;A01;2;7;0;2;8;1;1
536573631;155 717 347;A01;3;7;0;1;2;1;1
536573632;155 717 346;A01;1;1;0;0;1;1;5
536573633;155 717 343;C01;2;7;0;2;2;2;1
536573633;155 717 344;A01;2;33;0;2;9;17;1
536573633;155 717 345;B01;2;7;0;2;8;2;1
536573634;155 717 340;B01;1;1;0;2;1;1;5
536573634;155 717 342;A01;2;10;0;2;2;15;1
536573635;155 717 336;B01;1;50;1;2;7;1;3
536573635;155 717 339;A01;1;7;0;2;8;22;1
536573636;155 717 335;A01;2;7;0;2;2;1;1
536573636;155 717 337;B01;2;7;0;2;6;25;1
536573637;155 717 331;B01;3;7;0;2;3;1;2
536573637;155 717 334;A01;3;7;0;2;1;1;2
536573638;155 717 332;A01;0;1;0;2;3;1;5
536573639;155 717 330;A01;3;7;0;2;1;1;1
536573639;155 717 333;B01;3;7;0;2;4;1;2
536573640;155 717 328;A01;1;10;0;2;3;9;1
536573640;155 717 329;B01;1;1;0;2;7;1;5
536573641;155 717 326;A01;1;38;0;1;7;16;1
536573642;155 717 324;B01;2;7;0;2;2;26;1
536573642;155 717 327;A01;1;10;0;2;1;26;1
536573643;155 717 323;A01;2;13;0;2;1;1;1
536573643;155 717 325;B01;2;7;0;2;3;5;1
536573644;155 717 321;A01;1;50;0;1;1;1;3
536573645;155 717 319;B01;2;7;0;2;4;1;1
536573645;155 717 322;A01;1;7;0;2;1;1;1
536573646;155 717 318;A01;3;2;0;2;7;9;1
536573646;155 717 320;B01;3;7;0;2;1;1;1
536573647;155 717 317;A01;0;10;0;1;1;1;1
536573648;155 717 313;A01;1;7;0;2;4;4;1
536573648;155 717 314;B01;1;32;0;2;2;1;1
536573648;155 717 316;C01;2;7;0;2;1;1;1
536573649;155 717 312;A01;3;30;0;0;3;1;1
536573650;155 717 315;A01;0;7;2;0;3;0;1
536573651;155 717 311;A01;1;1;14;0;2;0;5
536573652;155 717 308;A01;2;7;0;2;7;15;1
536573652;155 717 310;B01;1;1;0;2;1;1;5
536573653;155 717 307;A01;0;50;0;2;1;1;3
536573653;155 717 309;B01;0;7;0;2;4;1;1
536573654;155 717 306;A01;2;7;4;0;8;1;1
536573655;155 717 304;A01;2;10;3;0;2;1;1
536573656;155 717 303;B01;3;7;0;9;2;15;1
536573656;155 717 305;A01;1;1;0;2;8;1;5
536573657;155 717 302;A01;3;7;0;1;3;1;1
536573658;155 717 301;A01;1;7;4;0;1;17;1
536573659;155 717 295;A01;1;7;0;2;3;13;1
536573659;155 717 297;B01;2;38;0;2;3;1;1
536573660;155 717 294;B01;2;7;0;9;1;1;1
536573660;155 717 299;A01;3;60;0;2;0;19;5
536573661;155 717 290;B01;2;10;0;2;1;1;1
536573661;155 717 293;A01;1;10;0;2;1;1;1
536573662;155 717 291;A01;2;7;0;2;3;20;1
536573662;155 717 292;B01;2;7;0;2;2;1;1
536573663;155 717 287;B01;2;13;0;2;4;24;0
536573663;155 717 288;A01;2;7;1;2;1;1;1
536573664;155 717 283;B01;1;7;0;2;1;1;1
536573664;155 717 286;A01;2;7;0;2;1;5;1
536573665;155 717 282;A01;0;7;13;0;1;1;1
536573666;155 717 281;B01;2;10;0;2;3;26;1
536573666;155 717 284;A01;2;33;0;2;2;15;1
536573667;155 717 278;A01;0;1;0;2;1;1;5
536573667;155 717 280;B01;0;2;0;9;1;1;1
536573668;155 717 277;A01;1;33;0;0;1;1;1
536573669;155 717 275;A01;1;7;0;2;2;15;1
536573669;155 717 276;C01;2;7;0;2;3;23;2
536573669;155 717 279;B01;1;7;0;2;6;1;3
536573670;155 717 271;B01;1;33;0;2;2;13;1
536573670;155 717 273;A01;1;7;0;2;3;10;1
536573671;155 717 269;D01;1;10;0;0;4;2;1
536573671;155 717 270;A01;1;10;0;2;1;2;1
536573671;155 717 272;B01;1;7;0;2;4;2;3
536573671;155 717 274;C01;1;7;0;2;4;2;3
536573672;155 717 268;A01;3;7;0;1;1;0;1
536573673;155 717 265;B01;1;1;0;2;7;1;5
536573673;155 717 267;A01;1;7;0;2;3;9;1
536573674;155 717 263;A01;3;33;0;2;1;1;1
536573674;155 717 266;B01;3;10;0;2;6;9;1
536573675;155 717 261;A01;2;7;0;2;2;1;1
536573675;155 717 264;B01;1;7;0;2;2;20;1
536573676;155 717 260;B01;3;7;0;2;1;2;1
536573676;155 717 262;A01;3;7;0;2;1;14;1
536573677;155 717 256;B01;1;7;0;2;3;1;1
536573677;155 717 259;A01;2;7;0;2;2;15;1
536573678;155 717 257;A01;2;10;0;0;9;1;1
536573679;155 717 255;B01;1;7;0;2;1;12;1
536573679;155 717 258;A01;1;33;0;2;9;3;1
536573680;155 717 251;A01;1;40;0;1;1;0;3
536573681;155 717 253;A01;2;30;0;2;1;1;1
536573681;155 717 254;B01;3;7;0;2;3;15;1
536573682;155 717 252;A01;2;31;0;0;0;1;1
536573683;155 717 249;A01;1;7;0;2;5;15;1
536573683;155 717 250;B01;2;7;0;2;3;1;1
536573684;155 717 248;A01;1;7;0;1;1;1;1
536573685;155 717 245;A01;1;7;13;0;1;14;1
536573686;155 717 246;A01;1;10;0;1;3;1;1
536573687;155 717 243;B01;1;7;0;2;4;1;1
536573687;155 717 247;A01;1;7;0;2;2;1;1
536573688;155 717 241;A01;2;7;0;2;5;16;1
536573688;155 717 244;B01;2;1;0;2;3;1;5
536573689;155 717 240;A01;1;7;0;2;1;9;1
536573689;155 717 242;B01;2;50;0;2;4;1;3
536573690;155 717 239;A01;3;50;0;0;0;1;3
536573691;155 717 237;A01;0;7;0;2;0;1;1
536573691;155 717 238;B01;0;80;0;2;1;1;3
536573692;155 717 236;Z01;0;30;0;1;1;25;1
536573693;155 717 234;Z01;1;30;0;1;1;1;1
536573694;155 717 232;A01;2;7;0;2;1;13;1
536573694;155 717 235;B01;1;7;0;2;1;1;1
536573695;155 717 231;A01;0;7;0;2;1;15;2
536573695;155 717 233;B01;1;2;0;2;7;17;1
536573696;155 717 229;A01;1;7;0;2;2;15;0
536573696;155 717 230;B01;1;50;0;2;1;1;3
536573697;155 717 227;A01;1;7;0;2;2;14;1
536573697;155 717 228;B01;1;7;0;2;2;1;1
536573698;155 717 226;A01;3;33;2;0;1;1;1
536573699;155 717 223;A01;2;2;0;2;4;16;1
536573699;155 717 225;B01;1;14;0;2;8;1;0
536573700;155 717 222;A01;1;1;15;0;7;1;5
536573701;155 717 220;A01;1;7;0;2;5;0;1
536573701;155 717 224;B01;1;7;0;2;8;0;1
536573702;155 717 218;A01;3;7;0;2;3;15;1
536573702;155 717 221;B01;1;7;0;2;1;1;1
536573703;155 717 214;A01;1;7;0;2;3;9;1
536573703;155 717 217;B01;2;32;0;2;1;1;1
536573704;155 717 215;A01;0;7;0;0;7;12;1
536573704;155 717 219;B01;0;13;0;2;3;1;1
536573705;155 717 213;A01;0;10;0;2;1;2;1
536573705;155 717 216;B01;0;10;0;2;4;2;1
536573706;155 717 212;A01;3;10;0;1;2;1;1
536573707;155 717 209;A01;3;31;0;2;1;2;1
536573707;155 717 211;B01;3;7;0;2;4;2;1
536573708;155 717 205;B01;1;7;0;9;2;15;3
536573708;155 717 206;A01;2;50;0;2;1;1;3
536573709;155 717 204;A01;1;15;0;0;6;2;1
536573709;155 717 210;B01;1;10;0;2;2;11;1
536573710;155 717 202;A01;1;7;0;2;3;13;1
536573710;155 717 203;B01;2;7;0;2;3;1;1
536573711;155 717 201;A01;1;7;0;0;1;0;1
536573712;155 717 200;A01;0;15;0;1;1;26;1
536573713;155 717 199;A01;1;7;12;0;3;13;1
536573714;155 717 198;A01;0;7;0;1;4;26;1
536573715;155 717 196;B01;1;33;0;0;1;13;1
536573715;155 717 197;A01;0;7;0;0;3;26;1
536573716;155 717 194;A01;3;10;2;0;1;2;0
536573717;155 717 195;A01;3;7;0;1;2;16;1
536573718;155 717 193;A01;1;17;3;0;3;13;1
536573719;155 717 192;A01;2;7;0;1;1;1;1
536573720;155 717 190;A01;1;7;0;9;2;16;1
536573720;155 717 191;B01;1;50;0;2;2;0;3
536573721;155 717 187;B01;2;7;0;2;4;1;3
536573721;155 717 189;A01;2;7;0;2;1;2;1
536573722;155 717 186;B01;2;33;0;2;1;1;1
536573722;155 717 188;A01;1;7;0;2;2;15;1
536573723;155 717 185;A01;2;7;0;1;8;1;1
536573724;155 717 182;A01;1;10;0;2;1;1;1
536573724;155 717 184;B01;1;7;0;2;4;1;1
536573725;155 717 180;A01;1;7;0;2;7;16;1
536573725;155 717 183;B01;1;50;0;2;1;1;3
536573726;155 717 179;B01;1;33;0;2;2;0;1
536573726;155 717 181;A01;1;7;0;2;3;15;1
536573727;155 717 177;A01;1;7;0;2;7;12;1
536573727;155 717 178;B01;1;33;0;2;8;1;1
536573728;155 717 176;A01;3;7;0;2;1;20;1
536573729;155 717 175;A01;3;10;0;1;2;1;1
536573730;155 717 173;A01;2;7;2;0;1;1;1
536573731;155 717 172;A01;1;17;0;2;2;1;1
536573731;155 717 174;B01;1;7;0;2;8;9;2
536573732;155 717 169;A01;1;7;0;1;2;26;2
536573733;155 717 167;A01;2;7;0;2;1;16;1
536573733;155 717 171;B01;3;1;0;2;7;19;5
536573734;155 717 165;A01;1;10;0;2;3;14;1
536573734;155 717 166;B01;1;7;0;2;1;1;1
536573734;155 717 168;C01;1;7;0;2;1;2;1
536573734;155 717 170;D01;1;7;0;2;4;1;1
536573735;155 717 162;B01;2;33;0;2;0;0;1
536573735;155 717 164;A01;2;7;0;2;6;2;1
536573736;155 717 159;A01;1;7;0;2;1;1;1
536573736;155 717 161;B01;1;7;0;2;4;1;1
536573737;155 717 158;B01;1;7;0;2;2;15;1
536573737;155 717 160;A01;2;30;0;2;2;17;1
536573737;155 717 163;C01;1;7;0;2;3;1;1
536573738;155 717 155;B01;3;7;0;2;4;2;1
536573738;155 717 157;A01;3;7;0;2;1;2;1
536573739;155 717 154;A01;1;7;0;2;8;11;3
536573739;155 717 156;B01;1;33;0;2;7;3;1
536573740;155 717 153;A01;1;7;0;1;1;1;1
536573741;155 717 151;A01;3;1;0;0;0;1;5
536573742;155 717 147;A01;1;43;0;2;3;13;1
536573742;155 717 149;B01;2;7;0;2;3;0;1
536573743;155 717 146;A01;3;7;0;2;3;22;1
536573743;155 717 148;B01;3;1;1;0;5;1;5
536573744;155 717 143;A01;3;7;1;0;3;15;1
536573744;155 717 145;B01;3;2;14;0;3;15;3
536573745;155 717 141;A01;2;30;0;2;1;16;1
536573745;155 717 144;B01;1;7;0;2;1;1;1
536573746;155 717 140;A01;3;7;0;2;3;1;1
536573746;155 717 142;B01;3;7;0;2;8;15;1
536573747;155 717 138;B01;1;7;0;2;6;2;1
536573747;155 717 139;A01;1;34;0;2;7;2;1
536573748;155 717 136;A01;1;7;0;2;3;13;1
536573748;155 717 137;B01;2;7;0;2;3;21;1
536573749;155 717 135;A01;1;7;0;1;2;17;1
536573750;155 717 132;A01;2;10;0;2;2;5;1
536573750;155 717 134;B01;1;10;0;2;2;1;1
536573751;155 717 130;A01;2;31;0;2;1;1;1
536573751;155 717 131;B01;0;50;0;2;8;0;3
536573752;155 717 128;B01;1;10;0;2;1;1;1
536573752;155 717 129;A01;3;7;0;2;7;19;1
536573752;155 717 133;C01;3;7;0;2;3;16;1
536573753;155 717 127;A01;1;7;0;1;1;1;3
536573754;155 717 125;B01;3;7;0;9;1;1;1
536573754;155 717 126;A01;3;80;0;2;7;1;3
536573755;155 717 123;A01;1;7;0;1;3;26;1
536573756;155 717 122;B01;2;7;0;2;2;16;1
536573756;155 717 124;A01;2;32;0;2;1;7;1
536573757;155 717 121;A01;0;7;7;0;1;1;1
536573758;155 717 120;A01;1;33;13;0;1;1;1
536573759;155 717 119;A01;1;10;0;1;2;1;1
536573760;155 717 117;B01;1;7;0;2;6;15;2
536573760;155 717 118;A01;1;2;0;2;1;13;1
536573761;155 717 116;A01;2;7;0;1;3;1;1
536573762;155 717 114;B01;1;33;0;2;1;1;1
536573762;155 717 115;A01;1;7;0;0;3;20;1
536573763;155 717 112;A01;3;7;13;0;1;1;1
536573764;155 717 110;B01;1;7;4;2;4;17;1
536573764;155 717 113;A01;1;7;4;2;1;17;1
536573765;155 717 109;B01;3;33;0;2;1;1;1
536573765;155 717 111;A01;3;1;0;2;1;15;5
536573766;155 717 106;A01;2;10;0;2;3;9;1
536573766;155 717 108;B01;2;1;0;2;7;1;5
536573767;155 717 105;A01;2;33;0;2;3;21;1
536573767;155 717 107;B01;2;7;0;2;5;2;1
536573768;155 717 103;B01;1;7;3;2;4;1;1
536573768;155 717 104;A01;1;33;3;2;1;2;1
536573769;155 717 101;B01;3;40;0;2;0;0;3
536573769;155 717 102;A01;1;1;0;4;3;15;5
536573770;155 717 100;A01;2;7;0;1;3;1;1
536573771;155 717 098;B01;2;7;0;2;2;1;1
536573771;155 717 099;A01;2;7;0;2;3;16;1
536573772;155 717 096;A01;0;7;0;1;1;1;1
536573773;155 717 094;A01;1;7;0;2;1;2;1
536573773;155 717 095;B01;1;7;0;2;4;2;1
536573773;155 717 097;C01;1;7;0;2;4;2;1
536573774;155 717 091;A01;1;7;0;2;1;1;1
536573774;155 717 093;B01;1;7;0;2;4;1;1
536573775;155 717 088;A01;1;7;0;2;1;13;1
536573775;155 717 090;B01;1;7;0;2;5;17;1
536573775;155 717 092;C01;1;7;0;2;2;2;1
536573776;155 717 087;A01;2;10;0;2;2;2;1
536573776;155 717 089;B01;2;10;0;2;6;1;1
536573777;155 717 085;A01;0;7;0;1;4;20;2
536573778;155 717 086;A01;1;10;0;1;1;1;1
536573779;155 717 083;A01;1;7;0;2;1;1;1
536573779;155 717 084;B01;1;7;0;2;3;1;1
536573780;155 717 081;A01;3;10;0;1;1;1;0
536573781;155 717 080;B01;3;7;0;2;2;1;1
536573781;155 717 082;A01;3;30;0;2;1;0;1
536573782;155 717 077;A01;2;7;0;2;1;5;1
536573782;155 717 079;B01;1;7;0;2;1;1;1
536573783;155 717 076;B01;1;2;0;2;4;1;1
536573783;155 717 078;A01;1;7;0;2;1;1;1
536573784;155 717 071;A01;1;32;0;2;1;19;1
536573784;155 717 075;B01;2;7;0;2;7;19;1
536573785;155 717 070;A01;3;7;0;2;1;1;1
536573785;155 717 073;B01;3;7;0;2;4;1;1
536573786;155 717 072;A01;2;7;0;2;1;17;1
536573786;155 717 074;B01;2;10;0;2;3;15;1
536573787;155 717 067;A01;1;7;1;2;1;17;1
536573787;155 717 069;B01;2;31;0;2;1;1;1
536573788;155 717 066;A01;1;7;0;1;1;1;1