Num_Acc;id_vehicule;num_veh;senc;catv;obs;obsm;choc;manv;motor
536574089;155 716 537;B01;1;13;0;2;1;1;1
536574090;155 716 532;A01;1;7;2;0;0;0;1
536574091;155 716 531;A01;1;7;0;2;1;2;1
536574091;155 716 533;B01;1;7;0;2;4;2;1
536574091;155 716 535;C01;1;7;0;2;4;2;2
536574092;155 716 529;A01;1;7;0;0;1;1;1
536574093;155 716 527;A01;1;32;0;0;0;1;1
536574094;155 716 526;A01;2;7;0;2;8;9;1
536574094;155 716 528;B01;2;33;0;2;7;1;1
536574095;155 716 525;A01;1;7;8;0;0;5;1
536574096;155 716 522;A01;1;32;4;0;2;0;1
536574097;155 716 523;A01;1;30;0;0;9;1;1
536574098;155 716 521;A01;3;7;0;2;8;16;1
536574098;155 716 524;B01;1;7;0;2;2;1;1
536574099;155 716 520;A01;2;7;14;0;1;2;1
536574100;155 716 519;A01;2;7;0;1;2;1;3
536574101;155 716 518;A01;1;7;0;0;1;16;1
536574102;155 716 515;A01;2;17;4;0;0;1;1
536574103;155 716 514;A01;3;7;0;2;2;1;1
536574103;155 716 516;B01;3;33;0;2;0;0;0
536574104;155 716 513;A01;2;7;0;0;1;0;0
536574105;155 716 512;A01;2;7;0;1;1;1;1
536574106;155 716 510;A01;3;7;8;2;1;17;1
536574106;155 716 511;B01;3;7;0;2;8;1;1
536574107;155 716 507;B01;2;10;0;2;1;0;1
536574107;155 716 508;A01;1;7;0;2;1;13;3
536574108;155 716 506;A01;2;7;0;2;7;1;1
536574108;155 716 509;B01;3;50;0;2;8;15;3
536574109;155 716 504;A01;2;7;2;0;1;0;2
536574110;155 716 503;A01;2;32;0;2;1;8;1
536574110;155 716 505;B01;2;10;0;2;8;15;1
536574111;155 716 497;A01;2;7;2;2;2;14;1
536574111;155 716 499;B01;1;7;0;2;2;21;1
536574111;155 716 501;C01;1;7;0;2;2;21;1
536574112;155 716 498;A01;1;7;9;0;1;21;1
536574113;155 716 494;A01;1;3;5;2;2;1;1
536574113;155 716 495;B01;2;7;0;2;1;1;1
536574114;155 716 496;C01;2;33;0;2;8;1;1
536574114;155 716 500;A01;1;7;0;2;2;15;1
536574114;155 716 502;B01;2;33;0;2;1;1;1
536574115;155 716 492;A01;2;37;0;1;1;15;0
536574116;155 716 490;A01;2;7;0;2;1;2;1
536574116;155 716 491;B01;2;7;0;2;4;15;1
536574116;155 716 493;C01;1;7;0;2;3;1;1
536574117;155 716 487;B01;3;7;0;2;2;1;1
536574117;155 716 489;A01;3;1;0;2;1;15;5
536574118;155 716 486;A01;1;7;0;2;1;2;1
536574118;155 716 488;B01;1;7;0;2;4;2;1
536574119;155 716 485;A01;2;7;0;1;2;15;1
536574120;155 716 483;A01;1;7;0;1;1;1;1
536574121;155 716 481;A01;1;7;16;0;2;1;1
536574122;155 716 482;A01;3;7;0;2;8;9;1
536574122;155 716 484;B01;3;7;0;2;2;0;1
536574123;155 716 478;A01;2;7;6;0;2;1;1
536574124;155 716 479;A01;1;30;0;2;1;1;1
536574124;155 716 480;B01;1;7;0;2;3;1;1
536574125;155 716 472;B01;1;7;11;2;1;9;2
536574125;155 716 475;A01;1;7;7;2;3;1;1
536574126;155 716 473;A01;2;7;0;2;5;15;1
536574126;155 716 474;B01;1;1;0;2;1;1;5
536574127;155 716 476;A01;2;7;0;2;1;1;1
536574127;155 716 477;B01;1;10;0;2;4;0;1
536574128;155 716 469;A01;2;30;0;2;6;1;1
536574128;155 716 471;B01;2;7;0;2;2;2;1
536574129;155 716 468;A01;3;7;0;2;0;0;0
536574129;155 716 470;B01;3;1;0;0;0;0;5
536574130;155 716 466;A01;0;7;8;0;0;1;1
536574131;155 716 464;A01;1;7;0;1;4;26;1
536574132;155 716 458;C01;2;10;0;2;1;2;1
536574132;155 716 461;A01;2;10;0;2;8;2;1
536574132;155 716 462;B01;2;7;0;2;4;2;1
536574132;155 716 463;D01;2;7;0;2;1;2;1
536574133;155 716 460;A01;2;7;0;0;9;26;1
536574134;155 716 457;B01;2;1;0;2;1;1;5
536574134;155 716 459;A01;1;10;0;2;5;1;1
536574135;155 716 455;A01;2;33;0;2;7;26;1
536574135;155 716 456;B01;2;14;0;2;6;26;0
536574136;155 716 451;A01;0;7;0;1;0;1;1
536574137;155 716 453;A01;1;7;0;2;0;0;1
536574137;155 716 454;B01;1;34;0;2;1;1;1
536574138;155 716 450;A01;2;7;0;2;1;1;1
536574138;155 716 452;B01;2;7;0;2;4;2;1
536574139;155 716 448;A01;3;10;0;1;5;4;1
536574140;155 716 447;A01;2;7;14;0;1;1;1
536574141;155 716 445;A01;1;10;0;2;2;1;1
536574141;155 716 446;B01;1;7;0;2;6;1;1
536574141;155 716 449;C01;1;10;0;0;0;0;1
536574142;155 716 444;A01;3;7;0;1;2;1;1
536574143;155 716 442;A01;2;7;0;1;1;15;1
536574144;155 716 441;A01;2;32;0;2;1;26;1
536574144;155 716 443;B01;2;38;0;2;6;1;1
536574145;155 716 440;A01;2;37;0;1;1;26;1
536574146;155 716 438;A01;2;33;0;2;8;3;1
536574146;155 716 439;B01;2;7;0;2;7;12;1
536574147;155 716 435;A01;2;7;11;0;1;1;1
536574148;155 716 436;B01;1;7;0;2;1;2;1
536574148;155 716 437;A01;1;7;0;2;4;2;1
536574149;155 716 434;A01;2;7;4;0;2;26;1
536574150;155 716 432;A01;1;7;3;0;1;0;2
536574151;155 716 429;B01;2;7;0;2;8;15;1
536574151;155 716 433;A01;2;33;0;2;1;17;1
536574152;155 716 430;A01;2;7;0;2;4;23;1
536574152;155 716 431;B01;2;7;0;0;1;2;1
536574153;155 716 426;A01;1;33;0;0;7;14;1
536574154;155 716 425;A01;1;32;0;2;1;0;1
536574154;155 716 427;B01;1;7;0;2;6;1;1
536574154;155 716 428;C01;1;7;0;2;1;1;1
536574155;155 716 423;B01;1;7;0;2;2;1;1
536574155;155 716 424;A01;1;1;0;2;1;1;5
536574156;155 716 420;B01;2;17;0;2;1;1;1
536574156;155 716 422;A01;2;7;0;2;4;11;1
536574157;155 716 419;A01;1;7;0;2;1;1;1
536574157;155 716 421;B01;1;33;0;2;7;16;1
536574158;155 716 418;A01;3;7;13;0;1;26;1
536574159;155 716 416;A01;1;7;0;2;7;12;1
536574159;155 716 417;B01;1;34;0;2;8;3;1
536574160;155 716 413;A01;2;7;0;1;1;1;2
536574161;155 716 414;A01;1;33;0;2;2;1;1
536574161;155 716 415;B01;1;7;0;2;3;9;1
536574162;155 716 410;B01;1;7;0;2;4;2;1
536574162;155 716 412;A01;1;7;0;2;1;2;1
536574163;155 716 408;A01;0;0;0;1;0;26;0
536574164;155 716 409;A01;2;10;0;2;2;16;1
536574164;155 716 411;B01;3;50;0;2;4;0;3
536574165;155 716 406;A01;2;7;0;2;1;2;1
536574165;155 716 407;B01;2;15;0;2;4;2;1
536574166;155 716 404;A01;1;7;0;1;3;9;1
536574167;155 716 403;A01;1;30;0;1;7;1;1
536574168;155 716 402;B01;2;7;0;2;2;19;1
536574168;155 716 405;A01;2;7;0;2;1;1;1
536574169;155 716 397;B01;1;7;16;0;8;1;1
536574169;155 716 401;A01;3;30;0;2;1;19;1
536574170;155 716 396;A01;1;7;0;2;1;19;2
536574170;155 716 400;B01;1;7;0;2;5;1;1
536574171;155 716 390;B01;2;50;0;2;1;1;3
536574171;155 716 394;A01;2;7;0;2;7;19;1
536574172;155 716 389;B01;1;34;0;2;8;1;1
536574172;155 716 391;A01;1;7;0;2;2;14;1
536574173;155 716 386;A01;1;32;0;2;1;1;1
536574173;155 716 387;B01;1;10;0;2;6;1;1
536574174;155 716 383;A01;2;32;0;2;1;1;1
536574174;155 716 385;B01;1;7;0;2;7;0;1
536574175;155 716 381;A01;2;7;0;2;3;15;1
536574175;155 716 382;B01;1;7;0;2;2;1;1
536574176;155 716 379;A01;3;7;3;2;7;0;2
536574176;155 716 384;Z01;3;7;0;2;1;0;1
536574177;155 716 378;A01;1;7;0;2;2;1;1
536574177;155 716 380;B01;2;80;0;2;1;1;3
536574178;155 716 377;A01;3;31;0;1;1;0;1
536574179;155 716 370;B01;1;7;9;2;3;2;1
536574179;155 716 374;A01;1;10;9;2;6;15;3
536574180;155 716 371;B01;1;7;0;9;0;0;1
536574180;155 716 375;A01;1;50;0;2;0;0;3
536574181;155 716 369;A01;2;30;1;0;6;23;1
536574181;155 716 373;B01;2;7;0;2;2;23;1
536574181;155 716 376;Z01;2;7;0;2;1;1;0
536574182;155 716 372;A01;2;7;4;0;3;1;2
536574183;155 716 367;B01;1;1;0;2;7;1;5
536574183;155 716 368;A01;1;7;0;2;6;15;2
536574184;155 716 365;Z01;2;7;0;1;2;1;1
536574185;155 716 363;B01;2;10;1;0;3;1;1
536574185;155 716 366;A01;1;7;0;1;0;24;1
536574186;155 716 361;A01;2;7;15;0;1;1;1
536574187;155 716 359;A01;2;7;0;2;3;9;1
536574187;155 716 362;B01;2;7;0;2;5;1;1
536574187;155 716 364;C01;2;7;0;2;5;2;1
536574188;155 716 357;A01;0;7;0;1;1;1;1
536574189;155 716 356;B01;3;7;0;2;4;2;1
536574189;155 716 358;C01;3;7;0;2;4;2;3
536574189;155 716 360;A01;3;7;0;2;1;2;1
536574190;155 716 353;A01;1;7;0;0;4;0;1
536574190;155 716 355;B01;1;7;0;2;1;0;1
536574191;155 716 351;A01;2;33;0;1;2;1;1
536574192;155 716 350;B01;1;33;0;2;1;1;1
536574192;155 716 354;A01;1;7;0;2;4;11;1
536574193;155 716 349;A01;2;7;0;2;4;1;1
536574193;155 716 352;B01;2;7;0;2;1;1;1
536574194;155 716 347;A01;2;7;0;1;2;1;1
536574195;155 716 345;A01;1;43;6;0;2;15;1
536574196;155 716 346;A01;1;10;0;2;3;15;1
536574196;155 716 348;B01;1;1;0;2;1;17;5
536574197;155 716 343;A01;0;7;0;1;1;1;1
536574198;155 716 341;B01;1;7;0;2;1;2;1
536574198;155 716 344;A01;1;7;0;2;1;2;1
536574199;155 716 339;B01;2;50;0;2;1;16;3
536574199;155 716 342;A01;2;7;0;2;3;16;1
536574200;155 716 338;A01;3;7;0;1;3;1;1
536574201;155 716 335;A01;2;34;0;2;7;3;1
536574201;155 716 337;B01;1;7;0;2;2;15;1
536574202;155 716 333;A01;1;7;8;0;3;2;1
536574203;155 716 336;B01;3;34;0;2;1;1;1
536574203;155 716 340;A01;3;7;0;2;2;15;3
536574204;155 716 332;B01;3;31;0;2;1;1;1
536574204;155 716 334;A01;3;7;0;2;3;19;1
536574205;155 716 325;A01;1;7;2;0;1;14;1
536574206;155 716 326;B01;1;1;0;2;3;19;5
536574206;155 716 328;A01;1;7;0;9;1;1;1
536574207;155 716 323;B01;1;50;0;2;8;1;3
536574207;155 716 324;A01;2;7;0;2;1;1;1
536574208;155 716 319;A01;2;33;0;2;1;6;1
536574208;155 716 322;B01;1;7;0;2;1;1;1
536574209;155 716 318;B01;3;1;0;2;7;1;5
536574209;155 716 321;A01;1;7;0;2;1;1;1
536574210;155 716 317;A01;1;7;0;2;1;15;1
536574210;155 716 320;B01;2;50;0;2;1;19;3
536574211;155 716 315;Z01;2;13;0;1;1;1;1
536574211;155 716 316;A01;1;34;0;1;1;1;1
536574212;155 716 313;B01;1;1;0;2;1;5;5
536574212;155 716 314;A01;2;7;0;2;3;9;1
536574213;155 716 308;A01;1;32;0;2;2;1;1
536574213;155 716 310;B01;1;30;0;2;8;15;1
536574214;155 716 306;A01;1;7;2;0;1;2;2
536574215;155 716 304;B01;1;7;0;9;3;2;1
536574215;155 716 307;A01;1;1;0;2;4;15;5
536574216;155 716 302;A01;3;10;0;2;1;26;1
536574216;155 716 305;B01;3;10;0;2;4;2;1
536574217;155 716 301;A01;1;7;0;2;1;17;2
536574217;155 716 303;B01;2;17;0;2;3;1;1
536574218;155 716 299;B01;3;7;0;2;1;1;1
536574218;155 716 300;A01;3;7;0;2;1;5;1
536574219;155 716 295;A01;1;1;0;2;4;1;5
536574219;155 716 296;B01;1;7;0;2;2;17;1
536574220;155 716 293;B01;1;17;0;2;1;1;1
536574220;155 716 298;A01;2;17;0;2;3;13;1
536574221;155 716 294;A01;1;7;0;2;1;2;1
536574221;155 716 297;B01;1;33;0;2;4;2;1
536574222;155 716 287;A01;2;50;0;2;2;1;3
536574222;155 716 292;B01;2;7;0;2;1;9;1
536574223;155 716 286;A01;3;7;0;2;3;13;1
536574223;155 716 290;B01;3;43;0;2;7;1;1
536574224;155 716 282;A01;1;7;0;2;7;1;1
536574224;155 716 284;B01;2;7;0;2;2;1;1
536574225;155 716 280;A01;1;7;0;2;2;9;1
536574225;155 716 283;B01;1;7;0;2;6;23;1
536574225;155 716 285;C01;2;7;0;2;2;23;1
536574225;155 716 289;D01;1;7;0;2;8;23;1
536574226;155 716 278;A01;0;7;0;2;2;1;1
536574226;155 716 281;B01;0;7;0;2;3;1;1
536574227;155 716 276;A01;1;7;15;2;1;2;1
536574227;155 716 279;B01;1;7;0;2;2;2;1
536574228;155 716 274;A01;3;7;0;2;2;15;1
536574228;155 716 277;B01;1;7;0;2;1;0;1
536574229;155 716 272;A01;1;7;4;0;5;1;1
536574230;155 716 271;A01;3;7;0;1;1;1;1
536574231;155 716 273;B01;2;10;0;2;3;15;1
536574231;155 716 275;A01;2;7;0;2;7;1;2
536574232;155 716 265;B01;2;7;0;2;3;1;1
536574232;155 716 269;A01;1;7;0;2;2;1;1
536574233;155 716 266;A01;1;7;0;2;7;12;1
536574233;155 716 267;B01;1;33;0;2;1;3;1
536574233;155 716 270;C01;1;10;0;2;4;1;1
536574234;155 716 264;B01;3;7;0;2;1;21;1
536574234;155 716 268;A01;1;7;0;2;1;13;1
536574235;155 716 258;B01;0;7;0;2;4;23;1
536574235;155 716 261;A01;0;7;0;2;1;2;1
536574236;155 716 257;A01;1;7;0;5;1;1;1
536574237;155 716 254;B01;2;7;6;2;2;12;1
536574237;155 716 256;D01;2;31;0;2;1;3;1
536574237;155 716 260;E01;2;7;0;2;4;2;2
536574237;155 716 262;C01;2;7;0;2;2;0;1
536574237;155 716 263;A01;2;7;4;0;9;1;1
536574238;155 716 252;A01;3;7;6;0;1;10;1
536574239;155 716 253;B01;2;7;0;2;5;2;1
536574239;155 716 255;C01;2;7;0;2;5;2;1
536574239;155 716 259;A01;2;10;0;2;3;2;1
536574240;155 716 247;A01;0;7;0;2;3;9;2
536574240;155 716 251;B01;3;7;0;2;7;1;1
536574241;155 716 248;Z01;2;7;0;1;8;1;0
536574242;155 716 246;A01;1;32;0;2;7;16;1
536574242;155 716 249;B01;1;7;0;2;3;1;1
536574243;155 716 245;A01;3;10;0;2;1;9;0
536574243;155 716 250;B01;3;10;0;2;5;0;0
536574244;155 716 242;A01;3;10;0;1;2;1;1
536574245;155 716 241;A01;1;7;0;0;2;15;1
536574245;155 716 243;B01;1;30;0;2;1;1;1
536574246;155 716 239;Z01;1;7;0;2;2;1;1
536574246;155 716 244;A01;2;1;0;2;1;1;5
536574247;155 716 238;B01;3;40;0;2;3;1;3
536574247;155 716 240;A01;1;7;0;4;1;1;1
536574248;155 716 237;A01;1;7;0;1;3;16;1
536574249;155 716 235;A01;2;33;12;0;1;1;1
536574250;155 716 233;A01;2;7;0;1;2;1;3
536574251;155 716 231;B01;1;7;0;2;1;2;1
536574251;155 716 234;C01;1;7;0;2;4;2;1
536574251;155 716 236;A01;1;7;0;2;1;2;0
536574252;155 716 229;A01;1;7;0;2;2;14;1
536574252;155 716 232;B01;1;33;0;2;3;2;1
536574253;155 716 226;A01;1;7;0;1;1;9;1
536574254;155 716 228;B01;1;30;0;2;1;1;1
536574254;155 716 230;A01;2;7;0;2;8;9;1
536574255;155 716 224;A01;3;10;0;1;3;15;1
536574256;155 716 222;A01;2;7;0;2;4;4;2
536574257;155 716 221;A01;2;7;0;1;2;0;1
536574258;155 716 223;C01;1;7;0;2;1;1;1
536574258;155 716 225;A01;2;7;0;2;3;1;1
536574258;155 716 227;B01;2;7;0;2;5;15;1
536574259;155 716 218;B01;1;7;0;2;1;1;2
536574259;155 716 220;A01;2;2;0;2;1;21;3
536574260;155 716 215;B01;3;2;0;0;0;1;1
536574260;155 716 219;A01;3;7;0;0;0;16;1
536574261;155 716 214;B01;2;33;0;2;1;1;1
536574261;155 716 217;A01;2;7;0;2;3;9;1
536574262;155 716 213;A01;2;7;0;1;1;1;1
536574263;155 716 212;A01;3;3;0;1;1;1;1
536574264;155 716 210;A01;1;7;0;2;1;19;1
536574264;155 716 216;B01;1;7;0;2;1;1;1
536574265;155 716 209;A01;3;31;0;2;7;1;1
536574265;155 716 211;B01;2;7;0;9;1;1;1
536574266;155 716 205;B01;2;7;0;2;2;1;1
536574266;155 716 208;A01;1;7;0;2;3;9;1
536574267;155 716 206;B01;2;1;0;2;3;1;5
536574267;155 716 207;A01;3;13;0;2;3;10;1
536574268;155 716 204;A01;3;3;8;0;1;16;1
536574269;155 716 202;A01;0;7;1;0;2;20;1
536574270;155 716 200;A01;1;7;0;2;1;1;1
536574270;155 716 203;B01;3;80;0;2;7;19;3
536574271;155 716 198;A01;0;50;8;0;1;0;3
536574272;155 716 199;A01;1;7;0;2;4;23;2
536574272;155 716 201;Z01;1;7;0;2;1;0;1
536574273;155 716 195;A01;1;30;0;2;1;1;1
536574273;155 716 197;B01;1;7;0;2;3;1;1
536574274;155 716 194;B01;0;7;0;2;3;1;1
536574274;155 716 196;A01;0;33;0;2;1;13;1
536574275;155 716 191;A01;1;7;0;1;1;15;1
536574276;155 716 190;Z01;1;7;0;1;0;0;0
536574277;155 716 192;A01;1;7;0;0;0;10;2
536574277;155 716 193;B01;1;31;0;2;2;5;1
536574278;155 716 186;B01;3;7;0;2;4;23;1
536574278;155 716 188;A01;3;7;0;2;1;2;1
536574279;155 716 184;VP01;1;7;0;1;1;1;1
536574280;155 716 183;B01;;1;0;2;1;17;5
536574280;155 716 187;A01;;80;0;2;1;1;3
536574281;155 716 185;A01;1;7;0;2;3;9;1
536574281;155 716 189;B01;2;32;0;2;1;1;1
536574282;155 716 182;A01;2;7;0;1;2;19;1
536574283;155 716 180;A01;2;50;0;0;0;1;3
536574284;155 716 179;A01;3;33;1;0;1;1;1
536574285;155 716 178;A01;1;13;0;2;0;0;0
536574285;155 716 181;B01;1;50;0;2;9;1;3
536574286;155 716 177;A01;1;1;0;1;1;19;5
536574287;155 716 175;A01;2;1;0;0;0;2;5
536574288;155 716 174;B01;2;13;0;0;0;0;0
536574288;155 716 176;A01;2;10;0;0;0;9;1
536574289;155 716 170;A01;1;7;0;2;1;9;1
536574289;155 716 173;B01;2;7;0;2;7;1;1
536574290;155 716 168;A01;3;30;0;1;1;26;3
536574291;155 716 169;B01;1;7;0;2;8;15;2
536574291;155 716 171;A01;1;30;0;2;1;17;1
536574292;155 716 167;A01;2;7;0;2;7;15;1
536574292;155 716 172;B01;1;34;0;2;1;16;1
536574293;155 716 164;B01;2;33;0;0;1;1;1
536574293;155 716 166;A01;2;7;0;2;2;9;2
536574294;155 716 160;A01;2;7;12;2;8;9;2
536574294;155 716 163;B01;2;80;8;2;1;2;3
536574295;155 716 158;A01;1;50;12;0;0;5;3
536574296;155 716 159;A01;1;7;6;0;1;1;1
536574297;155 716 157;A01;1;2;0;2;4;9;3
536574297;155 716 161;B01;2;1;0;2;1;1;5
536574298;155 716 156;A01;1;30;0;1;1;17;1
536574299;155 716 155;A01;3;7;0;0;9;1;1
536574300;155 716 154;A01;1;7;0;1;2;1;1
536574301;155 716 152;B01;1;10;0;2;1;1;1
536574301;155 716 153;A01;1;7;0;2;8;10;1
536574302;155 716 150;A01;3;7;0;1;7;1;1
536574303;155 716 151;A01;2;7;0;1;1;20;1
536574304;155 716 147;A01;1;37;1;1;5;15;6
536574305;155 716 144;A01;1;33;0;2;1;1;1
536574305;155 716 146;B01;1;7;0;2;4;23;1
536574305;155 716 149;C01;1;7;0;2;4;23;1
536574306;155 716 145;A01;1;7;2;0;1;1;1
536574307;155 716 143;A01;0;10;0;2;8;1;1
536574307;155 716 148;B01;0;1;0;2;1;6;5
536574308;155 716 139;B01;1;7;0;2;7;0;1
536574308;155 716 141;Y01;0;7;0;2;1;0;1
536574309;155 716 138;B01;3;7;0;2;1;1;2
536574309;155 716 142;A01;;50;0;2;7;19;3
536574310;155 716 136;A01;1;7;0;2;1;1;1
536574310;155 716 140;B01;1;7;0;2;4;1;1
536574311;155 716 135;A01;2;7;0;2;1;13;1
536574311;155 716 137;B01;1;15;0;2;1;21;1
536574312;155 716 133;A01;0;7;0;1;3;1;1
536574313;155 716 131;A01;2;7;15;0;2;14;1
536574314;155 716 130;B01;1;33;0;2;1;1;1
536574314;155 716 134;A01;1;7;0;2;3;15;1
536574315;155 716 129;B01;2;1;0;2;1;1;5
536574315;155 716 132;A01;2;7;0;2;7;19;3
536574316;155 716 124;B01;0;7;0;2;1;1;1
536574316;155 716 128;A01;0;7;0;2;1;1;1
536574317;155 716 123;B01;0;7;0;0;4;23;0
536574317;155 716 126;A01;0;15;0;2;1;1;0
536574318;155 716 122;A01;1;7;0;2;7;15;1
536574318;155 716 125;B01;2;7;0;2;1;2;1
536574319;155 716 121;A01;1;37;0;2;2;1;1
536574319;155 716 127;B01;1;7;0;2;6;13;1
536574320;155 716 119;B01;1;10;0;2;3;1;0
536574320;155 716 120;A01;1;80;0;2;7;17;3
536574321;155 716 118;A01;1;7;13;0;3;13;1
536574322;155 716 114;A01;3;7;0;2;3;1;1
536574322;155 716 116;B01;3;1;0;2;7;1;5
536574323;155 716 115;A01;1;7;0;2;1;15;1
536574323;155 716 117;B01;2;32;0;2;8;1;1
536574324;155 716 113;A01;3;7;0;1;1;1;1
536574325;155 716 111;A01;2;80;0;1;1;1;3
536574326;155 716 109;A01;1;1;0;2;1;1;5
536574326;155 716 112;B01;1;7;0;2;1;1;1
536574327;155 716 107;A01;2;7;0;2;2;1;1
536574327;155 716 110;B01;1;1;0;2;8;0;5
536574328;155 716 105;A01;1;7;0;2;1;1;1
536574328;155 716 108;B01;0;50;0;2;7;1;3
536574329;155 716 104;A01;1;43;0;2;8;18;1
536574329;155 716 106;B01;1;15;0;2;2;1;0
536574330;155 716 102;A01;3;7;0;1;7;1;1
536574331;155 716 101;B01;3;99;0;2;1;1;6
536574331;155 716 103;A01;3;7;0;2;1;9;2
536574332;155 716 099;A01;2;7;0;1;1;1;1
536574333;155 716 098;A01;1;32;0;2;7;17;1
536574333;155 716 100;B01;1;7;0;2;3;1;2
536574334;155 716 095;A01;3;7;0;2;1;13;1
536574334;155 716 097;B01;3;7;0;2;1;1;1
536574335;155 716 093;A01;1;10;0;2;3;16;1
536574335;155 716 096;B01;1;43;0;2;1;21;1
536574336;155 716 091;A01;1;7;0;1;1;25;1
536574337;155 716 092;B01;2;7;0;2;1;1;1
536574337;155 716 094;A01;1;10;0;2;1;6;1
536574338;155 716 089;B01;0;1;0;0;0;0;5
536574338;155 716 090;A01;1;7;0;2;1;1;1
536574339;155 716 084;A01;2;1;8;0;0;0;5
536574339;155 716 086;Z01;1;7;0;2;4;0;0
536574340;155 716 081;A01;1;7;0;2;0;17;1
536574340;155 716 083;B01;1;1;0;2;0;1;5
536574341;155 716 088;A01;3;43;0;1;1;17;1
536574342;155 716 079;A01;2;10;0;1;3;1;1
536574343;155 716 074;A01;2;30;0;2;1;1;1
536574343;155 716 078;B01;2;7;0;2;8;1;1
536574344;155 716 075;A01;1;7;0;2;3;24;1
536574344;155 716 077;B01;1;80;1;2;1;2;3
536574345;155 716 073;A01;0;7;0;1;1;1;1
536574346;155 716 068;A01;1;7;0;9;1;1;2
536574346;155 716 071;B01;2;50;0;2;8;1;3
536574347;155 716 066;B01;3;33;0;2;4;1;1
536574348;155 716 069;A01;3;7;0;2;6;11;1
536574348;155 716 070;B01;3;33;0;2;1;1;1
536574349;155 716 065;B01;1;7;0;2;2;1;1
536574349;155 716 067;A01;2;10;0;2;1;1;1
536574350;155 716 061;Y01;1;60;0;2;7;19;5
536574350;155 716 064;A01;1;7;0;2;3;1;1
536574351;155 716 058;B01;2;7;0;2;4;24;1
536574351;155 716 060;A01;2;7;0;2;1;1;3
536574352;155 716 057;A01;1;7;3;0;9;1;1
536574352;155 716 059;B01;1;7;1;0;4;2;1
536574352;155 716 063;C01;1;10;0;2;1;1;1
536574353;155 716 056;B01;3;7;0;2;2;16;1
536574353;155 716 062;A01;3;7;0;2;7;1;1
536574354;155 716 054;A01;1;7;0;1;5;1;1
536574355;155 716 051;A01;3;50;0;1;1;1;3
536574356;155 716 049;A01;3;99;0;2;1;1;1
536574356;155 716 052;B01;3;7;0;2;4;12;2
536574356;155 716 055;C01;3;37;0;2;4;23;1
536574357;155 716 048;B01;2;7;0;2;2;1;6
536574357;155 716 053;A01;1;7;0;2;3;13;6
536574358;155 716 045;A01;1;7;0;1;1;15;1
536574359;155 716 043;D01;2;7;0;2;3;23;1
536574359;155 716 046;A01;2;7;0;2;1;1;1
536574359;155 716 047;B01;2;7;0;2;4;2;1
536574359;155 716 050;C01;1;7;0;2;2;1;1
536574360;155 716 041;A01;2;7;0;2;3;15;2
536574360;155 716 044;B01;1;50;0;2;1;1;3
536574361;155 716 040;B01;1;7;0;2;9;1;1
536574361;155 716 042;A01;1;7;0;2;8;9;1
536574362;155 716 039;A01;3;30;0;1;1;18;1
536574363;155 716 037;A01;2;7;0;1;3;1;1
536574364;155 716 036;A01;1;7;0;1;3;1;1
536574365;155 716 034;A01;1;7;0;2;3;10;1
536574365;155 716 038;B01;1;33;0;2;1;2;1
536574366;155 716 033;A01;1;10;0;2;1;1;1
536574366;155 716 035;B01;1;10;0;2;8;9;1
536574367;155 716 029;B01;2;32;0;2;8;1;1
536574367;155 716 031;Z01;2;7;0;2;8;17;0
536574368;155 716 028;A01;3;10;0;2;4;2;1
536574368;155 716 030;B01;3;7;0;2;1;2;1
536574368;155 716 032;C01;3;7;0;2;1;2;1
536574369;155 716 027;A01;1;7;0;1;1;1;1
536574370;155 716 026;A01;1;10;0;1;1;1;1
536574371;155 716 025;A01;3;10;6;0;1;1;1
536574372;155 716 024;A01;2;30;0;1;1;1;3
536574373;155 716 021;A01;0;30;0;2;1;2;1
536574373;155 716 023;B01;0;7;0;0;4;23;1
536574374;155 716 022;A01;1;0;1;0;2;0;1
536574375;155 716 018;A01;1;7;0;2;2;2;1
536574375;155 716 020;B01;1;7;0;2;6;2;1
536574376;155 716 017;B01;2;7;0;2;1;2;1
536574376;155 716 019;A01;2;32;0;2;4;2;1
536574377;155 716 015;A01;2;7;0;2;1;2;1
536574377;155 716 016;B01;2;7;0;2;4;2;2
536574378;155 716 014;A01;2;7;0;1;8;15;1
536574379;155 716 011;A01;2;1;3;0;0;1;5
536574380;155 716 012;A01;3;7;0;1;7;16;0
536574381;155 716 010;A01;2;2;0;2;8;25;1
536574381;155 716 013;B01;2;7;0;2;2;2;3
536574382;155 716 008;A01;1;21;0;0;8;1;1
536574383;155 716 009;A01;3;7;0;1;3;15;1
536574384;155 716 005;A01;2;10;0;1;5;19;1
536574385;155 716 006;A01;3;30;0;2;1;5;1
536574385;155 716 007;B01;3;7;0;2;7;1;1
536574386;155 716 003;A01;2;7;0;1;1;1;1
536574387;155 716 004;A01;3;7;2;0;1;1;1
536574388;155 716 000;A01;3;7;2;0;3;14;1
536574389;155 715 996;A01;2;7;0;2;7;16;1
536574389;155 715 998;B01;2;37;0;2;3;1;1
536574390;155 715 997;B01;2;7;12;2;3;1;1
536574390;155 716 001;A01;2;10;0;2;2;15;1
536574391;155 715 995;A01;2;7;14;0;1;1;1
536574392;155 715 994;A01;1;1;15;1;1;1;5
536574393;155 715 992;A01;0;7;6;0;4;26;2
536574394;155 715 991;A01;3;50;7;0;1;25;3
536574395;155 715 990;B01;1;30;0;2;7;1;1
536574395;155 715 993;A01;3;10;0;2;3;16;0
536574396;155 715 989;A01;2;7;2;0;7;1;1