Num_Acc;id_vehicule;num_veh;senc;catv;obs;obsm;choc;manv;motor
536575013;155 714 919;A01;1;10;0;1;8;1;1
536575014;155 714 916;A01;1;7;6;0;1;6;1
536575015;155 714 917;A01;2;7;0;2;1;2;1
536575015;155 714 918;B01;2;7;0;2;4;2;1
536575016;155 714 913;A01;3;7;0;2;1;1;0
536575016;155 714 915;B01;3;7;0;0;0;0;1
536575017;155 714 912;B01;1;10;0;2;4;1;1
536575017;155 714 914;A01;1;7;0;2;1;1;1
536575018;155 714 910;A01;1;30;12;0;1;14;1
536575019;155 714 908;A01;1;10;0;2;1;2;1
536575019;155 714 909;B01;1;7;0;2;4;2;1
536575019;155 714 911;C01;1;7;0;2;4;2;1
536575020;155 714 907;A01;3;7;0;2;1;0;1
536575021;155 714 905;A01;2;33;0;2;7;3;1
536575021;155 714 906;B01;2;7;0;2;2;11;2
536575022;155 714 903;A01;1;33;0;2;1;3;1
536575022;155 714 904;B01;1;7;0;2;4;11;1
536575023;155 714 902;A01;3;20;0;0;7;15;1
536575024;155 714 901;A01;1;7;4;0;1;21;1
536575025;155 714 899;A01;1;1;0;2;1;19;5
536575025;155 714 900;B01;1;7;0;9;1;19;1
536575026;155 714 897;B01;1;7;0;2;6;2;1
536575026;155 714 898;A01;1;7;0;2;1;2;1
536575027;155 714 895;A01;3;7;0;2;8;17;1
536575027;155 714 896;B01;3;1;0;2;0;0;5
536575028;155 714 894;A01;2;31;3;0;3;13;1
536575030;155 714 890;A01;2;7;4;0;1;0;1
536575030;155 714 891;B01;2;7;0;2;1;1;2
536575031;155 714 886;B01;2;7;0;2;8;1;1
536575031;155 714 888;A01;2;33;0;2;7;3;1
536575032;155 714 887;B01;2;30;0;2;7;1;1
536575032;155 714 889;A01;1;7;0;2;1;1;1
536575033;155 714 883;A01;1;7;0;2;2;1;1
536575033;155 714 885;B01;1;10;0;2;4;1;1
536575034;155 714 882;A01;0;7;0;2;5;15;1
536575034;155 714 884;B01;0;2;0;2;1;1;1
536575035;155 714 880;A01;3;1;0;0;0;1;5
536575036;155 714 879;B01;1;1;0;2;0;0;5
536575036;155 714 881;A01;1;10;0;9;7;0;1
536575037;155 714 876;A01;2;7;0;2;1;1;1
536575037;155 714 878;B01;1;7;0;2;7;1;1
536575038;155 714 875;A01;1;1;0;2;4;0;5
536575038;155 714 877;B01;1;7;0;2;2;2;1
536575039;155 714 871;B01;1;7;0;2;4;2;1
536575039;155 714 873;Z01;1;7;0;2;1;26;1
536575039;155 714 874;C01;1;7;0;2;4;1;1
536575040;155 714 870;B01;2;7;0;0;5;2;1
536575040;155 714 872;A01;2;33;0;2;1;2;1
536575041;155 714 868;A01;1;7;0;1;1;1;1
536575042;155 714 867;B01;2;2;0;2;1;9;1
536575042;155 714 869;A01;1;7;0;2;3;17;1
536575043;155 714 866;A01;2;7;0;1;4;2;1
536575044;155 714 863;B01;3;7;0;2;8;19;1
536575044;155 714 865;A01;3;30;0;2;1;19;1
536575045;155 714 862;A01;1;7;0;2;1;13;1
536575045;155 714 864;B01;2;7;0;2;1;1;1
536575046;155 714 861;A01;1;7;3;0;3;26;1
536575047;155 714 860;A01;1;33;6;0;1;1;1
536575048;155 714 859;A01;1;7;0;1;1;16;1
536575049;155 714 858;A01;1;7;13;0;1;14;1
536575050;155 714 857;A01;1;7;0;1;1;0;1
536575051;155 714 855;A01;2;7;0;2;2;16;0
536575051;155 714 856;B01;2;1;0;2;8;1;5
536575053;155 714 852;A01;1;10;0;1;2;1;1
536575054;155 714 849;B01;2;7;0;2;2;17;0
536575054;155 714 850;C01;2;7;0;2;3;1;0
536575054;155 714 851;A01;2;7;0;2;4;1;0
536575055;155 714 844;A01;2;7;0;2;3;15;1
536575055;155 714 847;B01;2;7;0;2;2;1;1
536575056;155 714 845;A01;1;1;0;2;8;15;5
536575056;155 714 846;B01;1;33;0;2;7;1;1
536575057;155 714 841;B01;1;7;0;2;5;2;2
536575057;155 714 843;A01;1;7;0;2;1;2;1
536575058;155 714 842;A01;1;7;0;0;9;14;1
536575059;155 714 840;Z01;3;50;0;1;0;26;3
536575060;155 714 838;A01;1;3;0;2;1;1;1
536575060;155 714 839;B01;2;3;0;2;1;1;1
536575061;155 714 836;B01;2;7;0;2;1;26;1
536575061;155 714 837;A01;0;1;0;2;1;26;5
536575062;155 714 834;A01;3;7;0;2;7;10;1
536575062;155 714 835;B01;2;34;0;2;1;2;1
536575063;155 714 833;A01;2;7;1;0;3;1;1
536575064;155 714 832;A01;1;50;0;0;0;1;3
536575065;155 714 829;A01;2;7;0;1;1;1;1
536575066;155 714 826;A01;3;50;0;2;3;19;3
536575066;155 714 828;B01;3;7;0;9;5;16;1
536575067;155 714 825;B01;2;7;0;2;2;1;1
536575067;155 714 827;A01;2;7;0;2;3;16;2
536575068;155 714 824;A01;3;33;0;0;0;26;1
536575069;155 714 823;A01;2;37;0;1;1;2;1
536575070;155 714 821;A01;1;7;0;2;1;26;1
536575070;155 714 822;B01;1;7;3;2;4;2;1
536575071;155 714 820;A01;2;7;0;1;3;1;1
536575072;155 714 818;A01;1;7;0;2;3;15;1
536575072;155 714 819;B01;2;2;0;2;1;1;1
536575073;155 714 816;A01;1;33;0;2;1;17;1
536575073;155 714 817;B01;2;7;0;2;0;0;1
536575074;155 714 815;A01;3;50;0;0;0;1;3
536575075;155 714 813;A01;2;7;0;2;1;13;1
536575075;155 714 814;B01;1;33;0;2;1;1;1
536575076;155 714 812;A01;3;7;8;1;1;0;1
536575077;155 714 809;A01;1;7;0;2;1;2;1
536575077;155 714 810;B01;1;7;0;2;4;23;1
536575078;155 714 807;A01;1;7;0;2;3;9;1
536575078;155 714 808;B01;1;50;0;2;1;1;3
536575079;155 714 806;A01;1;34;8;0;0;0;1
536575080;155 714 804;B01;1;2;0;2;8;1;3
536575080;155 714 805;A01;1;7;0;2;1;15;1
536575081;155 714 803;A01;1;33;1;0;1;0;1
536575082;155 714 802;A01;3;50;12;0;7;25;3
536575083;155 714 799;A01;3;7;0;1;8;1;1
536575084;155 714 800;A01;2;7;0;1;2;1;1
536575085;155 714 798;A01;1;7;4;0;8;1;1
536575086;155 714 797;A01;3;7;0;2;2;15;1
536575086;155 714 801;B01;2;32;0;2;3;15;1
536575087;155 714 793;C01;0;7;0;2;4;1;1
536575087;155 714 794;A01;0;7;0;2;1;1;1
536575087;155 714 796;B01;0;33;0;2;4;1;1
536575088;155 714 792;A01;1;7;0;1;3;20;1
536575089;155 714 791;B01;2;1;0;2;4;26;5
536575089;155 714 795;A01;2;7;0;2;2;12;1
536575090;155 714 789;A01;3;7;12;0;0;0;1
536575090;155 714 790;B01;3;2;12;0;8;14;1
536575091;155 714 786;A01;3;30;1;2;1;15;1
536575091;155 714 788;B01;3;7;1;2;1;1;1
536575092;155 714 785;B01;2;50;0;2;1;12;3
536575092;155 714 787;A01;1;7;0;2;7;17;1
536575093;155 714 783;A01;1;7;0;2;3;16;1
536575093;155 714 784;B01;2;50;0;2;1;5;3
536575094;155 714 779;A01;3;7;0;1;4;16;1
536575095;155 714 780;A01;3;7;12;0;2;16;1
536575095;155 714 782;B01;3;10;0;2;5;12;1
536575096;155 714 778;A01;1;33;0;2;1;18;1
536575096;155 714 781;B01;1;7;0;2;7;16;2
536575097;155 714 776;A01;3;7;0;2;3;13;1
536575097;155 714 777;B01;3;7;0;2;3;15;1
536575098;155 714 774;A01;1;7;14;0;3;2;1
536575099;155 714 770;A01;2;30;0;2;8;1;1
536575099;155 714 772;B01;2;10;0;2;7;16;1
536575100;155 714 773;A01;2;33;0;0;8;1;1
536575101;155 714 769;A01;1;7;0;1;1;1;1
536575102;155 714 771;A01;2;7;0;2;8;13;1
536575102;155 714 775;B01;2;32;0;2;7;17;1
536575103;155 714 768;A01;2;7;0;1;2;9;3
536575104;155 714 767;A01;2;31;0;0;2;3;1
536575105;155 714 763;A01;0;2;0;2;8;15;1
536575105;155 714 766;B01;0;2;0;2;1;17;1
536575106;155 714 764;A01;2;7;0;1;2;15;1
536575107;155 714 762;B01;1;7;0;2;4;1;1
536575107;155 714 765;A01;1;31;0;2;1;2;1
536575108;155 714 760;A01;3;7;0;1;7;1;1
536575109;155 714 759;B01;2;34;0;2;9;17;1
536575109;155 714 761;A01;1;7;0;2;1;9;1
536575110;155 714 756;A01;1;7;0;2;1;2;1
536575110;155 714 758;B01;1;7;0;2;4;2;1
536575111;155 714 754;A01;1;43;0;2;3;2;1
536575111;155 714 755;B01;1;7;0;2;6;2;1
536575112;155 714 753;A01;1;50;0;2;1;19;3
536575112;155 714 757;B01;1;7;0;2;7;1;1
536575113;155 714 750;B01;1;10;0;2;4;1;1
536575113;155 714 751;C01;1;10;0;2;8;1;1
536575113;155 714 752;A01;1;33;0;2;1;1;1
536575114;155 714 745;A01;2;33;0;2;8;3;1
536575114;155 714 748;C01;2;7;0;2;4;1;1
536575114;155 714 749;B01;2;7;0;2;7;12;1
536575115;155 714 744;A01;1;43;0;2;1;1;1
536575115;155 714 746;B01;1;10;0;2;5;0;1
536575116;155 714 743;A01;1;7;0;2;1;16;1
536575116;155 714 747;B01;1;21;0;2;6;23;1
536575117;155 714 740;A01;3;1;0;2;1;9;5
536575117;155 714 742;Z01;0;7;0;2;0;0;0
536575118;155 714 739;A01;1;1;0;2;8;15;5
536575118;155 714 741;B01;1;2;0;2;1;1;1
536575119;155 714 737;A01;3;7;0;2;3;9;1
536575119;155 714 738;B01;3;7;0;2;2;0;1
536575120;155 714 734;A01;3;50;0;2;1;25;3
536575120;155 714 735;B01;3;50;0;2;1;25;3
536575121;155 714 733;B01;2;7;0;0;8;24;1
536575121;155 714 736;A01;2;1;1;0;1;1;5
536575122;155 714 730;B01;2;32;0;2;1;1;1
536575122;155 714 732;A01;2;7;0;2;8;22;2
536575123;155 714 729;A01;1;33;0;0;0;26;1
536575124;155 714 728;Z01;1;7;0;2;5;17;2
536575124;155 714 731;B01;1;50;0;2;8;15;3
536575125;155 714 726;B01;3;43;0;2;8;15;1
536575125;155 714 727;A01;3;7;0;2;2;1;2
536575126;155 714 724;A01;2;7;0;2;1;2;1
536575126;155 714 725;B01;1;7;0;2;4;2;1
536575127;155 714 722;A01;1;2;0;2;6;1;3
536575127;155 714 723;B01;1;7;0;2;7;16;1
536575128;155 714 719;A01;1;10;0;2;2;10;1
536575128;155 714 721;B01;1;33;0;2;1;1;1
536575129;155 714 715;A01;2;32;0;0;8;1;3
536575130;155 714 716;A01;2;7;0;2;1;11;1
536575130;155 714 718;B01;2;30;0;2;4;1;1
536575131;155 714 714;A01;2;32;0;2;8;13;1
536575131;155 714 717;C01;2;7;0;2;6;2;1
536575131;155 714 720;B01;1;7;0;2;3;1;1
536575132;155 714 713;A01;3;7;0;1;1;0;1
536575133;155 714 712;A01;2;10;0;1;1;15;3
536575134;155 714 709;A01;2;33;0;1;1;19;1
536575135;155 714 708;A01;1;10;0;2;3;1;6
536575135;155 714 710;B01;2;7;0;2;6;15;1
536575136;155 714 707;A01;3;7;0;2;8;22;1
536575136;155 714 711;B01;3;1;1;0;7;1;5
536575137;155 714 706;A01;2;30;0;2;0;1;6
536575138;155 714 705;A01;2;34;3;0;2;14;1
536575139;155 714 703;A01;2;7;0;1;1;2;1
536575140;155 714 700;B01;3;7;0;2;1;1;1
536575140;155 714 702;A01;1;33;0;2;3;1;1
536575141;155 714 701;A01;1;33;0;2;1;17;1
536575141;155 714 704;B01;1;7;0;2;3;15;2
536575142;155 714 699;A01;0;7;0;1;1;0;1
536575143;155 714 698;A01;2;7;0;2;8;1;1
536575144;155 714 693;B01;1;37;0;2;3;1;1
536575144;155 714 696;A01;1;7;0;2;2;12;1
536575145;155 714 695;A01;2;7;0;2;8;15;1
536575145;155 714 697;B01;2;33;0;2;9;1;1
536575146;155 714 688;B01;0;7;0;0;3;26;1
536575146;155 714 692;A01;3;7;1;0;0;26;1
536575147;155 714 689;B01;2;7;0;2;5;0;1
536575147;155 714 691;A01;2;50;0;2;1;2;3
536575148;155 714 687;A01;3;7;0;2;3;2;1
536575148;155 714 690;B01;3;7;0;2;7;2;1
536575149;155 714 686;A01;2;7;0;1;8;0;1
536575150;155 714 683;A01;1;10;9;2;1;9;1
536575150;155 714 685;B01;1;13;9;0;3;1;1
536575151;155 714 681;B01;1;1;0;0;0;0;5
536575151;155 714 682;A01;1;32;0;0;0;0;0
536575152;155 714 680;A01;3;7;0;2;1;0;0
536575152;155 714 684;B01;3;33;0;2;4;0;1
536575153;155 714 678;B01;2;80;0;2;7;1;3
536575153;155 714 679;A01;2;7;0;2;8;22;1
536575154;155 714 676;A01;1;13;0;2;6;15;1
536575154;155 714 677;B01;1;34;0;2;1;13;1
536575155;155 714 673;A01;3;7;0;2;1;15;1
536575155;155 714 675;B01;3;33;0;2;7;1;1
536575156;155 714 672;A01;1;31;0;2;1;21;1
536575156;155 714 674;B01;1;7;0;2;4;2;3
536575157;155 714 670;A01;3;7;0;2;7;15;1
536575157;155 714 671;B01;3;34;0;2;1;1;1
536575158;155 714 667;A01;2;7;0;2;3;15;1
536575158;155 714 669;B01;1;1;0;2;1;1;5
536575159;155 714 666;A01;1;10;0;2;1;19;1
536575159;155 714 668;B01;1;1;0;2;4;2;5
536575160;155 714 665;A01;1;7;0;0;1;0;1
536575161;155 714 663;A01;3;7;0;1;2;26;1
536575162;155 714 662;A01;3;7;2;2;5;15;1
536575162;155 714 664;B01;3;7;0;2;2;1;1
536575163;155 714 661;A01;2;33;0;1;1;17;0
536575164;155 714 659;A01;2;7;0;0;9;0;1
536575165;155 714 657;B01;1;7;0;2;3;1;1
536575165;155 714 660;A01;1;1;0;2;1;1;5
536575166;155 714 656;A01;3;7;0;2;3;13;1
536575166;155 714 658;B01;3;7;0;2;3;1;1
536575167;155 714 655;A01;2;7;16;0;3;1;1
536575168;155 714 653;A01;2;10;1;0;2;21;1
536575169;155 714 654;A01;1;50;1;0;1;26;3
536575170;155 714 651;A01;1;7;0;1;1;1;1
536575171;155 714 649;A01;1;50;0;2;1;1;3
536575171;155 714 652;Z01;1;7;0;2;8;1;0
536575172;155 714 648;B01;1;32;0;2;0;0;1
536575172;155 714 650;A01;1;10;0;2;3;11;1
536575173;155 714 646;Z01;0;30;0;1;1;1;1
536575174;155 714 642;C01;1;7;3;0;3;1;1
536575174;155 714 644;A01;2;7;0;2;3;5;1
536575174;155 714 647;B01;1;10;3;2;3;1;1
536575175;155 714 643;B01;1;33;0;2;8;1;1
536575175;155 714 645;A01;1;10;0;2;1;15;1
536575176;155 714 640;A01;2;30;0;2;1;1;1
536575176;155 714 641;B01;1;7;0;2;5;15;1
536575177;155 714 639;A01;1;7;3;0;1;0;2
536575178;155 714 637;B01;1;7;0;2;1;0;1
536575178;155 714 638;A01;1;7;0;2;4;0;3
536575179;155 714 633;A01;1;7;0;2;3;0;1
536575179;155 714 635;B01;2;7;0;2;1;0;1
536575180;155 714 632;B01;2;2;0;2;1;2;1
536575180;155 714 634;A01;2;7;0;2;3;15;1
536575181;155 714 631;B01;1;7;0;2;4;1;1
536575181;155 714 636;A01;1;10;0;2;1;1;1
536575182;155 714 630;A01;1;7;0;1;1;1;1
536575183;155 714 627;A01;1;14;0;1;1;1;1
536575184;155 714 626;A01;1;30;0;2;1;16;1
536575184;155 714 629;B01;1;50;0;2;7;1;3
536575185;155 714 625;A01;1;31;0;2;1;0;1
536575185;155 714 628;B01;1;31;0;2;1;0;1
536575186;155 714 619;A01;1;33;0;2;3;3;1
536575186;155 714 622;C01;1;7;0;2;8;1;2
536575186;155 714 624;B01;1;10;0;2;5;1;3
536575187;155 714 618;A01;3;7;0;2;2;16;1
536575187;155 714 621;B01;3;50;0;2;1;1;3
536575188;155 714 616;A01;2;7;2;0;1;14;1
536575189;155 714 615;A01;2;33;0;2;2;3;1
536575189;155 714 617;B01;2;14;0;2;6;1;1
536575190;155 714 613;B01;0;43;0;2;3;1;1
536575190;155 714 614;A01;2;10;0;2;1;1;1
536575191;155 714 610;B01;2;7;0;0;6;1;1
536575191;155 714 612;A01;1;7;0;2;1;1;1
536575192;155 714 609;B01;2;7;0;0;4;2;1
536575192;155 714 611;A01;2;7;0;2;1;2;1
536575193;155 714 605;A01;1;2;0;2;1;1;1
536575193;155 714 606;B01;1;7;0;2;3;1;1
536575194;155 714 607;A01;1;7;0;2;3;15;1
536575194;155 714 608;B01;1;43;0;2;5;17;1
536575195;155 714 603;B01;1;10;0;2;3;1;1
536575195;155 714 604;A01;2;7;15;2;1;1;1
536575196;155 714 601;B01;2;15;0;2;1;1;1
536575196;155 714 602;A01;1;7;0;2;8;9;1
536575197;155 714 599;A01;2;37;0;2;2;1;1
536575197;155 714 600;B01;1;7;0;2;5;17;1
536575198;155 714 596;B01;1;21;0;0;6;15;1
536575198;155 714 598;A01;1;38;0;2;2;18;1
536575199;155 714 595;A01;1;7;1;0;1;10;2
536575200;155 714 594;B01;1;7;0;2;4;2;1
536575200;155 714 597;A01;1;7;0;2;1;2;1
536575201;155 714 592;A01;2;7;0;2;1;2;1
536575201;155 714 593;B01;2;10;0;0;4;2;1
536575202;155 714 591;A01;1;33;0;6;1;0;1
536575203;155 714 590;A01;3;7;15;0;1;1;1
536575204;155 714 586;A01;2;7;0;2;3;1;1
536575204;155 714 588;B01;2;7;0;2;3;1;1
536575205;155 714 587;A01;3;10;0;2;8;10;1
536575205;155 714 589;B01;3;33;0;2;2;17;1
536575206;155 714 584;A01;2;7;0;2;1;1;1
536575206;155 714 585;B01;1;7;0;2;1;1;1
536575207;155 714 583;A01;1;10;0;1;2;16;1
536575208;155 714 582;A01;2;7;12;1;1;14;1
536575209;155 714 581;A01;2;80;0;1;1;1;3
536575210;155 714 578;A01;1;7;1;0;2;2;1
536575210;155 714 579;B01;1;7;0;2;6;26;1
536575211;155 714 576;B01;1;7;0;2;1;1;1
536575211;155 714 577;A01;2;10;0;2;1;13;1
536575211;155 714 580;C01;1;7;0;2;2;23;1
536575212;155 714 575;A01;2;33;15;0;1;26;1
536575213;155 714 572;A01;1;7;0;1;2;1;1
536575214;155 714 573;A01;1;15;0;2;2;16;1
536575214;155 714 574;B01;1;1;0;2;1;1;5
536575215;155 714 571;A01;2;7;0;1;3;1;1
536575216;155 714 567;B01;3;10;0;2;3;1;0
536575216;155 714 570;A01;3;7;0;2;2;1;0
536575217;155 714 569;A01;1;7;0;1;1;26;1
536575218;155 714 566;A01;1;7;0;2;1;1;1
536575218;155 714 568;B01;2;7;0;2;1;1;1
536575219;155 714 565;A01;2;10;0;1;1;1;0
536575220;155 714 563;A01;1;7;0;2;4;23;1
536575220;155 714 564;B01;1;7;0;2;1;2;1
536575221;155 714 561;C01;0;1;0;2;0;1;5
536575222;155 714 558;B01;2;7;0;2;5;19;1
536575222;155 714 562;A01;1;33;0;2;1;18;1
536575223;155 714 555;A01;2;7;0;2;2;9;1
536575223;155 714 556;B01;2;33;0;2;1;1;1
536575224;155 714 552;A01;2;3;0;2;4;2;3
536575224;155 714 553;B01;2;7;0;2;1;2;0
536575225;155 714 551;A01;3;7;0;2;3;1;1
536575225;155 714 554;B01;3;2;0;2;3;13;1
536575226;155 714 548;Z01;3;7;0;2;0;0;1
536575226;155 714 550;A01;3;7;0;2;2;0;1
536575227;155 714 547;A01;1;10;0;2;2;17;1
536575227;155 714 549;B01;1;1;0;2;6;15;5
536575228;155 714 544;A01;2;10;0;0;4;11;1
536575228;155 714 546;B01;2;7;0;0;1;1;1
536575229;155 714 541;A01;1;1;0;0;0;1;5
536575230;155 714 542;A01;2;30;0;2;5;15;1
536575230;155 714 543;B01;3;7;0;9;1;0;1
536575231;155 714 540;A01;1;7;0;2;4;1;1
536575231;155 714 545;B01;1;10;0;2;1;1;1
536575232;155 714 537;A01;1;50;0;1;2;21;3
536575233;155 714 534;A01;3;10;0;2;6;15;1
536575233;155 714 536;B01;1;7;0;2;1;21;1
536575233;155 714 539;C01;2;7;0;2;1;1;1
536575234;155 714 535;B01;1;30;0;2;1;1;1
536575234;155 714 538;A01;1;7;0;2;3;1;1
536575235;155 714 530;B01;1;2;0;2;1;1;1
536575235;155 714 533;A01;3;10;0;2;7;19;1
536575236;155 714 529;A01;2;7;0;2;8;1;1
536575236;155 714 532;B01;1;10;0;2;8;1;1
536575237;155 714 528;A01;3;1;0;2;3;15;5
536575237;155 714 531;B01;3;7;0;2;7;1;1
536575238;155 714 524;A01;1;7;0;2;8;15;1
536575238;155 714 527;B01;2;50;0;2;1;1;3
536575239;155 714 526;A01;2;7;13;0;2;1;1
536575240;155 714 523;B01;2;80;0;2;3;5;3
536575240;155 714 525;A01;3;7;0;2;2;9;1
536575241;155 714 519;A01;2;7;0;2;3;17;1
536575241;155 714 521;B01;1;14;0;2;3;1;1
536575241;155 714 522;C01;2;17;0;2;8;1;1
536575242;155 714 517;A01;2;7;0;2;3;15;1
536575242;155 714 520;B01;1;2;0;2;1;1;1
536575243;155 714 515;A01;2;33;15;0;3;1;1
536575244;155 714 516;A01;2;7;0;2;1;16;1
536575244;155 714 518;B01;2;50;0;2;7;1;3
536575245;155 714 513;A01;2;7;0;1;4;4;1
536575246;155 714 511;A01;0;7;0;2;1;16;1
536575246;155 714 514;B01;3;7;0;2;7;26;1
536575247;155 714 510;A01;1;33;0;2;8;17;1
536575247;155 714 512;B01;2;7;0;2;8;1;1
536575248;155 714 508;A01;2;33;0;0;7;1;1
536575249;155 714 506;B01;2;7;0;2;6;23;1
536575249;155 714 507;C01;1;7;0;2;1;1;1
536575249;155 714 509;A01;2;30;14;0;1;1;1
536575250;155 714 503;A01;2;7;0;1;2;1;1
536575251;155 714 501;A01;1;7;0;2;1;2;1
536575251;155 714 502;B01;1;7;0;2;4;2;1
536575251;155 714 505;C01;1;7;0;2;4;2;1
536575252;155 714 500;A01;1;3;4;2;6;13;1
536575252;155 714 504;B01;1;7;4;2;2;1;1
536575253;155 714 499;A01;1;7;0;1;2;1;1
536575254;155 714 497;A01;1;7;17;0;1;13;1
536575255;155 714 496;B01;2;7;0;2;8;15;1
536575255;155 714 498;A01;1;2;0;2;1;1;1
536575256;155 714 493;A01;1;2;6;0;3;20;1
536575257;155 714 491;C01;3;7;0;2;4;2;1
536575257;155 714 494;B01;3;7;0;2;1;2;1
536575257;155 714 495;A01;3;7;0;2;1;2;2
536575258;155 714 490;A01;1;50;0;2;2;19;3
536575258;155 714 492;B01;1;13;0;9;0;0;1
536575259;155 714 488;B01;2;33;0;2;1;1;1
536575259;155 714 489;A01;1;3;0;2;8;9;1
536575260;155 714 486;B01;3;7;0;2;8;16;1
536575260;155 714 487;A01;3;50;0;2;1;25;3
536575261;155 714 481;A01;2;7;0;0;6;15;1
536575261;155 714 484;B01;2;33;0;2;1;17;1
536575262;155 714 480;A01;3;7;0;2;1;1;1
536575262;155 714 483;B01;3;7;0;2;4;23;1
536575263;155 714 479;A01;2;34;13;0;1;1;1
536575264;155 714 476;B01;2;7;0;2;7;15;1
536575264;155 714 477;A01;2;50;0;2;1;1;3
536575265;155 714 475;A01;2;33;0;6;8;21;1
536575266;155 714 474;B01;2;7;0;2;4;2;1
536575266;155 714 478;A01;2;10;0;2;1;2;1
536575267;155 714 473;A01;1;7;9;0;1;1;1
536575268;155 714 471;A01;2;7;0;2;2;12;1
536575268;155 714 472;B01;2;7;0;0;6;1;1
536575269;155 714 470;A01;2;7;4;0;9;1;1
536575270;155 714 466;A01;1;10;0;1;3;15;1
536575271;155 714 465;B01;2;15;0;0;5;1;1
536575271;155 714 467;A01;2;10;4;2;2;1;1
536575272;155 714 468;A01;3;7;0;2;1;5;1
536575272;155 714 469;B01;3;7;0;2;1;1;1
536575273;155 714 464;A01;1;21;12;0;4;4;1
536575274;155 714 463;A01;1;2;2;0;1;1;1
536575275;155 714 460;A01;1;7;0;2;2;13;1
536575275;155 714 461;B01;2;7;0;2;2;1;1
536575276;155 714 458;A01;1;1;0;2;4;1;5
536575276;155 714 459;B01;1;7;0;2;2;12;2
536575277;155 714 457;B01;2;7;0;2;2;1;1
536575277;155 714 462;A01;2;7;0;2;1;0;1
536575278;155 714 456;A01;1;10;4;0;2;14;1
536575279;155 714 453;A01;2;7;8;0;9;1;1
536575279;155 714 455;B01;1;7;0;0;0;9;1
536575280;155 714 452;A01;3;7;6;1;4;26;1
536575281;155 714 454;A01;3;7;8;0;9;26;1
536575282;155 714 450;A01;2;43;0;0;8;23;1
536575283;155 714 448;B01;2;33;0;2;1;0;1
536575283;155 714 449;A01;2;14;0;2;2;15;1
536575284;155 714 447;A01;0;7;0;2;1;1;1
536575284;155 714 451;B01;0;15;0;2;8;20;1
536575285;155 714 445;A01;1;7;0;2;3;9;1
536575285;155 714 446;B01;2;31;0;2;1;26;1
536575286;155 714 443;A01;1;7;0;1;2;1;1
536575287;155 714 442;B01;1;1;0;0;6;2;5
536575287;155 714 444;A01;1;7;0;0;1;2;1
536575288;155 714 439;B01;2;7;0;2;1;21;1
536575288;155 714 441;A01;2;7;0;0;8;15;1
536575289;155 714 437;A01;1;31;0;2;8;11;1
536575289;155 714 440;B01;1;7;0;2;2;1;1
536575290;155 714 435;A01;1;2;0;2;8;1;1
536575291;155 714 433;A01;3;31;0;2;1;2;1
536575291;155 714 434;B01;3;7;0;2;4;2;1
536575292;155 714 432;A01;3;36;0;0;9;14;1
536575293;155 714 431;A01;3;50;0;1;1;25;3
536575294;155 714 430;A01;0;33;0;0;0;0;1
536575295;155 714 427;B01;2;1;0;2;8;5;5
536575295;155 714 429;A01;3;7;0;2;1;19;1
536575296;155 714 426;B01;1;7;0;2;3;1;1
536575296;155 714 428;A01;2;7;0;2;2;15;2
536575297;155 714 438;A01;3;2;13;0;0;1;1
536575298;155 714 422;A01;1;7;0;0;1;15;1
536575298;155 714 425;B01;1;7;0;0;1;1;1
536575299;155 714 419;D01;1;7;0;2;1;1;1
536575299;155 714 421;B01;1;7;0;2;1;0;1
536575299;155 714 423;C01;1;7;0;2;1;1;1
536575299;155 714 424;A01;2;7;0;2;1;13;1
536575300;155 714 417;A01;1;30;0;2;1;13;1
536575301;155 714 416;B01;0;7;0;2;8;1;1
536575301;155 714 418;C01;0;7;0;2;2;15;1
536575301;155 714 420;A01;3;13;0;2;3;1;1
536575302;155 714 413;B01;3;7;0;2;4;2;1
536575302;155 714 415;A01;3;7;0;2;1;2;1
536575303;155 714 412;A01;1;7;0;2;1;1;1
536575303;155 714 414;B01;2;7;0;2;1;1;1
536575304;155 714 411;A01;3;7;0;0;0;0;1
536575305;155 714 410;A01;1;32;0;1;1;1;1
536575306;155 714 408;A01;0;7;0;2;1;15;1
536575306;155 714 409;B01;0;2;0;2;1;0;1
536575307;155 714 405;A01;1;7;3;0;1;0;1
536575307;155 714 406;B01;2;7;0;9;1;1;1
536575308;155 714 407;A01;3;33;2;0;1;17;1
536575309;155 714 404;A01;2;30;0;1;1;1;1
536575310;155 714 402;A01;1;10;2;0;7;1;1
536575311;155 714 401;A01;2;33;0;2;1;3;1
536575311;155 714 403;B01;2;7;0;2;5;12;1
536575312;155 714 399;A01;2;50;0;2;0;15;3
536575312;155 714 400;B01;2;7;0;2;6;15;1
536575313;155 714 396;B01;2;33;0;2;4;2;1
536575313;155 714 398;A01;2;10;0;2;1;2;1
536575314;155 714 397;A01;2;7;2;0;0;0;1
536575315;155 714 394;A01;2;7;0;2;3;10;1
536575315;155 714 395;B01;1;7;0;2;2;1;1
536575316;155 714 390;B01;2;7;0;2;3;1;1
536575316;155 714 391;C01;1;1;0;2;0;0;5
536575316;155 714 393;A01;1;33;0;2;3;13;1
536575317;155 714 389;A01;3;38;0;1;3;16;1
536575318;155 714 386;A01;2;14;0;1;7;26;1
536575319;155 714 385;B01;2;10;0;2;4;1;1
536575319;155 714 387;C01;2;10;0;2;4;1;1