Num_Acc;id_vehicule;num_veh;senc;catv;obs;obsm;choc;manv;motor
536575319;155 714 388;D01;2;7;0;2;4;1;1
536575319;155 714 392;A01;2;7;0;2;1;1;1
536575320;155 714 384;A01;3;7;0;1;1;1;1
536575321;155 714 380;A01;1;37;0;2;2;17;1
536575321;155 714 382;B01;1;1;0;2;3;15;5
536575322;155 714 381;A01;1;7;0;2;2;12;2
536575322;155 714 383;B01;1;33;0;2;7;1;1
536575323;155 714 377;B01;3;1;0;2;2;1;5
536575323;155 714 379;A01;3;50;0;2;3;25;3
536575324;155 714 373;B01;3;1;0;2;1;25;5
536575324;155 714 376;A01;3;7;0;9;3;1;2
536575325;155 714 372;C01;1;10;0;2;1;1;1
536575325;155 714 374;B01;1;7;0;2;2;1;1
536575325;155 714 375;D01;1;10;0;2;1;1;1
536575325;155 714 378;A01;1;7;0;0;4;23;1
536575326;155 714 368;D01;2;7;0;0;0;0;1
536575326;155 714 369;A01;2;7;8;2;1;26;1
536575326;155 714 370;C01;2;7;0;0;0;0;1
536575326;155 714 371;B01;3;7;0;0;0;24;1
536575327;155 714 365;B01;2;32;0;2;1;1;1
536575327;155 714 367;A01;1;7;0;2;7;15;1
536575328;155 714 364;A01;2;7;10;0;3;1;1
536575329;155 714 363;B01;2;7;0;2;4;2;1
536575329;155 714 366;A01;1;17;0;2;0;0;1
536575330;155 714 360;A01;1;33;0;2;2;3;1
536575330;155 714 361;C01;1;7;0;2;4;1;1
536575330;155 714 362;B01;1;7;0;2;5;1;1
536575331;155 714 357;B01;2;7;0;2;7;12;1
536575331;155 714 359;A01;2;31;0;2;8;3;1
536575332;155 714 356;A01;3;7;0;2;3;10;1
536575332;155 714 358;B01;3;7;0;2;2;1;1
536575333;155 714 353;Z01;1;43;0;2;7;26;1
536575333;155 714 355;A01;2;1;0;2;8;1;5
536575334;155 714 349;A01;2;80;0;2;1;16;3
536575334;155 714 350;B01;1;1;0;2;1;1;5
536575335;155 714 351;C01;1;7;0;2;4;1;1
536575335;155 714 352;A01;1;7;0;2;1;2;1
536575335;155 714 354;B01;1;7;0;2;4;1;1
536575336;155 714 347;B01;1;50;0;2;1;1;3
536575336;155 714 348;A01;1;7;0;2;2;10;2
536575337;155 714 344;A01;1;7;0;2;1;2;1
536575337;155 714 346;B01;1;7;0;2;4;2;2
536575338;155 714 345;A01;1;33;9;0;7;18;1
536575339;155 714 342;A01;3;7;0;2;1;1;2
536575339;155 714 343;B01;3;33;0;2;1;5;1
536575340;155 714 338;B01;3;32;0;2;1;1;1
536575340;155 714 339;A01;3;7;0;2;2;14;1
536575341;155 714 340;B01;2;7;0;2;5;1;1
536575341;155 714 341;A01;2;43;0;2;3;3;1
536575342;155 714 335;A01;1;7;0;2;3;11;1
536575342;155 714 336;B01;1;80;0;2;1;17;3
536575343;155 714 334;B01;2;7;0;2;6;1;1
536575343;155 714 337;A01;2;31;0;2;1;3;1
536575344;155 714 332;A01;2;1;0;2;1;5;5
536575344;155 714 333;B01;1;10;0;2;5;22;1
536575345;155 714 330;B01;1;50;0;2;3;17;3
536575345;155 714 331;A01;2;37;0;2;5;1;1
536575346;155 714 329;A01;2;7;4;0;3;11;2
536575347;155 714 326;B01;1;10;0;2;7;16;1
536575347;155 714 328;A01;1;32;0;2;8;7;1
536575348;155 714 324;A01;1;7;0;2;2;21;1
536575348;155 714 325;B01;1;7;0;2;6;2;1
536575348;155 714 327;C01;1;7;0;2;5;2;1
536575349;155 714 321;B01;2;7;0;2;3;1;1
536575349;155 714 323;A01;2;80;0;2;7;1;3
536575350;155 714 320;A01;1;15;0;2;6;11;1
536575350;155 714 322;B01;1;43;0;2;7;21;1
536575351;155 714 318;A01;2;30;0;2;7;16;1
536575351;155 714 319;B01;2;7;0;2;8;1;2
536575352;155 714 315;A01;3;50;0;2;1;11;3
536575352;155 714 316;B01;3;7;0;2;2;16;2
536575353;155 714 317;A01;3;7;0;1;0;26;0
536575354;155 714 314;A01;1;13;0;1;1;16;1
536575355;155 714 311;Z01;1;7;0;2;7;11;2
536575355;155 714 312;B01;1;1;0;2;7;17;5
536575356;155 714 310;A01;1;1;0;0;3;1;5
536575357;155 714 309;A01;1;7;0;2;1;2;1
536575357;155 714 313;B01;1;30;0;0;4;2;1
536575358;155 714 308;A01;2;7;0;1;4;19;1
536575359;155 714 307;A01;1;50;8;0;0;0;3
536575360;155 714 305;B01;3;1;0;2;1;15;5
536575360;155 714 306;A01;0;7;0;2;1;15;1
536575361;155 714 302;A01;1;32;0;2;1;7;1
536575361;155 714 304;B01;1;7;0;2;7;16;1
536575362;155 714 301;A01;0;10;0;2;3;26;1
536575362;155 714 303;B01;3;10;0;2;1;1;1
536575363;155 714 300;A01;1;7;0;1;1;1;1
536575364;155 714 298;A01;2;1;0;2;3;15;5
536575364;155 714 299;B01;2;7;0;2;7;1;1
536575365;155 714 297;A01;1;7;0;1;2;1;1
536575366;155 714 296;A01;1;7;8;0;3;1;2
536575367;155 714 295;A01;2;32;0;0;9;1;1
536575368;155 714 292;B01;2;7;0;2;3;15;1
536575368;155 714 294;A01;2;2;0;2;0;17;3
536575369;155 714 291;B01;2;7;0;2;4;23;1
536575369;155 714 293;A01;2;7;0;2;1;2;1
536575370;155 714 290;A01;1;2;1;0;1;16;1
536575371;155 714 286;Z01;2;7;0;2;1;19;1
536575371;155 714 288;A01;2;30;0;2;8;19;1
536575372;155 714 287;A01;1;14;0;2;1;1;1
536575372;155 714 289;B01;1;10;0;2;4;15;1
536575373;155 714 284;A01;1;7;0;2;1;1;1
536575373;155 714 285;B01;2;7;0;2;1;1;1
536575374;155 714 281;A01;1;10;0;2;1;1;1
536575374;155 714 283;B01;2;10;0;2;5;15;0
536575375;155 714 276;A01;1;10;1;2;8;26;1
536575375;155 714 278;B01;1;60;1;0;1;2;5
536575376;155 714 275;A01;2;50;0;2;7;1;3
536575376;155 714 279;B01;2;7;0;2;3;15;1
536575377;155 714 272;A01;0;33;0;0;0;0;1
536575378;155 714 271;B01;3;7;0;2;0;26;0
536575378;155 714 274;A01;3;7;0;2;3;23;0
536575379;155 714 266;A01;3;7;13;0;2;2;1
536575380;155 714 265;C01;1;10;9;2;1;1;1
536575380;155 714 267;A01;1;10;9;9;4;1;0
536575380;155 714 268;B01;1;7;9;2;4;1;1
536575381;155 714 261;A01;1;7;0;2;9;17;1
536575381;155 714 263;B01;1;10;0;2;6;23;1
536575381;155 714 264;C01;1;7;0;2;3;1;1
536575382;155 714 260;A01;3;2;13;0;7;23;1
536575383;155 714 259;A01;1;33;14;2;2;1;1
536575383;155 714 262;B01;1;7;0;2;3;20;1
536575384;155 714 256;A01;2;43;9;0;2;1;1
536575385;155 714 255;A01;1;7;0;2;1;1;1
536575385;155 714 258;B01;1;7;0;2;4;1;1
536575386;155 714 254;A01;1;33;0;1;1;1;1
536575387;155 714 253;B01;1;7;0;2;3;1;1
536575387;155 714 257;A01;1;7;0;2;1;1;1
536575388;155 714 249;B01;1;33;0;2;7;1;1
536575388;155 714 251;A01;1;7;0;2;3;15;2
536575389;155 714 250;A01;1;33;0;2;3;3;1
536575389;155 714 252;B01;1;7;0;2;2;16;1
536575390;155 714 247;A01;2;7;0;2;1;7;1
536575390;155 714 248;B01;2;1;0;2;4;0;0
536575391;155 714 246;A01;1;31;0;0;0;1;1
536575392;155 714 245;A01;3;10;0;1;1;1;1
536575393;155 714 241;A01;2;7;0;2;1;2;1
536575393;155 714 242;B01;2;7;0;2;4;2;1
536575393;155 714 244;C01;2;7;0;2;4;0;3
536575394;155 714 239;A01;3;99;0;1;0;0;0
536575395;155 714 240;B01;3;7;0;2;7;1;1
536575395;155 714 243;A01;2;7;0;2;1;1;1
536575396;155 714 238;A01;2;7;0;1;1;1;1
536575397;155 714 233;A01;1;7;14;0;1;1;1
536575397;155 714 235;B01;1;10;0;2;4;23;1
536575398;155 714 234;B01;2;43;0;2;2;1;0
536575398;155 714 237;A01;1;7;0;2;2;15;1
536575399;155 714 232;A01;1;7;0;2;1;2;1
536575399;155 714 236;B01;1;7;0;2;4;2;1
536575400;155 714 229;A01;2;30;8;0;1;1;1
536575401;155 714 230;A01;3;7;0;1;2;15;1
536575402;155 714 228;A01;1;31;0;1;1;17;1
536575403;155 714 223;B01;1;33;0;2;4;1;1
536575403;155 714 225;A01;1;33;0;2;1;1;1
536575403;155 714 227;C01;1;33;0;2;4;1;1
536575404;155 714 222;B01;0;7;0;2;4;2;0
536575404;155 714 224;A01;0;10;0;2;1;2;0
536575405;155 714 226;A01;1;33;8;0;1;0;1
536575406;155 714 219;A01;1;14;0;2;0;24;0
536575406;155 714 221;B01;1;60;1;0;0;0;5
536575407;155 714 220;A01;1;7;2;0;8;1;1
536575408;155 714 214;A01;1;7;0;2;0;0;1
536575408;155 714 216;B01;1;1;0;2;0;0;5
536575409;155 714 213;B01;1;7;0;2;4;23;1
536575409;155 714 217;C01;1;37;0;2;4;23;1
536575409;155 714 218;A01;1;7;0;2;1;2;1
536575410;155 714 210;B01;1;7;0;0;1;1;1
536575410;155 714 211;A01;1;7;0;0;8;19;1
536575411;155 714 209;A01;3;7;3;0;1;14;1
536575412;155 714 206;A01;3;33;0;2;1;13;1
536575412;155 714 207;C01;3;21;0;2;6;1;0
536575413;155 714 203;A01;1;21;6;0;9;0;1
536575414;155 714 204;A01;2;7;0;2;3;13;1
536575414;155 714 208;B01;2;7;0;2;5;1;1
536575415;155 714 200;A01;3;36;8;0;0;1;1
536575416;155 714 197;A01;1;50;0;2;1;1;3
536575416;155 714 199;B01;1;7;0;2;3;15;1
536575417;155 714 194;A01;1;7;0;2;1;2;2
536575417;155 714 195;B01;1;7;0;0;4;0;1
536575418;155 714 193;C01;2;7;0;2;6;24;1
536575418;155 714 196;A01;1;21;0;2;3;13;1
536575418;155 714 198;B01;2;7;1;2;3;1;1
536575419;155 714 192;A01;1;7;13;0;2;0;0
536575420;155 714 190;A01;3;7;13;2;0;0;1
536575420;155 714 191;B01;3;7;13;2;0;0;1
536575421;155 714 189;A01;3;33;3;0;2;1;1
536575422;155 714 181;B01;1;7;2;2;1;1;1
536575422;155 714 184;A01;2;10;0;2;3;1;1
536575423;155 714 182;A01;1;7;1;0;2;26;1
536575423;155 714 185;B01;3;3;0;2;3;24;3
536575424;155 714 183;A01;1;7;0;2;7;15;1
536575424;155 714 186;B01;2;33;0;2;1;1;1
536575425;155 714 179;A01;3;15;1;2;4;22;1
536575425;155 714 180;B01;3;7;1;0;2;21;1
536575426;155 714 176;A01;3;7;0;9;1;1;1
536575426;155 714 178;B01;3;50;0;2;8;19;3
536575427;155 714 173;A01;3;7;0;2;3;1;1
536575427;155 714 177;B01;3;7;0;2;2;15;1
536575428;155 714 172;A01;1;2;13;0;7;14;1
536575429;155 714 171;A01;1;7;13;0;3;1;1
536575430;155 714 168;A01;1;7;0;2;1;1;1
536575430;155 714 170;B01;2;7;0;2;2;1;1
536575431;155 714 166;A01;2;10;0;2;3;9;1
536575431;155 714 169;B01;2;10;0;2;2;1;1
536575432;155 714 167;A01;2;7;0;1;1;1;1
536575433;155 714 164;A01;1;2;6;0;1;14;1
536575434;155 714 162;A01;1;60;0;2;1;5;5
536575434;155 714 165;B01;2;7;0;2;1;15;1
536575435;155 714 161;A01;2;2;0;0;7;14;1
536575436;155 714 160;B01;2;31;0;2;8;1;1
536575436;155 714 163;A01;0;7;0;2;2;15;1
536575437;155 714 157;A01;1;7;0;2;7;17;1
536575437;155 714 158;B01;1;31;0;2;8;1;1
536575438;155 714 156;B01;2;1;0;2;6;15;5
536575438;155 714 159;A01;2;30;0;2;1;15;3
536575439;155 714 154;A01;2;43;0;2;1;1;1
536575439;155 714 155;B01;2;7;0;0;3;15;1
536575440;155 714 152;A01;1;1;0;2;4;1;5
536575440;155 714 153;B01;1;7;0;2;2;9;1
536575441;155 714 151;A01;3;7;0;1;4;20;1
536575442;155 714 150;A01;1;50;0;0;0;1;3
536575443;155 714 149;A01;3;10;0;1;4;26;1
536575444;155 714 148;A01;1;7;0;1;2;1;1
536575445;155 714 145;A01;3;2;0;2;1;15;1
536575445;155 714 147;B01;3;7;0;2;1;16;1
536575446;155 714 143;B01;2;1;0;2;1;0;5
536575446;155 714 144;A01;2;7;0;9;2;15;1
536575447;155 714 141;A01;1;7;0;2;3;13;1
536575447;155 714 142;B01;2;15;0;2;3;1;1
536575448;155 714 139;A01;2;7;0;1;1;1;1
536575449;155 714 137;B01;1;7;0;2;3;2;1
536575449;155 714 140;A01;1;7;0;2;2;9;1
536575450;155 714 138;A01;3;7;0;2;1;1;1
536575450;155 714 146;B01;3;7;0;2;8;1;1
536575451;155 714 135;A01;1;3;6;0;1;0;1
536575452;155 714 134;A01;0;1;0;2;0;0;5
536575452;155 714 136;B01;0;1;0;2;1;1;5
536575453;155 714 133;B01;3;50;0;2;0;0;3
536575454;155 714 130;A01;1;7;0;2;3;13;1
536575454;155 714 132;B01;2;10;0;2;3;21;1
536575455;155 714 129;B01;3;1;0;2;0;0;5
536575455;155 714 131;A01;1;7;0;2;1;1;1
536575456;155 714 126;B01;1;32;0;2;1;1;1
536575456;155 714 128;A01;2;7;0;2;3;16;1
536575457;155 714 124;A01;2;1;0;1;1;1;5
536575458;155 714 122;A01;1;15;13;2;1;19;1
536575458;155 714 123;C01;2;7;13;2;3;1;1
536575458;155 714 125;D01;2;7;13;2;9;1;1
536575458;155 714 127;E01;2;7;13;2;9;1;1
536575459;155 714 119;A01;2;7;6;2;1;13;1
536575459;155 714 121;B01;1;7;0;2;1;1;1
536575460;155 714 117;A01;2;7;0;2;1;15;1
536575460;155 714 120;B01;1;33;1;2;1;17;1
536575461;155 714 116;A01;1;7;0;0;6;15;1
536575461;155 714 118;B01;1;31;0;2;1;17;1
536575462;155 714 115;A01;3;2;0;0;0;1;1
536575463;155 714 113;A01;1;32;0;0;8;1;1
536575464;155 714 111;A01;1;7;0;2;3;9;1
536575464;155 714 114;B01;3;30;0;2;2;1;1
536575465;155 714 110;B01;2;7;0;2;3;16;1
536575465;155 714 112;A01;1;7;0;2;2;1;1
536575466;155 714 108;A01;0;15;1;1;6;4;1
536575466;155 714 109;B01;0;15;0;2;7;24;1
536575467;155 714 106;A01;1;50;0;1;0;1;3
536575468;155 714 104;A01;1;10;0;2;3;15;0
536575468;155 714 107;B01;1;50;0;2;1;1;3
536575469;155 714 105;A01;1;33;3;0;1;1;1
536575470;155 714 099;A01;2;7;0;0;5;14;3
536575470;155 714 102;B01;2;33;0;0;3;3;1
536575471;155 714 100;A01;3;7;0;2;2;15;2
536575471;155 714 103;B01;3;7;0;2;0;2;1
536575472;155 714 101;A01;2;7;0;1;4;4;1
536575473;155 714 098;A01;2;7;6;0;1;13;1
536575474;155 714 097;A01;1;7;0;1;4;1;1
536575475;155 714 096;A01;3;7;0;1;2;2;1
536575476;155 714 095;A01;2;7;0;0;0;2;1
536575477;155 714 094;A01;2;7;0;1;1;1;1
536575478;155 714 093;A01;3;34;1;0;0;1;1
536575479;155 714 091;A01;1;7;0;1;2;1;1
536575480;155 714 090;A01;1;7;13;0;1;1;1
536575480;155 714 092;B01;2;7;0;0;0;0;0
536575481;155 714 087;A01;2;7;0;2;1;5;1
536575481;155 714 089;B01;1;10;0;2;1;1;1
536575482;155 714 086;A01;1;7;0;2;1;1;1
536575482;155 714 088;B01;1;7;0;2;8;15;1
536575483;155 714 083;B01;1;14;1;0;1;1;1
536575483;155 714 085;A01;2;7;0;2;1;13;1
536575484;155 714 080;A01;3;7;0;2;2;2;1
536575484;155 714 082;B01;3;7;0;2;6;1;1
536575485;155 714 079;A01;1;7;0;2;4;1;2
536575485;155 714 081;B01;1;7;0;2;4;0;1
536575485;155 714 084;C01;1;7;0;2;1;1;1
536575486;155 714 077;A01;1;7;0;2;1;1;1
536575486;155 714 078;B01;0;2;0;2;7;19;1
536575487;155 714 074;A01;2;14;0;1;1;1;1
536575488;155 714 075;A01;2;7;0;1;2;1;1
536575489;155 714 073;A01;3;7;0;2;1;5;1
536575489;155 714 076;B01;3;7;0;2;3;1;2
536575490;155 714 072;A01;3;7;0;1;1;1;1
536575491;155 714 068;B01;1;7;0;2;7;0;1
536575491;155 714 070;A01;1;2;0;2;1;19;1
536575492;155 714 067;A01;2;10;0;2;2;14;1
536575492;155 714 069;B01;2;15;0;0;6;1;1
536575493;155 714 065;A01;1;7;1;0;1;1;1
536575494;155 714 062;A01;2;7;0;2;3;1;1
536575494;155 714 064;B01;1;7;0;2;3;1;1
536575495;155 714 061;A01;3;7;0;1;2;0;1
536575496;155 714 058;A01;1;7;7;0;3;26;1
536575497;155 714 057;A01;3;7;0;2;3;13;1
536575497;155 714 059;B01;3;10;0;2;3;5;1
536575498;155 714 060;A01;1;7;0;2;3;1;1
536575498;155 714 063;B01;1;15;0;2;4;1;1
536575499;155 714 053;A01;1;7;0;2;1;15;3
536575499;155 714 056;B01;2;7;0;2;1;1;2
536575500;155 714 052;A01;2;33;3;2;3;1;1
536575500;155 714 055;B01;2;10;0;2;2;1;1
536575501;155 714 051;A01;1;7;0;2;5;16;1
536575501;155 714 054;B01;1;1;0;2;1;1;5
536575502;155 714 049;A01;2;34;0;2;9;1;1
536575502;155 714 050;B01;1;7;0;2;3;13;1
536575503;155 714 048;A01;1;7;2;0;1;26;1
536575504;155 714 046;A01;2;7;0;1;2;25;1
536575505;155 714 044;A01;1;7;0;2;5;15;1
536575505;155 714 045;B01;1;33;0;2;1;1;1
536575506;155 714 042;A01;2;7;0;2;2;1;1
536575506;155 714 047;B01;1;1;0;2;1;1;5
536575507;155 714 041;B01;2;2;0;2;1;1;1
536575507;155 714 043;A01;2;7;0;2;3;15;1
536575508;155 714 040;A01;2;7;3;0;1;13;1
536575509;155 714 036;A01;2;7;0;0;0;14;1
536575510;155 714 034;A01;2;33;0;2;1;17;1
536575510;155 714 035;B01;1;7;0;2;2;1;1
536575511;155 714 038;A01;1;7;0;1;3;15;1
536575512;155 714 031;A01;2;10;0;2;3;7;1
536575512;155 714 033;B01;2;7;0;2;3;15;1
536575513;155 714 029;A01;1;37;0;2;3;1;1
536575513;155 714 032;B01;1;2;0;2;1;1;1
536575514;155 714 028;B01;3;1;0;2;1;1;5
536575514;155 714 030;A01;0;10;0;2;5;1;3
536575515;155 714 026;B01;1;32;0;0;4;1;1
536575515;155 714 027;A01;1;7;0;2;2;26;1
536575516;155 714 024;A01;1;7;0;2;3;0;1
536575516;155 714 025;B01;2;3;0;2;3;0;1
536575517;155 714 019;A01;0;33;0;0;8;1;1
536575518;155 714 016;A01;1;7;0;2;1;2;3
536575518;155 714 017;B01;1;7;0;2;1;2;1
536575519;155 714 014;A01;0;7;0;2;1;1;1
536575519;155 714 018;B01;0;7;0;2;7;1;1
536575520;155 714 011;A01;1;7;0;2;3;26;1
536575520;155 714 013;B01;2;99;0;2;1;5;3
536575521;155 714 012;A01;2;1;0;2;1;19;5
536575521;155 714 015;B01;3;7;0;2;1;1;1
536575522;155 714 008;A01;1;7;0;2;8;19;1
536575522;155 714 009;B01;1;7;0;2;1;1;1
536575523;155 714 007;A01;1;10;0;2;4;1;1
536575523;155 714 010;B01;1;7;0;2;1;1;1
536575524;155 714 003;A01;1;7;0;2;8;2;0
536575524;155 714 005;B01;1;2;0;2;3;2;1
536575525;155 714 000;A01;1;7;15;2;1;16;1
536575525;155 714 001;B01;2;7;0;2;3;15;1
536575526;155 714 004;A01;3;7;0;2;7;15;1
536575526;155 714 006;B01;3;30;0;2;1;1;1
536575527;155 713 997;B01;1;14;0;2;3;1;1
536575527;155 713 998;A01;1;32;0;2;7;3;1
536575528;155 713 999;A01;2;7;4;2;7;14;1
536575528;155 714 002;B01;2;10;0;2;8;2;1
536575529;155 713 995;A01;1;1;0;0;0;1;5
536575530;155 713 992;Z01;1;7;0;2;7;12;1
536575530;155 713 994;A01;1;34;0;2;8;3;1
536575530;155 713 996;B01;1;7;0;2;4;2;1
536575531;155 713 989;B01;1;7;0;2;5;2;2
536575531;155 713 990;A01;1;32;0;2;1;2;1
536575532;155 713 991;A01;1;10;0;2;4;2;1
536575532;155 713 993;B01;1;7;0;2;1;2;1
536575533;155 713 986;A01;1;80;0;2;8;15;3
536575533;155 713 987;B01;1;50;0;2;1;17;3
536575534;155 713 985;B01;2;33;0;2;1;1;1
536575534;155 713 988;A01;1;7;0;2;2;15;1
536575535;155 713 983;Z01;0;7;0;1;1;1;0
536575536;155 713 984;A01;2;33;14;0;1;2;1
536575537;155 713 982;A01;2;1;0;0;0;1;5
536575538;155 713 978;A01;1;7;0;2;3;9;1
536575538;155 713 980;B01;1;50;0;2;7;14;3
536575539;155 713 977;A01;1;7;0;2;8;13;1
536575539;155 713 981;B01;1;15;0;2;2;1;1
536575540;155 713 976;B01;1;7;0;2;2;0;1
536575540;155 713 979;A01;2;50;0;2;1;26;3
536575541;155 713 974;A01;0;32;0;2;1;1;1
536575541;155 713 975;B01;0;1;0;2;4;1;5
536575542;155 713 973;A01;1;10;0;1;1;15;3
536575543;155 713 971;B01;1;33;0;2;4;2;1
536575543;155 713 972;A01;1;7;0;2;1;2;1
536575544;155 713 968;A01;1;10;0;2;2;16;1
536575544;155 713 970;B01;1;1;0;2;1;1;5
536575545;155 713 964;A01;1;7;1;0;1;1;1
536575545;155 713 966;B01;1;10;0;2;4;2;1
536575546;155 713 963;A01;2;7;0;1;1;1;1
536575547;155 713 965;B01;1;7;0;2;1;2;1
536575547;155 713 967;C01;1;7;0;0;4;2;1
536575547;155 713 969;A01;1;7;0;2;1;2;1
536575548;155 713 961;A01;2;7;0;2;1;2;1
536575548;155 713 962;B01;2;7;0;2;4;1;2
536575549;155 713 960;A01;2;3;0;1;1;1;3
536575550;155 713 956;A01;1;33;0;2;1;2;1
536575550;155 713 958;B01;1;10;0;2;4;1;1
536575551;155 713 955;A01;2;7;0;2;1;2;1
536575551;155 713 957;B01;2;7;0;2;4;23;1
536575552;155 713 954;A01;0;7;0;2;3;15;1
536575552;155 713 959;B01;0;33;0;2;1;1;1
536575553;155 713 951;A01;1;10;0;2;1;2;0
536575553;155 713 953;B01;1;7;0;2;4;2;1
536575554;155 713 950;A01;1;7;0;2;1;1;1
536575554;155 713 952;B01;1;7;0;2;4;1;1
536575555;155 713 946;A01;1;7;0;2;4;2;1
536575555;155 713 948;B01;1;10;0;2;1;2;1
536575556;155 713 945;X01;3;7;0;1;1;0;1
536575557;155 713 947;A01;1;32;0;2;8;11;1
536575557;155 713 949;B01;1;10;0;2;2;0;1
536575558;155 713 943;A01;1;34;4;2;2;3;1
536575558;155 713 944;B01;1;7;4;2;3;11;1
536575559;155 713 941;A01;1;7;0;2;3;11;1
536575559;155 713 942;B01;1;7;0;0;0;1;1
536575560;155 713 938;A01;2;33;0;2;1;1;1
536575560;155 713 940;B01;2;7;0;2;4;12;1
536575561;155 713 936;A01;3;7;0;2;1;1;1
536575561;155 713 939;B01;3;10;0;2;4;1;1
536575562;155 713 933;A01;1;7;0;2;8;1;1
536575562;155 713 935;B01;1;14;0;2;2;1;1
536575563;155 713 934;A01;0;7;0;2;1;15;1
536575563;155 713 937;B01;0;34;0;2;1;1;1
536575564;155 713 930;A01;1;7;1;0;1;1;1
536575565;155 713 929;A01;1;7;0;2;7;0;1
536575565;155 713 931;B01;1;7;0;2;8;21;1
536575566;155 713 928;A01;3;50;0;2;3;19;3
536575566;155 713 932;B01;1;34;12;2;1;1;1
536575567;155 713 922;C01;2;33;0;2;1;3;1
536575567;155 713 924;B01;2;7;0;2;4;1;1
536575567;155 713 926;A01;2;7;0;2;3;11;1
536575568;155 713 923;A01;1;1;0;0;3;21;5
536575568;155 713 925;B01;1;7;0;0;5;1;2
536575568;155 713 927;C01;3;7;11;0;0;9;1
536575569;155 713 920;A01;3;80;0;0;0;0;3
536575570;155 713 918;A01;1;15;0;2;1;2;1
536575570;155 713 919;B01;1;7;0;2;4;2;1
536575571;155 713 917;A01;3;1;0;0;0;0;5
536575572;155 713 915;A01;1;7;0;2;1;1;1
536575572;155 713 916;B01;1;1;0;2;0;19;5
536575573;155 713 912;A01;2;7;2;2;3;15;1
536575573;155 713 913;B01;1;43;0;2;3;1;1
536575574;155 713 914;A01;3;10;0;2;1;1;0
536575574;155 713 921;B01;3;10;0;2;1;16;0
536575575;155 713 909;B01;1;1;0;2;0;0;5
536575575;155 713 911;A01;1;7;0;2;0;0;1
536575576;155 713 908;B01;2;7;0;2;2;0;1
536575576;155 713 910;A01;2;32;0;2;1;21;3
536575577;155 713 904;B01;1;15;0;2;4;26;1
536575577;155 713 906;A01;1;10;0;2;1;0;1
536575578;155 713 907;A01;3;7;0;0;1;1;0
536575579;155 713 903;A01;3;17;0;2;6;23;1
536575579;155 713 905;B01;3;13;0;2;2;2;1
536575580;155 713 902;A01;1;1;0;0;0;0;5
536575581;155 713 899;A01;3;7;0;2;3;15;1
536575581;155 713 901;B01;1;34;0;2;1;1;1
536575582;155 713 898;A01;2;7;0;0;0;0;1
536575584;155 713 897;A01;2;7;6;0;0;0;1
536575586;155 713 890;A01;1;7;0;2;3;5;1
536575586;155 713 891;C01;1;7;0;0;8;2;1
536575586;155 713 894;B01;2;10;0;2;3;5;1
536575587;155 713 893;A01;3;7;0;2;8;0;1
536575587;155 713 895;B01;3;2;0;2;1;2;1
536575588;155 713 889;A01;1;32;10;0;1;1;1
536575589;155 713 888;A01;1;17;13;0;1;0;1
536575590;155 713 886;A01;3;7;0;0;1;26;1
536575591;155 713 885;A01;3;32;0;2;1;3;1
536575591;155 713 887;B01;3;7;0;2;3;15;1
536575592;155 713 884;A01;1;7;2;0;1;1;1
536575593;155 713 882;B01;3;99;0;2;0;0;0
536575593;155 713 883;A01;3;7;0;2;1;15;1
536575594;155 713 880;B01;1;17;0;2;1;1;1
536575594;155 713 881;A01;2;7;0;2;8;19;1
536575595;155 713 875;A01;1;7;0;2;0;2;1
536575595;155 713 878;B01;1;50;0;2;0;1;3
536575596;155 713 874;A01;3;7;13;0;4;15;1
536575596;155 713 877;B01;3;10;16;0;1;1;0
536575597;155 713 876;A01;1;7;0;2;8;11;1
536575597;155 713 879;B01;1;32;0;2;2;3;1
536575598;155 713 872;B01;1;1;0;2;3;1;0
536575598;155 713 873;A01;1;7;0;2;2;1;1
536575599;155 713 870;A01;2;7;0;2;7;12;3
536575599;155 713 871;B01;2;7;0;2;8;1;1
536575600;155 713 868;A01;1;7;0;1;2;1;2
536575601;155 713 867;A01;0;7;7;0;1;1;1
536575602;155 713 866;A01;1;7;0;2;1;2;1
536575602;155 713 869;B01;1;7;0;2;4;2;1
536575603;155 713 864;A01;2;7;0;1;1;1;1
536575604;155 713 862;A01;1;33;0;0;8;1;1
536575605;155 713 860;B01;1;7;0;0;6;2;1
536575605;155 713 861;A01;1;33;0;2;1;2;1
536575606;155 713 859;A01;1;7;0;1;1;1;2
536575607;155 713 858;A01;1;7;2;0;6;13;1
536575608;155 713 863;B01;3;10;0;2;7;1;1
536575608;155 713 865;A01;3;30;0;2;1;26;1
536575609;155 713 857;A01;1;7;2;0;1;1;1
536575610;155 713 856;A01;2;1;0;1;1;7;5
536575611;155 713 852;A01;1;7;0;0;0;13;0
536575611;155 713 853;B01;2;2;6;0;9;21;1
536575612;155 713 854;A01;2;7;0;2;2;1;1
536575612;155 713 855;B01;3;60;0;2;0;19;5
536575613;155 713 851;A01;2;32;0;1;3;1;1
536575614;155 713 849;A01;1;7;0;2;5;17;0
536575614;155 713 850;B01;1;7;0;2;3;1;2
536575615;155 713 848;A01;2;7;0;1;3;1;1
536575616;155 713 846;A01;1;7;0;2;1;15;1
536575616;155 713 847;B01;2;7;0;2;1;1;1
536575617;155 713 845;A01;2;7;2;0;2;16;1
536575618;155 713 842;A01;1;2;0;0;0;1;1