Num_Acc;id_vehicule;num_veh;senc;catv;obs;obsm;choc;manv;motor
536575931;155 713 306;A01;2;7;0;2;1;1;2
536575931;155 713 307;B01;2;7;4;2;4;1;1
536575932;155 713 304;B01;2;33;0;2;1;1;1
536575932;155 713 305;A01;1;7;0;2;3;15;2
536575933;155 713 302;B01;1;7;0;2;8;0;1
536575933;155 713 303;A01;1;7;8;0;2;17;1
536575934;155 713 299;C01;2;7;9;2;0;1;1
536575934;155 713 300;A01;1;7;0;2;1;1;1
536575934;155 713 301;B01;2;7;0;2;1;1;1
536575935;155 713 298;A01;1;10;0;1;2;1;1
536575936;155 713 294;A01;3;10;0;2;1;13;1
536575936;155 713 295;B01;3;15;0;2;3;1;1
536575937;155 713 292;B01;2;2;0;2;4;1;1
536575937;155 713 293;A01;2;7;0;2;1;1;1
536575938;155 713 290;A01;3;7;0;2;3;2;1
536575938;155 713 291;B01;1;33;0;2;1;17;1
536575939;155 713 289;A01;1;1;0;0;0;1;5
536575940;155 713 287;A01;2;30;0;2;8;11;0
536575940;155 713 288;B01;2;7;0;2;7;17;0
536575941;155 713 285;A01;1;32;0;2;7;3;1
536575941;155 713 286;B01;1;7;0;2;6;11;1
536575942;155 713 283;B01;1;7;0;2;8;11;1
536575942;155 713 284;A01;1;33;0;2;2;3;1
536575943;155 713 282;A01;2;7;3;0;2;0;1
536575944;155 713 280;A01;1;33;0;2;1;2;1
536575944;155 713 281;B01;1;7;0;2;4;11;1
536575945;155 713 279;Z01;2;33;0;1;3;1;1
536575946;155 713 277;B01;2;2;0;2;1;1;1
536575946;155 713 278;A01;1;10;0;2;2;17;1
536575947;155 713 276;A01;1;1;0;1;1;21;5
536575948;155 713 274;B01;2;50;0;2;1;1;3
536575948;155 713 275;A01;0;10;0;2;3;15;1
536575949;155 713 273;A01;1;37;0;1;7;1;3
536575950;155 713 271;B01;3;10;0;2;2;2;1
536575950;155 713 272;A01;3;31;0;2;6;2;1
536575951;155 713 270;A01;1;10;0;1;4;4;3
536575952;155 713 268;A01;3;60;0;2;3;19;5
536575952;155 713 269;B01;3;7;0;2;2;9;1
536575953;155 713 266;A01;1;31;0;2;7;1;1
536575953;155 713 267;B01;1;10;0;2;6;13;1
536575954;155 713 264;A01;2;1;1;0;3;21;5
536575954;155 713 265;B01;2;7;1;0;7;24;1
536575955;155 713 262;B01;1;31;0;2;3;1;1
536575955;155 713 263;A01;2;10;0;2;2;15;1
536575956;155 713 261;A01;3;7;1;1;1;9;1
536575957;155 713 260;A01;2;7;0;1;6;26;3
536575958;155 713 258;A01;1;7;0;2;8;21;1
536575958;155 713 259;B01;1;2;0;2;2;17;3
536575959;155 713 257;A01;1;33;14;0;3;1;1
536575960;155 713 256;A01;1;1;0;1;1;1;5
536575961;155 713 254;B01;1;1;0;2;8;2;5
536575961;155 713 255;A01;1;7;0;9;2;17;2
536575962;155 713 252;A01;2;2;0;2;2;1;3
536575962;155 713 253;B01;2;1;0;2;4;1;5
536575963;155 713 250;A01;1;1;0;2;7;13;5
536575963;155 713 251;B01;1;1;0;2;8;1;5
536575964;155 713 248;A01;1;1;16;0;4;19;5
536575964;155 713 249;B01;1;1;0;9;1;13;5
536575965;155 713 247;A01;3;7;0;1;1;1;2
536575966;155 713 245;A01;3;80;12;0;2;16;3
536575966;155 713 246;B01;3;60;12;0;3;17;5
536575967;155 713 243;A01;0;10;0;2;1;2;1
536575967;155 713 244;B01;1;7;0;2;4;11;1
536575968;155 713 242;A01;3;7;0;1;1;2;1
536575969;155 713 240;A01;3;7;0;2;3;15;1
536575969;155 713 241;B01;3;80;0;2;1;1;3
536575970;155 713 239;A01;2;30;0;1;1;19;0
536575971;155 713 237;B01;3;7;0;2;0;0;1
536575971;155 713 238;A01;3;7;0;2;0;0;1
536575972;155 713 236;A01;3;7;0;1;3;15;1
536575973;155 713 234;B01;3;50;0;2;8;26;3
536575973;155 713 235;A01;3;7;0;2;1;1;1
536575974;155 713 233;A01;1;7;0;1;3;1;1
536575975;155 713 232;A01;1;7;0;1;3;1;1
536575976;155 713 230;B01;3;33;0;2;1;0;1
536575976;155 713 231;A01;3;0;0;2;3;0;1
536575977;155 713 229;A01;3;7;0;1;4;20;1
536575978;155 713 227;B01;1;7;0;2;7;16;0
536575978;155 713 228;A01;1;32;0;2;3;16;0
536575979;155 713 225;B01;2;40;0;2;1;1;3
536575979;155 713 226;A01;0;10;0;4;6;1;1
536575980;155 713 223;B01;2;2;0;2;3;1;3
536575980;155 713 224;A01;1;7;0;2;5;15;0
536575981;155 713 221;A01;3;7;0;2;4;23;1
536575981;155 713 222;B01;0;10;0;2;1;1;1
536575982;155 713 219;B01;3;10;0;0;3;1;1
536575982;155 713 220;A01;3;7;0;2;3;16;1
536575983;155 713 217;B01;1;7;0;2;3;9;1
536575983;155 713 218;A01;1;80;0;2;2;1;3
536575984;155 713 215;A01;1;7;0;2;1;1;1
536575984;155 713 216;B01;2;7;0;2;2;1;1
536575985;155 713 214;A01;0;7;0;0;1;2;0
536575986;155 713 212;B01;2;7;0;9;4;2;0
536575986;155 713 213;A01;2;30;0;2;1;1;1
536575987;155 713 210;B01;1;37;0;2;4;2;1
536575987;155 713 211;A01;1;7;0;2;1;2;1
536575988;155 713 209;A01;1;7;13;0;1;14;1
536575989;155 713 207;A01;2;33;0;2;1;1;1
536575989;155 713 208;B01;1;7;0;2;3;15;1
536575990;155 713 205;A01;3;7;0;2;1;9;1
536575990;155 713 206;B01;1;21;0;2;2;1;1
536575991;155 713 203;A01;1;7;0;2;1;14;1
536575991;155 713 204;B01;1;17;0;0;4;2;1
536575992;155 713 202;A01;2;7;0;1;2;2;0
536575993;155 713 200;B01;2;10;0;2;3;2;1
536575993;155 713 201;A01;2;21;0;2;2;16;1
536575994;155 713 199;A01;2;15;6;0;1;1;1
536575995;155 713 198;A01;2;2;15;0;2;1;1
536575996;155 713 197;A01;2;7;0;1;2;21;1
536575997;155 713 194;B01;2;7;0;2;1;1;1
536575997;155 713 195;A01;2;7;0;2;3;1;1
536575997;155 713 196;C01;1;7;0;2;3;1;1
536575998;155 713 193;A01;1;7;2;0;1;1;1
536575999;155 713 191;A01;1;7;0;2;3;13;2
536575999;155 713 192;B01;2;7;0;2;3;21;1
536576000;155 713 190;A01;1;7;3;0;2;1;1
536576001;155 713 189;A01;3;7;5;0;6;20;1
536576002;155 713 188;A01;2;7;6;0;1;1;1
536576003;155 713 186;A01;2;7;0;2;4;15;1
536576003;155 713 187;B01;2;7;0;2;2;1;1
536576004;155 713 185;A01;2;7;16;0;1;1;1
536576005;155 713 184;A01;0;36;13;0;0;0;1
536576006;155 713 183;A01;1;3;6;0;1;1;1
536576007;155 713 182;A01;1;15;13;0;1;1;1
536576008;155 713 180;A01;2;7;0;2;2;15;1
536576008;155 713 181;B01;2;32;0;2;3;1;1
536576009;155 713 177;A01;1;7;0;2;1;1;1
536576009;155 713 178;B01;1;7;0;2;6;17;0
536576009;155 713 179;C01;1;32;0;2;1;17;1
536576010;155 713 175;B01;0;2;0;2;1;17;1
536576010;155 713 176;A01;0;7;0;2;8;15;1
536576011;155 713 173;A01;2;10;0;2;1;2;1
536576011;155 713 174;B01;2;15;0;0;4;1;1
536576012;155 713 171;B01;2;2;0;2;1;0;1
536576012;155 713 172;A01;1;10;0;2;2;0;1
536576013;155 713 169;A01;2;7;0;2;1;6;1
536576013;155 713 170;B01;1;7;0;2;1;1;1
536576014;155 713 167;B01;1;14;0;2;3;1;1
536576014;155 713 168;A01;2;14;2;2;3;13;1
536576015;155 713 164;A01;2;7;0;2;1;1;1
536576015;155 713 165;B01;2;7;0;2;1;2;1
536576015;155 713 166;C01;2;7;0;0;4;2;1
536576016;155 713 161;B01;2;7;0;2;8;9;1
536576016;155 713 162;C01;2;7;0;0;4;1;1
536576016;155 713 163;A01;2;7;0;2;7;14;2
536576017;155 713 159;B01;3;2;0;2;8;1;1
536576017;155 713 160;A01;3;32;0;2;8;17;1
536576018;155 713 158;A01;1;7;2;0;3;19;1
536576019;155 713 156;A01;1;7;0;2;3;1;1
536576019;155 713 157;B01;2;10;0;2;3;1;1
536576020;155 713 155;A01;1;7;13;0;2;13;1
536576021;155 713 153;A01;2;7;0;2;1;5;1
536576021;155 713 154;B01;1;7;0;2;1;1;1
536576022;155 713 152;A01;2;10;0;1;2;1;1
536576023;155 713 150;A01;1;7;0;2;2;5;2
536576023;155 713 151;B01;2;7;0;2;3;1;1
536576024;155 713 148;A01;2;2;0;2;8;15;1
536576024;155 713 149;B01;2;7;0;2;7;17;1
536576025;155 713 147;A01;2;7;16;0;9;14;1
536576026;155 713 146;A01;0;7;13;0;0;0;1
536576027;155 713 145;A01;1;7;13;0;0;0;1
536576028;155 713 144;A01;2;7;12;0;1;6;1
536576029;155 713 143;A01;1;7;12;0;2;1;1
536576030;155 713 141;A01;1;7;0;2;8;23;1
536576030;155 713 142;B01;1;7;0;2;1;2;1
536576031;155 713 140;A01;1;7;12;0;1;1;1
536576032;155 713 137;A01;1;7;0;2;1;1;1
536576032;155 713 138;B01;1;7;0;2;5;2;1
536576032;155 713 139;C01;1;7;0;2;4;2;1
536576033;155 713 136;A01;2;7;4;0;3;13;1
536576034;155 713 134;A01;2;7;0;2;1;14;1
536576034;155 713 135;B01;2;7;0;2;4;1;1
536576035;155 713 132;B01;2;33;0;2;4;1;1
536576035;155 713 133;A01;2;0;0;2;1;0;0
536576036;155 713 131;A01;1;7;3;0;2;0;0
536576037;155 713 129;B01;1;10;0;2;6;1;1
536576037;155 713 130;A01;1;33;0;2;1;3;1
536576038;155 713 127;A01;3;30;0;2;3;15;1
536576038;155 713 128;B01;3;7;0;2;3;17;1
536576039;155 713 125;A01;1;30;15;2;3;17;1
536576039;155 713 126;B01;2;7;15;2;3;1;1
536576040;155 713 124;A01;2;7;3;0;3;1;1
536576041;155 713 120;C01;1;7;9;2;1;1;1
536576041;155 713 121;D01;1;50;9;2;1;23;3
536576041;155 713 122;A01;1;7;9;2;1;9;2
536576041;155 713 123;B01;1;7;9;2;4;23;1
536576042;155 713 119;A01;2;35;0;0;8;13;1
536576043;155 713 117;A01;1;7;0;2;2;12;1
536576043;155 713 118;B01;1;32;0;2;8;1;1
536576044;155 713 114;B01;3;7;0;2;7;1;1
536576044;155 713 115;C01;3;7;0;2;1;1;1
536576044;155 713 116;A01;3;10;0;2;3;16;1
536576045;155 713 112;B01;1;7;6;0;2;1;1
536576045;155 713 113;A01;3;15;6;0;5;4;1
536576046;155 713 111;A01;1;32;0;0;1;0;1
536576047;155 713 110;A01;3;7;0;0;7;0;1
536576048;155 713 109;A01;2;3;9;0;1;15;1
536576049;155 713 108;A01;1;7;0;1;2;1;1
536576050;155 713 106;B01;1;7;0;0;3;13;1
536576050;155 713 107;A01;1;1;0;2;7;1;5
536576051;155 713 104;A01;3;14;0;9;4;4;0
536576051;155 713 105;B01;3;1;0;2;1;0;5
536576052;155 713 102;A01;1;7;0;9;1;15;1
536576052;155 713 103;B01;2;50;0;2;1;1;3
536576053;155 713 100;A01;2;30;11;0;0;6;1
536576054;155 713 099;A01;1;7;0;1;1;9;1
536576055;155 713 098;A01;1;10;1;0;2;2;1
536576056;155 713 096;B01;3;7;0;2;1;0;1
536576056;155 713 097;A01;3;7;0;2;1;13;1
536576057;155 713 094;A01;1;7;0;2;1;26;3
536576057;155 713 095;B01;1;32;0;2;4;26;1
536576058;155 713 091;B01;1;1;0;2;3;7;5
536576058;155 713 092;C01;1;1;0;2;3;7;5
536576058;155 713 093;A01;1;7;0;1;1;13;1
536576059;155 713 089;A01;2;7;0;2;1;1;1
536576059;155 713 090;B01;1;50;0;2;7;19;3
536576060;155 713 087;A01;1;7;0;2;8;9;1
536576060;155 713 088;B01;1;32;0;2;1;2;1
536576061;155 713 085;A01;2;31;0;0;8;16;1
536576062;155 713 086;A01;1;7;0;1;1;16;1
536576063;155 713 082;B01;2;7;0;2;3;15;2
536576063;155 713 084;A01;2;33;0;2;1;3;1
536576064;155 713 080;A01;1;7;0;2;4;23;1
536576064;155 713 081;B01;1;7;0;2;4;23;1
536576064;155 713 083;C01;1;7;0;2;1;1;1
536576065;155 713 078;B01;0;7;0;2;7;1;1
536576065;155 713 079;A01;0;1;0;0;1;1;5
536576066;155 713 076;B01;2;7;0;2;2;16;1
536576066;155 713 077;A01;2;7;4;0;8;0;1
536576067;155 713 074;B01;3;7;0;2;2;15;1
536576067;155 713 075;A01;3;10;0;2;3;1;1
536576068;155 713 073;A01;1;7;0;1;1;15;1
536576069;155 713 070;A01;3;7;0;2;0;0;0
536576069;155 713 072;B01;1;1;0;2;0;0;5
536576070;155 713 071;A01;2;7;2;0;2;1;1
536576071;155 713 067;A01;1;7;0;2;2;15;1
536576071;155 713 068;B01;2;2;0;2;1;1;1
536576072;155 713 066;A01;3;7;0;2;1;1;1
536576072;155 713 069;B01;3;7;0;2;4;23;1
536576073;155 713 063;A01;2;7;0;1;2;1;1
536576074;155 713 064;B01;1;1;0;2;1;2;5
536576074;155 713 065;A01;1;10;0;2;5;16;1
536576075;155 713 062;A01;1;7;0;0;9;13;1
536576076;155 713 060;B01;1;7;0;2;3;21;0
536576076;155 713 061;A01;2;7;0;2;3;0;1
536576077;155 713 059;A01;1;7;0;1;7;14;1
536576078;155 713 057;A01;2;7;0;2;3;1;1
536576078;155 713 058;B01;1;2;1;2;1;17;1
536576079;155 713 056;A01;2;7;0;1;1;9;1
536576080;155 713 054;A01;1;7;13;0;2;1;1
536576081;155 713 055;A01;3;10;0;1;3;21;1
536576082;155 713 053;A01;1;7;0;1;2;1;1
536576083;155 713 052;A01;1;7;0;1;1;1;1
536576084;155 713 049;A01;1;33;0;2;7;17;1
536576084;155 713 051;B01;1;7;0;2;6;26;1
536576085;155 713 050;A01;3;10;0;1;2;15;1
536576086;155 713 048;A01;1;1;0;1;1;1;5
536576087;155 713 044;A01;1;7;0;2;3;9;2
536576087;155 713 047;B01;2;2;0;2;1;1;1
536576088;155 713 043;B01;2;50;0;2;1;1;3
536576088;155 713 046;G01;3;1;0;2;1;5;5
536576089;155 713 042;A01;2;7;0;2;7;15;1
536576089;155 713 045;B01;1;7;0;2;1;1;1
536576090;155 713 039;B01;2;50;0;2;3;1;3
536576090;155 713 041;A01;1;7;0;2;3;15;1
536576091;155 713 038;A01;2;33;0;2;1;19;1
536576091;155 713 040;B01;2;50;0;2;1;5;3
536576092;155 713 035;A01;1;7;0;2;3;1;1
536576092;155 713 037;B01;1;2;0;2;1;1;1
536576093;155 713 033;B01;2;37;0;2;2;7;4
536576093;155 713 036;A01;2;7;0;2;8;15;2
536576094;155 713 032;A01;1;7;0;2;3;22;1
536576094;155 713 034;B01;0;80;1;2;2;2;3
536576095;155 713 030;B01;1;7;0;9;2;9;2
536576095;155 713 031;A01;2;1;0;2;6;0;5
536576096;155 713 028;A01;2;10;0;1;1;26;1
536576097;155 713 029;A01;1;7;13;0;1;13;1
536576098;155 713 026;A01;1;7;0;9;4;4;2
536576098;155 713 027;B01;3;1;0;2;8;19;5
536576099;155 713 023;A01;1;7;8;0;1;1;1
536576100;155 713 022;B01;2;7;0;2;7;15;1
536576100;155 713 025;A01;1;33;0;2;1;8;1
536576101;155 713 021;B01;1;33;0;2;1;3;1
536576101;155 713 024;A01;1;10;0;2;8;15;1
536576102;155 713 018;B01;2;7;0;0;7;23;1
536576102;155 713 020;A01;1;30;0;2;1;1;3
536576103;155 713 015;B01;1;32;0;2;1;1;1
536576103;155 713 017;A01;1;7;0;2;3;10;1
536576104;155 713 014;C01;3;7;0;2;4;23;1
536576104;155 713 016;B01;3;7;0;2;4;23;1
536576104;155 713 019;A01;3;7;0;2;1;1;1
536576105;155 713 013;B01;1;40;0;2;0;1;3
536576106;155 713 011;A01;1;34;0;1;1;18;1
536576107;155 713 007;A01;2;7;0;2;8;16;1
536576107;155 713 008;B01;2;7;0;2;1;1;1
536576108;155 713 006;A01;1;7;0;2;8;9;1
536576108;155 713 009;B01;3;33;0;2;2;21;1
536576109;155 713 004;A01;2;7;0;1;2;1;1
536576110;155 713 003;B01;2;80;0;2;3;19;3
536576110;155 713 005;A01;1;43;0;2;1;1;1
536576111;155 713 000;B01;3;7;0;2;5;2;1
536576111;155 713 002;A01;3;31;0;2;1;2;1
536576112;155 712 999;A01;3;14;0;2;8;15;1
536576112;155 713 001;B01;3;7;0;2;8;21;1
536576113;155 712 998;A01;3;7;2;0;1;1;1
536576114;155 712 997;Z01;2;0;0;1;1;1;0
536576115;155 712 996;A01;3;7;0;1;3;1;1
536576116;155 712 994;A01;3;7;0;1;2;1;1
536576117;155 712 993;A01;2;50;0;1;1;25;3
536576118;155 712 989;B01;2;1;0;2;7;1;5
536576118;155 712 991;A01;2;7;0;2;3;15;1
536576119;155 712 988;B01;1;1;0;2;8;1;5
536576119;155 712 990;A01;1;7;0;2;2;1;1
536576120;155 712 987;A01;2;10;12;0;2;1;1
536576121;155 712 985;A01;1;10;0;2;6;15;1
536576121;155 712 986;B01;1;33;0;2;2;1;1
536576122;155 712 982;A01;2;3;8;0;2;1;1
536576123;155 712 981;A01;2;30;0;2;1;16;1
536576123;155 712 984;B01;2;7;0;2;2;15;1
536576124;155 712 980;A01;3;7;0;9;3;15;1
536576124;155 712 983;B01;0;1;0;2;6;19;5
536576125;155 712 979;A01;3;7;0;1;3;1;1
536576126;155 712 978;A01;1;7;0;1;2;1;1
536576127;155 712 975;B01;1;50;0;2;1;13;3
536576127;155 712 977;A01;2;30;0;2;1;21;1
536576128;155 712 973;A01;1;7;0;2;0;0;1
536576128;155 712 976;B01;2;32;0;2;1;0;1
536576129;155 712 974;A01;1;7;0;1;1;15;1
536576130;155 712 970;A01;3;7;0;1;8;1;1
536576131;155 712 969;A01;1;7;0;1;0;1;0
536576132;155 712 968;B01;2;1;0;2;8;5;5
536576132;155 712 972;A01;1;7;0;2;1;9;1
536576133;155 712 971;A01;1;10;0;1;1;1;1
536576134;155 712 967;A01;2;7;0;1;1;1;1
536576135;155 712 963;A01;2;7;0;0;9;17;1
536576136;155 712 962;B01;1;7;0;2;3;10;1
536576136;155 712 966;A01;1;33;0;2;1;17;1
536576137;155 712 960;B01;3;31;0;2;8;1;1
536576137;155 712 965;A01;3;7;0;2;1;10;1
536576138;155 712 961;B01;3;30;0;2;2;1;1
536576138;155 712 964;A01;3;7;0;2;3;20;1
536576139;155 712 959;A01;2;50;0;0;1;1;3
536576140;155 712 958;A01;2;7;1;0;2;13;1
536576141;155 712 956;A01;1;7;0;2;1;1;1
536576142;155 712 955;B01;0;7;0;2;4;2;1
536576142;155 712 957;A01;0;7;0;2;1;2;1
536576143;155 712 953;A01;1;7;0;1;3;1;1
536576144;155 712 951;A01;1;7;0;2;1;13;1
536576144;155 712 954;B01;2;7;0;2;1;1;1
536576145;155 712 950;A01;2;7;0;2;1;2;1
536576145;155 712 952;B01;3;7;0;2;8;16;0
536576146;155 712 944;A01;3;7;1;0;2;1;1
536576147;155 712 943;A01;0;7;0;2;3;9;1
536576147;155 712 949;B01;0;1;0;2;7;1;5
536576148;155 712 945;B01;2;7;0;2;3;1;1
536576148;155 712 947;A01;1;7;0;2;1;15;1
536576149;155 712 942;A01;2;10;0;2;7;1;1
536576149;155 712 946;B01;2;7;0;2;8;1;1
536576149;155 712 948;C01;2;7;0;2;8;1;1
536576150;155 712 939;A01;1;7;4;0;1;1;1
536576152;155 712 937;A01;1;7;0;4;6;15;1
536576152;155 712 941;B01;1;40;0;2;1;1;3
536576153;155 712 936;B01;3;7;0;2;5;9;2
536576153;155 712 940;A01;3;7;0;2;1;1;1
536576154;155 712 932;A01;1;7;0;2;8;10;1
536576154;155 712 934;B01;1;31;0;2;1;1;3
536576155;155 712 933;A01;3;7;0;2;1;15;1
536576155;155 712 935;B01;3;7;0;2;3;1;1
536576156;155 712 930;A01;2;33;0;1;1;1;1
536576157;155 712 929;A01;3;7;1;2;1;1;1
536576157;155 712 931;B01;3;7;0;2;2;1;1
536576158;155 712 928;A01;2;7;6;0;2;1;1
536576159;155 712 926;A01;1;7;0;1;3;1;1
536576160;155 712 927;A01;2;7;0;1;2;15;1
536576161;155 712 924;A01;2;7;0;2;8;15;1
536576161;155 712 925;B01;2;99;0;2;1;1;0
536576162;155 712 921;A01;1;7;0;2;1;9;1
536576162;155 712 923;B01;1;50;0;2;7;19;3
536576163;155 712 920;A01;1;34;0;1;1;1;1
536576164;155 712 919;B01;2;33;0;2;1;1;1
536576164;155 712 922;A01;1;7;0;2;2;15;0
536576165;155 712 917;A01;1;7;0;2;1;1;2
536576165;155 712 918;B01;3;7;0;2;8;1;1
536576166;155 712 914;B01;3;1;0;2;0;0;5
536576166;155 712 916;A01;3;30;0;2;5;16;1
536576167;155 712 911;B01;3;7;0;4;3;1;1
536576167;155 712 915;A01;3;40;0;2;2;1;3
536576168;155 712 912;A01;1;80;0;2;4;1;3
536576168;155 712 913;Z01;1;31;0;2;1;1;0
536576169;155 712 910;A01;1;7;0;1;2;16;2
536576170;155 712 908;A01;1;10;0;2;8;19;1
536576170;155 712 909;B01;1;33;0;2;1;0;1
536576171;155 712 907;A01;3;7;4;0;1;1;1
536576172;155 712 905;A01;2;30;9;0;1;2;1
536576173;155 712 904;A01;1;7;0;2;2;1;1
536576173;155 712 906;B01;1;50;0;2;5;1;3
536576174;155 712 902;A01;0;31;0;0;3;1;3
536576175;155 712 901;A01;1;7;0;2;1;1;1
536576175;155 712 903;B01;2;1;0;2;1;5;5
536576176;155 712 899;A01;3;7;0;2;5;15;1
536576176;155 712 900;B01;3;30;0;2;1;18;1
536576177;155 712 898;A01;3;7;0;1;1;20;1
536576178;155 712 897;A01;2;7;0;1;2;17;1
536576179;155 712 895;B01;3;7;0;2;3;1;1
536576179;155 712 896;A01;3;7;0;2;1;13;2
536576180;155 712 894;A01;2;1;0;0;0;2;5
536576181;155 712 892;A01;3;7;0;2;8;22;1
536576181;155 712 893;B01;3;1;1;0;7;21;5
536576182;155 712 887;B01;3;30;0;2;7;19;0
536576182;155 712 890;A01;3;7;0;2;3;1;0
536576183;155 712 886;A01;1;10;0;2;1;1;1
536576183;155 712 889;B01;2;7;0;2;8;1;1
536576184;155 712 884;A01;2;7;0;0;1;1;1
536576185;155 712 883;B01;2;7;0;2;4;23;1
536576185;155 712 885;C01;2;7;0;2;4;23;1
536576185;155 712 888;D01;2;7;0;2;4;23;1
536576185;155 712 891;A01;2;7;0;2;1;1;1
536576186;155 712 882;A01;2;7;2;0;1;1;1
536576187;155 712 879;A01;2;2;0;0;9;1;1
536576188;155 712 878;A01;0;7;0;2;3;9;1
536576188;155 712 881;B01;0;7;0;2;1;0;1
536576189;155 712 876;A01;2;10;0;2;1;26;1
536576189;155 712 880;B01;3;7;0;2;6;1;1
536576190;155 712 877;A01;1;7;6;0;1;26;1
536576191;155 712 873;A01;3;7;15;0;2;0;2
536576192;155 712 871;B01;2;2;0;2;1;1;1
536576192;155 712 874;A01;3;7;0;2;8;9;1
536576193;155 712 870;B01;0;7;0;2;1;1;1
536576193;155 712 875;A01;2;7;0;2;8;1;1
536576194;155 712 867;A01;2;99;0;2;1;2;1
536576194;155 712 869;C01;3;7;0;2;4;2;1
536576194;155 712 872;B01;2;10;0;2;4;2;1
536576195;155 712 866;B01;1;2;0;2;1;17;1
536576195;155 712 868;A01;2;7;0;2;3;15;1
536576196;155 712 862;A01;2;2;0;2;9;1;1
536576196;155 712 865;B01;1;7;0;2;6;1;1
536576197;155 712 861;B01;3;50;0;2;0;0;3
536576197;155 712 863;A01;1;0;0;2;0;0;0
536576198;155 712 860;B01;1;10;0;2;5;2;1
536576198;155 712 864;A01;1;7;3;2;1;2;1
536576199;155 712 857;B01;2;32;0;2;1;1;1
536576199;155 712 859;A01;2;7;0;2;3;2;1
536576200;155 712 856;A01;2;1;0;2;1;9;5
536576200;155 712 858;B01;1;10;0;2;6;15;1
536576201;155 712 854;A01;2;7;13;0;1;0;1
536576202;155 712 855;A01;1;7;0;1;1;1;1
536576203;155 712 852;A01;0;7;0;2;1;1;1
536576203;155 712 853;B01;0;7;0;2;4;1;1
536576204;155 712 850;A01;1;7;0;0;1;0;1
536576205;155 712 851;A01;1;7;1;5;2;21;1
536576206;155 712 849;A01;2;7;13;0;1;0;1
536576207;155 712 842;B01;2;17;0;0;4;1;1
536576207;155 712 846;A01;2;10;0;2;1;2;1
536576208;155 712 840;A01;1;10;0;2;1;1;0
536576208;155 712 844;B01;1;7;0;2;4;23;1
536576208;155 712 848;C01;1;7;0;2;4;23;1
536576209;155 712 841;B01;1;50;0;2;1;1;3
536576209;155 712 845;A01;2;7;0;2;2;15;1
536576210;155 712 835;A01;2;33;0;2;2;17;1
536576210;155 712 838;B01;2;7;0;2;3;11;2
536576211;155 712 837;B01;3;33;0;2;5;1;1
536576211;155 712 839;A01;3;33;0;2;3;1;1
536576212;155 712 834;A01;1;1;0;2;4;1;5
536576212;155 712 836;B01;1;7;0;2;2;1;2
536576213;155 712 833;A01;1;32;11;0;8;14;1
536576214;155 712 830;A01;1;7;6;0;2;0;1
536576215;155 712 829;B01;2;10;0;0;0;1;1
536576215;155 712 832;C01;1;7;0;9;3;1;1
536576216;155 712 828;A01;2;1;0;2;3;1;5
536576216;155 712 831;B01;2;13;0;2;6;23;1
536576217;155 712 824;A01;1;7;0;2;1;1;1
536576217;155 712 827;B01;1;7;0;2;3;16;1
536576218;155 712 823;A01;1;2;0;2;7;15;1
536576218;155 712 825;B01;2;7;0;2;1;1;1
536576219;155 712 822;B01;2;50;0;2;2;9;3
536576219;155 712 826;A01;2;15;0;9;6;9;1
536576220;155 712 819;A01;2;7;2;0;3;14;1
536576221;155 712 817;B01;2;7;0;1;6;23;1
536576221;155 712 821;A01;1;7;0;1;3;1;1
536576222;155 712 815;A01;2;10;0;2;1;2;1
536576222;155 712 818;B01;2;10;0;2;4;2;1
536576222;155 712 820;C01;2;7;0;2;4;2;1
536576223;155 712 814;A01;1;15;7;0;6;13;1
536576223;155 712 816;B01;2;7;0;9;1;1;1
536576224;155 712 813;A01;1;1;0;1;1;1;5
536576225;155 712 809;B01;1;7;0;2;6;1;1
536576225;155 712 812;A01;1;10;0;2;2;17;1
536576226;155 712 806;A01;1;7;0;2;4;23;1
536576226;155 712 807;B01;1;7;0;2;4;23;1
536576226;155 712 808;C01;1;7;0;2;1;1;1
536576226;155 712 810;D01;1;10;0;2;4;1;1
536576227;155 712 805;B01;3;7;8;2;1;1;1
536576227;155 712 811;A01;3;3;0;2;5;15;3
536576228;155 712 802;A01;1;7;13;0;1;1;1
536576229;155 712 799;A01;2;7;0;2;3;13;1
536576229;155 712 803;B01;1;10;0;2;3;1;1
536576229;155 712 804;C01;1;7;0;2;3;1;1
536576230;155 712 797;A01;1;7;0;2;3;1;1
536576230;155 712 800;B01;3;7;0;2;6;15;1
536576231;155 712 798;A01;2;7;0;2;3;15;2
536576231;155 712 801;B01;2;32;0;2;8;0;1
536576232;155 712 796;A01;2;33;0;5;2;2;1
536576233;155 712 794;A01;2;7;0;2;3;0;1
536576233;155 712 795;B01;1;7;0;2;3;1;1
536576234;155 712 793;A01;2;7;4;0;1;19;1
536576235;155 712 789;A01;2;7;8;0;3;13;1
536576236;155 712 787;A01;2;7;0;2;1;2;2
536576236;155 712 792;B01;2;7;0;2;4;1;1
536576237;155 712 786;A01;1;33;0;2;1;17;1
536576237;155 712 788;B01;1;7;0;2;6;15;1
536576238;155 712 785;A01;2;1;0;0;0;1;5
536576239;155 712 784;A01;3;7;2;0;3;0;3
536576240;155 712 782;B01;2;7;0;2;4;1;1
536576240;155 712 783;A01;2;33;0;2;1;1;1
536576241;155 712 778;A01;1;33;0;2;1;0;0
536576241;155 712 781;B01;2;7;0;2;3;0;1
536576242;155 712 776;B01;1;30;0;2;1;1;1