Num_Acc;id_vehicule;num_veh;senc;catv;obs;obsm;choc;manv;motor
536576242;155 712 779;A01;1;7;0;9;3;10;1
536576243;155 712 774;A01;3;7;0;2;1;1;1
536576243;155 712 775;B01;3;1;0;2;5;19;5
536576244;155 712 772;A01;1;7;2;0;1;13;1
536576245;155 712 771;A01;1;33;7;0;1;17;1
536576246;155 712 770;A01;1;31;0;2;1;0;1
536576246;155 712 773;B01;2;7;0;2;1;0;1
536576247;155 712 769;A01;1;7;5;0;2;1;1
536576248;155 712 768;A01;1;7;0;1;1;1;1
536576249;155 712 767;A01;0;7;0;1;1;17;2
536576250;155 712 765;A01;2;34;0;2;1;5;0
536576250;155 712 766;B01;1;7;0;2;2;1;0
536576251;155 712 764;A01;2;33;15;0;0;1;1
536576252;155 712 763;A01;2;7;13;0;2;1;1
536576253;155 712 762;A01;3;50;0;1;0;1;3
536576254;155 712 761;Z01;2;2;0;1;0;26;0
536576255;155 712 760;A01;2;7;7;0;9;1;1
536576256;155 712 755;A01;2;33;3;2;7;17;1
536576256;155 712 757;B01;1;7;0;2;1;1;1
536576257;155 712 754;A01;2;33;0;2;1;1;1
536576257;155 712 756;B01;2;7;0;0;4;1;1
536576258;155 712 752;A01;3;2;0;0;9;1;1
536576259;155 712 751;A01;2;7;0;2;1;1;1
536576259;155 712 753;B01;2;7;0;2;4;1;1
536576260;155 712 749;A01;3;7;0;2;1;15;1
536576260;155 712 750;B01;1;34;0;2;1;1;1
536576261;155 712 747;A01;3;7;0;2;1;9;1
536576261;155 712 748;B01;1;7;0;2;1;1;1
536576262;155 712 746;A01;1;7;2;0;1;0;1
536576263;155 712 745;A01;3;7;1;0;4;4;1
536576264;155 712 744;A01;3;7;10;0;1;1;1
536576265;155 712 742;A01;1;7;2;0;3;0;1
536576266;155 712 739;G01;2;60;0;2;0;19;5
536576266;155 712 741;A01;1;7;0;9;7;1;1
536576267;155 712 740;B01;1;10;0;2;2;9;1
536576267;155 712 743;A01;1;33;0;2;1;1;1
536576268;155 712 736;B01;2;7;0;2;1;1;1
536576268;155 712 738;A01;1;7;0;2;1;13;1
536576269;155 712 735;A01;1;7;0;1;2;1;1
536576270;155 712 734;A01;3;7;0;2;3;13;1
536576270;155 712 737;B01;3;7;0;2;5;23;1
536576271;155 712 732;A01;2;7;0;2;1;1;1
536576271;155 712 733;B01;1;7;0;2;1;13;1
536576272;155 712 731;A01;1;10;0;1;4;4;1
536576273;155 712 727;A01;2;7;0;9;4;1;1
536576273;155 712 729;B01;2;17;0;2;1;1;1
536576274;155 712 724;A01;1;7;0;2;2;26;1
536576274;155 712 726;B01;2;32;0;2;8;1;1
536576275;155 712 723;D01;1;7;0;2;2;1;1
536576275;155 712 725;C01;2;7;0;0;1;1;0
536576275;155 712 728;B01;2;7;0;0;8;2;1
536576275;155 712 730;A01;1;7;8;0;1;1;1
536576276;155 712 722;A01;2;7;2;0;1;1;1
536576277;155 712 721;A01;1;7;16;0;2;14;1
536576278;155 712 720;A01;1;7;0;1;8;1;1
536576279;155 712 719;Z01;1;7;0;1;0;26;0
536576280;155 712 718;A01;2;7;0;1;2;1;1
536576281;155 712 715;A01;2;7;0;2;8;19;1
536576281;155 712 716;B01;1;7;0;2;2;19;1
536576282;155 712 714;A01;0;7;0;2;3;0;1
536576282;155 712 717;B01;2;7;0;2;2;1;1
536576283;155 712 712;B01;3;50;0;2;7;19;3
536576283;155 712 713;A01;3;37;0;2;1;1;0
536576284;155 712 711;A01;0;7;0;1;1;0;1
536576285;155 712 709;A01;1;7;2;0;8;1;0
536576286;155 712 708;B01;2;10;0;2;1;21;1
536576286;155 712 710;A01;2;2;0;2;8;1;1
536576287;155 712 706;A01;1;7;0;1;8;1;1
536576288;155 712 704;A01;2;7;0;1;1;1;1
536576289;155 712 702;B01;2;7;0;2;8;1;1
536576289;155 712 707;Z01;2;7;0;2;1;1;0
536576290;155 712 700;A01;0;7;0;2;3;0;0
536576290;155 712 703;B01;3;32;0;2;1;1;1
536576291;155 712 698;A01;1;7;0;2;1;1;1
536576291;155 712 701;B01;2;7;0;2;1;1;1
536576292;155 712 699;A01;2;7;13;0;1;12;1
536576293;155 712 694;A01;2;7;4;0;3;2;1
536576294;155 712 693;A01;1;32;9;2;1;21;1
536576294;155 712 697;B01;2;7;0;2;3;15;1
536576295;155 712 690;C01;1;7;0;2;1;2;2
536576295;155 712 691;D01;1;7;0;2;1;2;1
536576295;155 712 695;A01;1;7;14;0;1;1;1
536576295;155 712 696;B01;1;7;0;2;1;2;1
536576296;155 712 689;A01;2;7;0;2;3;15;2
536576296;155 712 692;B01;1;7;6;0;9;1;2
536576297;155 712 686;A01;2;7;0;2;3;1;1
536576297;155 712 688;B01;1;7;0;2;3;5;1
536576298;155 712 684;A01;0;7;0;2;2;16;1
536576298;155 712 687;B01;0;1;0;2;1;21;5
536576299;155 712 682;B01;1;15;0;2;4;23;1
536576299;155 712 685;A01;1;7;1;0;1;1;1
536576300;155 712 681;A01;1;7;0;2;5;15;1
536576300;155 712 683;B01;3;1;0;2;1;5;5
536576301;155 712 673;A01;2;7;1;2;2;14;1
536576301;155 712 676;B01;2;7;0;2;6;23;1
536576301;155 712 679;C01;2;7;0;2;2;21;1
536576302;155 712 674;A01;2;7;0;2;1;1;1
536576302;155 712 677;B01;2;7;0;2;1;1;1
536576302;155 712 680;C01;2;7;0;2;4;1;2
536576303;155 712 672;A01;3;7;0;0;8;1;1
536576303;155 712 678;B01;3;50;0;2;1;19;3
536576304;155 712 671;B01;2;50;0;2;2;1;3
536576304;155 712 675;A01;1;7;0;2;1;1;1
536576305;155 712 669;A01;1;50;8;0;1;2;3
536576306;155 712 668;A01;2;10;0;2;2;1;1
536576306;155 712 670;B01;2;17;0;2;4;1;1
536576307;155 712 663;A01;2;7;4;0;1;0;1
536576307;155 712 666;B01;2;7;4;0;0;21;1
536576307;155 712 667;C01;2;7;4;0;1;21;1
536576308;155 712 662;A01;3;7;0;2;2;16;1
536576308;155 712 664;B01;3;1;0;2;0;0;5
536576309;155 712 660;B01;3;33;0;2;7;1;1
536576309;155 712 665;A01;1;10;0;2;3;9;1
536576310;155 712 659;A01;1;7;0;2;3;13;1
536576310;155 712 661;B01;2;7;0;2;3;0;1
536576311;155 712 658;A01;2;15;4;0;2;1;1
536576312;155 712 656;A01;3;7;0;9;8;16;1
536576312;155 712 657;B01;3;1;0;2;1;1;5
536576313;155 712 654;A01;1;30;0;0;8;2;1
536576314;155 712 653;A01;1;7;0;1;1;15;1
536576315;155 712 650;Z01;2;17;0;1;3;1;1
536576316;155 712 648;A01;1;7;0;2;1;2;1
536576316;155 712 651;B01;1;7;0;2;4;2;1
536576316;155 712 652;C01;1;7;0;2;4;2;2
536576317;155 712 647;B01;2;7;0;2;6;1;1
536576317;155 712 649;A01;1;2;0;2;1;13;1
536576318;155 712 643;A01;2;7;0;2;1;1;1
536576318;155 712 645;B01;2;7;0;0;4;1;1
536576319;155 712 641;A01;1;33;0;2;1;2;1
536576319;155 712 644;B01;1;7;0;2;4;2;2
536576320;155 712 646;A01;2;7;0;2;1;1;1
536576320;155 712 655;B01;1;7;0;2;3;15;1
536576321;155 712 637;B01;3;33;0;2;2;17;1
536576321;155 712 640;A01;3;7;0;2;3;13;1
536576322;155 712 636;B01;2;7;0;2;8;11;2
536576322;155 712 638;A01;2;31;0;2;7;3;1
536576323;155 712 632;B01;0;33;0;2;1;1;1
536576323;155 712 635;A01;3;7;0;2;2;12;2
536576324;155 712 630;A01;1;1;0;2;1;2;5
536576324;155 712 633;B01;1;7;0;0;4;23;1
536576325;155 712 629;A01;1;10;0;2;1;1;1
536576325;155 712 634;B01;1;7;0;2;7;1;1
536576326;155 712 628;A01;1;34;4;0;8;1;1
536576327;155 712 631;A01;1;33;13;0;1;0;1
536576328;155 712 626;A01;2;7;0;0;5;1;1
536576328;155 712 627;B01;2;34;0;2;3;2;1
536576329;155 712 625;A01;2;43;0;1;1;17;1
536576330;155 712 622;A01;1;1;0;0;0;26;5
536576331;155 712 620;B01;2;7;0;2;1;1;1
536576331;155 712 623;A01;1;10;0;2;1;13;1
536576332;155 712 619;B01;2;14;0;2;3;1;1
536576332;155 712 621;A01;1;7;0;2;3;13;1
536576333;155 712 618;Z01;1;7;0;1;1;1;1
536576334;155 712 617;B01;2;7;0;2;2;1;1
536576334;155 712 624;A01;2;33;8;2;1;18;1
536576335;155 712 616;A01;2;7;13;0;3;1;1
536576336;155 712 611;Z01;2;7;0;2;4;1;0
536576336;155 712 614;A01;2;34;0;2;1;1;1
536576337;155 712 610;B01;0;7;0;9;5;16;1
536576337;155 712 612;A01;3;1;0;2;1;1;5
536576338;155 712 615;A01;3;7;0;1;7;1;0
536576339;155 712 607;A01;1;37;1;0;7;12;1
536576339;155 712 609;B01;1;13;0;2;7;23;1
536576340;155 712 605;B01;2;7;0;2;1;1;1
536576340;155 712 608;A01;2;7;0;2;1;15;1
536576341;155 712 603;B01;2;7;0;2;3;9;1
536576341;155 712 606;A01;2;7;0;2;1;1;1
536576342;155 712 600;A01;2;15;0;2;2;1;1
536576342;155 712 602;B01;1;3;0;2;1;11;1
536576343;155 712 601;A01;2;7;0;0;1;13;1
536576343;155 712 604;B01;1;7;0;0;1;1;1
536576344;155 712 597;A01;0;30;0;2;0;0;1
536576344;155 712 599;B01;0;7;0;2;0;0;1
536576345;155 712 593;A01;2;33;0;2;8;3;1
536576345;155 712 594;B01;2;7;0;2;2;1;1
536576345;155 712 596;C01;2;7;0;2;6;1;1
536576346;155 712 592;B01;1;7;0;2;2;1;1
536576346;155 712 595;A01;1;7;0;2;1;1;1
536576347;155 712 588;B01;1;7;0;2;2;1;1
536576347;155 712 591;C01;1;7;0;2;6;1;1
536576347;155 712 598;A01;1;7;0;2;2;2;1
536576348;155 712 586;A01;2;7;0;2;3;1;1
536576348;155 712 589;B01;2;7;0;2;2;14;1
536576349;155 712 585;A01;1;15;0;2;3;1;1
536576349;155 712 587;B01;1;34;0;2;1;17;1
536576350;155 712 590;A01;3;7;1;0;1;13;1
536576351;155 712 584;A01;1;7;4;0;1;1;1
536576352;155 712 581;B01;2;7;0;2;1;1;3
536576352;155 712 582;A01;1;7;0;2;1;13;1
536576353;155 712 580;A01;2;31;0;2;3;16;1
536576353;155 712 583;B01;1;7;0;2;7;15;1
536576354;155 712 578;A01;2;33;3;0;0;12;1
536576355;155 712 579;A01;3;30;0;0;0;1;1
536576356;155 712 576;A01;2;33;4;0;7;1;1
536576357;155 712 574;A01;1;7;0;2;6;12;3
536576357;155 712 577;B01;1;43;0;2;8;1;1
536576358;155 712 575;A01;0;7;0;2;1;2;1
536576359;155 712 573;A01;3;33;8;0;8;1;1
536576360;155 712 572;A01;1;7;0;1;1;26;1
536576361;155 712 568;A01;1;7;9;0;2;1;1
536576362;155 712 569;A01;2;33;0;2;1;21;1
536576362;155 712 571;B01;2;7;0;0;6;1;1
536576363;155 712 566;A01;2;7;0;2;1;2;1
536576363;155 712 570;B01;2;7;13;0;4;2;1
536576364;155 712 565;A01;1;7;0;2;5;1;1
536576364;155 712 567;B01;3;7;0;2;1;9;1
536576365;155 712 562;B01;1;10;0;2;5;12;1
536576365;155 712 563;A01;1;32;0;2;8;18;1
536576366;155 712 561;B01;1;2;0;2;1;1;1
536576366;155 712 564;A01;2;7;0;2;1;15;1
536576367;155 712 558;A01;2;7;0;2;1;2;1
536576367;155 712 559;B01;2;7;0;1;4;2;1
536576368;155 712 557;B01;3;7;0;2;3;16;1
536576368;155 712 560;A01;1;7;0;2;2;26;1
536576369;155 712 556;A01;3;10;0;1;3;1;1
536576370;155 712 555;A01;1;7;13;0;1;1;1
536576371;155 712 552;A01;1;10;1;0;2;1;1
536576371;155 712 554;B01;3;7;1;0;6;24;1
536576372;155 712 551;A01;1;31;0;0;0;26;1
536576373;155 712 550;B01;2;7;0;2;8;15;2
536576373;155 712 553;A01;2;2;0;2;2;17;3
536576374;155 712 548;A01;2;7;13;0;1;1;1
536576375;155 712 547;B01;2;10;0;2;7;15;1
536576375;155 712 549;A01;1;7;0;2;1;1;1
536576376;155 712 544;A01;3;7;0;2;1;26;0
536576376;155 712 546;B01;3;1;0;2;1;26;5
536576377;155 712 543;A01;1;50;0;0;0;0;3
536576378;155 712 542;B01;1;2;0;2;1;0;1
536576378;155 712 545;A01;1;7;0;0;5;0;1
536576379;155 712 540;A01;2;10;0;2;5;15;1
536576379;155 712 541;B01;2;34;0;2;3;1;0
536576380;155 712 535;B01;1;1;0;2;1;1;5
536576380;155 712 538;A01;2;7;0;2;3;1;1
536576381;155 712 534;A01;1;7;0;2;1;2;1
536576381;155 712 537;B01;1;7;0;2;4;2;1
536576381;155 712 539;C01;1;7;0;2;1;2;3
536576382;155 712 532;A01;1;7;0;2;3;1;1
536576382;155 712 536;B01;1;7;0;2;2;1;1
536576383;155 712 533;A01;1;10;0;1;1;15;1
536576384;155 712 528;B01;1;7;0;2;6;1;1
536576384;155 712 530;A01;1;10;0;2;1;9;1
536576385;155 712 526;B01;1;7;0;2;2;15;1
536576385;155 712 531;A01;1;2;0;2;1;1;1
536576386;155 712 527;A01;1;33;0;2;1;1;1
536576386;155 712 529;B01;2;7;0;2;2;15;1
536576387;155 712 524;A01;1;30;0;2;8;16;1
536576387;155 712 525;B01;1;7;0;2;2;16;2
536576388;155 712 523;A01;2;33;16;0;8;0;1
536576389;155 712 518;A01;3;3;0;2;4;23;1
536576389;155 712 520;B01;1;10;0;2;1;2;1
536576390;155 712 515;A01;2;7;0;2;1;1;3
536576390;155 712 521;B01;1;7;0;2;1;1;1
536576391;155 712 516;A01;1;7;0;2;1;7;1
536576391;155 712 522;B01;2;7;0;2;2;16;1
536576392;155 712 510;B01;2;50;0;2;7;0;3
536576392;155 712 513;A01;1;7;0;2;1;2;1
536576393;155 712 511;A01;3;2;12;0;1;1;1
536576394;155 712 509;A01;3;7;0;1;1;1;1
536576395;155 712 512;D01;2;7;0;2;4;2;1
536576395;155 712 514;C01;2;7;0;2;6;23;1
536576395;155 712 517;A01;2;7;0;2;1;2;1
536576395;155 712 519;B01;2;7;0;2;8;1;1
536576396;155 712 506;A01;1;7;0;2;1;1;1
536576396;155 712 508;B01;1;7;0;2;4;0;1
536576397;155 712 503;A01;1;99;0;2;3;26;1
536576397;155 712 507;B01;1;7;0;2;7;1;1
536576398;155 712 502;A01;1;7;0;2;1;5;1
536576398;155 712 504;B01;1;7;0;2;5;1;1
536576398;155 712 505;C01;1;7;0;2;1;1;1
536576399;155 712 495;A01;2;7;0;2;2;1;1
536576399;155 712 500;B01;2;7;0;2;6;11;1
536576400;155 712 497;A01;2;34;0;2;1;1;1
536576400;155 712 499;B01;2;7;0;2;4;1;1
536576401;155 712 496;A01;2;30;0;0;7;16;1
536576402;155 712 494;B01;1;7;0;2;9;1;1
536576402;155 712 498;A01;1;7;0;2;1;21;1
536576402;155 712 501;C01;1;7;0;2;4;23;2
536576403;155 712 492;A01;2;7;1;0;1;14;1
536576404;155 712 491;B01;2;43;0;2;8;21;1
536576404;155 712 493;A01;1;1;0;2;1;10;5
536576405;155 712 490;A01;1;7;7;0;1;0;1
536576406;155 712 489;A01;2;7;0;0;9;0;1
536576407;155 712 487;A01;1;7;1;0;6;0;1
536576407;155 712 488;B01;3;7;0;2;2;2;1
536576408;155 712 485;A01;1;7;13;0;2;14;1
536576409;155 712 477;A01;1;33;8;0;1;1;1
536576410;155 712 476;B01;0;33;0;2;2;1;1
536576410;155 712 482;A01;0;7;0;2;3;16;1
536576411;155 712 473;A01;1;7;0;2;1;1;0
536576411;155 712 475;C01;1;7;0;2;4;2;2
536576411;155 712 478;D01;1;7;0;2;4;2;1
536576411;155 712 480;E01;1;7;0;2;4;2;1
536576411;155 712 483;G01;1;7;0;2;4;2;1
536576411;155 712 484;B01;1;7;0;2;4;1;1
536576411;155 712 486;F01;1;7;0;2;4;1;1
536576412;155 712 470;B01;1;7;0;2;3;1;1
536576412;155 712 474;A01;2;10;0;2;3;1;1
536576413;155 712 469;A01;0;7;0;2;2;15;1
536576413;155 712 472;B01;0;7;0;2;5;2;1
536576414;155 712 467;Z01;2;7;0;2;1;0;1
536576414;155 712 468;A01;2;7;4;2;6;12;2
536576415;155 712 471;A01;1;7;0;2;3;1;1
536576415;155 712 479;C01;1;33;0;2;1;1;1
536576415;155 712 481;B01;1;33;0;2;1;2;1
536576416;155 712 463;A01;3;50;0;1;0;1;3
536576417;155 712 464;A01;0;7;0;2;1;1;1
536576417;155 712 465;B01;0;7;0;2;4;16;1
536576418;155 712 462;B01;2;7;7;2;1;19;1
536576418;155 712 466;A01;2;7;0;0;8;1;1
536576419;155 712 459;A01;2;7;0;2;4;1;1
536576419;155 712 461;B01;2;10;0;2;1;1;1
536576420;155 712 456;A01;1;7;0;0;4;2;1
536576420;155 712 458;B01;1;7;0;2;1;2;1
536576421;155 712 453;A01;3;7;0;2;3;9;1
536576421;155 712 454;B01;2;1;0;2;1;1;0
536576422;155 712 449;A01;1;7;0;2;4;4;1
536576422;155 712 450;C01;1;7;0;2;4;0;1
536576422;155 712 452;B01;1;31;1;2;1;1;1
536576423;155 712 448;A01;1;30;0;2;1;17;0
536576423;155 712 451;B01;2;7;0;2;1;1;1
536576424;155 712 445;A01;1;7;0;2;3;15;1
536576424;155 712 447;B01;1;32;0;2;1;1;1
536576425;155 712 446;A01;1;7;5;0;1;1;1
536576426;155 712 443;A01;1;7;12;0;0;17;1
536576427;155 712 442;A01;1;7;0;2;1;15;1
536576427;155 712 444;B01;2;7;0;2;3;1;1
536576428;155 712 440;A01;3;7;0;2;3;13;2
536576428;155 712 441;B01;3;7;0;2;3;1;1
536576429;155 712 437;A01;2;7;0;1;2;1;1
536576430;155 712 435;A01;1;7;0;2;5;1;1
536576430;155 712 439;B01;1;1;0;2;5;1;5
536576431;155 712 434;A01;2;34;0;2;1;1;1
536576431;155 712 436;B01;2;10;0;0;8;1;1
536576432;155 712 433;A01;2;33;0;0;0;26;1
536576433;155 712 432;A01;3;7;0;2;3;1;1
536576433;155 712 438;B01;2;7;0;2;2;1;1
536576434;155 712 431;A01;1;37;0;1;5;9;6
536576435;155 712 429;A01;1;7;1;1;2;20;1
536576436;155 712 428;A01;1;7;0;2;5;19;1
536576436;155 712 430;B01;2;2;0;2;1;1;1
536576437;155 712 425;B01;1;33;0;2;1;1;1
536576437;155 712 427;A01;1;7;0;2;2;1;1
536576438;155 712 423;A01;1;7;0;2;1;19;1
536576438;155 712 426;B01;2;7;0;2;8;1;1
536576439;155 712 422;B01;1;43;0;2;1;1;1
536576439;155 712 424;A01;1;7;0;2;3;9;3
536576440;155 712 418;A01;1;33;0;2;8;13;1
536576440;155 712 420;B01;2;7;0;2;6;1;1
536576441;155 712 417;B01;2;7;0;0;4;1;1
536576441;155 712 421;A01;2;7;0;2;1;1;1
536576442;155 712 415;B01;2;2;0;2;8;1;1
536576442;155 712 416;A01;2;7;0;2;2;1;1
536576443;155 712 414;A01;0;32;9;0;1;0;1
536576444;155 712 411;B01;2;10;0;2;7;15;1
536576444;155 712 412;A01;1;1;0;2;1;9;5
536576445;155 712 409;A01;1;7;0;1;3;1;1
536576446;155 712 410;B01;2;1;0;2;8;19;5
536576446;155 712 413;A01;2;7;0;2;1;1;1
536576447;155 712 403;A01;1;7;0;2;2;20;1
536576447;155 712 407;B01;2;7;0;2;0;1;1
536576448;155 712 401;A01;3;7;0;2;8;10;0
536576448;155 712 404;B01;0;33;0;2;1;1;1
536576449;155 712 402;A01;1;7;0;2;7;15;1
536576449;155 712 408;B01;2;33;0;2;1;1;0
536576450;155 712 399;A01;1;7;2;0;2;14;1
536576451;155 712 400;A01;3;7;0;1;1;1;1
536576452;155 712 398;A01;3;33;0;0;3;1;1
536576453;155 712 396;A01;1;7;0;2;3;15;1
536576453;155 712 397;B01;1;2;7;2;1;0;1
536576454;155 712 390;A01;2;34;0;2;0;1;1
536576454;155 712 393;B01;1;7;0;2;8;1;1
536576455;155 712 391;B01;1;32;0;2;2;21;1
536576455;155 712 395;A01;1;7;0;2;0;9;3
536576456;155 712 392;B01;0;33;0;2;1;21;1
536576456;155 712 394;Z01;1;13;0;2;1;0;1
536576457;155 712 387;A01;2;33;0;0;0;1;1
536576458;155 712 388;A01;1;7;0;2;1;13;1
536576458;155 712 389;B01;2;33;0;2;1;1;1
536576459;155 712 386;A01;3;7;0;1;1;16;1
536576460;155 712 385;A01;1;3;0;1;1;15;3
536576461;155 712 383;A01;2;7;1;0;1;26;1
536576462;155 712 382;B01;2;33;0;2;1;1;1
536576462;155 712 384;A01;1;7;0;2;5;19;1
536576463;155 712 381;A01;1;33;0;0;5;1;1
536576464;155 712 378;B01;2;2;0;2;5;1;1
536576464;155 712 380;A01;2;7;0;2;3;15;1
536576465;155 712 375;A01;0;7;0;1;1;1;1
536576466;155 712 376;A01;1;7;0;2;2;15;1
536576466;155 712 379;B01;2;2;0;2;1;1;1
536576467;155 712 374;A01;1;7;0;2;1;13;3
536576467;155 712 377;B01;2;7;0;2;1;21;1
536576468;155 712 373;A01;3;50;11;0;1;26;3
536576469;155 712 370;A01;1;33;11;0;0;13;1
536576470;155 712 371;A01;2;7;0;0;7;1;1
536576471;155 712 368;A01;2;7;13;0;1;14;1
536576472;155 712 369;B01;2;33;0;2;4;23;1
536576472;155 712 372;A01;2;33;0;2;1;2;1
536576473;155 712 367;A01;1;33;3;0;7;1;1
536576474;155 712 365;A01;0;7;0;1;1;1;1
536576475;155 712 363;A01;3;2;0;2;1;18;1
536576475;155 712 366;B01;3;10;12;2;2;20;1
536576476;155 712 361;A01;1;33;0;2;3;1;1
536576476;155 712 362;B01;2;7;0;2;8;15;1
536576477;155 712 360;A01;3;7;0;2;8;1;1
536576477;155 712 364;B01;3;36;0;2;1;16;1
536576478;155 712 358;A01;2;33;0;6;0;0;1
536576479;155 712 357;A01;0;7;0;2;7;0;1
536576479;155 712 359;B01;0;2;0;2;7;0;1
536576480;155 712 354;B01;3;7;0;2;2;19;1
536576480;155 712 356;A01;3;7;0;2;3;19;1
536576481;155 712 352;B01;2;7;0;2;8;21;1
536576481;155 712 355;A01;2;2;0;2;8;15;1
536576482;155 712 353;A01;0;39;0;1;1;1;3
536576483;155 712 348;A01;3;7;0;2;3;1;1
536576483;155 712 351;B01;3;2;6;2;3;1;1
536576484;155 712 347;A01;1;7;0;2;8;1;1
536576484;155 712 350;B01;2;7;0;2;1;0;1
536576485;155 712 346;A01;3;7;0;9;1;9;1
536576485;155 712 349;B01;2;80;0;2;7;1;3
536576486;155 712 345;A01;3;10;16;0;7;22;1
536576487;155 712 343;A01;1;33;0;6;1;21;1
536576488;155 712 340;A01;1;7;0;2;1;1;1
536576488;155 712 342;B01;2;7;0;2;8;1;1
536576489;155 712 341;B01;3;7;0;2;1;15;1
536576489;155 712 344;A01;3;7;0;2;3;1;1
536576490;155 712 338;B01;2;7;0;0;0;0;0
536576490;155 712 339;A01;2;31;0;2;8;1;1
536576491;155 712 336;A01;1;31;0;2;2;17;1
536576491;155 712 337;B01;1;7;0;2;6;9;1
536576492;155 712 335;A01;1;33;6;0;1;14;1
536576493;155 712 334;A01;1;7;0;1;1;1;2
536576494;155 712 330;A01;1;7;0;2;3;15;1
536576494;155 712 333;B01;2;33;0;2;3;1;1
536576495;155 712 329;A01;2;37;0;2;3;15;1
536576495;155 712 332;B01;2;2;0;2;1;17;1
536576496;155 712 328;A01;1;7;0;2;8;26;1
536576496;155 712 331;B01;1;7;3;2;2;1;1
536576497;155 712 323;A01;1;10;0;2;6;2;1
536576497;155 712 326;B01;1;33;0;2;1;2;1
536576497;155 712 327;C01;1;7;0;2;3;1;1
536576498;155 712 322;A01;1;7;0;2;1;13;0
536576498;155 712 325;B01;2;7;0;2;1;1;1
536576499;155 712 321;B01;1;7;0;2;3;1;1
536576499;155 712 324;A01;1;7;0;2;1;11;1
536576500;155 712 318;A01;1;7;0;1;2;10;0
536576501;155 712 315;A01;1;7;0;2;8;10;1
536576501;155 712 316;B01;2;33;0;2;3;1;1
536576502;155 712 314;A01;1;7;0;2;7;1;1
536576502;155 712 317;B01;1;7;0;2;1;1;1
536576503;155 712 310;A01;1;33;0;2;3;13;1
536576503;155 712 313;B01;2;7;0;2;3;1;1
536576504;155 712 309;B01;2;1;0;2;1;2;5
536576504;155 712 311;A01;1;10;0;2;3;9;1
536576505;155 712 308;A01;3;7;0;1;3;1;1
536576506;155 712 307;A01;1;0;0;1;2;0;0
536576507;155 712 305;A01;3;7;0;2;8;13;1
536576507;155 712 306;B01;3;34;0;2;7;1;1
536576508;155 712 302;A01;0;7;0;0;4;20;0
536576508;155 712 304;B01;0;7;0;0;3;26;1
536576509;155 712 301;A01;3;7;0;2;1;1;1
536576509;155 712 303;B01;3;7;0;0;4;1;1
536576510;155 712 297;A01;2;7;0;2;3;13;1
536576510;155 712 299;B01;1;33;7;2;3;1;1
536576511;155 712 298;A01;2;7;0;2;1;1;1
536576511;155 712 300;B01;2;7;15;2;8;1;1
536576512;155 712 295;A01;3;7;0;2;3;16;1
536576512;155 712 296;B01;3;30;0;2;1;2;1
536576513;155 712 292;A01;2;7;0;2;3;16;1
536576513;155 712 294;B01;2;2;0;2;2;1;1
536576514;155 712 291;A01;1;7;0;2;1;17;1
536576514;155 712 293;B01;1;7;0;2;1;1;1
536576515;155 712 288;A01;1;33;0;0;0;1;1
536576516;155 712 289;A01;1;7;0;9;0;0;1
536576516;155 712 290;B01;1;1;0;2;1;1;5
536576517;155 712 286;B01;3;10;0;2;1;1;1
536576517;155 712 287;A01;3;7;2;2;3;9;1
536576518;155 712 283;C01;2;33;0;2;8;17;1
536576518;155 712 284;A01;1;7;0;2;3;1;1
536576518;155 712 285;B01;2;10;0;2;2;21;1
536576519;155 712 282;A01;0;33;8;0;1;13;1
536576520;155 712 279;A01;3;7;0;2;3;15;1
536576520;155 712 281;B01;3;33;0;2;8;1;1
536576521;155 712 278;A01;1;7;0;2;1;1;1
536576521;155 712 280;B01;1;10;0;2;7;1;1
536576522;155 712 276;A01;2;7;0;2;2;15;2
536576522;155 712 277;B01;1;80;0;2;2;1;3
536576523;155 712 275;A01;3;7;0;1;1;1;1
536576524;155 712 271;A01;1;7;13;0;9;26;1
536576525;155 712 270;B01;3;30;0;2;0;0;3
536576525;155 712 272;A01;3;30;0;2;3;1;1
536576526;155 712 269;A01;1;33;6;0;7;15;1
536576527;155 712 265;A01;1;1;0;2;0;21;5
536576527;155 712 268;B01;1;33;0;2;8;1;1
536576528;155 712 266;A01;2;10;0;1;3;2;1
536576529;155 712 263;B01;2;7;0;0;0;0;1
536576529;155 712 264;C01;2;31;0;2;1;2;1
536576529;155 712 267;A01;1;7;0;2;1;1;0
536576530;155 712 261;B01;3;7;0;2;1;1;1
536576530;155 712 262;A01;3;7;0;2;1;13;1
536576531;155 712 260;A01;1;7;0;1;1;1;1
536576532;155 712 258;A01;2;7;4;0;0;0;1
536576533;155 712 256;A01;1;7;0;2;3;13;1
536576533;155 712 259;B01;1;7;4;2;7;1;1
536576534;155 712 255;A01;1;43;0;2;2;17;1
536576534;155 712 257;B01;1;7;0;2;3;15;1
536576535;155 712 253;A01;1;7;0;2;3;11;1
536576535;155 712 254;B01;1;33;0;2;2;1;1
536576536;155 712 251;A01;2;7;16;2;6;0;1
536576536;155 712 252;B01;2;7;0;2;1;21;1
536576537;155 712 249;B01;3;34;0;2;1;21;1
536576537;155 712 250;A01;3;7;0;2;5;15;1
536576538;155 712 247;A01;3;7;0;2;0;9;1
536576538;155 712 248;B01;1;34;0;2;8;0;1
536576539;155 712 246;A01;2;10;0;0;0;13;1
536576540;155 712 245;A01;3;7;0;1;1;1;1
536576541;155 712 241;B01;2;43;0;2;3;26;1