Num_Acc;id_vehicule;num_veh;senc;catv;obs;obsm;choc;manv;motor
536576541;155 712 244;A01;3;34;0;2;1;9;1
536576542;155 712 242;A01;1;7;2;0;8;16;1
536576543;155 712 243;A01;2;10;0;0;0;13;1
536576544;155 712 236;A01;1;7;0;2;1;0;0
536576544;155 712 238;B01;1;7;6;0;5;2;0
536576545;155 712 239;A01;3;7;2;0;1;13;1
536576546;155 712 235;A01;1;1;0;0;8;1;5
536576547;155 712 232;A01;0;7;0;2;1;13;1
536576547;155 712 234;B01;0;7;0;2;1;1;1
536576548;155 712 233;A01;1;7;6;0;1;0;1
536576549;155 712 229;B01;3;50;0;2;2;5;3
536576549;155 712 231;A01;3;7;0;2;3;26;1
536576550;155 712 226;A01;3;7;0;2;1;1;1
536576550;155 712 227;B01;3;10;0;2;4;23;1
536576550;155 712 230;C01;3;7;0;2;4;23;1
536576551;155 712 225;A01;2;7;0;2;1;17;1
536576551;155 712 228;B01;2;7;0;2;1;2;1
536576552;155 712 222;B01;1;10;0;2;3;15;1
536576552;155 712 223;A01;1;32;0;2;1;17;1
536576553;155 712 221;B01;0;7;0;2;8;9;2
536576553;155 712 224;A01;0;33;0;2;7;9;1
536576554;155 712 218;A01;2;10;0;9;3;9;1
536576554;155 712 220;B01;2;1;0;2;2;19;5
536576555;155 712 217;A01;3;2;0;2;1;2;1
536576555;155 712 219;B01;3;7;0;2;6;16;1
536576556;155 712 216;A01;3;7;15;0;1;0;1
536576557;155 712 215;A01;3;7;15;0;1;1;1
536576558;155 712 210;B01;0;7;0;2;3;1;1
536576558;155 712 214;A01;3;31;0;2;3;1;1
536576559;155 712 209;A01;2;7;0;1;1;1;1
536576560;155 712 208;B01;2;7;0;2;1;1;1
536576560;155 712 211;A01;1;21;0;2;3;19;1
536576561;155 712 205;B01;0;34;0;2;5;2;1
536576561;155 712 207;A01;0;7;0;2;3;9;1
536576562;155 712 204;B01;1;1;0;2;3;1;5
536576562;155 712 206;Z01;1;7;0;9;2;17;0
536576563;155 712 202;A01;3;7;0;1;3;16;1
536576564;155 712 201;A01;2;33;0;2;2;1;1
536576564;155 712 203;C01;1;7;0;2;8;1;1
536576564;155 712 212;B01;1;7;0;2;6;1;2
536576564;155 712 213;D01;1;7;0;2;3;1;3
536576565;155 712 198;A01;3;7;13;0;2;0;1
536576566;155 712 197;A01;1;31;0;2;3;13;1
536576566;155 712 200;B01;1;10;0;2;2;1;1
536576567;155 712 199;A01;2;7;3;0;9;14;2
536576568;155 712 196;A01;2;7;8;0;9;1;1
536576569;155 712 192;A01;0;7;15;2;2;15;1
536576569;155 712 195;B01;0;7;0;2;1;1;1
536576570;155 712 193;A01;2;7;3;0;3;1;1
536576571;155 712 190;Z01;2;7;0;2;1;1;1
536576571;155 712 194;A01;2;7;0;2;4;1;1
536576572;155 712 191;A01;3;7;2;0;1;2;1
536576573;155 712 186;A01;1;7;0;9;2;16;3
536576573;155 712 187;B01;0;1;0;2;2;19;5
536576574;155 712 185;B01;1;7;0;2;2;1;1
536576574;155 712 189;A01;2;7;0;2;1;1;1
536576575;155 712 183;B01;1;7;0;2;8;1;1
536576575;155 712 188;A01;2;2;0;2;1;19;1
536576576;155 712 181;A01;2;37;0;2;3;1;1
536576576;155 712 182;Z01;2;7;0;2;2;17;0
536576577;155 712 180;A01;1;7;0;1;7;1;1
536576578;155 712 177;A01;1;7;0;1;3;15;1
536576579;155 712 178;A01;2;33;0;2;1;17;1
536576579;155 712 184;B01;1;7;0;2;3;1;1
536576580;155 712 176;A01;3;7;0;1;1;2;1
536576581;155 712 175;A01;2;80;0;1;1;1;3
536576582;155 712 173;A01;2;7;6;0;1;13;1
536576583;155 712 174;A01;2;33;2;0;2;1;1
536576584;155 712 172;B01;1;7;0;2;1;1;1
536576584;155 712 179;A01;2;10;0;2;2;0;1
536576585;155 712 171;A01;3;1;0;1;1;1;5
536576586;155 712 167;B01;2;50;9;0;1;16;3
536576586;155 712 170;A01;1;7;9;0;5;16;1
536576587;155 712 166;A01;1;50;0;2;0;15;3
536576587;155 712 168;B01;1;7;0;2;1;1;1
536576588;155 712 165;B01;1;7;0;2;3;1;1
536576588;155 712 169;A01;2;7;0;2;6;1;1
536576589;155 712 163;A01;3;30;0;0;7;26;1
536576590;155 712 161;A01;3;7;6;0;2;1;1
536576591;155 712 157;A01;1;7;0;2;1;1;1
536576591;155 712 159;B01;1;7;0;2;4;1;1
536576592;155 712 156;A01;1;7;13;0;1;13;1
536576593;155 712 160;A01;1;7;0;2;4;9;1
536576593;155 712 164;B01;1;2;0;2;1;1;1
536576594;155 712 154;A01;1;7;0;1;1;15;2
536576595;155 712 155;A01;2;10;0;2;1;1;3
536576595;155 712 158;B01;2;7;0;2;4;23;1
536576595;155 712 162;C01;2;7;0;2;1;1;2
536576596;155 712 150;A01;1;7;0;2;7;15;1
536576596;155 712 153;B01;2;34;0;2;2;1;1
536576597;155 712 149;A01;1;1;0;2;1;9;5
536576597;155 712 151;B01;1;7;0;2;4;23;2
536576598;155 712 146;A01;1;7;0;1;1;1;1
536576599;155 712 147;B01;2;7;0;2;7;15;1
536576599;155 712 152;A01;1;7;0;2;1;1;1
536576600;155 712 145;A01;1;7;0;1;3;15;1
536576601;155 712 148;A01;2;7;0;0;1;1;1
536576602;155 712 144;A01;1;31;0;1;1;17;3
536576603;155 712 139;A01;2;7;0;2;2;26;1
536576603;155 712 142;B01;1;7;3;2;1;1;1
536576604;155 712 136;A01;1;7;0;2;2;16;2
536576604;155 712 140;B01;1;50;0;2;1;1;3
536576605;155 712 135;A01;2;14;0;2;1;1;1
536576605;155 712 137;B01;1;33;0;2;7;15;1
536576606;155 712 132;A01;1;32;12;0;2;1;1
536576607;155 712 134;A01;1;7;8;2;1;2;1
536576607;155 712 138;B01;1;33;0;2;8;15;1
536576608;155 712 131;A01;2;7;2;0;7;14;1
536576609;155 712 130;A01;1;10;0;1;3;15;1
536576610;155 712 128;A01;1;7;0;2;7;1;2
536576610;155 712 133;B01;1;7;0;2;1;1;1
536576611;155 712 126;A01;2;31;0;1;3;1;1
536576612;155 712 124;A01;1;7;0;2;4;19;1
536576612;155 712 129;B01;1;33;0;2;1;1;1
536576613;155 712 123;A01;1;7;0;2;5;2;1
536576613;155 712 125;Z01;1;7;0;2;1;1;1
536576613;155 712 127;C01;1;33;0;2;2;2;1
536576614;155 712 122;A01;1;7;0;1;3;15;1
536576615;155 712 120;A01;2;7;0;2;1;2;1
536576615;155 712 121;B01;2;7;0;9;4;2;1
536576616;155 712 119;A01;2;33;12;9;1;6;1
536576617;155 712 118;A01;2;30;12;0;1;2;1
536576618;155 712 115;A01;2;10;0;2;2;15;1
536576618;155 712 117;B01;1;31;0;2;8;1;1
536576619;155 712 112;A01;1;7;0;2;1;26;1
536576619;155 712 113;B01;1;7;0;2;4;2;2
536576620;155 712 106;A01;2;7;8;0;2;14;1
536576621;155 712 107;A01;2;7;0;2;4;2;1
536576621;155 712 110;B01;2;7;0;2;4;2;1
536576621;155 712 114;D01;2;7;0;2;1;2;1
536576621;155 712 116;C01;2;7;0;2;4;2;1
536576622;155 712 104;A01;1;7;0;2;3;11;1
536576622;155 712 108;B01;2;33;0;2;9;17;1
536576622;155 712 111;C01;2;7;0;2;6;17;1
536576623;155 712 101;A01;2;7;12;0;9;2;1
536576624;155 712 100;A01;1;7;0;2;6;1;2
536576624;155 712 102;B01;1;7;0;2;1;1;1
536576625;155 712 098;B01;1;7;0;2;0;0;1
536576625;155 712 103;A01;1;7;0;2;1;1;2
536576626;155 712 096;A01;1;7;0;2;1;0;1
536576626;155 712 097;B01;2;7;0;2;1;0;2
536576627;155 712 099;A01;1;33;6;0;1;26;1
536576628;155 712 094;A01;1;7;0;1;2;0;1
536576629;155 712 093;A01;1;37;0;0;5;17;1
536576629;155 712 095;B01;1;1;0;2;8;13;5
536576630;155 712 091;A01;1;33;0;6;0;1;1
536576631;155 712 087;A01;3;31;0;0;7;1;1
536576632;155 712 086;A01;1;7;0;2;1;1;1
536576632;155 712 089;B01;3;7;0;2;3;19;1
536576633;155 712 081;A01;1;33;0;2;7;15;1
536576633;155 712 085;B01;2;7;0;2;2;1;1
536576634;155 712 078;B01;1;3;15;0;4;2;1
536576634;155 712 084;A01;1;14;0;2;2;2;1
536576635;155 712 080;A01;1;14;0;2;2;1;1
536576635;155 712 082;B01;1;1;0;2;8;2;5
536576636;155 712 074;A01;1;2;0;0;0;17;1
536576637;155 712 075;A01;2;50;14;0;1;1;3
536576638;155 712 072;D01;2;10;0;2;4;2;1
536576638;155 712 076;E01;2;10;0;2;1;2;1
536576638;155 712 077;A01;2;10;0;2;8;1;1
536576638;155 712 079;B01;2;7;0;2;4;2;1
536576638;155 712 083;C01;2;7;0;2;4;0;1
536576639;155 712 068;A01;0;7;0;2;1;1;1
536576639;155 712 070;B01;1;30;0;2;7;15;1
536576640;155 712 066;A01;1;33;4;0;1;1;1
536576641;155 712 067;A01;3;33;0;2;1;2;1
536576641;155 712 069;B01;0;33;0;0;4;1;1
536576642;155 712 062;B01;1;7;0;2;1;1;1
536576642;155 712 064;A01;2;34;0;2;1;17;1
536576643;155 712 063;A01;3;10;0;2;1;1;1
536576643;155 712 065;B01;3;10;0;0;7;1;1
536576644;155 712 060;SA01;3;10;0;1;6;4;1
536576645;155 712 061;A01;1;7;16;0;0;14;1
536576646;155 712 057;B01;1;2;0;0;0;17;1
536576647;155 712 056;A01;1;7;0;2;7;15;1
536576647;155 712 059;B01;2;7;0;2;1;1;1
536576648;155 712 054;A01;1;2;1;2;2;18;1
536576648;155 712 058;B01;1;10;0;2;3;24;3
536576649;155 712 053;A01;2;10;0;2;1;1;1
536576649;155 712 055;B01;2;15;0;2;6;23;1
536576650;155 712 050;A01;0;2;0;1;7;23;1
536576651;155 712 047;A01;1;33;0;2;1;1;1
536576651;155 712 052;B01;1;10;0;2;8;11;1
536576652;155 712 046;A01;2;14;0;2;1;2;1
536576652;155 712 048;B01;2;7;0;2;4;2;1
536576652;155 712 051;C01;2;15;0;2;4;2;1
536576653;155 712 042;A01;2;33;0;2;1;26;1
536576653;155 712 045;B01;2;7;0;0;2;14;1
536576653;155 712 049;C01;2;7;0;0;6;1;1
536576654;155 712 043;B01;2;7;0;2;1;1;1
536576654;155 712 044;A01;2;31;0;2;4;1;1
536576655;155 712 041;A01;0;1;0;0;0;1;5
536576656;155 712 039;A01;1;7;13;0;3;1;1
536576657;155 712 037;A01;2;10;0;1;5;20;1
536576658;155 712 038;A01;1;7;0;2;8;9;1
536576658;155 712 040;B01;1;13;0;2;7;1;1
536576659;155 712 034;A01;1;33;0;0;0;0;1
536576660;155 712 033;B01;1;80;0;1;1;1;3
536576661;155 712 030;A01;1;33;0;0;4;1;1
536576662;155 712 028;A01;0;1;0;1;1;0;5
536576663;155 712 029;A01;1;33;0;2;1;3;1
536576663;155 712 032;B01;1;7;0;2;5;1;1
536576664;155 712 027;A01;1;10;0;0;3;15;1
536576664;155 712 031;B01;2;7;0;2;1;1;1
536576665;155 712 024;A01;3;7;0;2;1;1;0
536576665;155 712 026;B01;3;7;0;2;1;13;1
536576666;155 712 023;A01;2;33;0;0;0;21;1
536576667;155 712 022;A01;1;13;1;1;1;2;3
536576668;155 712 021;A01;1;7;0;2;1;1;1
536576668;155 712 025;B01;3;7;0;2;8;23;1
536576669;155 712 016;B01;0;31;0;2;7;1;1
536576669;155 712 018;A01;1;7;0;2;8;11;2
536576670;155 712 015;A01;1;7;0;0;6;15;1
536576670;155 712 019;B01;2;2;0;2;1;17;1
536576671;155 712 014;A01;1;7;1;1;8;19;2
536576672;155 712 017;A01;2;7;0;2;3;1;1
536576672;155 712 020;B01;1;7;0;2;3;11;1
536576673;155 712 012;B01;2;21;0;2;3;15;1
536576673;155 712 013;A01;2;7;0;2;2;17;1
536576674;155 712 011;A01;2;7;15;0;2;1;1
536576675;155 712 008;A01;2;33;2;0;0;0;1
536576676;155 712 007;A01;0;7;0;2;1;1;1
536576676;155 712 009;B01;0;33;0;2;4;26;1
536576677;155 712 006;B01;2;17;0;2;2;1;1
536576677;155 712 010;A01;2;10;0;2;6;11;1
536576678;155 712 004;A01;1;7;6;0;8;1;1
536576679;155 712 001;A01;2;50;0;1;0;25;3
536576680;155 711 999;A01;2;33;0;0;8;1;1
536576680;155 712 005;B01;2;7;0;2;1;1;0
536576681;155 711 998;B01;1;33;0;2;1;1;1
536576681;155 712 003;A01;3;7;0;2;2;19;1
536576682;155 711 995;B01;2;7;0;0;4;9;1
536576682;155 711 996;A01;1;33;0;2;1;1;1
536576683;155 711 992;C01;1;7;0;2;9;2;1
536576683;155 711 994;A01;1;7;0;2;1;2;1
536576683;155 711 997;B01;1;7;0;2;9;2;1
536576683;155 712 000;D01;1;7;0;2;4;2;1
536576683;155 712 002;E01;1;7;0;2;9;2;1
536576684;155 711 990;A01;3;7;4;2;2;2;1
536576684;155 711 993;B01;3;7;0;2;6;1;1
536576685;155 711 989;A01;1;31;0;0;7;1;1
536576686;155 711 988;A01;1;7;1;0;1;1;1
536576687;155 711 987;A01;1;7;0;2;2;15;1
536576687;155 711 991;B01;1;7;0;2;3;1;1
536576688;155 711 985;A01;1;7;0;1;3;1;1
536576689;155 711 984;A01;0;33;13;0;1;0;1
536576690;155 711 983;A01;2;7;0;2;2;17;1
536576690;155 711 986;B01;2;7;14;2;6;1;1
536576691;155 711 980;A01;1;33;0;2;1;3;1
536576691;155 711 982;B01;1;7;0;2;7;12;1
536576692;155 711 977;A01;2;7;13;0;1;13;1
536576693;155 711 978;A01;1;7;0;2;1;1;1
536576693;155 711 981;B01;1;7;0;2;4;1;1
536576694;155 711 975;A01;1;7;0;0;4;1;1
536576694;155 711 979;B01;1;7;0;2;1;2;1
536576695;155 711 972;A01;1;7;6;0;2;14;1
536576696;155 711 970;Z01;1;7;0;2;0;12;0
536576696;155 711 974;A01;1;34;0;2;8;18;1
536576697;155 711 973;A01;1;7;0;2;1;19;1
536576697;155 711 976;B01;2;15;0;0;6;1;1
536576698;155 711 969;A01;2;7;0;1;3;1;1
536576699;155 711 968;A01;1;10;0;2;3;15;1
536576699;155 711 971;B01;;1;0;2;7;19;5
536576700;155 711 966;A01;2;31;0;0;7;1;1
536576701;155 711 965;A01;2;34;0;2;1;1;1
536576701;155 711 967;B01;1;7;0;2;3;1;1
536576702;155 711 962;A01;1;7;0;1;1;26;1
536576703;155 711 961;A01;2;33;0;0;4;1;1
536576703;155 711 963;B01;2;7;0;0;0;1;1
536576704;155 711 960;A01;1;7;0;0;1;1;1
536576705;155 711 959;A01;2;30;0;2;1;2;1
536576705;155 711 964;B01;2;7;0;0;4;2;1
536576706;155 711 958;A01;1;7;6;0;1;14;1
536576707;155 711 957;A01;1;7;0;1;2;1;1
536576708;155 711 955;A01;2;7;0;2;8;9;1
536576708;155 711 956;B01;1;1;0;2;7;1;5
536576709;155 711 953;A01;1;7;0;2;1;1;1
536576709;155 711 954;B01;2;2;0;2;4;9;1
536576710;155 711 951;A01;1;7;0;1;1;1;1
536576711;155 711 950;A01;1;7;5;0;1;1;1
536576712;155 711 949;B01;0;1;0;2;1;19;5
536576712;155 711 952;A01;0;7;0;2;3;2;1
536576713;155 711 948;A01;2;7;8;0;1;14;1
536576714;155 711 947;A01;2;7;12;0;1;1;1
536576715;155 711 943;B01;2;21;0;2;3;9;1
536576715;155 711 946;A01;2;33;0;2;1;1;1
536576716;155 711 942;A01;2;7;0;2;1;1;1
536576716;155 711 945;B01;1;1;0;2;7;15;5
536576717;155 711 941;A01;2;7;0;2;1;15;1
536576717;155 711 944;B01;1;7;0;2;7;1;1
536576718;155 711 936;A01;1;33;0;0;2;6;1
536576719;155 711 937;B01;2;7;0;2;3;1;1
536576719;155 711 939;A01;1;7;0;2;1;13;1
536576720;155 711 938;A01;1;10;0;2;2;15;1
536576720;155 711 940;B01;2;33;0;2;1;1;1
536576721;155 711 933;A01;1;7;0;2;1;1;1
536576721;155 711 935;B01;2;50;0;2;8;1;3
536576722;155 711 932;A01;1;7;8;0;7;1;1
536576723;155 711 931;A01;3;50;0;2;1;1;3
536576723;155 711 934;B01;3;7;0;0;8;1;1
536576724;155 711 929;A01;2;7;0;1;1;1;1
536576725;155 711 924;A01;3;7;9;2;0;15;1
536576725;155 711 926;B01;2;60;0;2;0;0;5
536576726;155 711 925;B01;1;7;13;2;1;1;1
536576726;155 711 930;A01;2;10;0;2;3;15;1
536576727;155 711 923;B01;2;7;0;9;1;1;1
536576727;155 711 928;A01;1;1;0;2;8;19;5
536576728;155 711 921;A01;3;3;2;2;3;15;1
536576728;155 711 927;B01;1;7;6;2;1;1;1
536576729;155 711 917;A01;3;10;0;2;5;16;1
536576729;155 711 920;B01;3;60;0;2;8;2;5
536576730;155 711 919;A01;2;7;0;2;3;5;1
536576730;155 711 922;B01;1;33;0;2;3;1;1
536576731;155 711 916;A01;2;33;13;0;1;1;1
536576732;155 711 915;A01;2;7;0;2;7;1;0
536576732;155 711 918;B01;2;50;0;0;6;2;3
536576733;155 711 913;A01;1;7;0;2;3;16;1
536576733;155 711 914;B01;1;2;0;2;3;16;1
536576734;155 711 911;A01;1;7;2;0;1;1;1
536576735;155 711 908;B01;2;33;0;2;0;0;1
536576735;155 711 912;A01;2;7;0;2;3;9;1
536576736;155 711 909;A01;1;33;16;0;0;1;1
536576737;155 711 903;Z01;3;1;0;1;1;5;0
536576738;155 711 904;A01;2;33;13;0;3;1;1
536576739;155 711 902;B01;1;7;0;4;1;10;0
536576739;155 711 905;A01;1;40;0;2;5;26;3
536576740;155 711 900;A01;1;7;0;9;1;1;1
536576740;155 711 906;B01;1;7;0;2;1;2;1
536576740;155 711 910;C01;1;38;0;2;1;2;1
536576741;155 711 898;A01;3;1;0;2;8;19;5
536576741;155 711 901;B01;3;7;0;9;2;1;1
536576742;155 711 897;A01;2;7;0;0;2;0;1
536576743;155 711 895;A01;0;2;17;2;2;15;1
536576743;155 711 899;B01;0;7;0;2;2;16;1
536576744;155 711 896;A01;2;33;12;0;1;16;1
536576745;155 711 893;A01;1;32;0;2;2;0;1
536576745;155 711 894;B01;2;7;0;2;2;0;1
536576746;155 711 889;A01;3;21;0;1;2;1;0
536576747;155 711 888;B01;1;7;0;2;6;2;1
536576747;155 711 890;A01;1;7;0;2;2;2;0
536576748;155 711 891;A01;3;7;15;0;2;0;1
536576749;155 711 887;A01;1;2;0;2;7;1;1
536576749;155 711 892;B01;1;7;0;2;3;1;1
536576750;155 711 882;A01;2;7;0;1;2;9;3
536576751;155 711 883;A01;1;31;2;9;1;2;1
536576752;155 711 884;B01;2;2;0;2;1;1;1
536576752;155 711 886;A01;1;7;0;2;3;15;1
536576753;155 711 880;A01;2;7;0;2;2;12;1
536576753;155 711 885;B01;2;32;0;2;3;1;1
536576754;155 711 879;A01;2;33;0;2;1;13;1
536576754;155 711 881;B01;1;7;0;2;1;1;1
536576755;155 711 875;A01;1;7;6;2;2;1;1
536576755;155 711 878;B01;2;21;9;2;2;5;1
536576756;155 711 876;A01;2;7;2;0;1;1;1
536576757;155 711 873;B01;2;7;0;2;2;17;1
536576757;155 711 877;A01;2;33;0;2;1;17;1
536576758;155 711 872;A01;2;1;7;0;1;0;5
536576759;155 711 871;B01;1;33;0;2;1;1;1
536576759;155 711 874;A01;2;10;0;2;3;10;1
536576760;155 711 869;A01;1;7;2;0;1;1;1
536576761;155 711 864;C01;2;30;0;0;0;1;1
536576761;155 711 868;B01;2;2;0;0;0;1;1
536576761;155 711 870;A01;2;31;0;0;5;17;1
536576762;155 711 863;A01;3;7;0;2;1;19;1
536576762;155 711 867;B01;3;10;0;2;8;16;1
536576763;155 711 862;A01;3;2;0;2;1;13;1
536576763;155 711 866;B01;3;7;0;2;3;1;1
536576764;155 711 861;B01;3;33;0;2;1;16;1
536576764;155 711 865;A01;1;7;0;2;3;15;1
536576765;155 711 859;A01;2;7;0;2;2;17;1
536576765;155 711 860;B01;2;21;0;0;4;13;1
536576766;155 711 858;A01;1;31;0;0;0;14;1
536576767;155 711 854;A01;3;2;0;0;0;1;1
536576768;155 711 855;B01;2;33;0;2;1;17;1
536576768;155 711 857;A01;2;7;0;2;3;15;1
536576769;155 711 852;A01;1;7;13;2;1;3;0
536576769;155 711 856;B01;1;15;0;0;4;2;0
536576770;155 711 847;A01;3;7;0;0;0;21;1
536576770;155 711 851;B01;3;33;17;0;1;21;1
536576771;155 711 849;B01;1;7;0;2;2;19;1
536576771;155 711 853;A01;0;2;0;2;1;0;1
536576772;155 711 846;A01;2;7;0;0;3;19;1
536576772;155 711 850;B01;1;33;0;2;1;17;1
536576773;155 711 844;A01;1;7;2;0;1;1;1
536576774;155 711 843;A01;1;7;2;0;3;1;1
536576775;155 711 841;B01;3;31;0;2;5;0;1
536576775;155 711 845;A01;3;7;3;2;5;1;1
536576776;155 711 839;B01;2;33;0;2;8;1;1
536576776;155 711 842;A01;3;7;0;2;1;9;1
536576777;155 711 840;A01;1;7;0;1;3;1;1
536576778;155 711 833;B01;1;7;0;2;2;17;1
536576778;155 711 835;A01;1;1;0;2;8;15;5
536576779;155 711 830;A01;2;31;0;0;0;1;1
536576780;155 711 829;B01;1;1;0;2;7;1;5
536576780;155 711 832;D01;1;1;0;2;7;1;5
536576780;155 711 836;A01;2;7;0;9;1;1;1
536576780;155 711 838;C01;1;1;0;2;7;1;5
536576781;155 711 827;A01;3;7;0;2;1;2;1
536576781;155 711 828;B01;3;7;0;2;4;2;1
536576781;155 711 831;C01;3;7;0;2;4;2;1
536576782;155 711 822;B01;2;7;0;0;0;13;1
536576782;155 711 824;A01;1;33;0;0;3;1;1
536576783;155 711 820;A01;1;7;0;2;3;15;1
536576783;155 711 821;B01;2;31;0;2;1;1;1
536576784;155 711 825;A01;3;7;0;0;0;1;1
536576785;155 711 823;A01;2;10;0;2;8;10;1
536576785;155 711 826;B01;2;33;0;2;2;1;1
536576786;155 711 819;A01;1;7;2;0;2;0;1
536576787;155 711 818;A01;1;7;2;0;1;1;1
536576788;155 711 816;A01;3;7;0;1;1;1;1
536576789;155 711 814;B01;1;2;0;2;1;1;1
536576789;155 711 817;A01;3;7;0;2;3;9;1
536576790;155 711 811;B01;1;1;0;2;1;1;5
536576790;155 711 815;A01;1;10;0;2;2;15;1
536576791;155 711 808;A01;1;7;0;2;1;13;1
536576791;155 711 812;B01;2;10;0;2;3;26;1
536576792;155 711 809;A01;3;1;0;2;7;1;5
536576792;155 711 813;B01;1;7;0;9;1;1;1
536576793;155 711 806;A01;2;7;0;2;1;1;1
536576793;155 711 810;B01;3;1;0;2;0;0;5
536576794;155 711 805;A01;2;43;3;0;3;13;1
536576795;155 711 804;A01;2;33;0;0;8;1;1
536576796;155 711 803;A01;0;7;0;2;5;9;1
536576796;155 711 807;B01;2;7;0;2;1;1;1
536576797;155 711 797;B01;2;2;0;2;2;1;0
536576797;155 711 799;A01;2;7;0;2;3;9;1
536576798;155 711 796;B01;1;1;0;2;5;18;5
536576798;155 711 798;A01;1;7;0;2;5;22;1
536576799;155 711 795;A01;2;33;0;2;8;13;1
536576799;155 711 801;B01;1;33;0;2;8;1;1
536576800;155 711 792;A01;3;60;0;2;1;2;5
536576800;155 711 793;B01;3;7;0;0;5;2;1
536576801;155 711 790;A01;1;7;15;1;2;1;1
536576802;155 711 791;A01;1;7;0;2;3;11;1
536576802;155 711 794;B01;2;7;0;2;3;13;1
536576803;155 711 785;B01;3;50;0;2;1;17;3
536576803;155 711 788;A01;3;7;0;2;3;15;1
536576804;155 711 787;B01;3;7;0;2;2;15;1
536576804;155 711 789;A01;3;2;0;2;1;16;1
536576805;155 711 786;A01;2;7;0;1;2;1;1
536576806;155 711 783;A01;2;7;0;2;6;11;1
536576806;155 711 784;B01;2;33;0;2;1;0;1
536576807;155 711 782;A01;1;7;6;0;2;2;1
536576808;155 711 781;A01;0;7;0;0;0;1;1
536576809;155 711 778;A01;1;7;8;0;3;0;1
536576810;155 711 779;A01;1;7;0;2;3;15;1
536576810;155 711 780;B01;1;33;0;2;1;17;1
536576811;155 711 776;A01;1;33;0;2;1;9;1
536576811;155 711 777;B01;1;7;0;2;4;1;1
536576812;155 711 774;B01;2;50;0;0;4;2;3
536576812;155 711 775;A01;2;7;0;9;1;2;1
536576813;155 711 769;A01;2;34;4;0;7;14;1
536576814;155 711 768;C01;1;7;0;2;1;1;1
536576814;155 711 770;A01;1;7;0;2;2;17;1
536576814;155 711 772;B01;1;7;3;0;9;1;1
536576814;155 711 773;D01;1;10;0;2;1;1;1
536576815;155 711 766;A01;2;7;0;2;3;1;1
536576815;155 711 771;B01;1;2;0;2;1;9;1
536576816;155 711 760;A01;2;7;0;2;7;17;1
536576816;155 711 763;B01;2;15;0;2;6;1;1
536576817;155 711 761;A01;3;7;0;0;3;9;1
536576817;155 711 765;B01;3;1;0;0;8;9;5
536576817;155 711 767;C01;3;1;0;0;1;9;5
536576818;155 711 759;B01;2;14;0;2;8;1;0
536576818;155 711 762;A01;1;7;0;0;6;14;1
536576818;155 711 764;C01;1;31;0;2;1;13;1
536576819;155 711 758;A01;2;7;0;1;1;1;1
536576820;155 711 756;A01;1;7;0;2;1;1;1
536576820;155 711 757;B01;1;17;0;2;4;2;1
536576821;155 711 755;A01;1;7;0;1;1;1;1
536576822;155 711 753;A01;2;2;0;0;0;0;1
536576823;155 711 752;A01;1;33;0;2;1;1;1
536576823;155 711 754;B01;2;10;0;2;7;9;1
536576824;155 711 751;A01;3;10;0;1;4;20;1
536576825;155 711 749;A01;1;7;8;0;1;13;1
536576826;155 711 750;A01;1;33;0;0;0;1;1
536576827;155 711 747;A01;1;7;2;0;1;14;1
536576828;155 711 746;B01;2;32;0;2;1;1;1
536576828;155 711 748;A01;1;7;0;2;2;15;1
536576829;155 711 744;A01;3;10;0;1;2;19;1
536576830;155 711 743;A01;0;7;0;2;1;1;1
536576830;155 711 745;B01;3;36;0;2;3;0;1
536576831;155 711 739;A01;1;7;3;0;1;1;1
536576832;155 711 740;A01;3;33;0;1;2;25;1
536576833;155 711 734;A01;3;7;0;2;0;2;1
536576833;155 711 735;B01;3;31;0;2;0;2;1
536576834;155 711 732;A01;2;7;0;0;9;1;2
536576835;155 711 733;A01;1;33;0;2;3;13;1
536576835;155 711 736;B01;2;15;0;2;3;14;1
536576836;155 711 729;B01;3;99;0;2;2;1;1
536576836;155 711 731;A01;3;1;0;2;1;13;5
536576837;155 711 730;A01;1;3;12;0;7;15;3
536576838;155 711 728;A01;1;15;0;1;1;1;1
536576839;155 711 726;A01;2;7;0;2;1;13;1
536576839;155 711 727;B01;1;38;0;2;1;1;1
536576840;155 711 722;A01;2;33;0;9;1;1;1
536576841;155 711 721;A01;2;7;0;2;2;9;1
536576841;155 711 724;B01;2;31;0;2;4;1;1
536576842;155 711 720;A01;2;80;12;0;0;1;3
536576843;155 711 719;A01;3;10;0;1;1;1;1
536576844;155 711 717;A01;2;33;0;0;2;1;1
536576845;155 711 716;A01;2;7;0;2;1;2;1
536576845;155 711 718;B01;2;7;0;2;4;2;1
536576846;155 711 713;A01;2;7;0;2;7;19;1
536576846;155 711 715;B01;2;33;0;2;8;1;1
536576847;155 711 712;A01;1;33;0;0;2;1;1
536576848;155 711 711;B01;3;1;0;2;1;1;5
536576848;155 711 714;A01;1;7;0;2;7;1;1
536576849;155 711 707;A01;1;33;0;0;9;1;1
536576850;155 711 708;A01;2;1;0;2;8;1;5
536576850;155 711 710;B01;2;7;0;2;1;16;1
536576851;155 711 706;B01;2;10;0;2;6;11;1
536576851;155 711 709;A01;2;33;0;2;2;3;1
536576852;155 711 704;A01;2;7;0;1;1;1;1
536576853;155 711 703;A01;1;31;0;2;0;5;1
536576853;155 711 705;B01;2;31;0;2;0;26;1