Num_Acc;id_vehicule;num_veh;senc;catv;obs;obsm;choc;manv;motor
536576854;155 711 702;A01;2;7;4;0;1;26;1
536576855;155 711 699;A01;2;33;0;2;7;0;1
536576855;155 711 700;B01;2;7;0;2;6;0;1
536576856;155 711 697;A01;1;7;0;2;4;2;2
536576856;155 711 698;B01;1;7;0;2;3;2;1
536576856;155 711 701;C01;2;7;0;2;1;1;1
536576857;155 711 695;A01;1;33;0;0;0;1;1
536576858;155 711 694;A01;3;33;0;2;7;17;1
536576858;155 711 696;B01;3;7;0;2;3;15;1
536576859;155 711 692;A01;1;7;0;2;2;15;1
536576859;155 711 693;B01;1;2;0;2;1;1;1
536576860;155 711 690;A01;1;33;0;2;1;2;1
536576860;155 711 691;B01;1;7;0;2;4;1;1
536576861;155 711 688;A01;1;7;15;2;3;13;1
536576861;155 711 689;B01;2;7;0;2;3;1;1
536576862;155 711 686;A01;1;7;8;0;1;13;1
536576863;155 711 685;A01;2;7;0;2;2;13;1
536576863;155 711 687;B01;1;7;0;2;2;1;1
536576864;155 711 681;A01;3;7;0;2;3;13;1
536576864;155 711 683;B01;3;7;0;2;3;1;1
536576865;155 711 682;A01;1;7;0;0;1;13;1
536576865;155 711 684;B01;2;7;0;0;1;0;1
536576866;155 711 679;A01;2;7;2;0;1;13;1
536576867;155 711 678;A01;2;1;0;2;3;1;5
536576867;155 711 680;B01;1;7;0;2;3;1;1
536576868;155 711 676;B01;1;1;0;2;4;2;5
536576868;155 711 677;A01;1;1;0;2;1;2;5
536576869;155 711 674;A01;1;10;8;0;1;1;1
536576870;155 711 673;A01;2;7;0;2;7;11;1
536576870;155 711 675;B01;1;33;0;2;1;1;1
536576871;155 711 671;A01;3;10;8;0;1;13;1
536576872;155 711 672;A01;2;10;0;0;7;1;1
536576873;155 711 669;A01;2;33;0;2;1;17;1
536576873;155 711 670;B01;2;7;0;0;6;15;1
536576874;155 711 666;B01;2;33;0;2;1;1;1
536576874;155 711 667;A01;2;7;0;2;5;10;1
536576875;155 711 664;A01;3;36;0;0;9;1;1
536576876;155 711 663;A01;1;7;0;2;1;2;1
536576876;155 711 665;B01;1;7;0;2;1;23;1
536576876;155 711 668;C01;1;7;0;0;4;23;1
536576877;155 711 661;A01;1;36;0;0;2;1;1
536576878;155 711 659;A01;3;7;0;2;4;4;1
536576878;155 711 660;B01;3;32;0;2;1;1;1
536576879;155 711 657;A01;1;7;0;2;3;15;2
536576879;155 711 658;B01;1;33;0;2;2;17;1
536576880;155 711 655;A01;2;33;0;2;1;1;1
536576880;155 711 656;B01;3;7;0;2;4;9;1
536576881;155 711 653;A01;0;31;0;0;0;1;1
536576882;155 711 651;A01;3;33;0;0;9;1;1
536576883;155 711 652;B01;1;7;0;2;1;1;1
536576883;155 711 654;A01;2;10;0;2;2;0;1
536576884;155 711 650;A01;2;7;0;1;1;1;1
536576885;155 711 649;A01;1;13;9;1;5;17;1
536576886;155 711 647;A01;1;33;0;2;1;2;1
536576887;155 711 643;B01;1;7;0;2;9;2;1
536576887;155 711 645;A01;1;10;0;2;1;1;1
536576887;155 711 646;C01;1;7;0;2;4;2;2
536576888;155 711 642;A01;2;10;1;0;1;2;1
536576888;155 711 644;B01;2;15;0;0;4;23;1
536576889;155 711 638;B01;2;7;0;2;9;13;1
536576889;155 711 640;C01;2;7;0;2;4;1;1
536576889;155 711 641;A01;2;33;0;2;1;2;1
536576890;155 711 639;A01;1;7;4;0;1;17;1
536576891;155 711 636;A01;2;7;0;2;1;2;1
536576891;155 711 637;B01;2;7;0;2;4;1;1
536576892;155 711 633;A01;2;43;0;2;3;3;0
536576892;155 711 634;B01;2;7;0;2;5;14;0
536576893;155 711 632;A01;3;50;0;2;1;15;3
536576893;155 711 635;B01;3;7;0;9;1;1;1
536576894;155 711 630;B01;1;10;0;2;5;1;1
536576894;155 711 631;A01;1;7;0;2;1;1;1
536576895;155 711 626;A01;1;7;0;2;8;11;1
536576895;155 711 628;B01;1;33;0;2;1;3;1
536576896;155 711 627;B01;2;2;0;2;1;1;1
536576896;155 711 629;A01;2;7;0;2;7;19;1
536576897;155 711 621;C01;1;7;0;2;4;1;1
536576897;155 711 622;D01;1;7;0;2;4;1;1
536576897;155 711 624;A01;1;7;0;2;1;1;1
536576897;155 711 625;B01;1;7;0;2;4;1;1
536576898;155 711 620;A01;2;7;4;2;2;1;1
536576898;155 711 623;B01;2;7;4;2;4;1;1
536576899;155 711 618;B01;1;7;0;2;2;0;1
536576899;155 711 619;A01;1;7;0;2;6;11;2
536576900;155 711 617;A01;1;7;1;1;2;0;1
536576901;155 711 615;A01;1;30;0;2;1;5;3
536576901;155 711 616;B01;1;33;0;2;1;1;1
536576902;155 711 612;A01;2;33;3;0;1;0;1
536576903;155 711 613;A01;1;7;0;2;3;1;1
536576903;155 711 614;B01;2;7;0;2;3;1;1
536576904;155 711 610;A01;2;7;0;2;1;1;1
536576904;155 711 611;B01;2;17;0;2;5;2;1
536576905;155 711 606;C01;1;33;0;2;2;2;1
536576905;155 711 607;A01;2;7;0;2;3;2;1
536576905;155 711 608;B01;2;2;0;2;4;2;1
536576906;155 711 605;B01;1;50;0;2;8;15;3
536576906;155 711 609;A01;2;7;0;2;3;1;1
536576907;155 711 603;A01;1;7;0;2;8;15;1
536576907;155 711 604;B01;1;10;0;2;1;7;1
536576908;155 711 601;A01;3;7;0;0;9;13;1
536576909;155 711 599;B01;3;7;0;2;6;1;1
536576909;155 711 600;C01;3;7;0;2;3;1;1
536576909;155 711 602;A01;3;7;0;2;2;1;1
536576910;155 711 597;B01;2;2;0;0;0;0;1
536576910;155 711 598;A01;1;7;0;9;8;15;1
536576911;155 711 592;B01;1;7;0;2;1;0;1
536576911;155 711 593;D01;1;7;0;0;0;0;0
536576911;155 711 595;A01;1;7;0;2;1;1;1
536576911;155 711 596;C01;1;7;0;2;4;1;1
536576912;155 711 591;B01;1;10;3;0;4;2;0
536576912;155 711 594;A01;1;10;0;2;1;2;1
536576913;155 711 589;B01;2;7;0;2;1;1;1
536576913;155 711 590;A01;2;7;0;2;5;19;1
536576914;155 711 585;B01;1;7;0;2;1;16;1
536576914;155 711 587;A01;1;7;0;2;3;1;1
536576915;155 711 586;A01;1;7;0;2;3;9;1
536576915;155 711 588;B01;1;1;0;0;0;0;5
536576916;155 711 583;A01;1;7;0;2;8;9;1
536576916;155 711 584;B01;1;31;0;2;1;1;1
536576917;155 711 579;C01;1;7;0;2;0;0;1
536576917;155 711 580;A01;1;7;0;2;0;2;1
536576917;155 711 582;B01;1;7;0;2;0;2;1
536576918;155 711 581;A01;2;7;6;0;1;14;1
536576919;155 711 577;B01;3;50;0;2;8;1;3
536576919;155 711 578;A01;3;7;0;2;3;19;1
536576920;155 711 574;A01;2;7;0;2;1;15;1
536576920;155 711 576;B01;2;7;0;2;1;1;1
536576921;155 711 575;A01;1;7;0;1;0;1;1
536576922;155 711 573;A01;0;33;8;0;7;14;1
536576923;155 711 571;A01;0;33;0;2;1;1;1
536576923;155 711 572;B01;0;10;0;2;7;1;1
536576924;155 711 569;A01;2;7;0;1;1;9;1
536576925;155 711 568;B01;2;7;0;2;3;23;1
536576925;155 711 570;A01;1;33;6;2;1;26;1
536576926;155 711 564;B01;2;37;0;2;3;1;1
536576926;155 711 566;A01;2;7;0;2;5;12;0
536576927;155 711 563;B01;2;7;0;2;6;15;1
536576927;155 711 565;A01;1;7;0;2;1;1;2
536576928;155 711 562;A01;3;7;0;1;1;1;3
536576929;155 711 561;A01;2;7;0;1;1;26;1
536576930;155 711 559;A01;1;7;0;2;3;0;1
536576930;155 711 560;B01;2;15;0;2;3;0;1
536576931;155 711 558;B01;2;33;0;2;4;1;1
536576932;155 711 557;A01;2;7;2;0;1;9;1
536576933;155 711 555;B01;1;7;0;2;4;23;1
536576933;155 711 556;A01;1;7;0;2;1;1;1
536576934;155 711 552;A01;2;30;1;2;1;1;1
536576934;155 711 553;B01;0;7;0;2;4;24;1
536576935;155 711 551;A01;2;7;0;2;3;15;2
536576935;155 711 554;B01;3;1;0;2;8;1;5
536576936;155 711 550;A01;1;7;8;0;1;1;1
536576937;155 711 548;B01;2;7;0;2;1;1;1
536576937;155 711 549;A01;2;7;0;2;1;13;1
536576938;155 711 547;A01;2;7;0;1;2;1;1
536576939;155 711 545;A01;3;33;0;2;2;17;1
536576939;155 711 546;B01;3;7;0;9;3;15;1
536576940;155 711 544;A01;3;7;8;0;0;0;1
536576941;155 711 542;A01;3;7;0;0;1;1;1
536576942;155 711 541;B01;1;2;0;2;8;1;1
536576942;155 711 543;A01;2;10;0;9;2;15;1
536576943;155 711 540;A01;1;33;0;0;0;15;1
536576944;155 711 538;A01;1;7;0;2;3;2;1
536576944;155 711 539;B01;1;14;0;2;5;12;1
536576945;155 711 535;A01;3;50;8;0;0;26;3
536576946;155 711 536;A01;3;7;0;2;1;26;6
536576946;155 711 537;B01;3;37;0;2;3;2;6
536576947;155 711 531;B01;0;7;0;2;3;1;1
536576947;155 711 534;A01;0;33;0;2;1;1;1
536576948;155 711 532;A01;2;33;0;2;1;21;1
536576948;155 711 533;B01;2;7;0;0;0;0;0
536576949;155 711 529;A01;2;7;16;0;9;14;1
536576950;155 711 528;B01;3;1;0;2;7;1;5
536576950;155 711 530;A01;1;7;0;2;3;1;1
536576951;155 711 526;A01;1;7;0;2;7;2;2
536576951;155 711 527;B01;1;1;0;2;6;2;5
536576952;155 711 524;B01;3;7;0;2;8;9;1
536576952;155 711 525;A01;1;7;0;2;1;1;1
536576953;155 711 523;A01;3;7;0;1;1;0;0
536576954;155 711 522;A01;2;3;0;0;0;26;3
536576955;155 711 519;A01;1;7;0;2;3;2;1
536576955;155 711 520;B01;1;33;0;2;4;2;1
536576955;155 711 521;C01;1;10;0;2;5;2;1
536576956;155 711 517;A01;1;7;0;2;1;1;1
536576956;155 711 518;B01;1;33;0;2;4;1;1
536576957;155 711 516;A01;1;30;12;0;8;1;1
536576958;155 711 514;B01;3;33;0;2;1;1;1
536576958;155 711 515;A01;3;7;0;2;2;13;1
536576959;155 711 513;A01;1;7;13;0;1;1;1
536576960;155 711 510;A01;2;30;0;2;3;1;1
536576960;155 711 512;B01;3;7;0;2;1;1;1
536576961;155 711 509;B01;2;2;0;2;1;1;1
536576961;155 711 511;A01;1;7;0;2;6;1;2
536576962;155 711 508;A01;0;36;0;0;0;26;1
536576963;155 711 507;A01;3;50;14;0;1;0;3
536576964;155 711 506;A01;0;7;4;0;1;14;1
536576965;155 711 505;A01;3;7;0;1;1;0;1
536576966;155 711 504;Z01;0;50;0;9;1;25;3
536576967;155 711 503;A01;1;30;0;0;7;14;1
536576968;155 711 502;A01;0;31;16;0;7;26;1
536576969;155 711 500;A01;1;7;0;1;1;2;1
536576970;155 711 499;B01;3;31;0;2;0;0;1
536576970;155 711 501;A01;2;7;0;2;2;9;1
536576971;155 711 498;A01;1;2;8;0;2;26;1
536576972;155 711 496;A01;3;7;0;1;2;26;1
536576973;155 711 495;B01;0;37;0;2;3;1;2
536576973;155 711 497;A01;0;34;0;2;1;16;1
536576974;155 711 492;A01;3;34;0;2;1;17;1
536576974;155 711 494;B01;0;7;0;2;6;2;1
536576975;155 711 491;A01;2;7;0;2;3;1;1
536576975;155 711 493;B01;3;7;0;2;5;9;1
536576976;155 711 488;A01;3;7;1;0;3;9;1
536576976;155 711 490;B01;3;1;0;2;1;1;5
536576977;155 711 485;A01;1;7;0;2;2;15;1
536576977;155 711 486;B01;2;34;0;2;1;1;1
536576978;155 711 483;Z01;2;7;0;2;1;2;0
536576978;155 711 487;B01;2;7;0;2;4;1;1
536576978;155 711 489;C01;2;7;0;2;6;1;1
536576979;155 711 480;A01;3;7;0;9;1;1;1
536576979;155 711 482;B01;3;1;0;2;7;1;5
536576980;155 711 479;B01;3;50;0;2;8;1;3
536576980;155 711 481;A01;3;7;0;2;1;2;1
536576981;155 711 476;B01;2;37;0;2;3;1;1
536576981;155 711 484;A01;1;7;0;2;1;1;1
536576982;155 711 474;A01;1;7;0;9;3;26;2
536576982;155 711 477;B01;1;1;0;2;7;26;5
536576983;155 711 475;B01;1;50;0;2;7;1;3
536576983;155 711 478;A01;2;7;0;9;1;9;1
536576984;155 711 470;B01;1;7;0;0;4;2;2
536576984;155 711 472;A01;1;7;0;2;1;2;1
536576985;155 711 473;A01;3;7;0;1;1;15;1
536576986;155 711 471;A01;3;7;0;1;4;4;1
536576987;155 711 467;B01;3;7;0;2;6;20;1
536576987;155 711 468;A01;3;50;0;2;5;2;3
536576988;155 711 462;A01;3;7;0;1;2;2;2
536576989;155 711 463;A01;1;37;0;2;1;2;1
536576989;155 711 465;B01;1;7;0;2;4;1;1
536576990;155 711 461;C01;1;7;0;2;4;21;1
536576990;155 711 464;A01;1;7;0;2;1;1;1
536576990;155 711 466;D01;1;7;0;2;4;1;1
536576990;155 711 469;B01;1;7;0;2;4;1;1
536576991;155 711 458;B01;3;7;0;2;4;2;1
536576991;155 711 460;A01;3;7;0;2;1;2;1
536576992;155 711 455;A01;2;7;0;2;1;2;1
536576992;155 711 456;C01;2;7;0;2;4;2;1
536576992;155 711 459;B01;2;10;0;2;4;2;1
536576993;155 711 454;A01;1;7;0;2;3;1;1
536576993;155 711 457;B01;1;37;0;2;2;1;1
536576994;155 711 453;A01;3;31;4;0;0;14;0
536576995;155 711 449;B01;1;7;0;2;5;1;1
536576995;155 711 452;A01;1;7;0;2;3;1;1
536576996;155 711 447;A01;3;32;0;2;3;1;1
536576996;155 711 450;B01;3;33;0;2;3;1;1
536576997;155 711 448;B01;1;80;0;2;1;1;2
536576997;155 711 451;A01;2;7;0;9;2;0;1
536576998;155 711 444;A01;3;7;0;0;1;18;1
536576999;155 711 445;A01;2;10;0;2;7;12;1
536576999;155 711 446;B01;2;7;0;2;1;2;1
536577000;155 711 440;A01;1;7;0;9;2;2;1
536577000;155 711 443;B01;1;80;0;2;6;2;3
536577001;155 711 438;A01;1;7;0;2;1;1;1
536577001;155 711 441;B01;1;7;0;2;4;1;1
536577002;155 711 439;A01;1;33;0;2;1;3;1
536577002;155 711 442;B01;1;7;0;0;4;1;1
536577003;155 711 436;A01;3;7;0;1;5;20;1
536577004;155 711 435;A01;1;7;0;1;1;1;2
536577005;155 711 430;A01;0;7;0;2;2;16;1
536577005;155 711 431;B01;3;1;0;2;1;26;5
536577006;155 711 433;C01;3;1;0;2;7;2;5
536577006;155 711 434;A01;3;7;0;9;2;1;1
536577006;155 711 437;B01;1;1;0;2;3;3;5
536577007;155 711 429;B01;2;7;0;2;8;1;2
536577007;155 711 432;A01;2;1;0;2;1;1;5
536577008;155 711 426;A01;2;31;0;2;1;1;1
536577008;155 711 428;B01;2;7;0;2;4;1;1
536577009;155 711 425;A01;3;7;0;1;2;17;1
536577010;155 711 424;B01;3;7;1;0;0;0;1
536577010;155 711 427;Z01;1;10;0;2;1;1;1
536577011;155 711 421;A01;1;7;1;0;2;2;1
536577012;155 711 418;B01;2;33;0;2;4;2;1
536577012;155 711 419;C01;2;7;0;2;4;2;2
536577012;155 711 420;A01;2;33;0;2;1;11;1
536577012;155 711 422;E01;2;7;0;2;4;2;3
536577012;155 711 423;D01;2;7;0;2;8;2;1
536577013;155 711 417;A01;1;33;0;1;1;13;1
536577014;155 711 415;A01;2;1;1;0;1;1;5
536577014;155 711 416;B01;2;7;0;2;7;22;3
536577015;155 711 410;C01;1;80;0;2;1;1;3
536577015;155 711 411;D01;1;1;0;2;4;1;5
536577015;155 711 412;A01;1;1;0;2;4;1;5
536577015;155 711 414;B01;1;80;0;2;4;1;3
536577016;155 711 409;A01;1;31;0;2;1;0;1
536577016;155 711 413;B01;2;7;0;2;3;0;1
536577017;155 711 404;A01;1;1;0;2;5;17;5
536577017;155 711 406;B01;2;32;0;2;2;1;1
536577018;155 711 403;C01;1;7;0;2;2;1;1
536577018;155 711 407;A01;1;7;0;2;3;1;1
536577018;155 711 408;B01;2;7;0;2;6;15;1
536577019;155 711 405;A01;0;7;0;1;4;20;1
536577020;155 711 401;A01;3;7;0;1;2;1;2
536577021;155 711 398;A01;3;33;0;2;1;18;1
536577021;155 711 400;B01;2;7;0;2;7;16;3
536577022;155 711 399;A01;0;7;0;2;5;2;1
536577022;155 711 402;B01;0;1;0;2;3;1;5
536577023;155 711 394;B01;1;50;0;2;1;1;3
536577023;155 711 397;A01;1;7;0;2;8;1;1
536577024;155 711 395;A01;3;7;0;1;2;1;1
536577025;155 711 393;B01;3;7;0;2;1;1;1
536577025;155 711 396;A01;3;7;0;2;6;1;1
536577026;155 711 389;B01;3;7;0;2;8;24;1
536577026;155 711 392;A01;3;10;1;0;7;1;1
536577027;155 711 388;A01;1;7;0;2;3;2;1
536577027;155 711 391;B01;1;7;0;0;2;2;1
536577028;155 711 387;A01;2;7;0;2;3;1;1
536577028;155 711 390;B01;1;2;0;2;1;1;1
536577029;155 711 382;A01;2;7;0;2;7;24;2
536577029;155 711 385;B01;2;34;1;0;1;18;1
536577030;155 711 384;B01;3;60;0;2;1;5;5
536577030;155 711 386;A01;3;7;0;2;1;1;3
536577031;155 711 383;A01;0;7;8;0;1;0;1
536577032;155 711 381;A01;2;7;0;1;3;1;1
536577033;155 711 380;A01;2;7;13;0;1;0;1
536577034;155 711 377;A01;2;33;7;0;1;14;1
536577035;155 711 376;A01;3;7;0;1;1;20;1
536577036;155 711 375;A01;2;7;0;2;1;2;1
536577036;155 711 378;B01;2;7;0;2;4;15;1
536577036;155 711 379;C01;1;7;0;2;8;1;1
536577037;155 711 372;A01;2;31;0;2;1;18;1
536577037;155 711 373;B01;2;7;0;2;7;0;2
536577038;155 711 371;B01;3;60;0;2;1;19;5
536577038;155 711 374;A01;2;10;0;2;3;1;1
536577039;155 711 369;B01;1;31;0;2;1;2;1
536577039;155 711 370;A01;1;7;0;9;4;17;1
536577040;155 711 367;A01;2;7;13;0;1;1;1
536577041;155 711 362;A01;1;33;0;0;1;0;1
536577042;155 711 363;A01;2;7;0;2;2;2;1
536577042;155 711 366;B01;2;80;0;2;6;2;3
536577043;155 711 364;A01;0;7;0;2;1;0;1
536577043;155 711 365;C01;1;7;0;2;7;0;2
536577043;155 711 368;B01;1;7;0;2;6;0;1
536577044;155 711 361;A01;1;0;6;0;1;1;0
536577045;155 711 358;A01;3;7;0;2;6;10;1
536577045;155 711 360;B01;3;43;0;2;1;17;1
536577046;155 711 359;A01;1;7;0;1;3;0;1
536577047;155 711 357;A01;1;7;0;0;0;0;1
536577048;155 711 355;A01;2;43;0;0;2;23;1
536577049;155 711 354;B01;2;7;0;2;1;0;1
536577049;155 711 356;A01;1;32;0;2;1;5;1
536577050;155 711 351;A01;1;33;0;2;1;1;1
536577050;155 711 353;B01;1;7;0;0;2;1;1
536577051;155 711 350;B01;1;7;0;2;1;15;1
536577051;155 711 352;A01;2;1;0;2;1;1;5
536577052;155 711 345;A01;2;7;0;0;0;0;1
536577052;155 711 346;B01;2;43;0;2;3;9;1
536577053;155 711 344;C01;2;7;0;2;1;16;1
536577053;155 711 348;A01;1;99;0;2;1;17;1
536577053;155 711 349;B01;2;7;0;2;1;26;1
536577054;155 711 343;A01;3;7;0;2;7;19;1
536577054;155 711 347;B01;2;7;0;2;1;1;1
536577055;155 711 341;B01;1;1;1;0;1;1;5
536577055;155 711 342;A01;1;7;0;2;8;22;3
536577056;155 711 337;A01;2;50;1;0;1;0;3
536577057;155 711 336;A01;2;7;0;2;2;17;1
536577057;155 711 339;B01;1;7;0;2;1;1;1
536577058;155 711 333;A01;2;33;0;1;2;1;1
536577059;155 711 334;A01;3;13;0;2;6;1;1
536577059;155 711 335;C01;3;7;0;2;6;23;1
536577059;155 711 338;D01;3;7;1;2;2;1;1
536577059;155 711 340;B01;1;7;0;2;2;17;1
536577060;155 711 332;A01;1;7;2;0;0;13;1
536577061;155 711 331;A01;2;80;0;0;0;1;3
536577062;155 711 329;A01;2;7;0;1;1;1;2
536577063;155 711 328;B01;1;1;0;2;0;15;5
536577063;155 711 330;A01;1;10;0;2;5;15;1
536577064;155 711 325;B01;1;10;0;2;4;1;3
536577064;155 711 327;A01;3;31;0;2;1;1;1
536577065;155 711 323;A01;3;7;1;1;2;14;2
536577066;155 711 321;A01;1;50;0;2;3;15;3
536577066;155 711 322;B01;1;33;0;2;7;1;1
536577067;155 711 318;A01;2;30;0;2;1;18;1
536577067;155 711 320;B01;2;7;0;2;5;15;1
536577068;155 711 317;A01;1;7;0;2;1;1;1
536577068;155 711 319;B01;1;7;0;0;4;23;1
536577069;155 711 316;Z01;2;30;0;1;0;26;0
536577070;155 711 315;A01;1;7;14;0;3;0;1
536577071;155 711 311;A01;2;7;0;2;1;15;1
536577071;155 711 313;B01;1;2;0;2;1;1;1
536577072;155 711 312;A01;3;7;0;2;2;2;1
536577072;155 711 314;B01;3;7;0;2;4;2;1
536577073;155 711 309;A01;1;7;0;2;8;9;1
536577073;155 711 310;B01;1;7;0;2;1;1;1
536577074;155 711 304;A01;2;33;0;0;0;1;1
536577075;155 711 305;A01;1;33;0;2;4;1;1
536577075;155 711 307;B01;1;7;0;2;4;15;1
536577076;155 711 306;B01;2;33;0;2;1;1;1
536577076;155 711 308;A01;1;10;0;2;7;15;1
536577077;155 711 302;A01;2;7;2;0;8;13;1
536577078;155 711 300;A01;2;7;0;2;1;13;1
536577078;155 711 301;B01;1;7;0;2;1;1;1
536577079;155 711 299;B01;3;34;0;2;0;0;0
536577079;155 711 303;A01;2;30;0;2;0;1;0
536577080;155 711 297;A01;3;7;0;0;3;15;1
536577080;155 711 298;B01;1;31;0;2;1;1;1
536577081;155 711 294;A01;1;7;0;2;2;1;1
536577081;155 711 296;B01;1;1;0;0;4;1;5
536577082;155 711 292;B01;3;33;0;2;1;1;1
536577082;155 711 295;A01;3;7;0;2;8;15;1
536577083;155 711 291;A01;3;7;2;0;3;1;1
536577084;155 711 290;B01;2;33;0;2;1;1;1
536577084;155 711 293;A01;1;7;0;2;3;13;1
536577085;155 711 288;A01;2;7;6;0;1;13;1
536577086;155 711 287;A01;1;32;0;2;1;2;1
536577086;155 711 289;B01;1;10;0;2;4;2;1
536577087;155 711 285;A01;2;37;0;2;5;17;1
536577087;155 711 286;B01;2;1;0;0;8;17;5
536577088;155 711 282;A01;1;7;0;2;1;0;1
536577088;155 711 284;B01;2;7;0;2;1;0;1
536577089;155 711 281;A01;2;31;0;2;7;3;1
536577089;155 711 283;B01;2;7;0;2;8;2;1
536577090;155 711 279;B01;1;1;0;0;4;2;5
536577090;155 711 280;A01;1;7;0;9;2;2;2
536577091;155 711 278;A01;1;7;0;1;1;1;1
536577092;155 711 276;A01;2;10;0;2;1;2;1
536577092;155 711 277;B01;2;7;0;2;4;2;1
536577093;155 711 275;A01;1;7;0;0;0;14;1
536577094;155 711 271;A01;1;10;0;2;2;15;1
536577094;155 711 274;B01;1;7;0;2;1;1;1
536577095;155 711 270;A01;1;7;3;0;1;1;1
536577096;155 711 269;A01;2;7;0;2;1;11;1
536577096;155 711 272;B01;2;7;0;2;4;1;2
536577097;155 711 268;A01;1;2;0;2;1;1;1
536577097;155 711 273;B01;1;7;0;2;4;1;1
536577098;155 711 265;A01;2;7;0;1;2;1;1
536577099;155 711 266;A01;1;7;2;0;1;14;1
536577100;155 711 263;A01;1;33;0;2;2;3;1
536577100;155 711 267;B01;1;10;0;2;8;11;1
536577101;155 711 260;A01;2;10;0;2;7;14;1
536577101;155 711 262;B01;2;33;0;2;8;3;1
536577101;155 711 264;C01;2;7;0;2;3;1;1
536577102;155 711 257;A01;3;7;0;2;3;1;1
536577102;155 711 261;B01;3;7;0;2;2;1;1
536577103;155 711 256;B01;2;7;0;0;0;1;1
536577103;155 711 259;A01;1;36;0;0;0;14;1
536577104;155 711 254;B01;1;7;0;2;4;2;1
536577104;155 711 255;C01;1;7;0;2;4;2;1
536577104;155 711 258;A01;2;7;0;2;1;2;1
536577105;155 711 251;A01;2;1;0;0;0;0;5
536577106;155 711 250;A01;2;7;0;2;2;13;1
536577106;155 711 253;B01;1;7;0;2;1;1;1
536577107;155 711 249;B01;2;15;0;2;6;1;1
536577107;155 711 252;A01;2;7;4;2;2;12;1
536577108;155 711 248;A01;3;7;9;0;1;2;1
536577109;155 711 245;A01;2;10;0;2;5;23;1
536577109;155 711 247;B01;2;10;13;2;3;1;1
536577110;155 711 246;A01;1;33;0;0;8;1;1
536577111;155 711 244;A01;0;7;0;0;2;0;1
536577112;155 711 243;A01;3;7;0;1;1;14;2
536577113;155 711 240;A01;1;7;0;2;3;1;1
536577113;155 711 242;B01;1;31;0;2;1;13;1
536577114;155 711 239;A01;1;14;0;0;0;1;1
536577114;155 711 241;B01;2;33;0;9;3;1;1
536577115;155 711 236;A01;2;7;13;0;3;17;1
536577116;155 711 237;A01;1;7;0;0;9;1;1
536577117;155 711 233;C01;2;1;0;2;1;1;5
536577117;155 711 235;A01;2;7;0;2;7;22;0
536577117;155 711 238;B01;2;80;0;2;3;1;2
536577118;155 711 231;A01;1;33;0;2;1;1;1
536577118;155 711 232;B01;2;7;0;2;3;1;1
536577119;155 711 229;B01;1;7;0;2;3;1;1
536577119;155 711 230;A01;2;7;0;2;3;1;1
536577120;155 711 225;A01;1;1;0;2;1;2;5
536577120;155 711 228;B01;1;7;0;0;4;2;1
536577121;155 711 226;B01;2;80;0;2;1;1;3
536577121;155 711 227;A01;3;80;0;2;1;19;3
536577122;155 711 224;A01;1;33;0;0;0;1;1
536577123;155 711 222;B01;3;7;13;2;8;1;1
536577123;155 711 223;A01;3;13;0;2;1;19;1
536577124;155 711 221;A01;1;60;12;0;1;14;5
536577125;155 711 219;A01;2;7;0;1;1;1;1
536577126;155 711 218;A01;1;7;0;2;3;13;1
536577126;155 711 220;B01;2;15;0;2;2;1;1
536577127;155 711 217;A01;3;7;8;0;1;21;1
536577128;155 711 216;Z01;3;7;0;1;1;1;0
536577129;155 711 213;A01;1;33;0;2;3;1;1
536577129;155 711 215;B01;2;7;0;2;3;1;1
536577130;155 711 211;A01;2;7;2;0;9;1;1
536577131;155 711 212;A01;1;7;0;2;3;13;1
536577131;155 711 214;B01;2;7;0;2;8;14;1
536577132;155 711 208;A01;1;50;0;2;8;1;3
536577132;155 711 210;B01;2;1;0;2;8;1;5
536577133;155 711 207;A01;2;7;0;9;7;17;1
536577133;155 711 209;B01;2;1;0;2;8;15;5
536577134;155 711 205;A01;1;33;16;0;9;1;1
536577135;155 711 204;A01;1;7;0;2;3;1;1
536577135;155 711 206;B01;1;33;0;2;2;1;1
536577136;155 711 203;A01;1;33;0;1;1;17;1
536577137;155 711 202;A01;0;10;0;1;3;2;1
536577138;155 711 198;A01;2;1;0;4;4;13;5
536577138;155 711 201;B01;2;40;0;2;2;1;3
536577139;155 711 196;A01;1;7;0;2;1;17;1
536577139;155 711 199;B01;2;7;0;2;1;1;1
536577140;155 711 197;A01;1;33;0;2;1;1;1
536577140;155 711 200;B01;2;7;0;0;5;15;1
536577141;155 711 195;A01;3;13;0;1;7;16;1
536577142;155 711 192;A01;3;7;0;2;2;19;1
536577142;155 711 193;B01;3;3;0;2;1;1;1
536577143;155 711 191;B01;1;7;0;9;8;1;2
536577143;155 711 194;A01;1;1;0;2;1;1;5
536577144;155 711 189;A01;2;7;0;2;1;5;1
536577144;155 711 190;B01;1;10;0;2;1;1;1
536577145;155 711 186;B01;0;50;1;0;1;21;3
536577145;155 711 188;A01;0;7;0;0;6;22;1
536577146;155 711 185;A01;1;43;0;2;7;18;1
536577146;155 711 187;B01;1;7;0;2;5;22;2
536577147;155 711 183;A01;2;2;12;0;2;1;1
536577148;155 711 182;B01;3;1;0;0;9;1;5
536577148;155 711 184;A01;3;1;0;0;9;1;5
536577149;155 711 179;A01;1;7;0;2;3;17;1
536577149;155 711 181;B01;2;7;0;2;3;1;1