Num_Acc;id_vehicule;num_veh;senc;catv;obs;obsm;choc;manv;motor
536578062;155 709 575;A01;3;32;12;0;1;2;1
536578063;155 709 574;A01;2;15;1;1;2;1;1
536578064;155 709 573;B01;2;33;0;2;8;15;1
536578064;155 709 576;A01;1;10;0;2;2;15;1
536578065;155 709 568;A01;1;34;0;2;8;15;1
536578065;155 709 571;B01;1;1;0;2;0;15;5
536578066;155 709 563;A01;3;7;0;2;1;16;1
536578066;155 709 565;B01;3;38;0;2;3;1;1
536578067;155 709 562;A01;1;31;0;2;1;1;1
536578067;155 709 564;B01;2;37;0;2;3;1;4
536578068;155 709 558;C01;2;7;0;2;1;1;1
536578068;155 709 560;A01;2;33;0;2;1;7;1
536578068;155 709 561;B01;2;7;0;2;6;13;2
536578069;155 709 556;A01;2;33;0;2;1;17;1
536578069;155 709 559;B01;1;7;0;2;3;1;1
536578070;155 709 554;A01;2;33;0;0;0;9;1
536578071;155 709 551;A01;1;7;0;2;1;13;1
536578071;155 709 553;B01;2;14;0;2;1;1;1
536578072;155 709 550;A01;2;7;4;0;3;13;1
536578073;155 709 548;A01;3;7;0;1;6;4;1
536578074;155 709 547;B01;3;7;0;2;4;2;3
536578074;155 709 549;C01;3;7;0;2;4;2;1
536578074;155 709 552;D01;3;7;0;2;4;2;1
536578074;155 709 555;E01;3;7;0;2;4;2;1
536578074;155 709 557;A01;3;14;0;2;1;2;1
536578075;155 709 546;A01;2;7;4;0;2;1;1
536578076;155 709 540;B01;2;1;0;2;1;1;5
536578076;155 709 543;A01;2;7;0;2;5;1;1
536578077;155 709 536;C01;1;7;4;2;2;2;1
536578077;155 709 539;A01;1;7;0;2;1;26;1
536578077;155 709 541;B01;1;7;0;2;4;1;1
536578078;155 709 535;A01;2;7;0;2;4;1;2
536578078;155 709 537;B01;2;7;0;2;1;2;1
536578078;155 709 538;C01;2;7;0;2;1;2;1
536578079;155 709 533;A01;2;7;4;0;2;1;1
536578080;155 709 531;A01;2;7;0;2;2;1;1
536578080;155 709 534;B01;2;1;0;2;0;1;5
536578081;155 709 526;A01;2;17;0;2;1;2;1
536578081;155 709 528;B01;2;7;0;2;4;2;1
536578081;155 709 530;C01;2;7;0;2;4;2;1
536578081;155 709 532;D01;2;7;0;2;4;2;1
536578082;155 709 522;B01;2;7;0;2;1;1;2
536578082;155 709 524;A01;2;33;0;2;7;26;1
536578083;155 709 520;A01;2;7;0;2;1;1;1
536578083;155 709 523;B01;2;7;0;2;4;1;1
536578083;155 709 525;C01;2;7;0;2;4;1;2
536578083;155 709 527;D01;2;7;0;2;4;1;2
536578083;155 709 529;E01;2;7;0;2;4;1;2
536578084;155 709 519;A01;2;7;1;0;1;12;1
536578084;155 709 521;B01;2;10;0;2;4;9;1
536578085;155 709 518;A01;1;33;0;9;8;1;1
536578086;155 709 517;A01;1;30;0;0;8;26;1
536578087;155 709 512;A01;1;7;0;2;1;2;1
536578087;155 709 514;B01;1;7;0;2;4;2;1
536578087;155 709 516;C01;1;7;0;2;4;2;2
536578088;155 709 513;A01;1;7;0;2;4;1;1
536578088;155 709 515;B01;1;7;0;2;1;2;1
536578089;155 709 508;A01;1;7;0;2;2;1;1
536578089;155 709 510;B01;1;7;0;2;6;23;1
536578089;155 709 511;C01;1;7;0;2;7;1;1
536578090;155 709 507;A01;1;7;0;9;1;16;1
536578090;155 709 509;B01;3;50;0;2;1;25;3
536578091;155 709 505;A01;2;7;0;2;3;11;1
536578091;155 709 506;B01;2;33;0;2;7;1;1
536578092;155 709 503;A01;2;7;4;0;1;16;1
536578093;155 709 500;A01;1;7;0;2;1;2;1
536578093;155 709 504;B01;1;7;0;2;4;2;1
536578094;155 709 499;A01;1;7;0;2;3;1;1
536578094;155 709 502;B01;1;2;0;0;4;1;1
536578095;155 709 497;A01;1;7;0;2;7;12;1
536578095;155 709 498;B01;1;33;0;2;1;3;1
536578095;155 709 501;C01;1;7;0;2;7;1;1
536578096;155 709 495;A01;2;7;3;2;4;2;1
536578096;155 709 496;B01;2;7;0;2;1;2;1
536578097;155 709 492;A01;1;7;3;0;3;13;1
536578098;155 709 491;A01;2;7;0;2;1;1;1
536578098;155 709 494;B01;2;7;0;0;4;0;1
536578099;155 709 489;B01;2;7;0;2;1;1;1
536578099;155 709 493;A01;1;7;0;2;1;13;1
536578100;155 709 488;A01;1;7;3;0;3;13;1
536578101;155 709 487;A01;2;33;0;2;1;3;1
536578101;155 709 490;Z01;2;7;0;2;0;12;0
536578102;155 709 479;B01;1;7;0;2;1;1;3
536578102;155 709 484;A01;1;7;0;2;1;13;0
536578103;155 709 478;A01;2;7;0;2;8;11;1
536578103;155 709 480;B01;2;33;0;2;7;1;1
536578103;155 709 483;C01;2;7;0;2;4;1;2
536578104;155 709 477;A01;1;7;0;0;2;14;1
536578105;155 709 475;A01;3;7;0;1;5;20;1
536578106;155 709 471;A01;1;7;0;2;1;1;0
536578106;155 709 473;B01;2;15;0;2;3;1;1
536578106;155 709 476;C01;2;15;0;2;8;1;1
536578107;155 709 468;A01;2;33;8;0;0;21;1
536578108;155 709 466;A01;2;7;0;2;1;2;1
536578108;155 709 469;B01;2;7;0;2;4;2;1
536578109;155 709 464;B01;2;10;0;2;1;0;1
536578109;155 709 467;C01;2;7;0;0;1;2;1
536578109;155 709 470;E01;2;7;0;2;4;2;1
536578109;155 709 472;A01;2;7;0;2;1;2;1
536578109;155 709 474;D01;2;7;0;2;4;2;2
536578110;155 709 461;A01;2;7;13;0;2;1;1
536578111;155 709 459;B01;1;7;0;2;3;1;1
536578111;155 709 463;A01;1;10;0;2;2;15;1
536578112;155 709 460;A01;1;10;0;1;1;1;1
536578113;155 709 458;B01;1;7;1;0;1;1;1
536578113;155 709 462;A01;1;10;6;0;6;23;1
536578114;155 709 457;A01;2;7;0;0;9;16;1
536578115;155 709 455;A01;1;7;0;2;3;21;1
536578115;155 709 456;B01;2;1;0;2;8;14;5
536578116;155 709 453;A01;2;7;2;0;1;1;0
536578117;155 709 454;A01;1;7;9;9;9;1;1
536578118;155 709 449;A01;1;7;0;2;1;2;1
536578118;155 709 451;B01;1;7;0;2;4;2;1
536578118;155 709 452;C01;1;7;0;2;4;2;2
536578119;155 709 448;A01;1;2;0;2;1;1;1
536578119;155 709 450;B01;1;7;0;2;2;19;1
536578120;155 709 447;A01;2;7;13;0;3;1;1
536578121;155 709 446;A01;1;7;0;6;1;1;1
536578122;155 709 443;A01;2;7;0;2;2;15;1
536578122;155 709 444;B01;2;10;0;2;3;9;1
536578123;155 709 442;B01;1;43;0;2;2;12;1
536578123;155 709 445;A01;1;7;0;2;4;12;1
536578124;155 709 441;A01;1;14;0;0;8;1;1
536578125;155 709 438;A01;2;7;0;2;3;13;1
536578125;155 709 440;B01;2;33;0;2;7;3;1
536578126;155 709 436;A01;0;7;0;0;6;23;1
536578126;155 709 439;B01;3;1;0;2;0;0;5
536578127;155 709 434;A01;2;7;0;2;8;0;1
536578127;155 709 437;B01;2;34;0;2;2;0;1
536578128;155 709 430;A01;1;7;0;9;5;15;1
536578128;155 709 433;B01;1;1;0;2;1;1;5
536578129;155 709 431;A01;3;7;0;2;1;9;1
536578129;155 709 435;B01;3;50;0;2;7;1;3
536578130;155 709 429;A01;2;7;0;2;2;12;1
536578130;155 709 432;B01;2;7;0;2;6;1;1
536578131;155 709 425;A01;2;7;0;1;1;1;2
536578132;155 709 424;A01;1;7;0;2;8;2;1
536578132;155 709 427;B01;1;7;0;2;7;1;1
536578133;155 709 423;B01;1;7;0;2;4;12;1
536578133;155 709 426;C01;1;43;0;2;1;3;1
536578133;155 709 428;A01;1;43;0;2;1;3;1
536578134;155 709 419;A01;3;7;0;2;3;9;1
536578134;155 709 421;B01;3;34;0;2;7;1;1
536578135;155 709 415;A01;2;7;6;0;3;1;1
536578136;155 709 413;B01;1;7;0;2;6;23;1
536578136;155 709 416;A01;1;30;0;2;1;17;1
536578137;155 709 408;A01;1;37;0;1;3;1;3
536578138;155 709 410;A01;2;7;0;2;1;2;1
536578138;155 709 412;B01;2;7;0;2;4;2;1
536578138;155 709 418;C01;2;7;0;2;1;2;1
536578138;155 709 420;E01;2;7;0;2;4;2;1
536578138;155 709 422;D01;2;7;0;2;4;2;1
536578139;155 709 409;C01;2;7;0;2;4;23;1
536578139;155 709 411;D01;2;7;0;2;4;23;1
536578139;155 709 414;B01;2;7;0;2;4;23;1
536578139;155 709 417;A01;2;7;0;2;1;9;2
536578140;155 709 406;A01;1;7;0;9;3;1;1
536578140;155 709 407;B01;1;60;0;2;7;1;5
536578141;155 709 403;A01;0;7;3;2;1;13;1
536578141;155 709 405;B01;0;7;0;2;1;1;1
536578142;155 709 401;A01;2;33;0;2;1;12;1
536578142;155 709 404;B01;2;7;0;2;6;23;1
536578143;155 709 400;A01;2;33;0;2;1;3;1
536578143;155 709 402;B01;2;10;0;2;7;12;1
536578144;155 709 397;B01;2;7;0;2;1;15;3
536578144;155 709 399;A01;2;33;0;2;1;1;1
536578145;155 709 395;A01;1;7;4;0;2;14;3
536578146;155 709 396;Z01;2;7;0;2;7;2;0
536578146;155 709 398;B01;2;2;0;2;8;2;1
536578147;155 709 394;A01;1;7;5;0;3;13;1
536578148;155 709 392;B01;1;2;0;2;2;1;1
536578148;155 709 393;A01;1;7;0;2;3;20;1
536578149;155 709 388;A01;2;33;0;2;2;2;1
536578149;155 709 391;B01;1;7;0;2;8;2;1
536578150;155 709 387;A01;2;7;0;1;3;1;0
536578151;155 709 386;B01;3;1;0;2;0;0;5
536578151;155 709 389;A01;3;30;0;2;1;17;1
536578152;155 709 385;Z01;2;7;0;2;0;19;0
536578152;155 709 390;B01;1;2;0;2;0;1;0
536578153;155 709 383;A01;3;50;0;0;0;1;3
536578154;155 709 379;A01;2;50;12;0;7;14;3
536578155;155 709 377;A01;0;3;0;2;1;19;1
536578155;155 709 380;B01;0;50;0;2;8;26;3
536578156;155 709 376;A01;1;7;0;2;3;15;1
536578156;155 709 382;B01;2;2;0;2;1;1;1
536578157;155 709 375;D01;2;7;0;2;0;0;1
536578157;155 709 378;B01;2;7;0;2;4;1;2
536578157;155 709 381;C01;2;7;0;2;1;1;1
536578157;155 709 384;A01;2;10;4;2;3;13;1
536578158;155 709 373;B01;1;34;0;2;3;1;1
536578158;155 709 374;A01;1;7;0;2;3;10;1
536578159;155 709 372;A01;2;1;0;1;1;1;5
536578160;155 709 371;A01;1;50;0;0;0;1;3
536578161;155 709 370;A01;1;7;4;0;3;13;1
536578162;155 709 368;A01;2;33;0;2;3;17;1
536578162;155 709 369;B01;0;7;0;2;8;15;1
536578163;155 709 365;A01;2;7;0;2;8;22;1
536578163;155 709 367;B01;2;50;1;0;1;1;3
536578164;155 709 363;A01;1;30;0;2;1;13;1
536578164;155 709 366;B01;2;7;0;2;1;1;1
536578165;155 709 361;B01;1;7;0;2;4;2;2
536578165;155 709 364;A01;1;7;0;2;1;2;1
536578166;155 709 359;A01;2;7;0;1;1;15;1
536578167;155 709 360;A01;2;2;0;2;8;1;1
536578167;155 709 362;B01;1;7;0;2;3;1;2
536578168;155 709 357;A01;3;7;16;0;3;15;1
536578168;155 709 358;B01;1;30;0;2;1;1;1
536578169;155 709 356;A01;2;7;4;0;1;1;1
536578170;155 709 352;A01;2;10;0;2;6;13;1
536578170;155 709 354;B01;2;7;0;2;9;14;1
536578171;155 709 350;B01;1;7;0;2;1;1;1
536578171;155 709 355;A01;1;2;0;2;3;15;0
536578172;155 709 348;B01;2;7;0;2;4;2;1
536578172;155 709 351;C01;2;7;0;2;4;2;1
536578172;155 709 353;A01;2;7;0;2;1;2;1
536578173;155 709 347;A01;1;7;0;2;1;2;1
536578173;155 709 349;Z01;1;7;0;2;0;0;0
536578174;155 709 344;A01;2;37;0;1;0;1;4
536578175;155 709 342;A01;2;2;0;2;1;15;3
536578175;155 709 345;B01;2;7;0;2;2;1;1
536578176;155 709 343;A01;1;7;0;2;2;15;1
536578176;155 709 346;B01;2;1;0;2;7;1;5
536578177;155 709 341;A01;2;7;0;2;0;0;1
536578178;155 709 339;A01;3;7;0;1;3;2;1
536578179;155 709 336;B01;3;10;0;2;2;1;1
536578179;155 709 340;A01;2;10;0;2;3;5;1
536578180;155 709 335;A01;2;7;0;2;1;2;1
536578180;155 709 338;B01;2;7;3;2;4;2;1
536578181;155 709 332;A01;3;37;0;2;2;1;1
536578181;155 709 333;B01;3;34;0;2;1;0;0
536578182;155 709 330;C01;1;7;1;0;0;0;1
536578182;155 709 334;A01;1;7;0;2;1;1;1
536578182;155 709 337;B01;1;7;0;2;1;1;1
536578183;155 709 328;A01;3;33;0;2;3;2;1
536578183;155 709 331;B01;3;7;0;2;4;15;1
536578184;155 709 326;B01;1;7;0;2;1;2;1
536578184;155 709 327;A01;1;7;0;2;4;2;1
536578185;155 709 325;A01;3;7;0;2;0;21;1
536578185;155 709 329;B01;3;7;0;2;0;15;1
536578186;155 709 324;Z01;3;7;0;1;0;0;0
536578187;155 709 323;A01;3;10;0;1;7;1;1
536578188;155 709 319;A01;1;7;0;2;1;2;0
536578188;155 709 321;B01;3;7;0;2;4;2;1
536578189;155 709 320;A01;2;7;0;1;3;1;2
536578190;155 709 317;A01;1;30;1;0;1;2;3
536578191;155 709 316;A01;1;7;0;2;8;15;1
536578191;155 709 318;B01;1;43;0;2;0;0;1
536578192;155 709 313;B01;1;7;0;1;6;1;1
536578193;155 709 312;B01;2;80;0;2;4;12;3
536578193;155 709 315;A01;2;7;0;2;1;1;1
536578194;155 709 311;A01;3;37;0;9;0;0;1
536578194;155 709 314;B01;2;1;0;2;1;0;5
536578195;155 709 310;A01;1;10;7;0;4;20;1
536578196;155 709 307;B01;2;7;0;2;1;0;1
536578196;155 709 309;A01;2;7;0;2;6;13;1
536578197;155 709 308;A01;0;32;0;0;8;1;1
536578198;155 709 304;B01;2;7;0;2;1;15;1
536578198;155 709 306;A01;2;37;0;2;3;1;1
536578199;155 709 305;A01;1;33;0;2;0;26;1
536578200;155 709 302;A01;2;10;7;0;7;21;1
536578201;155 709 301;A01;1;10;0;2;7;0;1
536578201;155 709 303;B01;1;1;0;2;8;1;5
536578202;155 709 299;A01;1;32;0;0;8;1;1
536578203;155 709 297;A01;1;30;0;2;1;2;1
536578203;155 709 300;B01;1;7;0;2;4;2;2
536578204;155 709 295;A01;1;7;0;2;1;1;1
536578204;155 709 298;B01;3;80;0;2;3;12;3
536578205;155 709 291;Z01;1;10;0;2;2;12;1
536578205;155 709 294;B01;3;31;0;2;0;1;3
536578206;155 709 292;A01;1;7;0;1;1;16;2
536578207;155 709 290;A01;1;7;8;0;1;6;1
536578208;155 709 286;A01;2;1;0;1;1;1;5
536578209;155 709 283;B01;3;1;0;2;2;15;5
536578209;155 709 284;A01;3;7;0;9;3;9;1
536578210;155 709 285;B01;1;31;0;2;1;1;1
536578210;155 709 287;A01;1;7;0;2;3;1;1
536578211;155 709 279;A01;2;7;0;1;0;15;1
536578212;155 709 280;A01;3;7;0;2;3;11;1
536578212;155 709 282;B01;3;31;0;2;8;2;1
536578213;155 709 276;A01;1;7;0;2;1;26;1
536578213;155 709 278;B01;1;7;0;2;7;26;1
536578214;155 709 277;A01;2;10;0;1;2;1;1
536578215;155 709 275;A01;1;10;0;2;1;1;1
536578215;155 709 281;B01;1;10;0;2;4;23;1
536578216;155 709 274;A01;1;30;0;0;2;16;3
536578217;155 709 271;A01;1;43;14;0;1;1;1
536578218;155 709 273;A01;1;7;0;1;2;1;1
536578219;155 709 272;A01;3;7;0;1;1;0;1
536578220;155 709 267;B01;1;80;0;0;1;1;3
536578220;155 709 269;A01;1;7;0;0;5;22;2
536578221;155 709 268;A01;2;7;0;2;4;4;1
536578221;155 709 270;B01;0;1;0;2;1;1;5
536578222;155 709 266;A01;2;7;0;1;1;1;0
536578223;155 709 260;A01;1;7;9;0;9;1;2
536578224;155 709 262;A01;1;7;0;1;4;4;1
536578225;155 709 261;A01;3;50;0;2;7;19;3
536578225;155 709 264;B01;0;1;0;2;1;16;5
536578226;155 709 263;A01;1;10;0;1;1;1;1
536578227;155 709 258;A01;2;33;0;0;0;16;1
536578228;155 709 255;B01;1;7;0;2;4;1;1
536578228;155 709 259;A01;1;7;0;2;1;1;1
536578229;155 709 256;A01;3;1;0;0;0;2;5
536578230;155 709 253;A01;1;7;14;0;0;1;1
536578231;155 709 250;A01;1;32;0;2;1;1;1
536578231;155 709 254;B01;1;7;0;2;4;0;3
536578232;155 709 252;A01;1;80;0;2;7;1;3
536578232;155 709 257;B01;1;7;0;2;1;1;1
536578233;155 709 251;A01;2;31;0;9;0;1;1
536578234;155 709 246;A01;1;31;0;2;1;1;1
536578234;155 709 249;B01;1;7;0;2;2;15;1
536578235;155 709 243;B01;2;7;0;2;9;23;1
536578235;155 709 245;A01;2;7;0;2;1;2;1
536578235;155 709 247;C01;2;7;0;2;4;23;1
536578236;155 709 242;B01;2;1;0;2;1;0;5
536578236;155 709 248;A01;3;7;0;2;3;0;1
536578237;155 709 240;A01;3;7;0;2;2;1;1
536578237;155 709 241;B01;0;50;0;2;8;19;3
536578238;155 709 237;A01;1;50;0;1;8;25;3
536578239;155 709 239;A01;0;7;0;2;1;1;1
536578239;155 709 244;B01;0;50;0;2;8;26;3
536578240;155 709 235;A01;1;10;0;1;1;26;1
536578241;155 709 234;B01;1;7;0;2;4;1;1
536578241;155 709 236;A01;1;7;0;2;1;1;1
536578241;155 709 238;C01;1;7;0;2;4;15;1
536578242;155 709 233;A01;1;30;0;1;1;1;0
536578243;155 709 232;A01;2;10;0;1;3;1;1
536578244;155 709 231;A01;3;7;0;1;2;21;1
536578245;155 709 227;A01;1;7;16;2;3;15;3
536578245;155 709 229;B01;2;1;0;2;1;1;5
536578246;155 709 228;A01;1;7;0;1;3;15;2
536578247;155 709 226;A01;1;33;0;2;2;1;1
536578247;155 709 230;Z01;0;7;0;2;1;0;3
536578248;155 709 221;A01;1;7;0;2;1;9;1
536578248;155 709 224;B01;1;30;0;2;5;0;1
536578249;155 709 222;A01;3;10;0;1;4;4;3
536578250;155 709 223;B01;1;32;0;2;8;1;1
536578250;155 709 225;A01;1;7;0;2;2;16;1
536578251;155 709 219;A01;1;7;0;2;1;2;1
536578251;155 709 220;B01;1;7;0;0;4;2;1
536578252;155 709 218;A01;2;7;6;0;3;13;1
536578253;155 709 216;A01;1;7;0;2;8;15;0
536578253;155 709 217;B01;1;2;0;2;1;17;0
536578254;155 709 214;A01;3;38;1;1;1;26;1
536578255;155 709 213;B01;1;34;0;2;1;2;1
536578255;155 709 215;A01;1;7;0;2;4;1;1
536578256;155 709 212;A01;1;7;4;0;2;1;1
536578257;155 709 210;A01;3;7;0;1;2;1;1
536578258;155 709 209;A01;1;7;13;0;2;1;1
536578259;155 709 211;A01;3;10;0;2;1;1;1
536578260;155 709 208;A01;2;7;0;1;1;15;1
536578261;155 709 205;A01;3;7;0;2;2;26;1
536578261;155 709 207;B01;3;7;0;2;7;26;1
536578262;155 709 202;B01;2;50;0;2;1;1;3
536578262;155 709 206;A01;2;7;0;2;2;15;1
536578263;155 709 201;A01;2;30;0;2;1;1;1
536578263;155 709 204;B01;2;7;0;2;2;10;2
536578264;155 709 200;B01;1;7;0;2;3;1;1
536578264;155 709 203;A01;2;7;0;2;6;17;1
536578265;155 709 199;A01;3;7;1;1;7;1;1
536578266;155 709 197;A01;1;7;8;0;1;1;1
536578267;155 709 195;B01;3;7;0;2;3;1;1
536578267;155 709 198;A01;3;30;0;2;3;0;1
536578268;155 709 193;A01;2;7;0;1;1;1;1
536578269;155 709 194;B01;3;7;0;2;4;2;0
536578269;155 709 196;A01;3;7;0;2;1;1;1
536578270;155 709 190;B01;1;2;0;2;1;1;1
536578270;155 709 192;A01;2;7;0;2;7;19;1
536578271;155 709 188;A01;3;10;1;1;1;1;1
536578272;155 709 187;A01;3;7;0;2;1;2;1
536578272;155 709 191;B01;3;7;0;2;4;2;1
536578273;155 709 186;A01;3;7;0;2;3;9;1
536578273;155 709 189;B01;3;31;0;2;1;1;1
536578274;155 709 184;A01;3;33;0;0;0;26;0
536578275;155 709 181;A01;0;10;0;2;4;2;3
536578275;155 709 185;B01;0;31;0;2;1;0;1
536578276;155 709 182;A01;0;1;14;0;1;26;5
536578277;155 709 180;B01;1;7;0;2;3;1;1
536578277;155 709 183;A01;2;7;0;2;1;15;1
536578278;155 709 175;A01;1;7;0;2;2;12;1
536578278;155 709 179;B01;1;33;0;2;6;1;1
536578279;155 709 176;A01;2;50;0;2;0;0;3
536578279;155 709 178;B01;2;7;0;2;1;1;2
536578280;155 709 174;A01;2;7;0;1;1;19;1
536578281;155 709 173;A01;1;1;0;2;8;13;5
536578281;155 709 177;B01;1;7;0;0;7;1;1
536578282;155 709 172;A01;1;7;0;1;1;19;1
536578283;155 709 169;A01;2;7;0;1;1;1;1
536578284;155 709 168;A01;1;1;0;2;3;17;5
536578284;155 709 170;B01;1;7;0;2;3;0;1
536578285;155 709 165;A01;1;7;0;9;2;1;1
536578285;155 709 167;B01;1;1;0;2;1;11;5
536578286;155 709 166;A01;2;7;9;0;1;6;1
536578287;155 709 162;B01;3;2;0;2;8;1;1
536578287;155 709 164;A01;3;7;0;2;2;1;1
536578288;155 709 161;A01;0;7;0;2;3;10;1
536578288;155 709 163;B01;2;33;0;2;2;17;1
536578289;155 709 160;A01;2;7;6;0;1;13;1
536578290;155 709 159;A01;1;14;0;1;7;16;1
536578291;155 709 158;A01;3;2;0;0;0;1;1
536578292;155 709 157;A01;1;7;0;2;6;2;1
536578293;155 709 155;A01;2;7;0;1;1;1;1
536578294;155 709 154;A01;1;33;0;1;1;1;1
536578295;155 709 149;A01;2;7;0;2;3;15;1
536578295;155 709 153;B01;3;33;0;2;8;1;1
536578296;155 709 151;A01;1;10;0;2;2;1;1
536578296;155 709 152;B01;2;7;0;2;3;9;2
536578297;155 709 148;A01;1;32;0;1;8;1;1
536578298;155 709 147;B01;2;7;8;2;8;1;2
536578298;155 709 150;A01;1;7;8;2;1;1;1
536578299;155 709 143;B01;2;7;0;2;8;1;1
536578299;155 709 146;A01;1;7;0;2;8;13;1
536578300;155 709 142;A01;1;7;0;2;3;15;1
536578300;155 709 145;B01;2;50;0;2;7;25;3
536578301;155 709 144;A01;1;7;4;0;1;13;3
536578302;155 709 140;A01;1;7;9;0;2;2;1
536578302;155 709 141;B01;1;37;0;2;6;0;1
536578303;155 709 138;A01;3;34;0;1;1;1;1
536578304;155 709 134;A01;1;7;0;2;1;5;1
536578304;155 709 137;B01;2;10;0;2;1;17;1
536578305;155 709 133;A01;3;10;0;2;1;2;1
536578305;155 709 136;B01;3;7;0;2;4;2;3
536578306;155 709 132;A01;1;7;16;0;1;1;1
536578307;155 709 135;B01;1;7;0;2;4;2;1
536578307;155 709 139;A01;1;13;0;2;3;2;1
536578308;155 709 131;A01;1;15;0;0;2;1;1
536578309;155 709 129;A01;3;3;0;0;0;16;3
536578310;155 709 127;A01;1;7;1;2;2;26;1
536578310;155 709 130;B01;1;7;0;2;1;1;1
536578311;155 709 123;A01;1;7;0;2;1;1;1
536578311;155 709 126;B01;1;7;0;2;4;15;2
536578312;155 709 124;A01;1;3;8;0;1;1;1
536578313;155 709 125;A01;1;7;0;2;8;13;1
536578313;155 709 128;B01;2;31;0;2;1;1;1
536578314;155 709 119;A01;1;2;0;2;1;2;1
536578314;155 709 121;B01;1;7;0;0;4;1;1
536578315;155 709 118;B01;0;31;0;2;2;1;1
536578315;155 709 122;A01;0;7;0;2;3;1;2
536578316;155 709 117;A01;1;7;15;2;3;13;1
536578316;155 709 120;B01;2;2;0;2;1;1;1
536578317;155 709 115;B01;1;33;0;2;1;1;1
536578317;155 709 116;A01;1;7;0;2;7;15;1
536578318;155 709 112;A01;1;2;0;2;2;23;0
536578318;155 709 114;B01;2;7;0;0;3;23;1
536578319;155 709 111;A01;2;7;0;2;3;16;1
536578319;155 709 113;B01;1;1;0;2;1;25;5
536578320;155 709 110;A01;3;7;2;0;1;1;1
536578321;155 709 108;B01;3;31;0;2;1;1;1
536578321;155 709 109;A01;3;7;0;2;6;10;1
536578322;155 709 103;A01;3;10;0;1;2;1;1
536578323;155 709 102;A01;2;7;0;2;1;2;1
536578323;155 709 106;B01;2;15;0;0;4;2;1
536578324;155 709 101;B01;2;7;0;2;1;1;1
536578324;155 709 104;A01;1;7;0;2;1;13;1
536578325;155 709 099;A01;2;15;0;2;8;1;0
536578325;155 709 100;B01;1;7;0;2;3;1;1
536578326;155 709 094;A01;1;7;0;2;1;18;1
536578326;155 709 097;B01;1;1;0;2;4;9;5
536578327;155 709 095;A01;2;2;1;0;1;1;1
536578328;155 709 093;A01;2;7;0;2;1;6;1
536578328;155 709 096;B01;1;7;0;2;6;1;1
536578328;155 709 098;C01;1;7;0;2;1;1;1
536578329;155 709 092;A01;2;7;0;1;3;1;1
536578330;155 709 090;A01;0;2;7;0;1;1;1
536578331;155 709 089;A01;3;1;0;0;0;1;5
536578332;155 709 085;A01;2;7;2;0;1;2;1
536578333;155 709 083;B01;1;43;0;2;1;23;1
536578333;155 709 087;A01;1;10;0;2;4;26;1
536578334;155 709 080;E01;1;7;0;2;2;1;1
536578334;155 709 084;D01;1;7;0;2;1;23;1
536578334;155 709 086;B01;1;7;0;2;1;23;1
536578334;155 709 088;C01;1;7;0;2;5;23;3
536578334;155 709 091;A01;2;7;8;2;1;16;1
536578335;155 709 081;B01;2;7;0;2;3;17;0
536578335;155 709 082;A01;2;1;0;2;8;1;5
536578336;155 709 079;A01;0;36;0;0;2;1;1
536578337;155 709 078;A01;1;7;0;0;3;5;1
536578338;155 709 076;A01;2;7;0;1;1;1;1
536578339;155 709 074;A01;1;7;0;1;4;4;1
536578340;155 709 073;A01;1;7;16;0;1;1;1
536578341;155 709 071;A01;1;31;0;2;1;2;1
536578341;155 709 072;B01;1;7;0;2;4;2;1
536578342;155 709 075;A01;1;7;0;0;7;15;1
536578342;155 709 077;B01;2;50;0;0;0;1;3
536578343;155 709 068;B01;0;30;0;2;1;2;1
536578343;155 709 070;A01;0;7;0;2;3;15;1
536578344;155 709 067;A01;1;38;0;9;2;2;1
536578344;155 709 069;B01;1;50;0;2;3;13;3
536578345;155 709 064;A01;1;7;5;2;7;17;1
536578345;155 709 066;B01;1;10;0;2;8;15;1
536578346;155 709 063;B01;2;33;0;2;1;2;1
536578346;155 709 065;A01;1;7;0;2;1;15;1
536578347;155 709 061;A01;2;3;13;0;1;21;1
536578348;155 709 058;B01;2;17;0;0;6;1;1
536578348;155 709 060;A01;2;7;0;2;3;1;1
536578349;155 709 057;A01;2;33;8;0;1;0;1
536578350;155 709 056;A01;1;99;0;2;4;4;1
536578350;155 709 059;B01;2;1;0;2;1;1;5
536578351;155 709 055;B01;2;7;0;2;1;1;1
536578351;155 709 062;A01;2;7;0;2;7;15;1
536578352;155 709 052;A01;2;32;0;2;1;17;1
536578352;155 709 054;B01;1;10;0;2;3;1;1
536578353;155 709 051;A01;1;31;0;2;3;13;1
536578353;155 709 053;B01;2;10;0;2;3;1;1
536578354;155 709 049;A01;0;33;12;0;5;1;1
536578355;155 709 047;A01;2;7;0;2;3;13;1
536578355;155 709 048;B01;1;38;0;2;3;1;1
536578356;155 709 046;A01;1;33;2;0;7;14;1
536578357;155 709 045;A01;0;7;0;2;1;26;1
536578357;155 709 050;B01;0;7;0;2;0;0;1
536578358;155 709 042;A01;1;33;17;0;1;1;1
536578359;155 709 041;A01;1;31;0;2;1;26;1
536578359;155 709 044;B01;1;14;0;2;4;2;1
536578360;155 709 043;A01;3;7;0;0;0;1;1
536578361;155 709 037;A01;3;7;0;2;2;1;1
536578361;155 709 039;B01;3;10;0;2;3;1;1
536578362;155 709 038;B01;3;1;0;2;7;0;5
536578362;155 709 040;A01;3;7;0;9;1;1;2