Num_Acc;id_vehicule;num_veh;senc;catv;obs;obsm;choc;manv;motor
536578978;155 707 952;A01;3;7;0;2;4;1;1
536578978;155 707 955;B01;3;7;0;2;2;2;1
536578979;155 707 953;A01;2;7;0;0;0;0;1
536578980;155 707 949;B01;1;7;0;2;4;1;1
536578980;155 707 951;A01;1;10;0;2;1;2;1
536578981;155 707 950;B01;1;15;0;2;3;1;1
536578981;155 707 954;A01;2;7;0;2;1;13;1
536578982;155 707 948;A01;1;33;3;0;2;1;1
536578983;155 707 946;A01;1;7;0;1;1;1;1
536578984;155 707 944;A01;3;7;2;0;8;1;1
536578985;155 707 945;B01;2;2;0;2;1;1;1
536578985;155 707 947;A01;1;7;0;2;6;15;1
536578986;155 707 942;A01;3;7;16;0;9;1;1
536578987;155 707 941;B01;1;1;0;2;1;1;5
536578987;155 707 943;A01;2;7;0;9;2;15;1
536578988;155 707 937;A01;1;33;0;2;2;15;1
536578988;155 707 940;B01;1;7;0;2;1;1;1
536578989;155 707 935;A01;3;7;0;2;2;1;1
536578989;155 707 939;B01;0;80;0;2;1;9;3
536578990;155 707 936;B01;3;7;0;2;8;9;1
536578990;155 707 938;A01;3;7;0;2;1;1;1
536578991;155 707 930;B01;0;7;0;2;1;3;1
536578991;155 707 932;A01;0;31;0;0;4;1;1
536578992;155 707 931;A01;1;7;0;2;3;15;1
536578992;155 707 934;B01;1;30;0;2;1;1;1
536578993;155 707 929;B01;1;1;0;2;1;19;5
536578993;155 707 933;A01;1;7;0;2;3;1;1
536578994;155 707 926;A01;1;1;0;1;1;1;5
536578995;155 707 925;A01;1;7;0;2;7;25;1
536578995;155 707 927;B01;2;31;0;2;1;1;1
536578996;155 707 924;B01;1;2;0;2;1;1;0
536578996;155 707 928;A01;1;7;0;2;3;15;0
536578997;155 707 923;A01;3;7;10;0;1;1;1
536578998;155 707 921;A01;3;7;0;1;7;26;1
536578999;155 707 920;A01;2;7;0;2;6;0;2
536578999;155 707 922;B01;2;33;0;2;1;2;1
536579000;155 707 919;A01;3;33;0;0;7;0;1
536579001;155 707 918;A01;2;7;9;0;1;13;1
536579002;155 707 916;A01;3;7;0;1;1;19;4
536579003;155 707 914;A01;1;7;0;2;6;2;3
536579003;155 707 917;B01;1;33;0;2;7;2;1
536579004;155 707 913;A01;1;10;0;2;6;13;6
536579004;155 707 915;B01;1;7;0;2;6;23;0
536579005;155 707 910;A01;2;33;0;2;8;1;1
536579005;155 707 912;Z01;2;7;0;2;7;14;0
536579006;155 707 908;A01;1;1;0;1;1;1;5
536579007;155 707 909;B01;2;1;0;2;1;1;5
536579007;155 707 911;A01;1;7;0;2;2;15;1
536579008;155 707 907;A01;1;2;0;0;8;1;3
536579009;155 707 904;A01;1;7;0;2;1;1;2
536579009;155 707 905;B01;1;7;0;2;5;1;2
536579010;155 707 903;A01;1;7;1;2;7;13;1
536579010;155 707 906;B01;1;7;0;2;7;23;2
536579011;155 707 901;A01;1;7;0;2;1;1;1
536579011;155 707 902;B01;1;32;0;2;8;1;3
536579012;155 707 899;A01;2;2;0;0;0;1;0
536579013;155 707 898;A01;3;7;0;2;5;1;1
536579013;155 707 900;Z01;0;7;0;2;1;1;0
536579014;155 707 897;A01;3;32;0;0;2;1;1
536579015;155 707 896;A01;2;2;0;1;1;6;1
536579016;155 707 895;A01;1;43;3;0;7;1;1
536579017;155 707 890;A01;2;7;0;2;7;21;1
536579017;155 707 891;B01;2;1;0;2;8;2;5
536579017;155 707 893;C01;2;1;0;2;8;2;5
536579018;155 707 889;B01;1;7;0;2;1;26;1
536579018;155 707 892;A01;1;10;0;2;1;2;1
536579019;155 707 888;B01;3;7;0;2;3;15;1
536579019;155 707 894;A01;3;7;0;2;1;1;1
536579020;155 707 886;B01;2;7;0;2;4;2;1
536579020;155 707 887;A01;2;7;0;2;1;2;1
536579021;155 707 885;A01;2;33;17;0;1;14;1
536579022;155 707 884;A01;1;7;13;0;3;1;1
536579023;155 707 881;A01;2;33;0;2;1;3;1
536579023;155 707 883;B01;2;7;0;2;6;11;1
536579024;155 707 880;A01;1;33;0;0;9;1;1
536579025;155 707 878;A01;1;7;0;2;1;1;1
536579025;155 707 879;B01;1;2;0;2;4;1;1
536579026;155 707 876;A01;2;7;0;1;3;1;1
536579027;155 707 875;A01;1;2;0;2;1;1;1
536579027;155 707 882;B01;0;7;0;2;3;1;1
536579028;155 707 872;A01;2;7;0;2;0;13;1
536579028;155 707 874;B01;1;7;0;2;1;1;1
536579029;155 707 873;A01;2;7;0;2;1;13;1
536579029;155 707 877;B01;2;7;0;2;4;1;2
536579030;155 707 868;A01;1;7;0;2;5;15;1
536579030;155 707 871;B01;2;33;0;2;1;1;1
536579031;155 707 865;A01;3;1;0;2;7;1;5
536579031;155 707 869;B01;3;7;0;2;1;1;1
536579032;155 707 866;A01;2;7;0;2;1;5;1
536579032;155 707 870;B01;1;7;0;2;1;1;1
536579033;155 707 864;B01;2;32;0;2;1;3;1
536579033;155 707 867;A01;2;7;0;2;5;12;1
536579034;155 707 860;A01;1;7;0;2;8;1;1
536579034;155 707 863;B01;2;33;0;2;8;1;1
536579035;155 707 859;B01;2;15;0;2;2;0;1
536579035;155 707 862;A01;2;7;0;2;1;5;1
536579036;155 707 857;A01;2;7;0;2;3;16;1
536579036;155 707 861;B01;1;7;0;2;3;23;1
536579037;155 707 858;A01;3;7;0;1;2;1;1
536579038;155 707 855;A01;1;7;0;2;1;19;1
536579038;155 707 856;B01;1;2;0;2;2;1;1
536579039;155 707 853;A01;1;30;0;1;1;26;1
536579040;155 707 854;A01;1;7;0;0;1;1;1
536579041;155 707 847;A01;1;7;0;2;1;2;1
536579041;155 707 851;B01;1;1;0;2;4;2;5
536579042;155 707 849;B01;2;31;0;2;1;2;1
536579042;155 707 852;A01;2;7;0;2;6;10;1
536579043;155 707 845;A01;2;7;0;2;1;5;1
536579043;155 707 850;B01;0;7;0;2;7;2;1
536579044;155 707 846;A01;1;10;0;2;1;1;1
536579044;155 707 848;B01;2;31;0;2;5;9;1
536579045;155 707 842;A01;3;7;0;2;2;19;1
536579045;155 707 844;B01;1;1;0;2;3;1;5
536579046;155 707 839;A01;1;7;0;2;2;21;1
536579046;155 707 843;B01;1;7;0;2;2;0;1
536579047;155 707 838;A01;2;99;0;2;5;15;1
536579047;155 707 840;B01;1;31;0;2;4;21;0
536579048;155 707 834;B01;2;7;0;2;1;15;1
536579048;155 707 837;A01;1;7;1;2;6;1;1
536579049;155 707 835;B01;2;32;0;2;1;1;1
536579049;155 707 836;A01;1;7;0;2;7;15;1
536579050;155 707 833;A01;1;3;1;1;1;20;1
536579051;155 707 831;Z01;0;7;0;1;1;0;0
536579052;155 707 829;A01;3;10;0;2;1;1;1
536579052;155 707 832;B01;3;1;0;2;1;1;5
536579053;155 707 828;A01;3;21;0;2;3;9;1
536579053;155 707 830;B01;3;2;0;2;1;1;1
536579054;155 707 827;A01;3;30;0;0;8;1;1
536579055;155 707 825;A01;1;1;0;1;0;0;5
536579056;155 707 823;A01;1;7;0;2;1;15;1
536579056;155 707 826;B01;1;2;0;2;7;15;1
536579057;155 707 820;A01;1;7;8;0;3;0;1
536579057;155 707 824;B01;2;7;0;2;2;1;1
536579058;155 707 817;C01;3;7;0;2;3;16;1
536579058;155 707 819;B01;3;7;0;2;3;1;2
536579058;155 707 822;A01;3;7;0;2;7;15;2
536579059;155 707 816;Z01;2;43;0;1;2;17;1
536579060;155 707 818;B01;3;7;0;2;2;10;1
536579060;155 707 821;A01;3;33;0;2;3;1;1
536579061;155 707 815;A01;3;2;14;0;3;1;1
536579062;155 707 810;A01;2;7;0;2;3;13;1
536579062;155 707 814;B01;2;33;0;2;1;3;1
536579063;155 707 812;A01;2;7;0;1;1;1;1
536579064;155 707 809;A01;2;7;0;2;1;15;1
536579064;155 707 813;B01;2;33;0;2;0;1;1
536579065;155 707 808;A01;1;7;0;2;3;13;1
536579065;155 707 811;B01;2;43;0;2;1;1;1
536579066;155 707 805;A01;1;1;0;2;1;1;5
536579066;155 707 807;B01;2;1;0;2;1;1;5
536579067;155 707 804;A01;1;10;0;2;1;2;1
536579067;155 707 806;B01;1;7;0;2;4;2;2
536579068;155 707 802;A01;3;10;0;0;3;1;1
536579068;155 707 803;B01;3;10;0;0;3;1;1
536579069;155 707 800;A01;2;10;0;1;3;15;1
536579070;155 707 798;A01;3;7;0;2;3;15;1
536579070;155 707 801;B01;3;50;0;2;1;1;3
536579071;155 707 797;A01;0;7;0;2;2;1;1
536579071;155 707 799;B01;3;60;0;2;3;1;5
536579072;155 707 793;B01;1;7;13;2;1;2;1
536579072;155 707 796;A01;1;7;13;2;6;1;1
536579073;155 707 792;A01;1;30;0;2;3;18;1
536579073;155 707 795;B01;1;13;0;2;5;16;1
536579074;155 707 791;B01;1;7;0;2;3;1;1
536579075;155 707 789;A01;3;7;0;2;1;1;1
536579075;155 707 794;B01;3;7;0;2;8;1;1
536579076;155 707 786;A01;1;10;0;2;1;0;1
536579076;155 707 788;B01;2;7;0;2;1;0;1
536579077;155 707 785;B01;1;7;0;2;3;5;1
536579077;155 707 787;A01;2;7;0;2;3;1;1
536579078;155 707 781;A01;0;50;0;2;1;25;3
536579078;155 707 784;B01;1;7;0;0;2;1;1
536579079;155 707 779;B01;1;2;1;0;8;1;1
536579079;155 707 783;A01;1;7;1;0;2;14;2
536579080;155 707 778;A01;2;7;0;2;1;5;3
536579080;155 707 780;B01;1;7;0;2;1;1;2
536579081;155 707 777;A01;3;7;0;2;2;5;1
536579081;155 707 782;B01;3;43;0;2;5;1;1
536579082;155 707 774;A01;3;7;0;2;3;15;3
536579082;155 707 776;B01;3;1;0;2;1;1;5
536579083;155 707 775;A01;3;10;0;1;4;4;1
536579084;155 707 772;A01;1;7;0;1;3;15;1
536579085;155 707 771;A01;2;7;0;1;2;1;1
536579086;155 707 770;A01;2;7;8;0;1;1;1
536579087;155 707 769;A01;1;50;0;0;0;1;3
536579088;155 707 767;A01;3;7;0;1;1;15;1
536579089;155 707 765;A01;1;7;0;2;1;2;1
536579089;155 707 766;B01;1;7;0;2;4;2;2
536579090;155 707 763;A01;1;7;0;2;3;2;1
536579090;155 707 764;B01;1;50;0;2;4;11;3
536579091;155 707 762;A01;3;7;0;2;5;9;1
536579091;155 707 768;B01;3;50;0;2;1;1;3
536579092;155 707 759;A01;3;7;9;0;1;13;0
536579093;155 707 755;A01;1;7;0;1;2;1;1
536579094;155 707 754;D01;1;7;0;2;4;1;1
536579094;155 707 756;A01;3;7;0;2;1;1;2
536579094;155 707 757;B01;3;7;0;2;4;1;2
536579094;155 707 758;C01;3;7;0;2;4;1;1
536579095;155 707 760;A01;1;10;0;9;5;15;1
536579095;155 707 761;B01;2;1;0;2;1;1;5
536579096;155 707 750;A01;1;7;0;2;1;26;1
536579096;155 707 752;B01;1;33;0;2;1;17;1
536579097;155 707 749;A01;3;7;6;2;7;1;1
536579097;155 707 753;B01;3;7;0;2;3;1;1
536579098;155 707 747;B01;2;50;0;2;8;1;3
536579098;155 707 751;A01;3;10;0;2;1;19;1
536579099;155 707 745;C01;1;7;0;2;4;1;1
536579099;155 707 746;B01;1;7;0;2;1;1;1
536579099;155 707 748;A01;1;7;0;2;1;16;1
536579100;155 707 743;Z01;2;7;0;2;1;1;1
536579100;155 707 744;B01;1;7;0;2;6;15;1
536579101;155 707 741;A01;1;7;0;1;1;1;1
536579102;155 707 742;A01;1;10;0;1;7;17;1
536579103;155 707 739;B01;1;7;0;2;6;1;1
536579103;155 707 740;A01;1;30;0;2;1;1;1
536579104;155 707 735;B01;1;7;0;2;4;23;3
536579104;155 707 738;A01;1;37;1;0;1;1;1
536579105;155 707 734;B01;2;7;0;2;3;13;1
536579105;155 707 736;A01;1;10;0;2;2;11;1
536579106;155 707 731;B01;2;31;0;2;1;1;1
536579106;155 707 733;A01;1;10;0;2;1;15;1
536579107;155 707 730;C01;1;17;0;2;3;1;1
536579107;155 707 732;B01;1;7;0;2;3;17;1
536579107;155 707 737;A01;2;10;0;2;3;1;1
536579108;155 707 729;A01;2;7;13;0;1;14;1
536579109;155 707 725;A01;1;7;0;1;3;14;1
536579110;155 707 726;B01;1;1;0;2;5;2;5
536579110;155 707 728;A01;1;7;0;2;4;1;1
536579111;155 707 722;B01;1;7;0;2;4;2;2
536579111;155 707 724;A01;1;33;0;2;1;2;1
536579111;155 707 727;Z01;1;10;0;2;3;13;0
536579112;155 707 719;B01;3;7;0;2;1;1;1
536579112;155 707 721;A01;3;7;9;2;1;0;1
536579113;155 707 717;A01;1;7;0;2;1;1;1
536579113;155 707 718;B01;3;1;0;2;7;19;5
536579114;155 707 714;B01;2;1;14;2;1;1;5
536579114;155 707 716;A01;2;37;0;9;4;23;1
536579115;155 707 715;A01;1;40;0;1;8;1;3
536579116;155 707 712;A01;0;7;1;2;2;14;1
536579117;155 707 711;B01;2;14;0;2;3;15;1
536579117;155 707 713;A01;1;33;0;2;1;1;1
536579118;155 707 707;B01;3;50;0;2;0;0;3
536579118;155 707 709;A01;3;10;0;9;7;26;3
536579119;155 707 706;B01;1;7;0;2;1;0;1
536579119;155 707 708;A01;1;7;0;2;1;13;1
536579120;155 707 705;B01;3;1;0;2;3;12;5
536579120;155 707 710;Z01;3;99;0;2;3;1;5
536579121;155 707 703;B01;1;7;0;2;6;1;1
536579121;155 707 704;A01;1;7;0;2;1;1;1
536579122;155 707 701;A01;3;7;0;2;6;9;1
536579122;155 707 702;B01;2;33;0;2;1;1;1
536579123;155 707 700;A01;0;1;1;0;1;26;5
536579124;155 707 696;A01;1;7;0;1;1;16;1
536579125;155 707 697;A01;2;7;0;2;1;1;1
536579125;155 707 698;B01;2;7;0;2;4;9;1
536579126;155 707 695;B01;2;7;0;2;6;22;2
536579126;155 707 699;A01;2;80;1;0;1;1;3
536579127;155 707 691;A01;1;7;6;2;3;1;1
536579127;155 707 693;B01;1;7;15;2;7;16;2
536579128;155 707 689;C01;2;7;0;2;1;23;1
536579128;155 707 692;A01;2;7;0;2;1;1;1
536579128;155 707 694;B01;2;7;0;2;3;23;1
536579129;155 707 688;A01;1;30;0;2;7;19;1
536579129;155 707 690;B01;2;7;0;2;3;1;1
536579130;155 707 685;B01;1;10;0;2;2;1;1
536579130;155 707 687;A01;1;33;0;2;1;9;1
536579131;155 707 684;B01;3;7;0;2;3;1;0
536579131;155 707 686;A01;3;7;0;2;3;19;0
536579132;155 707 682;A01;0;32;0;2;1;12;1
536579132;155 707 683;B01;3;30;0;2;7;12;1
536579133;155 707 679;B01;3;7;0;9;4;1;1
536579133;155 707 681;A01;0;99;0;2;1;2;1
536579134;155 707 678;A01;2;7;0;2;2;16;2
536579134;155 707 680;B01;2;1;0;2;3;2;5
536579135;155 707 676;A01;1;33;0;2;7;15;1
536579135;155 707 677;B01;2;31;0;2;1;1;1
536579136;155 707 675;Z01;1;7;0;1;1;9;0
536579137;155 707 672;B01;2;7;0;2;1;1;1
536579137;155 707 674;A01;1;7;0;1;5;15;1
536579138;155 707 673;Z01;1;99;0;1;1;1;0
536579139;155 707 671;A01;0;7;0;2;2;1;1
536579140;155 707 667;B01;1;50;0;4;1;1;3
536579140;155 707 670;A01;1;40;0;2;3;1;3
536579141;155 707 666;A01;1;7;0;2;2;1;1
536579141;155 707 669;B01;2;1;0;2;1;16;5
536579142;155 707 664;B01;3;1;0;2;8;9;5
536579142;155 707 665;A01;1;33;0;2;1;19;1
536579143;155 707 662;A01;1;1;0;2;6;1;5
536579143;155 707 668;Z01;2;7;0;2;3;2;0
536579144;155 707 661;A01;0;7;2;0;2;19;1
536579145;155 707 659;A01;1;33;8;0;1;14;1
536579146;155 707 658;A01;1;1;12;0;1;1;5
536579147;155 707 660;B01;1;10;0;2;2;1;1
536579147;155 707 663;A01;1;3;0;2;2;15;1
536579148;155 707 654;C01;2;7;0;2;4;2;1
536579148;155 707 655;D01;2;7;0;2;4;2;3
536579148;155 707 656;B01;2;7;0;2;4;2;1
536579148;155 707 657;A01;2;10;0;2;1;2;1
536579149;155 707 651;B01;1;32;0;2;7;0;1
536579149;155 707 652;A01;1;33;0;2;3;13;1
536579150;155 707 653;A01;2;1;0;1;1;1;5
536579151;155 707 647;A01;1;33;0;2;1;3;1
536579151;155 707 648;B01;1;7;0;2;8;11;1
536579151;155 707 649;C01;1;7;0;2;4;1;2
536579152;155 707 650;A01;2;7;8;0;1;13;1
536579153;155 707 643;B01;1;7;0;2;3;11;1
536579153;155 707 645;A01;1;43;0;2;7;1;1
536579154;155 707 640;A01;2;33;0;2;1;2;1
536579154;155 707 642;B01;2;7;0;2;4;2;1
536579155;155 707 638;A01;2;33;0;0;7;2;1
536579156;155 707 644;A01;1;1;0;2;1;2;5
536579156;155 707 646;B01;2;1;0;2;1;1;5
536579157;155 707 637;B01;1;7;0;2;1;0;1
536579157;155 707 639;C01;1;7;0;2;1;0;1
536579157;155 707 641;A01;1;7;0;2;1;13;1
536579158;155 707 635;A01;3;2;0;0;7;1;1
536579159;155 707 634;A01;1;50;0;9;0;0;3
536579159;155 707 636;B01;1;50;0;9;0;0;3
536579160;155 707 632;A01;3;33;6;0;1;1;1
536579161;155 707 631;A01;0;7;0;1;7;2;1
536579162;155 707 630;B01;2;30;0;2;1;2;1
536579162;155 707 633;A01;1;7;0;2;3;10;2
536579163;155 707 623;B01;2;1;0;2;0;1;5
536579163;155 707 626;C01;1;7;0;2;4;1;1
536579163;155 707 629;A01;1;33;0;2;1;5;1
536579164;155 707 619;A01;2;2;0;2;8;18;3
536579164;155 707 620;B01;2;32;0;2;7;14;0
536579165;155 707 622;A01;1;10;0;2;1;15;1
536579165;155 707 625;B01;3;7;0;2;5;1;2
536579166;155 707 618;A01;1;7;8;0;3;26;1
536579167;155 707 615;A01;3;7;0;2;1;1;1
536579167;155 707 616;B01;3;1;0;2;7;19;5
536579168;155 707 614;A01;1;1;1;0;1;23;5
536579169;155 707 612;Y01;2;1;0;2;1;1;5
536579169;155 707 613;Z01;0;7;0;2;0;0;0
536579170;155 707 610;B01;2;32;0;2;1;17;1
536579170;155 707 611;A01;2;36;0;2;3;11;1
536579171;155 707 608;Z01;3;7;0;1;1;1;2
536579172;155 707 606;A01;3;14;15;0;4;20;1
536579173;155 707 607;A01;3;43;0;2;3;18;1
536579173;155 707 609;B01;3;14;0;2;5;15;1
536579174;155 707 604;A01;1;30;0;2;1;1;1
536579174;155 707 605;B01;1;7;0;2;5;15;1
536579175;155 707 603;A01;1;10;0;1;3;15;1
536579176;155 707 600;A01;1;7;0;2;3;1;2
536579176;155 707 602;B01;2;1;0;2;1;1;5
536579177;155 707 596;A01;2;7;0;1;2;1;2
536579178;155 707 597;B01;0;7;0;2;4;2;1
536579178;155 707 599;C01;0;7;0;2;4;2;1
536579178;155 707 601;A01;0;7;0;2;1;2;1
536579179;155 707 598;A01;3;7;6;0;1;0;1
536579180;155 707 595;A01;1;1;15;0;1;2;5
536579181;155 707 593;A01;3;7;0;1;1;15;1
536579182;155 707 592;A01;1;7;1;0;3;13;1
536579183;155 707 590;A01;1;7;0;1;1;1;1
536579184;155 707 591;B01;1;7;0;2;2;2;2
536579184;155 707 594;A01;1;7;0;2;3;9;1
536579185;155 707 589;A01;3;7;0;1;3;26;1
536579186;155 707 588;A01;1;30;0;1;1;21;1
536579187;155 707 584;A01;1;7;0;2;2;12;1
536579187;155 707 586;B01;1;33;0;2;3;1;1
536579188;155 707 581;B01;1;2;0;2;7;0;1
536579188;155 707 583;A01;2;7;0;2;3;0;1
536579189;155 707 585;B01;1;32;0;2;2;3;0
536579189;155 707 587;A01;1;7;0;2;3;11;0
536579190;155 707 580;B01;1;7;0;2;3;1;1
536579190;155 707 582;A01;1;7;0;2;2;15;1
536579191;155 707 579;A01;2;7;0;1;1;1;1
536579192;155 707 577;A01;1;7;0;1;4;26;2
536579193;155 707 574;A01;2;30;0;2;7;17;1
536579193;155 707 575;B01;2;7;0;2;8;15;1
536579194;155 707 572;A01;3;7;0;2;2;14;2
536579194;155 707 573;B01;3;7;0;2;6;23;1
536579195;155 707 576;A01;1;7;0;2;4;2;1
536579195;155 707 578;B01;1;7;0;2;1;0;0
536579196;155 707 569;B01;1;33;0;2;1;2;1
536579196;155 707 571;A01;1;7;0;2;8;15;1
536579197;155 707 568;B01;2;1;0;2;1;0;5
536579197;155 707 570;A01;2;7;0;9;1;1;1
536579198;155 707 567;A01;1;33;0;1;1;0;1
536579199;155 707 565;B01;1;7;0;2;2;2;1
536579199;155 707 566;A01;1;2;0;0;5;23;1
536579200;155 707 563;A01;1;7;0;1;8;1;0
536579201;155 707 562;A01;2;7;0;2;2;15;1
536579201;155 707 564;B01;1;1;0;2;1;1;5
536579202;155 707 559;A01;1;7;0;1;1;2;1
536579203;155 707 561;A01;1;7;0;1;3;15;1
536579204;155 707 558;A01;3;7;0;2;3;15;1
536579204;155 707 560;B01;3;7;0;2;2;17;1
536579205;155 707 556;A01;3;7;0;0;4;10;3
536579206;155 707 554;A01;1;33;1;0;1;1;1
536579206;155 707 557;B01;1;7;0;2;5;23;1
536579207;155 707 553;A01;1;33;0;2;1;1;1
536579207;155 707 555;B01;2;7;0;2;6;20;1
536579208;155 707 551;A01;3;33;0;2;1;17;1
536579208;155 707 552;B01;3;7;0;2;0;15;1
536579209;155 707 549;A01;3;7;0;1;5;7;1
536579210;155 707 547;A01;1;31;9;0;8;1;1
536579211;155 707 548;A01;2;7;0;2;1;17;1
536579211;155 707 550;B01;1;7;0;2;1;1;1
536579212;155 707 546;A01;0;30;0;0;0;0;6
536579213;155 707 543;A01;2;7;0;2;6;15;1
536579213;155 707 545;B01;2;7;0;2;2;17;2
536579214;155 707 544;A01;1;10;1;2;1;1;1
536579215;155 707 541;A01;2;7;4;0;3;1;1
536579216;155 707 539;B01;2;50;0;2;0;1;3
536579216;155 707 542;A01;1;7;0;9;1;1;2
536579217;155 707 538;A01;3;7;0;2;4;4;1
536579217;155 707 540;B01;2;33;0;2;8;1;1
536579218;155 707 536;A01;1;32;0;2;1;0;1
536579218;155 707 537;B01;1;7;0;2;8;15;1
536579219;155 707 534;A01;2;14;0;2;1;1;1
536579219;155 707 535;B01;2;7;0;2;4;1;2
536579220;155 707 531;B01;1;31;0;2;1;1;1
536579220;155 707 532;A01;2;7;0;2;2;19;1
536579221;155 707 527;B01;2;34;0;2;1;23;1
536579221;155 707 529;A01;1;7;0;2;1;13;1
536579222;155 707 528;A01;3;7;0;2;4;26;1
536579222;155 707 530;C01;3;7;0;2;1;2;1
536579222;155 707 533;B01;3;7;0;2;4;0;1
536579223;155 707 524;A01;2;7;0;2;2;12;1
536579223;155 707 526;B01;2;32;0;2;8;3;1
536579224;155 707 525;A01;3;7;0;1;1;15;1
536579225;155 707 523;A01;1;7;13;0;2;14;1
536579226;155 707 520;A01;2;10;0;2;1;2;1
536579226;155 707 522;B01;2;7;0;2;4;2;1
536579227;155 707 518;A01;3;50;1;0;0;0;3
536579227;155 707 521;B01;1;7;0;2;8;0;2
536579228;155 707 517;B01;1;10;0;2;8;1;1
536579228;155 707 519;A01;2;7;0;2;8;13;1
536579229;155 707 515;A01;1;14;0;2;2;15;1
536579229;155 707 516;B01;2;33;0;2;1;1;1
536579230;155 707 509;A01;2;33;0;2;1;2;1
536579230;155 707 511;B01;2;7;0;0;5;2;1
536579231;155 707 508;A01;1;2;0;2;8;1;1
536579231;155 707 510;B01;2;7;0;2;3;15;1
536579232;155 707 507;A01;1;7;0;2;8;26;1
536579232;155 707 513;B01;3;1;0;2;1;26;5
536579233;155 707 506;A01;2;7;0;2;1;26;3
536579233;155 707 512;B01;2;7;0;2;4;2;2
536579233;155 707 514;C01;2;7;0;2;4;2;2
536579234;155 707 504;A01;1;7;0;1;8;1;1
536579235;155 707 502;A01;1;7;0;2;3;1;1
536579235;155 707 505;B01;2;33;0;2;1;5;1
536579236;155 707 499;A01;2;7;0;1;3;1;1
536579237;155 707 501;A01;0;7;0;1;1;1;1
536579238;155 707 498;A01;1;7;0;2;1;11;2
536579238;155 707 500;C01;1;10;0;2;8;1;1
536579238;155 707 503;B01;1;7;0;2;1;1;2
536579239;155 707 497;A01;3;7;0;1;2;1;1
536579240;155 707 496;A01;1;7;0;1;3;1;1
536579241;155 707 493;A01;3;20;0;1;5;1;1
536579242;155 707 492;A01;3;7;0;2;3;15;2
536579242;155 707 495;B01;1;32;0;2;1;1;0
536579243;155 707 491;A01;3;7;0;2;1;15;2
536579243;155 707 494;B01;3;34;0;2;1;1;1
536579244;155 707 489;A01;0;1;12;0;0;1;5
536579245;155 707 486;A01;1;1;0;2;3;19;5
536579245;155 707 490;B01;2;7;0;2;2;1;1
536579246;155 707 482;A01;3;10;0;2;8;10;1
536579246;155 707 483;B01;3;33;0;2;1;1;1
536579247;155 707 484;B01;1;37;0;2;3;13;1
536579247;155 707 487;A01;1;10;4;2;2;13;1
536579248;155 707 480;B01;2;7;0;2;1;1;2
536579248;155 707 481;A01;1;7;12;2;4;5;1
536579249;155 707 485;A01;2;7;6;0;0;1;1
536579249;155 707 488;B01;2;7;0;2;0;0;1
536579250;155 707 479;A01;2;1;0;1;4;2;5
536579251;155 707 475;A01;2;7;3;0;0;0;1
536579252;155 707 473;A01;2;50;0;2;4;1;3
536579252;155 707 477;Z01;0;7;0;2;1;1;0
536579253;155 707 474;A01;1;7;0;2;1;13;1
536579253;155 707 476;B01;2;7;0;2;1;1;1
536579254;155 707 472;A01;1;33;8;0;0;1;1
536579255;155 707 470;A01;1;7;8;0;8;14;1
536579256;155 707 467;A01;3;2;5;0;8;13;1
536579257;155 707 468;A01;1;32;0;1;1;19;1
536579258;155 707 469;B01;1;7;0;2;1;2;1
536579258;155 707 471;A01;1;7;3;2;2;1;1
536579259;155 707 465;A01;1;7;0;1;1;1;1
536579260;155 707 462;B01;1;7;0;2;3;13;1
536579260;155 707 464;A01;1;32;0;2;1;1;1
536579261;155 707 461;A01;1;7;2;0;1;1;1
536579262;155 707 459;A01;3;7;0;0;9;0;1
536579263;155 707 458;A01;2;7;0;2;1;13;1
536579263;155 707 460;B01;1;33;0;2;1;1;1
536579263;155 707 463;C01;1;34;0;2;1;1;1
536579263;155 707 466;D01;1;33;0;2;1;1;1
536579264;155 707 455;A01;1;7;0;2;1;1;1
536579264;155 707 457;B01;1;32;0;2;8;1;1
536579265;155 707 452;A01;2;33;0;2;1;26;1
536579265;155 707 454;C01;1;10;0;2;4;2;1
536579265;155 707 456;B01;2;7;0;2;4;2;2
536579266;155 707 450;A01;3;7;0;2;1;13;1
536579266;155 707 453;B01;3;99;0;2;1;1;1
536579267;155 707 448;B01;3;37;0;2;1;2;1
536579267;155 707 451;A01;3;7;0;2;8;2;1
536579268;155 707 444;A01;2;7;0;2;1;1;1
536579268;155 707 446;B01;1;2;0;2;1;13;1
536579269;155 707 445;A01;1;7;0;2;1;1;1
536579269;155 707 449;B01;1;7;0;2;5;1;1
536579270;155 707 443;A01;1;7;0;2;1;1;1
536579270;155 707 447;B01;1;15;0;2;4;1;0
536579271;155 707 439;A01;2;32;0;2;1;1;1
536579271;155 707 441;B01;2;32;0;2;4;23;1
536579271;155 707 442;C01;2;7;0;2;6;23;1
536579272;155 707 437;A01;2;2;0;2;1;13;1
536579272;155 707 440;B01;1;7;0;2;3;1;1
536579273;155 707 435;A01;1;21;0;0;0;26;1
536579273;155 707 438;B01;1;21;13;0;0;26;1
536579274;155 707 434;A01;1;10;0;2;8;3;1
536579274;155 707 436;B01;1;33;0;2;7;17;1
536579275;155 707 432;A01;1;7;13;0;8;1;1
536579276;155 707 431;B01;1;10;0;0;0;1;1
536579276;155 707 433;A01;1;50;0;2;0;19;3
536579277;155 707 428;B01;1;7;0;2;6;0;1
536579277;155 707 430;A01;1;7;0;2;2;1;1
536579278;155 707 429;A01;0;7;1;0;1;1;1