Num_Acc;id_vehicule;num_veh;senc;catv;obs;obsm;choc;manv;motor
536579279;155 707 427;A01;3;1;0;0;0;1;5
536579280;155 707 425;A01;1;7;0;2;8;20;1
536579280;155 707 426;B01;1;1;0;2;1;1;5
536579281;155 707 424;A01;1;7;4;0;1;0;1
536579282;155 707 422;A01;3;7;13;0;2;0;1
536579283;155 707 418;A01;2;7;0;0;0;0;1
536579283;155 707 420;B01;2;33;0;0;0;0;1
536579284;155 707 417;D01;1;7;0;2;6;1;1
536579284;155 707 419;C01;1;7;0;2;3;17;1
536579284;155 707 421;A01;2;7;0;2;3;1;1
536579284;155 707 423;B01;2;7;0;2;1;2;1
536579285;155 707 415;B01;1;7;0;2;6;0;1
536579285;155 707 416;A01;1;7;0;2;1;0;1
536579286;155 707 414;A01;1;7;1;1;2;2;2
536579287;155 707 413;A01;0;7;1;0;1;20;2
536579288;155 707 410;A01;1;7;13;0;1;14;1
536579289;155 707 408;A01;3;32;0;2;3;18;1
536579289;155 707 411;B01;3;7;0;2;2;1;1
536579290;155 707 409;A01;2;7;0;2;3;13;1
536579290;155 707 412;B01;2;7;0;2;7;1;2
536579291;155 707 407;A01;1;7;2;0;1;1;1
536579292;155 707 405;A01;1;1;0;2;1;1;5
536579292;155 707 406;B01;1;7;0;9;5;15;1
536579293;155 707 404;A01;2;30;0;1;1;1;1
536579294;155 707 403;A01;1;7;4;0;3;17;1
536579295;155 707 400;A01;1;7;0;0;9;13;1
536579296;155 707 399;A01;0;33;0;2;7;2;1
536579296;155 707 402;B01;0;7;0;2;8;0;1
536579297;155 707 398;A01;1;33;0;2;7;1;0
536579297;155 707 401;B01;1;33;0;0;8;26;1
536579298;155 707 395;A01;1;1;0;0;0;1;5
536579299;155 707 397;A01;2;7;13;0;1;16;1
536579300;155 707 394;B01;2;7;0;2;8;1;1
536579300;155 707 396;A01;2;7;0;2;5;26;1
536579301;155 707 393;A01;1;7;2;0;2;14;1
536579302;155 707 392;A01;1;10;6;0;2;1;1
536579303;155 707 391;A01;1;7;0;0;0;1;1
536579304;155 707 390;A01;2;33;0;0;1;1;1
536579305;155 707 388;A01;1;7;9;0;1;13;1
536579306;155 707 387;A01;3;31;0;2;3;0;1
536579306;155 707 389;B01;3;10;0;2;8;0;1
536579307;155 707 385;B01;1;7;0;2;2;0;1
536579307;155 707 386;A01;1;7;0;2;6;21;2
536579308;155 707 382;A01;2;7;0;2;3;13;1
536579308;155 707 384;B01;1;7;5;2;3;1;1
536579309;155 707 383;A01;1;10;2;0;1;1;1
536579310;155 707 380;B01;1;7;0;2;3;1;1
536579310;155 707 381;A01;2;7;0;2;3;13;1
536579311;155 707 379;A01;2;7;4;0;3;1;1
536579312;155 707 378;A01;2;10;2;6;1;1;1
536579313;155 707 377;A01;2;32;12;0;1;1;1
536579314;155 707 376;A01;2;7;4;0;3;1;1
536579315;155 707 372;A01;1;7;0;2;3;13;1
536579315;155 707 373;B01;2;7;0;2;2;0;1
536579315;155 707 374;C01;2;7;9;0;2;21;1
536579316;155 707 371;A01;2;15;0;2;2;15;1
536579316;155 707 375;B01;1;2;0;2;0;1;1
536579317;155 707 370;A01;1;7;13;0;2;1;1
536579318;155 707 367;A01;2;50;0;2;3;15;3
536579318;155 707 369;B01;2;7;0;2;2;17;1
536579319;155 707 365;B01;2;7;0;2;5;0;1
536579319;155 707 366;A01;2;7;0;2;3;13;1
536579320;155 707 368;A01;1;7;5;0;1;1;1
536579321;155 707 362;B01;2;7;0;0;4;2;1
536579321;155 707 364;A01;2;33;0;2;1;2;1
536579322;155 707 360;A01;2;33;0;2;1;3;1
536579322;155 707 363;B01;2;7;0;2;6;1;1
536579323;155 707 359;B01;1;7;0;2;2;1;1
536579323;155 707 361;A01;1;2;0;2;6;1;1
536579324;155 707 358;A01;1;7;13;0;3;13;1
536579325;155 707 357;A01;2;10;0;9;9;14;1
536579326;155 707 354;A01;1;7;2;0;3;1;1
536579327;155 707 353;A01;2;33;0;2;1;2;1
536579327;155 707 356;B01;2;7;0;2;4;2;1
536579328;155 707 355;A01;1;7;13;0;1;1;1
536579329;155 707 350;B01;1;7;0;2;8;5;1
536579329;155 707 352;A01;2;33;0;2;1;1;1
536579330;155 707 347;C01;1;7;0;2;4;2;1
536579330;155 707 349;A01;1;7;0;2;1;2;1
536579330;155 707 351;B01;1;7;0;2;4;2;2
536579331;155 707 346;A01;1;7;13;0;7;14;1
536579332;155 707 344;A01;1;7;0;2;3;15;1
536579332;155 707 348;B01;2;33;0;2;7;1;1
536579333;155 707 343;A01;2;33;0;2;3;3;1
536579333;155 707 345;B01;2;7;0;2;2;12;1
536579334;155 707 342;A01;2;33;7;0;8;1;1
536579335;155 707 340;B01;1;7;0;2;4;2;1
536579335;155 707 341;A01;1;10;0;2;1;2;1
536579336;155 707 335;A01;2;7;0;2;6;23;1
536579336;155 707 337;B01;2;7;0;2;2;12;1
536579337;155 707 338;A01;1;10;13;0;3;13;1
536579338;155 707 336;B01;2;33;0;2;2;9;1
536579338;155 707 339;A01;1;7;0;2;6;9;1
536579339;155 707 330;A01;1;7;0;2;1;1;1
536579339;155 707 334;B01;2;10;0;2;3;1;1
536579340;155 707 331;A01;2;3;0;2;1;13;1
536579340;155 707 332;B01;1;7;0;2;1;1;1
536579341;155 707 326;A01;2;1;0;2;1;15;5
536579341;155 707 328;B01;2;7;0;2;2;17;1
536579342;155 707 324;A01;1;7;0;2;4;2;0
536579342;155 707 327;B01;1;7;0;2;1;2;1
536579342;155 707 329;C01;1;7;0;2;1;2;1
536579343;155 707 321;A01;1;7;4;0;1;14;1
536579344;155 707 323;A01;1;7;0;2;3;13;1
536579344;155 707 325;B01;2;7;0;0;3;1;1
536579345;155 707 320;B01;2;7;3;2;0;0;1
536579345;155 707 322;A01;2;7;3;2;0;11;1
536579346;155 707 319;A01;1;7;0;1;1;9;2
536579347;155 707 318;A01;2;7;4;0;3;1;1
536579348;155 707 314;A01;1;1;0;0;0;1;5
536579349;155 707 313;A01;2;7;0;2;3;2;1
536579349;155 707 315;B01;2;7;0;0;5;2;1
536579350;155 707 316;C01;2;10;0;2;3;19;1
536579350;155 707 317;B01;1;33;0;2;1;1;1
536579351;155 707 311;B01;1;1;0;2;1;5;5
536579351;155 707 312;A01;2;7;0;2;2;16;1
536579352;155 707 310;A01;1;31;13;0;1;1;1
536579353;155 707 309;A01;1;7;4;0;2;1;1
536579354;155 707 306;A01;3;7;0;2;2;1;1
536579354;155 707 308;B01;3;7;0;2;3;9;1
536579355;155 707 305;B01;2;33;0;2;1;1;1
536579355;155 707 307;A01;1;7;0;2;3;1;1
536579356;155 707 304;A01;2;10;2;0;1;14;1
536579357;155 707 302;A01;1;7;5;0;1;0;6
536579358;155 707 300;A01;1;2;0;2;1;5;1
536579358;155 707 303;B01;2;7;0;2;1;1;3
536579359;155 707 299;B01;0;2;0;2;1;1;0
536579359;155 707 301;A01;0;7;0;2;3;15;1
536579360;155 707 298;A01;2;33;2;0;0;1;1
536579361;155 707 295;A01;1;7;0;2;3;15;1
536579361;155 707 297;B01;2;33;15;0;8;0;1
536579362;155 707 294;A01;1;7;0;2;3;13;1
536579362;155 707 296;B01;2;7;15;2;3;1;1
536579363;155 707 292;A01;1;7;0;2;8;13;1
536579363;155 707 293;B01;2;7;0;2;1;1;1
536579364;155 707 289;A01;1;7;0;2;1;13;1
536579364;155 707 291;B01;2;13;0;2;1;1;1
536579365;155 707 288;B01;2;1;0;2;1;1;5
536579365;155 707 290;A01;1;7;13;9;3;13;1
536579366;155 707 285;A01;1;33;9;0;1;1;1
536579367;155 707 282;A01;2;7;6;2;4;1;1
536579367;155 707 287;B01;2;7;0;2;1;1;1
536579368;155 707 284;A01;2;7;3;2;2;13;1
536579368;155 707 286;B01;1;7;0;2;1;1;1
536579369;155 707 281;B01;2;31;0;2;0;1;1
536579369;155 707 283;A01;2;7;0;2;8;10;1
536579370;155 707 280;A01;1;7;2;0;1;1;1
536579371;155 707 276;B01;1;7;1;9;6;9;6
536579371;155 707 279;A01;3;32;0;9;1;26;6
536579372;155 707 275;A01;1;10;13;2;3;13;1
536579372;155 707 277;B01;1;1;0;0;0;1;5
536579373;155 707 274;A01;1;33;4;0;0;1;1
536579374;155 707 273;A01;1;7;0;2;5;15;1
536579374;155 707 278;B01;1;7;0;2;3;1;1
536579375;155 707 271;A01;3;7;0;2;8;15;1
536579375;155 707 272;B01;3;33;0;2;1;17;1
536579376;155 707 269;A01;3;50;0;2;0;19;3
536579377;155 707 268;A01;1;7;0;2;1;9;1
536579377;155 707 270;B01;2;7;0;2;7;1;1
536579378;155 707 264;A01;1;7;0;2;3;13;1
536579378;155 707 266;B01;2;7;0;2;3;2;3
536579379;155 707 263;A01;1;7;0;9;1;9;1
536579379;155 707 265;B01;1;99;0;2;7;1;3
536579380;155 707 262;A01;2;33;13;0;7;14;1
536579381;155 707 258;A01;1;7;13;2;7;0;1
536579381;155 707 267;B01;1;7;0;2;8;1;1
536579382;155 707 257;A01;2;10;0;2;3;1;1
536579382;155 707 261;B01;1;50;0;2;1;1;3
536579383;155 707 256;B01;1;2;0;2;1;1;0
536579383;155 707 260;A01;1;10;0;2;8;15;1
536579384;155 707 255;A01;1;7;0;2;2;1;1
536579384;155 707 259;B01;1;1;0;2;3;0;5
536579385;155 707 254;A01;2;33;0;0;7;2;1
536579386;155 707 251;A01;2;10;0;1;1;15;1
536579387;155 707 250;B01;0;1;12;2;1;25;5
536579387;155 707 252;A01;0;7;0;2;2;1;1
536579388;155 707 249;A01;1;7;2;0;7;2;1
536579389;155 707 253;A01;1;33;0;0;0;2;1
536579390;155 707 248;A01;1;7;4;0;9;0;1
536579391;155 707 247;A01;2;36;15;0;1;0;1
536579392;155 707 246;A01;1;7;0;0;9;1;1
536579393;155 707 243;C01;1;1;0;2;3;1;5
536579393;155 707 245;A01;1;7;0;2;2;15;1
536579394;155 707 241;A01;1;7;13;0;0;14;1
536579395;155 707 239;A01;0;7;9;0;3;2;1
536579396;155 707 240;A01;1;7;0;2;1;1;1
536579396;155 707 242;B01;1;7;0;2;4;23;1
536579397;155 707 238;B01;2;7;0;2;3;9;1
536579397;155 707 244;A01;2;7;0;2;1;2;2
536579398;155 707 237;A01;2;33;10;0;2;2;1
536579399;155 707 235;A01;1;7;0;1;1;1;1
536579400;155 707 233;A01;2;7;0;9;2;19;1
536579400;155 707 236;B01;1;2;0;2;1;1;1
536579401;155 707 231;A01;2;7;0;2;4;1;1
536579401;155 707 234;B01;2;7;0;2;1;1;1
536579402;155 707 228;A01;2;7;13;0;7;15;1
536579403;155 707 229;A01;2;7;3;2;3;13;1
536579403;155 707 232;B01;1;7;0;2;3;1;1
536579404;155 707 227;A01;2;1;0;2;5;14;5
536579404;155 707 230;B01;2;7;0;2;5;9;1
536579405;155 707 224;A01;3;7;2;0;1;0;1
536579406;155 707 223;A01;2;7;0;2;0;0;0
536579406;155 707 226;B01;2;33;16;2;0;0;1
536579407;155 707 221;B01;1;10;0;2;3;1;1
536579407;155 707 225;A01;1;10;0;2;5;0;1
536579408;155 707 222;A01;2;7;2;0;2;1;1
536579409;155 707 217;A01;2;7;9;0;1;0;1
536579410;155 707 215;A01;2;7;0;2;1;5;1
536579410;155 707 219;B01;1;7;0;2;1;2;1
536579411;155 707 214;C01;2;10;0;2;1;21;1
536579411;155 707 218;A01;1;3;0;2;1;13;1
536579411;155 707 220;B01;2;10;0;2;2;21;1
536579412;155 707 212;A01;3;7;0;2;1;13;1
536579412;155 707 213;B01;3;7;0;2;6;26;1
536579412;155 707 216;C01;3;7;0;2;1;1;1
536579413;155 707 211;A01;3;7;0;0;9;1;0
536579414;155 707 208;A01;1;7;0;2;4;2;1
536579414;155 707 210;B01;1;7;0;2;4;23;1
536579415;155 707 207;A01;2;7;15;0;1;14;1
536579416;155 707 205;A01;3;7;0;1;3;1;1
536579417;155 707 209;A01;2;33;0;0;0;1;1
536579418;155 707 204;A01;0;7;0;0;9;0;1
536579419;155 707 200;A01;2;10;7;0;1;13;1
536579420;155 707 201;A01;2;17;0;0;4;23;1
536579420;155 707 203;B01;2;10;1;0;1;1;1
536579421;155 707 199;B01;3;50;0;2;1;1;3
536579421;155 707 202;A01;3;10;0;2;3;15;1
536579422;155 707 198;A01;1;7;0;1;3;2;0
536579423;155 707 195;A01;2;7;0;2;2;13;1
536579423;155 707 197;B01;1;33;0;2;1;1;1
536579424;155 707 193;B01;1;7;0;2;2;1;1
536579424;155 707 196;A01;2;7;0;2;3;13;1
536579425;155 707 190;A01;0;7;0;2;1;0;1
536579425;155 707 192;B01;0;7;0;2;4;0;1
536579425;155 707 194;C01;0;34;0;2;4;0;1
536579426;155 707 189;B01;2;7;0;2;1;13;1
536579426;155 707 191;A01;1;7;0;2;1;21;1
536579427;155 707 187;B01;1;33;0;2;7;3;1
536579427;155 707 188;A01;1;7;0;2;3;3;1
536579428;155 707 186;A01;1;7;14;0;3;13;2
536579429;155 707 184;A01;1;7;1;0;1;14;1
536579430;155 707 183;A01;2;7;0;2;0;0;1
536579430;155 707 185;B01;1;50;0;2;7;19;3
536579431;155 707 182;A01;3;7;0;1;3;20;1
536579432;155 707 181;A01;3;36;0;0;2;1;1
536579433;155 707 178;A01;1;7;2;0;2;14;1
536579434;155 707 174;C01;1;7;0;2;3;23;1
536579434;155 707 175;D01;1;7;0;2;1;23;1
536579434;155 707 176;A01;2;7;0;2;1;1;1
536579434;155 707 177;B01;1;7;7;2;8;1;1
536579435;155 707 179;A01;1;7;12;2;3;9;1
536579435;155 707 180;B01;2;33;12;2;7;16;1
536579436;155 707 173;A01;1;7;2;0;9;14;1
536579437;155 707 170;A01;1;10;0;2;3;15;1
536579437;155 707 172;B01;1;33;0;2;7;17;1
536579438;155 707 167;B01;2;1;1;0;1;1;5
536579438;155 707 168;A01;2;7;0;0;4;23;1
536579439;155 707 166;A01;3;2;1;0;1;14;1
536579440;155 707 164;A01;2;7;0;2;3;1;1
536579440;155 707 169;B01;1;10;0;2;8;3;1
536579441;155 707 162;A01;1;7;8;0;1;14;1
536579442;155 707 160;A01;3;7;8;0;9;1;1
536579443;155 707 159;B01;2;7;0;2;3;1;1
536579443;155 707 161;A01;1;7;0;2;3;13;3
536579444;155 707 154;A01;3;7;12;0;3;1;1
536579445;155 707 157;A01;3;7;0;2;7;15;1
536579445;155 707 158;B01;3;33;0;2;1;1;1
536579446;155 707 153;A01;1;33;0;2;1;3;1
536579446;155 707 156;B01;1;7;0;2;5;1;2
536579447;155 707 151;A01;1;7;3;0;2;16;1
536579448;155 707 149;A01;1;7;0;2;3;9;1
536579448;155 707 152;B01;1;7;0;2;7;1;1
536579449;155 707 147;B01;0;7;0;0;0;13;0
536579449;155 707 148;A01;0;7;0;2;8;1;1
536579450;155 707 145;A01;0;7;0;1;7;16;1
536579451;155 707 144;A01;1;7;0;2;2;1;1
536579451;155 707 146;B01;3;2;0;2;3;1;3
536579452;155 707 139;Z01;1;7;0;2;1;26;1
536579452;155 707 141;B01;1;7;0;2;4;2;1
536579452;155 707 150;C01;1;7;0;2;4;2;3
536579453;155 707 137;A01;1;7;0;2;1;2;1
536579453;155 707 142;B01;1;7;0;2;4;2;3
536579453;155 707 143;C01;1;7;0;2;4;2;2
536579454;155 707 136;B01;1;50;0;2;1;1;3
536579454;155 707 140;Z01;1;7;0;2;3;0;0
536579455;155 707 135;B01;1;10;0;2;1;1;1
536579455;155 707 138;A01;2;7;0;2;1;13;1
536579456;155 707 131;A01;1;7;0;2;3;15;1
536579456;155 707 134;B01;2;1;0;2;8;1;5
536579457;155 707 132;A01;2;10;8;0;1;13;1
536579458;155 707 130;A01;3;7;0;2;1;1;1
536579458;155 707 133;B01;3;7;0;2;6;1;1
536579459;155 707 129;A01;1;7;0;1;1;16;1
536579460;155 707 126;B01;1;1;2;0;0;0;5
536579460;155 707 128;A01;1;3;2;0;0;0;1
536579461;155 707 125;A01;2;7;0;2;2;1;1
536579462;155 707 124;B01;3;7;0;2;7;0;1
536579462;155 707 127;A01;3;7;0;2;2;16;2
536579463;155 707 122;A01;2;7;0;2;8;20;1
536579463;155 707 123;B01;2;30;0;2;1;1;1
536579464;155 707 119;B01;2;7;0;2;1;1;1
536579464;155 707 120;A01;2;7;0;2;4;1;1
536579465;155 707 118;B01;1;7;0;2;3;15;1
536579465;155 707 121;A01;1;7;0;2;1;1;1
536579466;155 707 117;A01;2;30;1;0;1;14;1
536579467;155 707 112;B01;1;14;0;2;2;1;1
536579467;155 707 114;A01;1;7;0;2;3;22;2
536579468;155 707 111;B01;3;30;0;2;1;1;1
536579468;155 707 115;A01;3;7;0;2;3;26;1
536579469;155 707 110;C01;2;7;0;2;6;1;1
536579469;155 707 113;B01;2;7;0;2;4;1;1
536579469;155 707 116;Z01;2;7;0;2;2;2;1
536579470;155 707 107;B01;1;7;0;2;4;0;1
536579470;155 707 109;A01;1;7;0;2;1;1;1
536579471;155 707 108;A01;1;7;0;1;2;1;1
536579472;155 707 105;A01;2;32;0;2;3;1;3
536579472;155 707 106;B01;2;7;0;2;7;1;2
536579473;155 707 104;A01;1;1;0;9;1;15;5
536579474;155 707 102;B01;3;30;0;2;1;1;1
536579474;155 707 103;A01;0;7;0;2;3;15;1
536579475;155 707 100;A01;0;30;1;0;1;1;1
536579476;155 707 099;B01;2;7;0;2;5;14;1
536579476;155 707 101;A01;2;7;0;2;3;1;1
536579477;155 707 096;A01;3;7;0;2;5;15;0
536579478;155 707 094;A01;1;7;14;0;1;1;1
536579478;155 707 097;B01;1;7;0;2;6;23;1
536579479;155 707 093;A01;2;10;0;2;1;2;1
536579479;155 707 095;B01;2;7;0;2;4;1;1
536579480;155 707 092;A01;1;7;0;1;1;1;1
536579481;155 707 089;A01;1;7;0;2;1;2;1
536579481;155 707 090;B01;1;7;0;2;4;2;1
536579482;155 707 088;B01;1;7;0;2;8;15;1
536579482;155 707 091;A01;2;7;0;2;3;1;1
536579483;155 707 086;A01;1;7;3;0;3;13;1
536579484;155 707 085;B01;2;7;0;2;7;1;1
536579484;155 707 087;A01;1;7;0;2;1;1;1
536579485;155 707 083;A01;3;7;8;2;8;1;1
536579485;155 707 084;B01;0;7;0;2;7;17;2
536579486;155 707 078;A01;1;7;0;2;5;12;2
536579486;155 707 080;B01;1;37;0;2;3;1;1
536579487;155 707 075;D01;1;7;0;2;4;2;1
536579487;155 707 076;A01;1;15;0;2;1;2;0
536579487;155 707 079;E01;1;7;0;2;1;2;0
536579487;155 707 081;B01;1;7;0;2;4;2;1
536579487;155 707 082;C01;1;7;0;2;4;2;1
536579488;155 707 073;A01;1;7;0;2;3;15;1
536579488;155 707 077;B01;2;7;0;2;2;1;1
536579489;155 707 072;B01;3;34;0;2;2;0;1
536579489;155 707 074;A01;3;7;0;2;5;15;1
536579490;155 707 069;A01;2;33;0;2;7;1;1
536579490;155 707 071;B01;2;7;0;2;3;11;1
536579491;155 707 068;B01;1;1;0;2;1;1;5
536579491;155 707 070;A01;2;50;0;2;1;5;3
536579492;155 707 067;A01;3;30;0;1;7;0;3
536579493;155 707 065;A01;1;50;0;0;0;1;3
536579494;155 707 066;A01;2;10;0;1;1;15;1
536579495;155 707 063;A01;1;7;0;2;1;2;1
536579495;155 707 064;B01;1;7;4;2;6;2;1
536579496;155 707 060;A01;1;7;4;0;1;14;1
536579497;155 707 059;A01;1;7;0;2;3;1;1
536579497;155 707 061;B01;3;50;0;2;1;26;3
536579498;155 707 056;A01;2;7;0;2;2;1;1
536579498;155 707 058;B01;1;7;0;2;2;1;2
536579499;155 707 055;B01;1;33;0;2;1;1;1
536579499;155 707 057;A01;2;7;0;2;8;15;1
536579500;155 707 054;A01;2;38;0;1;1;15;1
536579501;155 707 051;A01;1;7;0;0;0;1;1
536579501;155 707 053;B01;3;50;0;2;1;1;3
536579502;155 707 048;C01;1;33;0;9;0;0;1
536579502;155 707 050;A01;1;7;0;2;8;1;1
536579502;155 707 052;B01;1;31;0;2;7;0;1
536579503;155 707 047;B01;1;7;0;0;1;1;1
536579503;155 707 049;A01;1;7;0;2;7;2;3
536579504;155 707 041;A01;1;32;0;2;1;2;1
536579504;155 707 044;B01;1;7;0;2;6;2;1
536579505;155 707 042;A01;2;7;0;2;1;26;1
536579505;155 707 045;B01;1;2;0;2;7;1;3
536579506;155 707 036;A01;1;7;1;0;1;1;1
536579506;155 707 039;B01;1;7;0;2;4;23;1
536579506;155 707 040;C01;1;7;0;2;4;23;1
536579506;155 707 043;D01;1;7;0;2;1;1;1
536579507;155 707 034;B01;1;2;0;2;8;9;1
536579507;155 707 037;A01;1;7;0;2;5;14;1
536579508;155 707 035;A01;3;34;0;2;8;18;1
536579508;155 707 038;B01;3;7;0;2;7;16;1
536579509;155 707 033;A01;1;7;12;0;1;1;1
536579510;155 707 031;A01;2;50;0;1;1;1;3
536579511;155 707 029;A01;1;7;0;2;0;1;0
536579511;155 707 032;B01;1;32;12;2;4;1;1
536579512;155 707 027;A01;0;7;0;2;1;1;1
536579512;155 707 028;B01;0;7;0;2;4;23;1
536579512;155 707 030;C01;0;7;0;2;4;23;1
536579513;155 707 026;A01;2;10;0;1;5;4;1
536579514;155 707 024;A01;1;2;0;2;2;0;3
536579514;155 707 025;B01;2;7;0;2;1;0;1
536579515;155 707 022;A01;1;1;0;1;1;10;5
536579516;155 707 023;A01;2;33;0;1;1;2;1
536579517;155 707 020;B01;2;7;0;2;4;1;1
536579517;155 707 021;A01;2;31;0;2;1;1;1
536579518;155 707 017;Z01;2;34;0;2;8;13;0
536579518;155 707 019;A01;1;31;0;2;8;1;1
536579519;155 707 016;B01;1;10;0;2;2;14;1
536579519;155 707 018;A01;1;1;0;2;8;1;5
536579520;155 707 015;A01;1;37;0;1;0;23;1
536579521;155 707 012;B01;3;33;0;2;7;1;1
536579521;155 707 014;A01;3;7;0;2;0;26;1
536579522;155 707 011;A01;1;7;0;2;0;0;0
536579522;155 707 013;B01;2;7;0;2;0;0;1
536579523;155 707 010;B01;1;7;0;1;2;1;1
536579524;155 707 009;A01;1;7;9;0;2;1;1
536579525;155 707 008;A01;2;7;0;0;1;2;2
536579526;155 707 006;A01;1;7;0;1;3;1;1
536579527;155 707 002;A01;2;7;0;2;3;9;1
536579527;155 707 005;B01;1;7;0;2;3;1;1
536579528;155 707 000;B01;1;7;0;2;3;16;2
536579528;155 707 003;A01;2;2;0;2;1;13;3
536579529;155 706 996;A01;1;1;0;1;1;1;5
536579530;155 706 995;A01;3;7;0;2;1;5;1
536579530;155 706 998;B01;3;7;0;2;1;1;1
536579531;155 706 994;A01;2;7;0;2;1;2;1
536579531;155 706 997;B01;2;33;0;2;4;2;1
536579532;155 706 992;A01;3;7;0;1;3;20;1
536579533;155 706 989;B01;3;33;0;2;1;1;1
536579533;155 706 993;A01;3;7;0;2;3;15;1
536579534;155 706 990;B01;1;10;0;2;1;0;1
536579534;155 706 991;A01;1;33;0;2;0;0;1
536579535;155 706 988;A01;2;7;0;1;1;1;2
536579536;155 706 986;A01;2;7;0;1;2;1;1
536579537;155 706 985;A01;1;37;0;2;2;1;1
536579537;155 706 987;B01;2;14;0;2;0;0;1
536579538;155 706 983;A01;3;7;0;1;1;16;2
536579539;155 706 982;A01;0;32;0;2;0;5;0
536579539;155 706 984;B01;1;32;0;2;4;1;1
536579540;155 706 979;A01;1;1;0;1;1;1;5
536579541;155 706 978;A01;3;50;0;1;1;0;3
536579542;155 706 977;C01;3;7;0;2;1;2;1
536579542;155 706 980;A01;3;7;0;2;1;5;1
536579542;155 706 981;B01;3;7;0;2;1;2;1
536579543;155 706 974;B01;3;50;0;2;1;25;3
536579543;155 706 976;A01;1;7;0;2;1;20;1
536579544;155 706 973;B01;2;7;0;0;3;1;2
536579544;155 706 975;A01;3;31;0;2;1;1;1
536579545;155 706 972;A01;3;7;0;1;3;14;1
536579546;155 706 971;A01;1;10;0;2;1;1;1
536579547;155 706 968;A01;1;7;0;2;1;0;1
536579547;155 706 970;B01;1;7;0;2;4;1;1
536579548;155 706 967;B01;1;7;0;2;4;2;1
536579548;155 706 969;A01;1;7;0;2;1;2;2
536579549;155 706 965;A01;1;33;0;2;5;1;1
536579549;155 706 966;B01;2;7;0;2;3;9;1
536579550;155 706 961;B01;3;7;0;2;3;1;1
536579550;155 706 963;A01;3;7;0;2;3;1;1
536579551;155 706 962;B01;1;7;0;2;0;1;1
536579551;155 706 964;A01;1;7;12;0;1;9;1
536579552;155 706 960;A01;1;7;0;1;3;15;1
536579553;155 706 959;A01;3;36;0;0;9;26;1
536579554;155 706 957;A01;1;32;0;2;1;1;1
536579554;155 706 958;B01;1;7;0;2;3;9;1
536579555;155 706 955;A01;2;7;2;0;1;1;1
536579556;155 706 956;A01;2;7;0;1;1;1;1
536579557;155 706 953;A01;1;7;8;0;1;2;1
536579558;155 706 954;A01;1;7;0;1;2;1;1
536579559;155 706 951;B01;1;2;0;2;3;26;1
536579559;155 706 952;A01;1;7;0;2;3;0;1
536579560;155 706 950;A01;0;36;13;0;3;1;1
536579561;155 706 949;A01;2;7;1;1;3;1;1
536579562;155 706 946;A01;1;33;0;2;8;10;1
536579562;155 706 947;B01;1;2;0;2;1;1;1
536579563;155 706 945;A01;3;50;0;2;1;1;3
536579563;155 706 948;B01;3;7;0;2;3;16;0
536579564;155 706 944;A01;1;7;0;1;1;18;0
536579565;155 706 942;A01;0;7;0;2;1;15;1
536579565;155 706 943;B01;3;1;0;2;1;1;5
536579566;155 706 941;Z01;2;7;0;1;3;1;1
536579567;155 706 940;A01;0;10;0;1;3;15;1
536579568;155 706 935;A01;2;7;0;2;1;2;1
536579568;155 706 938;B01;2;7;3;0;4;2;1
536579569;155 706 937;A01;1;32;0;2;1;11;1
536579569;155 706 939;B01;1;7;0;9;0;15;2
536579570;155 706 934;B01;2;7;0;2;1;1;1
536579570;155 706 936;A01;2;7;0;2;8;1;1
536579571;155 706 933;A01;2;33;0;0;0;17;1
536579572;155 706 932;A01;1;50;1;0;1;13;3
536579573;155 706 931;A01;1;7;0;1;3;9;1
536579574;155 706 930;A01;3;21;0;6;8;1;1
536579575;155 706 923;A01;2;7;0;2;3;13;1
536579575;155 706 928;C01;1;15;0;2;0;0;1
536579575;155 706 929;B01;1;7;0;2;8;21;2
536579576;155 706 922;C01;1;7;0;0;1;0;0
536579576;155 706 925;A01;1;7;0;0;4;1;1
536579576;155 706 927;B01;1;7;0;2;1;1;0
536579577;155 706 921;A01;2;7;0;2;1;2;1
536579577;155 706 924;B01;2;1;0;2;4;2;5
536579577;155 706 926;C01;2;1;0;2;4;2;5
536579578;155 706 920;A01;0;10;0;1;2;1;1
536579579;155 706 919;A01;2;7;13;0;1;1;1
536579581;155 706 914;A01;1;7;0;2;8;17;2
536579581;155 706 917;B01;3;1;0;2;1;1;5
536579582;155 706 913;A01;2;7;0;9;3;1;1
536579582;155 706 916;B01;1;1;0;2;7;1;5
536579583;155 706 911;A01;3;7;0;2;1;1;2
536579583;155 706 915;B01;1;32;0;2;4;23;1
536579584;155 706 908;A01;0;2;0;2;4;1;1
536579584;155 706 910;B01;0;7;0;0;1;1;0
536579585;155 706 909;B01;0;1;0;2;7;19;5
536579585;155 706 912;A01;0;7;0;2;1;1;1
536579586;155 706 905;A01;3;7;0;1;2;1;1
536579587;155 706 904;A01;1;7;0;2;2;2;1
536579587;155 706 907;B01;1;1;0;2;4;2;5
536579588;155 706 903;B01;2;7;0;0;3;1;0
536579588;155 706 906;A01;1;7;0;2;3;13;1
536579589;155 706 902;A01;1;7;0;1;3;0;1
536579590;155 706 899;B01;2;7;0;2;1;9;1
536579590;155 706 901;A01;1;7;0;2;7;1;1
536579591;155 706 897;B01;2;7;0;2;1;1;1
536579591;155 706 900;A01;1;7;0;2;2;19;1
536579592;155 706 896;B01;0;2;0;2;3;1;3