Num_Acc;id_vehicule;num_veh;senc;catv;obs;obsm;choc;manv;motor
536579592;155 706 898;A01;0;10;0;2;3;15;1
536579593;155 706 894;B01;1;80;0;2;0;1;3
536579593;155 706 895;A01;1;10;0;2;7;17;1
536579594;155 706 893;A01;1;7;13;0;3;9;1
536579595;155 706 892;A01;2;15;0;1;2;1;1
536579596;155 706 890;A01;1;7;6;0;2;14;1
536579597;155 706 888;A01;1;2;0;2;1;1;1
536579597;155 706 889;B01;2;7;0;0;5;15;1
536579597;155 706 891;C01;2;7;0;2;3;1;1
536579598;155 706 886;A01;2;3;0;1;3;18;3
536579599;155 706 887;A01;2;33;14;6;1;1;1
536579600;155 706 885;A01;3;7;1;0;2;1;1
536579601;155 706 884;A01;1;7;2;0;1;1;1
536579602;155 706 882;A01;1;1;13;0;0;13;5
536579603;155 706 881;A01;1;10;13;0;9;1;1
536579604;155 706 880;B01;2;7;0;2;3;1;1
536579604;155 706 883;A01;1;7;0;2;1;1;1
536579605;155 706 879;A01;1;2;1;0;7;1;1
536579606;155 706 877;A01;1;2;7;0;1;1;1
536579607;155 706 875;A01;2;7;0;2;1;2;1
536579607;155 706 878;B01;2;2;0;0;4;2;1
536579608;155 706 874;A01;2;7;0;2;2;15;1
536579608;155 706 876;B01;1;30;0;2;1;1;0
536579609;155 706 871;A01;2;7;6;0;1;16;1
536579610;155 706 869;B01;1;7;0;2;1;23;1
536579610;155 706 872;A01;2;1;0;2;1;17;5
536579611;155 706 868;A01;2;33;0;0;7;1;1
536579612;155 706 865;B01;1;33;0;2;1;2;1
536579612;155 706 867;A01;1;7;0;2;3;10;1
536579613;155 706 864;A01;3;7;0;2;1;15;1
536579613;155 706 866;B01;3;7;0;2;1;1;1
536579614;155 706 861;A01;1;7;13;0;2;0;1
536579615;155 706 860;A01;1;33;0;2;7;15;1
536579615;155 706 863;B01;1;7;0;2;1;1;1
536579616;155 706 858;A01;2;7;0;2;7;13;1
536579616;155 706 859;C01;2;7;0;2;4;1;1
536579616;155 706 862;B01;1;7;0;2;3;15;1
536579617;155 706 855;A01;1;7;0;2;8;15;1
536579617;155 706 857;B01;2;7;0;2;1;1;1
536579618;155 706 854;A01;1;7;0;2;1;1;1
536579618;155 706 856;B01;2;7;0;2;8;11;1
536579619;155 706 853;A01;2;10;0;1;3;15;1
536579620;155 706 851;A01;1;21;7;0;1;1;1
536579621;155 706 850;A01;3;7;0;2;1;1;2
536579621;155 706 852;B01;3;7;0;2;1;13;1
536579622;155 706 849;A01;2;7;0;1;3;1;1
536579623;155 706 846;A01;1;7;0;2;3;13;1
536579623;155 706 848;B01;2;2;0;2;1;13;1
536579624;155 706 847;A01;2;10;13;0;2;1;1
536579625;155 706 843;A01;1;7;0;1;4;20;1
536579626;155 706 842;A01;1;1;0;2;0;1;5
536579626;155 706 844;B01;2;7;0;2;0;1;0
536579627;155 706 841;B01;2;10;0;2;3;9;3
536579627;155 706 845;A01;2;50;0;2;1;15;3
536579628;155 706 840;A01;2;33;13;0;2;2;1
536579629;155 706 837;A01;1;21;0;2;1;15;1
536579629;155 706 839;B01;2;7;0;2;8;1;1
536579630;155 706 836;A01;1;33;13;0;1;1;1
536579631;155 706 835;B01;3;1;0;2;7;1;5
536579631;155 706 838;A01;3;7;0;2;1;1;1
536579632;155 706 831;B01;2;7;0;2;1;1;1
536579632;155 706 834;A01;1;7;0;2;1;11;1
536579633;155 706 830;A01;2;7;0;2;3;13;1
536579633;155 706 833;B01;1;7;0;2;3;1;1
536579634;155 706 829;A01;2;50;0;2;1;1;3
536579634;155 706 832;B01;1;50;0;2;8;1;3
536579635;155 706 825;A01;1;7;13;0;1;1;1
536579636;155 706 824;B01;1;7;0;2;7;1;2
536579636;155 706 827;A01;1;2;0;2;1;1;1
536579637;155 706 822;A01;2;7;4;0;9;1;1
536579637;155 706 823;B01;2;7;4;2;3;13;1
536579637;155 706 826;C01;2;7;0;0;6;1;3
536579637;155 706 828;D01;2;10;0;9;0;1;1
536579638;155 706 819;A01;1;7;17;0;1;17;1
536579639;155 706 818;A01;2;7;0;2;1;13;1
536579639;155 706 821;B01;1;10;0;2;1;1;1
536579640;155 706 817;B01;1;7;0;2;8;16;1
536579640;155 706 820;A01;1;7;0;2;1;1;1
536579641;155 706 814;B01;1;7;3;2;0;1;1
536579641;155 706 816;A01;1;7;3;2;0;17;1
536579642;155 706 815;A01;1;7;2;0;3;13;1
536579643;155 706 813;A01;3;7;0;1;2;15;1
536579644;155 706 811;A01;1;7;16;0;0;1;1
536579645;155 706 812;A01;2;2;0;0;0;21;1
536579646;155 706 810;A01;3;50;0;0;0;1;3
536579647;155 706 809;A01;1;7;6;0;8;13;1
536579648;155 706 808;A01;2;7;15;0;3;13;1
536579649;155 706 805;A01;1;7;0;0;0;1;1
536579650;155 706 804;A01;2;7;0;2;2;1;2
536579650;155 706 806;B01;1;7;0;2;1;13;1
536579651;155 706 803;B01;3;3;0;2;2;9;1
536579651;155 706 807;A01;3;30;0;2;2;17;1
536579652;155 706 800;A01;2;1;0;2;1;2;5
536579652;155 706 802;B01;2;7;0;0;4;2;1
536579653;155 706 799;B01;1;7;0;2;1;1;1
536579653;155 706 801;A01;2;33;0;2;1;1;1
536579654;155 706 798;A01;1;7;8;0;1;1;1
536579655;155 706 797;A01;1;7;3;1;3;2;1
536579656;155 706 796;A01;2;7;6;0;1;1;1
536579657;155 706 794;A01;3;7;0;2;7;15;1
536579657;155 706 795;B01;3;33;0;2;1;8;1
536579658;155 706 793;A01;3;31;0;0;0;1;1
536579659;155 706 790;B01;2;2;0;2;1;1;1
536579659;155 706 792;A01;2;7;0;2;3;11;1
536579660;155 706 788;A01;1;33;0;2;1;11;1
536579660;155 706 791;B01;2;10;0;2;3;1;1
536579661;155 706 787;A01;3;31;0;2;8;26;3
536579661;155 706 789;B01;3;7;0;2;3;26;1
536579662;155 706 786;A01;2;33;1;0;1;1;1
536579663;155 706 785;A01;2;7;0;1;2;1;1
536579664;155 706 783;A01;1;7;0;0;3;1;1
536579664;155 706 784;B01;2;50;0;0;1;1;3
536579665;155 706 781;A01;1;7;0;0;1;15;1
536579666;155 706 779;A01;1;7;0;2;1;9;1
536579666;155 706 782;B01;1;50;0;2;7;26;3
536579667;155 706 777;A01;2;7;0;2;1;1;1
536579667;155 706 780;B01;2;7;0;0;7;1;3
536579668;155 706 774;A01;0;10;0;2;3;1;1
536579668;155 706 778;B01;0;7;0;0;1;1;1
536579669;155 706 775;A01;2;33;0;2;1;2;1
536579669;155 706 776;B01;2;7;0;0;4;2;1
536579670;155 706 771;A01;1;31;0;0;8;1;1
536579671;155 706 770;A01;0;7;0;1;1;15;1
536579672;155 706 769;A01;3;7;0;2;1;0;1
536579672;155 706 772;B01;3;10;14;2;2;0;1
536579673;155 706 767;A01;1;7;0;1;1;1;2
536579674;155 706 765;A01;1;7;0;1;2;1;1
536579675;155 706 764;A01;1;7;0;2;1;2;1
536579675;155 706 766;B01;1;7;0;2;5;2;1
536579675;155 706 768;C01;1;7;0;0;4;2;1
536579676;155 706 762;B01;1;33;0;2;3;1;1
536579676;155 706 763;A01;2;7;0;0;1;1;1
536579677;155 706 759;A01;1;7;0;0;4;2;1
536579677;155 706 760;B01;1;7;0;0;4;2;1
536579678;155 706 758;B01;2;33;0;2;1;1;0
536579678;155 706 761;A01;2;30;0;2;1;9;1
536579679;155 706 754;B01;1;7;0;2;5;2;1
536579679;155 706 757;A01;1;33;0;2;1;2;1
536579680;155 706 753;B01;1;7;13;2;3;15;1
536579680;155 706 755;A01;1;7;13;2;2;0;1
536579681;155 706 752;A01;3;7;0;2;2;19;1
536579681;155 706 756;B01;2;31;0;2;1;1;1
536579682;155 706 751;A01;2;7;4;0;8;0;1
536579683;155 706 749;B01;2;33;0;2;1;1;1
536579683;155 706 750;A01;1;7;0;2;2;15;1
536579684;155 706 746;A01;1;3;0;2;2;1;1
536579684;155 706 748;B01;2;7;0;2;2;1;1
536579685;155 706 745;A01;1;15;0;0;6;1;1
536579685;155 706 747;B01;1;10;0;2;2;17;1
536579686;155 706 744;A01;0;3;1;0;1;14;1
536579687;155 706 741;A01;1;7;0;9;7;15;1
536579687;155 706 743;B01;2;99;0;2;1;1;3
536579688;155 706 740;A01;1;2;0;0;2;26;1
536579688;155 706 742;B01;1;99;0;0;6;26;3
536579689;155 706 737;A01;1;7;10;0;1;13;1
536579690;155 706 735;A01;2;34;0;2;1;1;1
536579690;155 706 738;B01;2;7;0;2;6;15;1
536579691;155 706 733;A01;3;10;16;0;9;26;1
536579692;155 706 730;A01;1;33;1;1;1;14;0
536579693;155 706 729;B01;2;7;0;2;8;1;1
536579693;155 706 731;A01;2;7;0;2;1;3;3
536579693;155 706 732;D01;2;7;4;0;1;21;1
536579693;155 706 734;E01;2;7;4;0;4;1;1
536579693;155 706 736;C01;2;7;4;0;7;1;1
536579694;155 706 727;B01;1;80;0;0;4;1;3
536579694;155 706 728;A01;2;7;0;2;2;1;1
536579695;155 706 725;A01;2;10;0;1;1;1;1
536579696;155 706 723;A01;1;7;0;2;2;12;1
536579696;155 706 726;B01;1;7;0;2;4;1;1
536579697;155 706 722;A01;2;7;0;0;3;11;1
536579697;155 706 724;B01;2;33;0;0;7;17;1
536579698;155 706 720;A01;2;80;0;1;1;1;3
536579699;155 706 717;A01;1;7;0;2;3;0;1
536579699;155 706 719;B01;1;7;0;2;5;1;2
536579699;155 706 721;C01;1;7;0;2;2;17;1
536579700;155 706 714;A01;1;1;0;1;1;1;5
536579701;155 706 713;A01;1;7;0;2;1;1;1
536579701;155 706 716;B01;1;7;0;2;1;1;1
536579701;155 706 718;C01;2;7;0;2;3;1;1
536579702;155 706 712;A01;1;7;0;2;7;12;1
536579702;155 706 715;B01;1;34;0;2;8;3;1
536579703;155 706 710;A01;2;7;1;0;3;26;1
536579704;155 706 709;A01;1;7;1;0;1;2;1
536579705;155 706 711;Z01;1;50;0;1;1;1;3
536579706;155 706 708;A01;1;7;1;2;1;13;1
536579707;155 706 706;A01;3;7;0;1;1;19;1
536579708;155 706 703;A01;2;7;0;2;1;1;1
536579708;155 706 705;C01;2;7;0;2;4;1;1
536579708;155 706 707;B01;2;7;0;2;4;1;2
536579709;155 706 702;A01;2;7;0;1;2;1;2
536579710;155 706 699;A01;2;7;13;0;2;15;1
536579710;155 706 701;B01;1;7;0;0;1;1;1
536579710;155 706 704;C01;1;10;0;0;1;26;1
536579711;155 706 698;A01;2;7;0;2;1;2;1
536579711;155 706 700;B01;2;7;0;2;4;2;1
536579712;155 706 697;A01;2;10;0;1;7;1;1
536579713;155 706 694;A01;2;31;0;2;8;0;1
536579713;155 706 696;B01;1;7;0;2;8;1;2
536579714;155 706 693;A01;2;7;4;2;2;1;1
536579714;155 706 695;Z01;2;7;0;2;0;0;0
536579715;155 706 692;A01;1;33;0;1;3;1;1
536579716;155 706 691;A01;2;7;15;9;1;14;1
536579717;155 706 688;Z01;1;7;0;2;0;2;0
536579717;155 706 690;A01;1;7;0;2;6;2;1
536579718;155 706 687;A01;1;7;0;0;1;14;1
536579719;155 706 686;B01;2;1;0;2;1;1;5
536579719;155 706 689;A01;2;13;0;9;2;16;1
536579720;155 706 681;B01;2;7;0;2;4;9;1
536579720;155 706 683;C01;2;7;0;2;1;9;3
536579720;155 706 685;A01;2;7;0;2;1;2;1
536579721;155 706 680;B01;2;7;0;2;1;1;2
536579721;155 706 682;C01;1;7;0;2;1;1;1
536579721;155 706 684;A01;1;7;0;2;1;13;1
536579722;155 706 678;B01;3;32;0;2;8;15;1
536579722;155 706 679;A01;1;7;0;2;1;1;2
536579723;155 706 674;A01;1;7;0;2;8;9;1
536579723;155 706 676;B01;1;7;0;2;1;0;1
536579724;155 706 673;B01;1;7;0;2;4;1;1
536579724;155 706 675;C01;1;7;0;2;4;2;1
536579724;155 706 677;A01;1;7;0;2;1;0;1
536579725;155 706 672;A01;1;7;0;1;1;16;1
536579726;155 706 668;A01;3;7;0;1;3;10;1
536579727;155 706 667;B01;1;1;0;9;1;21;5
536579727;155 706 670;A01;2;1;0;0;0;8;5
536579728;155 706 666;A01;0;7;1;0;1;0;1
536579729;155 706 664;A01;2;7;0;1;4;4;1
536579730;155 706 662;A01;1;17;0;1;8;1;1
536579731;155 706 663;A01;3;33;0;2;1;1;1
536579731;155 706 665;B01;3;10;0;2;6;15;1
536579732;155 706 660;B01;1;7;0;2;3;10;1
536579732;155 706 661;A01;1;30;0;2;3;1;3
536579733;155 706 657;A01;2;50;0;2;4;1;3
536579733;155 706 658;Z01;0;7;0;2;1;0;1
536579734;155 706 654;A01;2;7;0;0;4;2;1
536579734;155 706 656;B01;2;7;0;2;1;2;3
536579735;155 706 653;B01;1;80;0;0;8;26;3
536579735;155 706 655;A01;1;7;0;2;7;7;2
536579736;155 706 651;A01;2;7;0;2;3;13;0
536579736;155 706 652;B01;1;7;0;2;4;1;0
536579737;155 706 649;A01;1;7;0;2;3;2;1
536579737;155 706 650;B01;1;7;3;2;5;1;1
536579738;155 706 647;B01;1;1;0;2;1;16;5
536579738;155 706 648;A01;2;7;0;2;3;15;3
536579739;155 706 646;A01;3;7;3;0;9;1;1
536579740;155 706 645;A01;2;7;4;0;2;1;1
536579741;155 706 643;A01;2;3;9;0;2;13;1
536579742;155 706 642;B01;2;7;0;2;6;15;1
536579742;155 706 644;A01;2;34;0;2;1;17;1
536579743;155 706 640;B01;1;7;0;2;1;2;1
536579743;155 706 641;A01;1;7;0;2;4;2;1
536579744;155 706 639;A01;1;7;0;1;1;1;1
536579745;155 706 636;B01;3;10;0;2;8;23;1
536579745;155 706 638;A01;3;33;0;2;7;16;1
536579746;155 706 634;B01;1;7;0;2;4;1;1
536579746;155 706 635;C01;2;10;3;2;3;21;1
536579746;155 706 637;A01;1;7;0;2;1;2;1
536579747;155 706 631;A01;1;7;0;1;8;1;1
536579748;155 706 629;C01;2;7;0;2;1;26;1
536579748;155 706 632;A01;1;7;0;2;3;16;1
536579748;155 706 633;B01;1;7;0;2;3;16;1
536579749;155 706 626;D01;1;7;0;2;1;2;1
536579749;155 706 627;B01;1;7;0;2;5;2;1
536579749;155 706 628;A01;1;7;1;2;1;1;1
536579749;155 706 630;C01;1;7;0;2;4;24;1
536579750;155 706 625;A01;2;40;2;1;2;1;3
536579751;155 706 622;Z01;1;10;0;2;3;18;1
536579751;155 706 623;B01;1;7;4;2;5;12;1
536579752;155 706 621;A01;1;33;15;2;1;12;1
536579752;155 706 624;B01;2;7;0;2;5;14;2
536579753;155 706 620;A01;1;7;0;0;9;26;1
536579754;155 706 618;A01;1;31;0;2;7;17;1
536579754;155 706 619;B01;1;7;0;2;8;15;1
536579755;155 706 616;B01;1;7;6;2;8;2;1
536579755;155 706 617;A01;1;10;0;2;2;14;1
536579756;155 706 614;A01;1;7;4;0;6;1;1
536579757;155 706 613;A01;3;7;0;2;2;1;1
536579757;155 706 615;Z01;3;7;0;2;1;19;1
536579758;155 706 610;A01;1;33;0;2;1;13;1
536579758;155 706 612;B01;2;15;0;2;3;1;1
536579759;155 706 609;B01;0;7;0;2;7;0;1
536579759;155 706 611;A01;0;7;0;2;0;0;0
536579760;155 706 606;B01;1;33;0;2;1;1;1
536579760;155 706 608;C01;1;33;0;2;1;1;1
536579761;155 706 604;A01;1;7;0;2;3;13;1
536579761;155 706 607;B01;2;7;0;2;3;1;1
536579762;155 706 601;B01;1;33;0;2;1;17;1
536579762;155 706 603;A01;1;10;0;2;8;15;1
536579763;155 706 602;A01;3;7;6;2;2;1;1
536579764;155 706 599;A01;0;2;0;1;0;0;1
536579765;155 706 598;B01;2;7;0;2;2;1;1
536579765;155 706 600;A01;3;50;0;2;1;25;3
536579766;155 706 597;A01;3;7;0;1;2;0;1
536579767;155 706 593;A01;2;7;0;2;7;1;1
536579767;155 706 596;B01;1;7;0;2;1;1;1
536579768;155 706 594;A01;2;7;0;0;5;23;1
536579768;155 706 595;B01;2;32;0;2;1;0;1
536579769;155 706 592;A01;3;7;2;0;1;14;1
536579770;155 706 591;A01;1;7;0;1;1;13;1
536579771;155 706 589;A01;2;7;0;1;2;16;1
536579772;155 706 588;A01;1;7;0;2;7;13;1
536579772;155 706 590;B01;2;7;0;2;1;1;1
536579773;155 706 587;A01;1;33;3;0;7;14;1
536579774;155 706 585;B01;1;33;0;2;2;1;1
536579774;155 706 586;A01;2;7;0;2;2;15;3
536579775;155 706 584;A01;1;7;0;1;0;4;1
536579776;155 706 582;B01;2;33;0;2;1;21;1
536579776;155 706 583;A01;1;10;0;2;2;9;1
536579777;155 706 580;B01;2;7;0;2;1;2;1
536579777;155 706 581;A01;2;7;0;0;4;2;1
536579778;155 706 578;A01;1;7;0;2;1;16;2
536579778;155 706 579;B01;1;50;0;2;8;5;3
536579779;155 706 575;A01;1;7;0;2;1;1;1
536579779;155 706 576;B01;2;7;0;2;1;1;1
536579779;155 706 577;C01;2;7;0;2;3;1;1
536579780;155 706 574;A01;1;33;0;0;0;4;1
536579781;155 706 572;A01;1;7;6;0;1;13;1
536579782;155 706 571;A01;2;7;0;2;8;2;1
536579782;155 706 573;B01;2;50;0;2;7;15;3
536579783;155 706 569;A01;1;7;0;2;1;1;1
536579783;155 706 570;B01;1;7;0;2;4;23;1
536579784;155 706 567;A01;3;7;0;2;2;2;1
536579784;155 706 568;B01;1;10;0;2;4;2;1
536579785;155 706 566;A01;1;7;0;1;1;19;0
536579786;155 706 565;A01;1;7;0;1;1;1;1
536579787;155 706 563;A01;1;1;0;2;8;1;5
536579787;155 706 564;B01;2;7;0;2;1;15;1
536579788;155 706 562;A01;1;7;0;1;2;1;1
536579789;155 706 561;A01;2;33;12;0;1;1;1
536579790;155 706 560;A01;3;7;0;1;1;19;1
536579791;155 706 559;A01;1;50;0;1;1;2;3
536579792;155 706 557;A01;3;7;0;2;3;13;1
536579792;155 706 558;B01;3;7;0;2;2;1;1
536579793;155 706 554;A01;2;33;0;2;8;1;1
536579793;155 706 556;B01;1;7;0;2;1;1;1
536579794;155 706 552;B01;3;7;0;2;3;1;1
536579794;155 706 553;A01;3;7;0;2;1;19;1
536579794;155 706 555;C01;3;7;0;2;3;1;2
536579795;155 706 551;A01;3;7;14;0;2;21;1
536579796;155 706 549;A01;2;50;0;1;1;1;3
536579797;155 706 548;B01;2;10;0;2;4;0;0
536579797;155 706 550;A01;2;7;0;2;1;1;1
536579798;155 706 546;A01;2;7;0;2;1;1;1
536579798;155 706 547;B01;2;7;0;2;6;1;1
536579799;155 706 543;A01;1;7;0;2;1;17;1
536579799;155 706 545;B01;1;7;0;2;3;2;1
536579800;155 706 542;B01;1;31;0;2;1;0;1
536579800;155 706 544;A01;1;7;0;2;0;10;1
536579801;155 706 541;A01;2;7;0;1;2;0;1
536579802;155 706 539;B01;1;30;0;0;0;0;1
536579802;155 706 540;A01;1;43;0;2;2;15;1
536579803;155 706 538;A01;0;10;0;1;1;16;1
536579804;155 706 535;B01;1;10;0;2;3;1;1
536579804;155 706 537;A01;2;34;0;2;3;15;1
536579805;155 706 536;A01;3;7;0;1;3;15;1
536579806;155 706 532;A01;2;37;0;2;3;17;1
536579806;155 706 533;B01;1;7;0;2;3;0;1
536579807;155 706 531;A01;2;7;0;2;2;1;1
536579807;155 706 534;B01;3;7;0;2;8;1;1
536579808;155 706 528;A01;1;7;0;1;1;1;1
536579809;155 706 529;A01;3;0;0;2;0;16;0
536579809;155 706 530;B01;3;43;0;2;8;1;1
536579810;155 706 525;A01;1;7;0;2;1;15;1
536579810;155 706 526;B01;2;30;0;2;2;1;3
536579811;155 706 524;A01;2;10;6;0;9;1;1
536579812;155 706 522;A01;1;7;0;2;2;0;1
536579812;155 706 523;B01;1;7;0;2;5;11;1
536579813;155 706 521;A01;1;33;12;0;7;14;1
536579814;155 706 519;A01;2;33;0;2;1;1;1
536579814;155 706 520;B01;1;7;0;2;3;16;1
536579815;155 706 517;B01;3;13;0;2;7;16;1
536579815;155 706 518;A01;3;33;0;2;3;18;1
536579816;155 706 515;A01;3;34;0;2;3;10;1
536579816;155 706 516;B01;3;7;0;2;3;1;1
536579817;155 706 513;A01;2;7;0;2;2;15;1
536579817;155 706 514;B01;1;33;0;2;1;1;1
536579818;155 706 511;B01;2;1;0;2;1;12;5
536579818;155 706 512;A01;2;10;0;2;5;20;1
536579819;155 706 509;A01;3;7;0;2;1;1;1
536579819;155 706 510;B01;3;7;0;2;4;1;3
536579820;155 706 508;A01;3;7;8;0;1;14;1
536579821;155 706 507;A01;1;37;0;1;5;1;2
536579822;155 706 505;A01;3;7;0;2;4;23;1
536579822;155 706 506;B01;3;7;0;2;1;2;1
536579823;155 706 501;A01;2;7;0;2;1;1;1
536579823;155 706 502;B01;1;7;0;2;5;1;1
536579823;155 706 503;C01;1;7;0;2;8;1;1
536579823;155 706 504;D01;1;7;0;2;8;1;1
536579824;155 706 499;A01;3;7;0;2;2;26;1
536579824;155 706 500;Z01;1;7;0;2;1;1;1
536579825;155 706 498;Z01;0;30;0;1;2;1;0
536579826;155 706 496;A01;1;33;0;2;1;1;1
536579826;155 706 497;B01;2;7;0;2;7;15;1
536579827;155 706 495;A01;0;7;0;1;1;0;0
536579828;155 706 493;A01;1;7;0;2;2;9;1
536579828;155 706 494;B01;1;7;8;2;1;1;1
536579829;155 706 492;A01;1;3;16;0;2;1;1
536579830;155 706 491;A01;1;1;0;0;0;2;5
536579831;155 706 490;A01;1;1;15;0;0;0;5
536579832;155 706 488;B01;2;7;0;9;3;1;1
536579832;155 706 489;A01;1;1;0;2;1;1;5
536579833;155 706 487;A01;3;10;0;1;4;4;1
536579834;155 706 486;A01;3;7;0;1;2;16;1
536579835;155 706 484;A01;2;33;0;0;8;0;1
536579835;155 706 485;B01;1;7;0;2;1;15;1
536579836;155 706 482;A01;1;7;0;0;4;1;1
536579836;155 706 483;B01;1;2;0;2;1;1;1
536579837;155 706 480;A01;1;31;0;0;1;2;1
536579837;155 706 481;B01;1;7;0;2;7;16;1
536579838;155 706 479;A01;3;1;2;0;1;1;5
536579839;155 706 475;D01;3;7;0;2;1;1;1
536579839;155 706 476;A01;2;36;12;2;3;17;1
536579839;155 706 477;B01;2;36;8;2;8;1;1
536579839;155 706 478;C01;1;7;0;2;3;11;1
536579840;155 706 473;A01;2;7;0;2;3;13;1
536579840;155 706 474;B01;1;7;0;2;3;1;1
536579841;155 706 471;A01;1;10;0;2;3;1;1
536579841;155 706 472;B01;2;7;0;2;3;1;2
536579842;155 706 470;A01;1;7;13;6;1;21;3
536579843;155 706 469;A01;2;7;2;0;0;1;1
536579844;155 706 468;A01;1;7;2;0;1;1;1
536579845;155 706 467;A01;0;7;6;0;2;0;2
536579846;155 706 465;A01;2;7;0;2;8;15;1
536579846;155 706 466;B01;2;30;0;0;1;1;1
536579847;155 706 464;A01;1;7;0;1;2;20;1
536579848;155 706 463;A01;1;7;1;0;1;1;1
536579849;155 706 461;A01;3;7;0;0;6;15;1
536579849;155 706 462;B01;3;2;0;0;1;17;1
536579850;155 706 459;B01;2;80;0;0;6;1;3
536579850;155 706 460;A01;2;7;0;0;7;2;0
536579851;155 706 457;A01;1;7;0;2;3;13;1
536579851;155 706 458;B01;1;17;0;2;2;1;1
536579852;155 706 455;B01;2;33;0;2;3;1;1
536579852;155 706 456;A01;1;7;0;2;7;1;1
536579853;155 706 454;A01;1;7;0;1;2;1;2
536579854;155 706 453;A01;1;33;0;1;2;1;1
536579855;155 706 452;A01;2;1;0;1;1;1;5
536579856;155 706 451;Z01;1;32;0;1;0;1;1
536579857;155 706 450;A01;2;7;0;1;1;1;1
536579858;155 706 449;A01;3;14;0;1;0;0;0
536579859;155 706 448;A01;0;10;0;1;0;1;1
536579860;155 706 446;A01;1;10;0;2;6;11;1
536579860;155 706 447;B01;1;7;0;2;2;1;1
536579861;155 706 444;B01;2;7;0;2;1;1;1
536579861;155 706 445;A01;1;10;0;2;1;1;1
536579862;155 706 442;A01;3;7;0;2;1;0;2
536579862;155 706 443;B01;3;7;0;2;4;0;1
536579863;155 706 440;A01;1;30;0;2;1;1;1
536579863;155 706 441;B01;2;7;0;2;2;10;0
536579864;155 706 438;B01;3;37;12;2;1;2;1
536579864;155 706 439;A01;3;37;12;2;4;1;1
536579865;155 706 437;A01;1;7;0;1;2;16;1
536579866;155 706 435;B01;0;7;0;2;8;1;1
536579866;155 706 436;A01;1;13;0;2;1;1;0
536579867;155 706 433;B01;0;1;0;2;4;15;5
536579867;155 706 434;A01;0;43;0;2;1;1;0
536579868;155 706 432;A01;1;34;0;1;1;19;1
536579869;155 706 430;A01;2;7;0;2;1;1;1
536579869;155 706 431;B01;0;7;0;2;8;15;1
536579870;155 706 428;A01;3;1;0;2;7;1;5
536579870;155 706 429;B01;3;7;0;9;1;9;1
536579871;155 706 426;B01;3;7;0;2;1;1;1
536579871;155 706 427;A01;3;7;0;2;2;1;1
536579872;155 706 425;A01;3;32;0;1;2;1;1
536579873;155 706 423;A01;0;7;0;0;2;20;1
536579873;155 706 424;B01;0;2;0;0;0;0;1
536579874;155 706 421;A01;2;50;0;2;1;1;3
536579874;155 706 422;B01;2;1;0;2;8;26;5
536579875;155 706 419;A01;3;1;0;2;8;1;5
536579875;155 706 420;B01;2;33;0;2;1;1;1
536579876;155 706 417;A01;1;7;0;2;2;1;1
536579876;155 706 418;B01;1;32;0;2;6;1;1
536579877;155 706 414;A01;1;7;2;2;2;17;1
536579877;155 706 415;C01;2;7;13;2;3;1;1
536579877;155 706 416;B01;1;7;13;9;0;1;1
536579878;155 706 413;A01;3;7;0;1;2;16;1
536579879;155 706 410;A01;2;7;0;2;3;1;1
536579879;155 706 411;B01;1;7;3;2;3;5;1
536579879;155 706 412;C01;2;7;0;2;3;1;1
536579880;155 706 408;B01;1;7;0;2;3;1;1
536579880;155 706 409;A01;2;7;0;2;3;13;1
536579881;155 706 406;A01;2;7;0;2;1;1;1
536579881;155 706 407;B01;1;7;0;2;1;13;1
536579882;155 706 404;B01;0;7;0;2;3;1;1
536579882;155 706 405;A01;3;7;0;2;3;1;1
536579883;155 706 402;A01;2;7;0;2;1;13;1
536579883;155 706 403;B01;1;15;0;2;1;1;1
536579884;155 706 400;A01;1;7;0;2;3;1;1
536579884;155 706 401;B01;2;7;0;2;1;17;1
536579885;155 706 399;A01;2;10;1;1;2;2;1
536579886;155 706 398;A01;1;10;0;1;3;1;1
536579887;155 706 397;A01;1;7;13;0;2;0;1
536579888;155 706 395;A01;2;7;0;2;1;1;1
536579888;155 706 396;B01;1;7;0;2;1;1;1
536579889;155 706 393;A01;2;7;0;2;3;1;1
536579889;155 706 394;B01;1;10;0;2;3;1;1
536579890;155 706 391;A01;2;7;2;0;7;1;1
536579891;155 706 390;A01;1;7;0;0;1;1;1
536579892;155 706 388;A01;1;7;0;2;3;13;1
536579892;155 706 389;B01;2;7;9;2;3;1;1
536579893;155 706 387;A01;1;7;13;0;3;1;1
536579894;155 706 386;A01;2;15;3;0;7;26;1
536579895;155 706 384;A01;2;7;0;2;8;1;1
536579895;155 706 385;B01;2;0;0;2;2;14;0
536579896;155 706 380;C01;1;15;0;2;4;1;1
536579896;155 706 381;A01;1;14;0;2;3;26;1
536579896;155 706 382;D01;1;7;0;2;4;1;1
536579896;155 706 383;B01;1;15;0;0;2;1;1
536579897;155 706 379;A01;2;38;0;0;0;24;6
536579898;155 706 378;A01;1;7;0;0;1;0;1
536579899;155 706 377;A01;2;7;3;0;1;2;1
536579900;155 706 376;A01;3;10;0;1;6;20;0
536579901;155 706 374;A01;2;7;0;2;1;17;1
536579901;155 706 375;B01;1;7;0;2;1;1;1
536579902;155 706 373;A01;1;7;0;1;2;1;1
536579903;155 706 372;A01;1;7;0;1;1;1;1
536579904;155 706 371;A01;2;7;6;0;2;1;1