Num_Acc;id_vehicule;num_veh;senc;catv;obs;obsm;choc;manv;motor
536579905;155 706 368;C01;1;7;0;2;6;0;1
536579905;155 706 369;B01;2;17;0;2;8;19;1
536579905;155 706 370;A01;1;7;0;2;3;13;1
536579906;155 706 366;B01;1;15;0;0;4;2;1
536579906;155 706 367;A01;1;10;0;2;1;2;1
536579907;155 706 365;A01;1;7;2;0;1;1;1
536579908;155 706 364;A01;1;7;2;0;1;1;1
536579909;155 706 362;A01;2;7;0;2;1;19;1
536579909;155 706 363;B01;1;2;0;2;8;1;1
536579910;155 706 361;A01;1;7;8;0;8;0;1
536579911;155 706 358;C01;1;7;0;2;1;2;1
536579911;155 706 359;A01;1;7;0;0;4;23;1
536579911;155 706 360;B01;1;7;0;2;4;2;1
536579912;155 706 355;A01;1;7;0;2;1;1;1
536579912;155 706 356;B01;1;7;4;2;4;1;1
536579912;155 706 357;C01;1;15;0;2;1;1;1
536579913;155 706 353;A01;2;7;3;2;3;2;1
536579913;155 706 354;B01;2;15;0;2;5;2;1
536579914;155 706 351;A01;1;7;3;0;3;1;1
536579914;155 706 352;B01;1;7;0;2;2;13;1
536579915;155 706 349;B01;1;7;0;2;4;23;1
536579915;155 706 350;A01;1;7;0;2;1;1;2
536579916;155 706 347;A01;1;31;0;2;1;2;1
536579916;155 706 348;B01;1;7;0;2;4;1;1
536579917;155 706 346;A01;3;7;0;1;1;0;1
536579918;155 706 345;A01;1;7;12;0;1;1;2
536579919;155 706 343;B01;1;7;0;2;2;1;2
536579919;155 706 344;A01;3;1;0;2;1;9;5
536579920;155 706 341;A01;1;30;0;2;3;1;1
536579920;155 706 342;B01;1;7;0;2;5;16;1
536579921;155 706 339;B01;2;50;0;2;1;3;3
536579921;155 706 340;A01;1;7;0;2;2;15;1
536579922;155 706 338;A01;1;7;15;0;3;13;1
536579923;155 706 337;A01;1;7;2;0;6;21;1
536579924;155 706 335;B01;1;7;0;2;1;1;1
536579924;155 706 336;A01;2;7;0;2;1;1;1
536579925;155 706 333;A01;3;7;0;2;3;15;1
536579925;155 706 334;B01;2;7;0;2;1;1;1
536579926;155 706 331;A01;1;37;7;2;1;26;1
536579926;155 706 332;B01;2;99;0;2;1;26;0
536579927;155 706 330;A01;1;30;0;0;1;1;1
536579928;155 706 328;A01;2;7;0;2;3;13;1
536579928;155 706 329;B01;1;7;0;2;3;1;1
536579929;155 706 321;A01;1;7;0;2;3;11;1
536579929;155 706 322;B01;1;2;0;2;1;2;1
536579930;155 706 320;A01;0;50;12;0;7;1;3
536579931;155 706 319;A01;2;50;0;1;1;1;3
536579932;155 706 318;A01;2;7;0;1;2;19;0
536579933;155 706 317;A01;1;99;8;0;2;26;1
536579934;155 706 312;C01;1;7;0;2;6;23;1
536579934;155 706 314;A01;1;10;0;2;1;2;3
536579934;155 706 316;B01;3;7;0;2;4;2;2
536579935;155 706 313;B01;1;33;0;2;1;1;1
536579935;155 706 315;A01;2;1;0;2;8;19;5
536579936;155 706 310;A01;2;7;0;1;1;1;1
536579937;155 706 309;A01;2;33;0;2;1;3;1
536579937;155 706 311;B01;2;7;0;2;5;12;2
536579938;155 706 308;B01;2;7;0;0;1;1;1
536579939;155 706 303;C01;1;7;0;2;3;1;1
536579939;155 706 305;A01;2;30;0;2;1;15;1
536579939;155 706 306;B01;1;7;0;2;8;1;1
536579940;155 706 302;A01;2;10;0;2;7;12;1
536579940;155 706 304;B01;2;7;0;2;8;18;1
536579941;155 706 300;A01;3;7;1;0;2;16;1
536579942;155 706 299;A01;1;7;0;2;1;1;1
536579942;155 706 301;B01;1;7;0;2;3;1;1
536579943;155 706 296;B01;2;1;0;2;1;1;5
536579943;155 706 298;A01;1;7;0;9;2;24;1
536579944;155 706 295;A01;2;7;0;2;3;19;1
536579944;155 706 297;B01;3;7;0;2;2;1;1
536579945;155 706 294;A01;3;10;0;0;0;1;1
536579946;155 706 292;A01;1;7;8;0;9;1;1
536579947;155 706 293;Z01;1;10;0;1;7;2;0
536579948;155 706 289;A01;1;7;0;2;1;1;1
536579948;155 706 291;B01;1;7;0;2;1;11;1
536579949;155 706 290;A01;3;10;0;1;8;15;1
536579950;155 706 287;B01;1;7;0;2;1;15;0
536579950;155 706 288;A01;2;1;0;2;8;1;5
536579951;155 706 286;Z01;1;7;0;1;2;0;2
536579952;155 706 284;A01;0;7;0;1;2;1;1
536579953;155 706 283;B01;1;7;0;2;2;1;1
536579953;155 706 285;A01;1;50;0;2;3;13;3
536579954;155 706 282;A01;3;50;0;2;1;0;3
536579955;155 706 280;B01;1;30;0;2;7;17;1
536579955;155 706 281;A01;1;7;0;2;3;15;2
536579956;155 706 279;A01;3;10;0;1;1;1;0
536579957;155 706 275;B01;2;7;0;2;1;1;1
536579957;155 706 278;A01;1;10;0;2;6;1;1
536579958;155 706 276;A01;1;10;0;2;2;16;1
536579958;155 706 277;B01;1;33;0;2;3;1;1
536579959;155 706 273;A01;2;7;0;2;1;15;1
536579959;155 706 274;B01;1;7;0;2;1;1;1
536579960;155 706 269;A01;1;7;0;2;1;15;1
536579960;155 706 271;B01;2;7;0;2;1;1;1
536579961;155 706 270;B01;3;31;0;2;2;15;1
536579961;155 706 272;A01;1;13;0;2;0;15;1
536579962;155 706 268;A01;1;7;1;0;8;21;1
536579963;155 706 266;A01;1;33;0;1;0;13;1
536579964;155 706 265;A01;1;7;0;2;2;1;1
536579964;155 706 267;B01;2;1;0;2;3;1;5
536579965;155 706 264;A01;2;10;3;0;9;6;1
536579966;155 706 263;A01;1;7;10;0;3;1;1
536579967;155 706 260;B01;1;2;0;2;1;1;1
536579967;155 706 262;A01;2;7;0;2;1;15;1
536579968;155 706 259;A01;1;7;0;2;2;14;1
536579968;155 706 261;B01;1;43;0;2;3;7;1
536579969;155 706 258;A01;1;7;11;0;0;14;1
536579970;155 706 256;A01;1;7;0;1;2;1;1
536579971;155 706 253;A01;3;7;8;0;3;15;1
536579972;155 706 254;B01;2;10;0;2;4;1;3
536579972;155 706 257;A01;2;7;0;2;1;2;2
536579973;155 706 252;A01;1;7;0;9;3;2;1
536579974;155 706 251;A01;3;7;0;1;1;1;1
536579975;155 706 249;A01;1;1;12;2;1;1;5
536579975;155 706 250;B01;2;50;0;2;1;5;3
536579976;155 706 246;B01;3;50;0;2;8;19;3
536579976;155 706 248;A01;1;7;0;2;1;15;1
536579977;155 706 245;A01;2;7;0;2;1;9;1
536579977;155 706 247;B01;3;30;0;2;7;0;1
536579978;155 706 241;B01;1;1;0;2;1;15;5
536579978;155 706 244;A01;2;33;0;2;1;1;1
536579979;155 706 240;A01;2;2;0;2;1;1;1
536579979;155 706 243;B01;3;7;0;2;2;15;1
536579980;155 706 239;B01;2;10;0;2;7;1;1
536579980;155 706 242;A01;2;7;0;2;8;18;1
536579981;155 706 238;A01;1;7;0;1;3;1;0
536579982;155 706 236;B01;2;7;0;2;1;1;1
536579982;155 706 237;A01;2;7;0;2;1;19;1
536579983;155 706 233;A01;1;7;0;2;1;26;1
536579983;155 706 235;B01;1;7;0;2;4;23;1
536579984;155 706 232;B01;3;2;0;2;1;1;1
536579984;155 706 234;A01;3;7;0;2;6;9;2
536579985;155 706 230;A01;2;7;0;1;3;1;1
536579986;155 706 229;A01;3;7;0;2;2;15;1
536579986;155 706 231;B01;0;32;0;2;1;1;1
536579987;155 706 227;A01;1;1;12;0;1;1;5
536579988;155 706 226;A01;3;7;0;1;3;17;1
536579989;155 706 225;A01;3;50;0;2;2;5;3
536579989;155 706 228;B01;3;7;0;9;2;0;1
536579990;155 706 222;Z01;0;7;0;2;0;0;0
536579990;155 706 224;A01;0;80;0;2;0;1;3
536579991;155 706 218;A01;1;7;0;2;1;2;1
536579991;155 706 220;B01;1;7;0;2;4;2;1
536579992;155 706 219;B01;1;7;0;2;3;9;1
536579992;155 706 221;A01;2;33;0;2;1;3;1
536579993;155 706 216;A01;3;7;0;2;1;1;1
536579993;155 706 217;B01;3;7;0;2;6;1;1
536579993;155 706 223;C01;3;7;0;2;7;1;1
536579994;155 706 215;A01;0;50;12;0;1;19;3
536579995;155 706 211;A01;0;1;12;0;1;1;5
536579996;155 706 212;A01;1;7;0;2;2;11;1
536579996;155 706 214;B01;1;7;0;2;3;1;1
536579997;155 706 210;B01;1;7;0;2;3;1;1
536579997;155 706 213;A01;1;7;16;0;1;19;1
536579998;155 706 209;A01;1;7;0;1;2;1;1
536579999;155 706 208;A01;1;50;0;1;1;1;3
536580000;155 706 207;A01;1;7;0;1;3;1;1
536580001;155 706 204;A01;1;7;0;2;3;15;1
536580001;155 706 206;B01;1;30;0;2;1;1;1
536580002;155 706 202;B01;1;32;0;2;3;1;1
536580002;155 706 205;A01;1;7;0;2;7;20;1
536580003;155 706 201;A01;2;7;0;2;0;15;1
536580003;155 706 203;B01;1;34;0;2;1;1;1
536580004;155 706 200;A01;1;50;12;0;1;1;3
536580005;155 706 197;A01;2;7;0;2;7;12;3
536580005;155 706 199;B01;2;32;2;2;3;1;1
536580006;155 706 195;B01;2;33;0;2;1;1;1
536580006;155 706 196;A01;2;33;0;2;8;15;1
536580007;155 706 194;A01;3;7;0;1;0;0;1
536580008;155 706 190;A01;2;33;0;2;1;18;1
536580008;155 706 192;B01;2;7;0;2;7;14;1
536580009;155 706 189;A01;3;1;0;2;1;1;5
536580009;155 706 193;B01;3;7;0;2;5;23;2
536580010;155 706 188;B01;2;50;0;2;7;1;3
536580010;155 706 191;A01;2;10;0;2;1;16;1
536580011;155 706 187;A01;3;33;0;1;1;1;1
536580012;155 706 185;A01;0;1;0;1;1;1;5
536580013;155 706 182;B01;3;10;0;2;4;23;1
536580013;155 706 184;C01;3;15;0;2;4;23;1
536580013;155 706 186;Z01;3;10;0;2;0;0;1
536580014;155 706 181;A01;2;7;0;2;3;20;1
536580014;155 706 183;B01;2;33;0;2;2;17;1
536580015;155 706 180;A01;1;7;0;1;1;1;1
536580016;155 706 176;A01;1;7;0;2;7;16;1
536580016;155 706 178;B01;1;50;0;2;1;1;3
536580017;155 706 175;B01;1;7;0;2;3;26;1
536580017;155 706 179;A01;1;30;0;2;8;1;1
536580018;155 706 174;B01;1;31;0;2;1;1;1
536580018;155 706 177;A01;1;7;0;2;3;15;1
536580019;155 706 172;A01;0;10;8;0;3;1;1
536580020;155 706 171;A01;2;10;0;1;1;1;1
536580021;155 706 170;A01;2;7;0;2;1;1;1
536580021;155 706 173;B01;1;7;0;2;4;16;1
536580022;155 706 167;A01;1;7;0;1;3;16;2
536580023;155 706 168;A01;1;31;0;2;3;13;1
536580023;155 706 169;B01;2;10;12;2;3;21;1
536580024;155 706 166;A01;2;7;0;1;2;14;1
536580025;155 706 163;A01;2;50;0;2;9;1;3
536580025;155 706 165;B01;1;32;0;2;2;1;1
536580026;155 706 164;A01;2;7;6;0;1;1;1
536580027;155 706 162;A01;2;13;0;1;2;1;3
536580028;155 706 159;A01;2;1;0;2;1;14;5
536580028;155 706 160;B01;1;1;0;2;1;1;5
536580029;155 706 158;B01;1;7;0;2;3;1;1
536580029;155 706 161;A01;1;7;13;2;5;17;1
536580030;155 706 155;A01;2;7;0;2;1;15;1
536580030;155 706 156;B01;1;2;1;2;8;1;1
536580031;155 706 154;A01;2;38;0;1;3;1;1
536580032;155 706 152;A01;1;30;0;1;1;1;1
536580033;155 706 151;A01;1;7;13;0;1;2;1
536580034;155 706 153;B01;2;7;0;2;1;2;1
536580034;155 706 157;A01;2;7;1;2;4;20;3
536580035;155 706 148;A01;2;7;0;2;2;1;1
536580035;155 706 150;B01;1;31;0;2;3;2;1
536580036;155 706 145;A01;2;7;0;2;1;1;1
536580036;155 706 147;B01;1;7;0;2;1;17;1
536580036;155 706 149;C01;2;10;0;2;1;1;1
536580037;155 706 141;A01;1;7;0;2;2;14;1
536580037;155 706 144;B01;1;7;0;2;6;1;1
536580038;155 706 143;A01;3;31;8;0;1;0;1
536580039;155 706 142;B01;2;7;0;2;2;17;1
536580039;155 706 146;A01;2;50;0;2;8;15;3
536580040;155 706 140;A01;1;33;0;0;7;1;1
536580041;155 706 137;A01;2;7;0;1;1;1;1
536580042;155 706 138;A01;1;7;0;1;1;1;1
536580043;155 706 139;A01;1;99;4;0;3;1;1
536580044;155 706 135;B01;3;7;0;2;3;1;1
536580045;155 706 136;A01;2;10;0;1;4;4;1
536580046;155 706 133;A01;1;7;0;2;3;5;1
536580046;155 706 134;B01;2;13;0;2;3;1;1
536580047;155 706 131;A01;2;7;0;2;3;10;0
536580047;155 706 132;B01;1;30;0;2;1;1;0
536580048;155 706 130;A01;1;40;0;1;1;1;3
536580049;155 706 126;B01;3;7;0;2;1;9;1
536580049;155 706 129;A01;1;33;0;2;1;1;1
536580050;155 706 125;A01;2;7;0;2;4;1;1
536580050;155 706 127;B01;2;10;0;2;1;1;1
536580051;155 706 123;A01;2;7;0;0;0;1;1
536580052;155 706 122;B01;2;31;0;2;1;1;0
536580052;155 706 124;A01;1;7;0;2;2;15;0
536580053;155 706 119;A01;1;7;2;0;7;1;0
536580054;155 706 118;B01;1;2;0;2;1;17;3
536580054;155 706 120;A01;1;7;0;2;3;15;1
536580055;155 706 117;A01;0;7;0;2;0;1;1
536580055;155 706 121;B01;0;7;1;0;0;0;1
536580056;155 706 115;A01;2;7;13;0;2;14;1
536580057;155 706 114;B01;3;33;0;2;8;11;1
536580057;155 706 116;A01;3;7;0;2;2;12;1
536580058;155 706 110;B01;3;37;0;2;2;1;1
536580058;155 706 111;A01;3;50;0;2;3;15;3
536580059;155 706 112;A01;3;80;13;0;4;25;3
536580060;155 706 109;B01;2;2;0;2;7;16;1
536580060;155 706 113;A01;2;7;0;2;3;16;1
536580061;155 706 107;B01;0;31;0;2;1;17;1
536580061;155 706 108;A01;0;7;0;2;8;17;1
536580062;155 706 103;B01;1;7;0;2;1;2;1
536580062;155 706 105;A01;1;7;0;2;1;2;1
536580063;155 706 100;A01;1;7;0;2;2;15;1
536580063;155 706 101;B01;2;7;0;2;8;0;1
536580064;155 706 102;B01;2;7;0;2;3;1;1
536580064;155 706 106;A01;3;2;0;2;2;1;1
536580065;155 706 104;A01;2;2;0;0;0;19;1
536580066;155 706 099;A01;1;7;0;1;1;21;1
536580067;155 706 095;B01;3;7;0;2;3;15;1
536580067;155 706 096;A01;3;33;0;2;3;17;1
536580068;155 706 098;A01;1;32;0;1;1;1;1
536580069;155 706 094;A01;1;7;0;2;5;10;1
536580069;155 706 097;B01;2;2;0;2;1;1;1
536580070;155 706 093;A01;1;33;6;0;1;1;1
536580071;155 706 089;A01;2;7;0;2;1;0;1
536580071;155 706 092;B01;3;7;0;2;4;23;1
536580072;155 706 090;A01;1;17;2;0;3;13;1
536580073;155 706 088;B01;2;15;0;2;6;2;1
536580073;155 706 091;A01;2;10;3;2;2;14;1
536580074;155 706 086;B01;2;33;0;2;1;1;0
536580074;155 706 087;A01;1;10;0;2;2;15;1
536580075;155 706 084;A01;1;30;0;1;1;26;1
536580076;155 706 083;A01;1;14;6;0;1;1;1
536580077;155 706 081;B01;2;7;0;2;5;23;1
536580077;155 706 082;A01;2;2;0;2;1;14;1
536580078;155 706 085;A01;1;7;13;0;4;1;1
536580079;155 706 080;A01;1;43;12;0;1;1;1
536580080;155 706 077;A01;3;30;0;2;1;1;1
536580080;155 706 079;B01;3;7;0;2;1;1;1
536580081;155 706 075;A01;2;7;0;2;2;14;1
536580081;155 706 076;B01;1;50;0;2;1;1;3
536580082;155 706 078;A01;3;30;0;0;7;2;1
536580083;155 706 074;A01;1;7;6;0;3;1;1
536580084;155 706 072;Z01;2;1;0;2;3;1;5
536580084;155 706 073;A01;1;31;0;2;3;1;1
536580085;155 706 069;A01;1;50;0;2;1;2;3
536580085;155 706 070;B01;1;10;0;2;8;2;1
536580086;155 706 071;A01;3;13;0;0;0;15;0
536580087;155 706 068;A01;1;7;4;0;2;1;1
536580088;155 706 064;A01;0;37;0;2;6;1;1
536580088;155 706 067;B01;3;7;0;2;3;1;1
536580089;155 706 062;A01;1;10;0;2;1;13;1
536580089;155 706 065;B01;1;7;0;2;1;0;1
536580090;155 706 063;A01;1;7;0;0;5;19;1
536580090;155 706 066;B01;2;2;0;2;1;1;1
536580091;155 706 060;A01;1;7;0;0;3;1;1
536580092;155 706 061;A01;2;1;0;1;1;1;5
536580093;155 706 057;A01;2;7;2;0;1;1;1
536580094;155 706 058;B01;1;7;6;2;3;1;1
536580094;155 706 059;A01;2;7;0;2;3;13;2
536580095;155 706 056;A01;1;7;1;1;3;1;0
536580096;155 706 054;A01;1;2;0;1;1;1;3
536580097;155 706 053;A01;1;7;0;9;3;15;1
536580097;155 706 055;B01;1;2;0;2;2;1;1
536580098;155 706 051;A01;1;10;0;2;3;13;1
536580098;155 706 052;B01;2;7;0;2;1;1;1
536580099;155 706 048;B01;1;21;0;2;3;1;1
536580099;155 706 050;A01;2;10;0;2;3;1;1
536580100;155 706 049;Z01;2;1;0;1;8;1;5
536580101;155 706 047;A01;1;7;0;6;1;1;2
536580102;155 706 046;A01;1;7;0;1;2;1;1
536580103;155 706 045;A01;2;32;12;0;8;15;1
536580104;155 706 043;A01;1;21;16;0;9;1;1
536580105;155 706 042;A01;2;33;1;0;1;5;1
536580105;155 706 044;B01;;7;0;0;3;26;1
536580106;155 706 041;A01;1;7;0;1;7;1;0
536580107;155 706 037;A01;2;7;0;2;1;1;1
536580107;155 706 039;B01;2;17;0;0;4;1;1
536580108;155 706 036;A01;2;7;0;2;3;13;1
536580108;155 706 038;B01;1;17;0;2;8;14;1
536580108;155 706 040;C01;1;13;0;2;2;13;1
536580109;155 706 032;B01;1;80;0;2;2;1;3
536580109;155 706 034;A01;1;7;0;9;8;9;1
536580110;155 706 031;A01;2;34;0;2;1;17;1
536580110;155 706 035;B01;1;7;0;2;2;15;1
536580111;155 706 024;A01;1;7;0;9;1;0;1
536580111;155 706 026;C01;1;1;0;0;4;1;5
536580111;155 706 028;D01;1;1;0;0;4;1;5
536580111;155 706 029;B01;1;1;0;0;4;1;5
536580112;155 706 025;A01;1;32;0;1;1;21;1
536580113;155 706 023;A01;1;7;7;2;1;1;1
536580113;155 706 027;B01;2;7;15;2;8;1;1
536580114;155 706 021;A01;2;7;0;2;2;2;1
536580114;155 706 022;B01;2;10;0;2;6;20;1
536580115;155 706 018;B01;2;7;0;2;8;17;1
536580115;155 706 020;A01;2;7;7;2;7;17;1
536580116;155 706 015;A01;0;2;0;2;1;0;0
536580116;155 706 017;B01;0;7;0;2;4;0;0
536580117;155 706 016;A01;1;7;3;0;1;1;1
536580117;155 706 019;B01;1;7;3;0;1;1;1
536580118;155 706 014;A01;3;7;0;1;8;23;1
536580119;155 706 012;A01;3;7;0;2;3;13;1
536580119;155 706 013;B01;3;7;0;2;9;1;1
536580120;155 706 010;A01;1;1;0;0;1;1;5
536580121;155 706 009;A01;0;10;0;1;5;26;1
536580122;155 706 007;A01;1;7;0;1;7;17;1
536580123;155 706 008;A01;2;7;1;0;1;1;1
536580124;155 706 003;B01;1;60;0;2;6;19;5
536580124;155 706 006;Z01;0;0;0;0;0;0;0
536580125;155 706 004;A01;3;13;13;0;3;1;1
536580126;155 706 001;A01;0;2;0;0;0;1;1
536580127;155 706 002;B01;0;7;0;2;1;15;1
536580127;155 706 005;A01;2;7;1;1;7;1;1
536580128;155 705 997;A01;2;33;0;2;6;15;1
536580128;155 705 999;B01;2;33;0;2;1;17;1
536580129;155 705 996;A01;1;1;0;2;1;13;5
536580129;155 705 998;B01;2;1;0;0;1;1;5
536580130;155 705 995;A01;1;7;0;2;2;19;3
536580130;155 706 000;B01;1;7;0;2;3;1;1
536580131;155 705 992;A01;1;7;0;2;6;9;1
536580131;155 705 994;B01;1;7;0;0;2;1;1
536580132;155 705 990;B01;2;7;0;2;3;1;1
536580132;155 705 991;A01;2;10;0;0;7;15;1
536580133;155 705 989;A01;0;10;0;1;5;4;1
536580134;155 705 984;A01;1;7;0;2;1;19;1
536580134;155 705 986;B01;2;33;0;2;1;0;1
536580135;155 705 983;A01;2;7;0;2;3;26;2
536580135;155 705 987;B01;1;7;0;2;3;26;1
536580136;155 705 981;A01;2;10;0;2;1;13;1
536580136;155 705 982;B01;1;10;0;2;1;1;1
536580137;155 705 985;B01;2;7;0;2;1;1;1
536580137;155 705 988;A01;1;10;0;2;7;9;1
536580138;155 705 979;A01;1;7;17;0;1;13;1
536580139;155 705 978;A01;1;7;0;2;3;15;1
536580139;155 705 980;B01;2;31;0;2;3;1;1
536580140;155 705 976;A01;2;7;0;2;1;1;1
536580140;155 705 977;B01;1;7;0;2;3;1;1
536580141;155 705 972;A01;1;7;0;2;2;17;1
536580141;155 705 975;B01;1;1;0;0;4;1;5
536580142;155 705 971;A01;1;7;0;2;7;17;0
536580142;155 705 973;B01;1;2;0;2;8;1;1
536580143;155 705 969;A01;2;7;16;0;2;1;1
536580144;155 705 968;A01;1;7;0;0;4;1;1
536580144;155 705 970;B01;2;7;0;2;4;1;1
536580144;155 705 974;C01;2;7;0;2;1;1;1
536580145;155 705 967;A01;1;7;9;0;0;1;1
536580146;155 705 962;B01;0;7;0;2;0;23;0
536580146;155 705 966;A01;0;7;0;1;3;26;1
536580147;155 705 964;A01;2;7;2;0;2;1;1
536580148;155 705 963;A01;2;10;0;2;3;1;1
536580148;155 705 965;B01;1;7;0;2;1;13;1
536580149;155 705 960;A01;1;7;0;2;2;0;1
536580149;155 705 961;B01;1;1;0;2;4;1;5
536580150;155 705 959;A01;2;7;8;0;1;1;1
536580151;155 705 956;A01;0;7;2;0;3;0;1
536580152;155 705 954;A01;1;7;13;2;3;13;1
536580152;155 705 958;B01;2;14;0;2;3;1;1
536580153;155 705 955;A01;1;7;0;2;2;15;1
536580153;155 705 957;B01;2;33;0;2;8;1;1
536580154;155 705 953;A01;1;10;2;0;1;1;1
536580155;155 705 952;A01;2;33;0;0;7;1;1
536580156;155 705 948;B01;1;7;0;0;6;1;1
536580156;155 705 951;A01;1;1;0;2;1;1;5
536580157;155 705 949;A01;1;7;0;2;7;0;1
536580158;155 705 945;B01;2;7;0;2;1;2;1
536580158;155 705 947;A01;2;7;0;2;4;23;1
536580159;155 705 946;A01;1;7;0;2;3;1;1
536580159;155 705 950;B01;2;10;0;2;3;1;1
536580160;155 705 942;B01;2;1;0;2;8;2;5
536580160;155 705 944;A01;2;7;0;9;1;9;1
536580161;155 705 943;A01;1;7;0;1;1;1;1
536580162;155 705 941;A01;2;10;0;1;1;1;1
536580163;155 705 937;A01;2;7;0;2;3;13;1
536580163;155 705 939;B01;1;2;0;2;1;1;1
536580164;155 705 936;A01;1;7;0;9;1;1;1
536580164;155 705 938;B01;2;1;0;2;1;13;5
536580165;155 705 935;A01;2;15;0;2;1;1;1
536580165;155 705 940;B01;1;7;0;2;1;5;1
536580166;155 705 932;B01;3;7;0;2;7;19;2
536580166;155 705 934;A01;1;7;0;2;1;1;1
536580167;155 705 931;B01;1;7;0;0;3;1;1
536580167;155 705 933;A01;1;2;0;2;1;16;1
536580168;155 705 929;A01;1;33;0;0;0;1;1
536580169;155 705 930;A01;1;3;6;0;1;13;1
536580170;155 705 928;A01;2;7;13;0;1;12;1
536580171;155 705 926;A01;3;7;13;0;9;14;1
536580172;155 705 925;A01;1;33;13;0;1;1;1
536580173;155 705 923;A01;3;33;8;0;1;0;1
536580174;155 705 922;A01;2;7;8;2;4;19;1
536580174;155 705 927;B01;1;7;0;2;8;1;1
536580175;155 705 921;A01;2;21;0;1;1;1;0
536580176;155 705 920;A01;2;15;0;2;3;1;1
536580176;155 705 924;B01;1;32;0;2;1;13;1
536580177;155 705 917;A01;0;7;2;0;8;0;1
536580178;155 705 916;A01;3;99;0;0;0;2;6
536580178;155 705 919;B01;3;99;0;2;1;2;5
536580179;155 705 915;A01;1;7;0;2;1;15;1
536580179;155 705 918;B01;2;2;0;2;3;2;0
536580180;155 705 911;A01;0;80;0;0;8;0;3
536580181;155 705 909;A01;1;7;0;2;7;1;1
536580181;155 705 912;B01;2;10;0;2;1;1;1
536580182;155 705 910;C01;1;7;0;2;0;1;1
536580182;155 705 913;B01;1;7;0;2;1;1;1
536580182;155 705 914;A01;2;7;0;2;1;5;1
536580183;155 705 908;A01;0;33;0;0;0;1;1
536580184;155 705 906;A01;1;7;0;2;2;1;1
536580184;155 705 907;B01;1;1;0;0;6;1;5
536580185;155 705 900;B01;2;3;12;2;2;1;3
536580185;155 705 904;A01;1;7;0;2;3;1;3
536580186;155 705 902;A01;2;7;4;2;1;0;1
536580186;155 705 905;B01;2;15;0;2;1;1;1
536580187;155 705 898;A01;1;37;0;2;3;1;1
536580187;155 705 903;B01;2;7;0;2;3;1;1
536580188;155 705 899;A01;2;33;0;2;1;1;1
536580188;155 705 901;B01;1;7;0;2;2;15;1
536580189;155 705 897;A01;2;7;16;0;1;5;1
536580190;155 705 896;A01;3;7;13;0;7;17;1
536580191;155 705 893;A01;1;10;0;2;1;2;1
536580191;155 705 895;B01;1;7;0;2;4;2;1
536580192;155 705 886;A01;1;7;0;0;9;21;1
536580193;155 705 885;C01;2;7;0;2;1;0;0
536580193;155 705 889;A01;2;7;0;2;4;0;1
536580193;155 705 892;B01;2;7;0;2;4;0;1
536580194;155 705 884;A01;1;7;0;2;9;1;1
536580194;155 705 888;B01;1;7;0;2;8;1;1
536580194;155 705 891;C01;1;7;0;2;9;1;1
536580194;155 705 894;D01;1;10;0;2;8;1;1
536580195;155 705 881;A01;3;31;14;0;1;1;1
536580196;155 705 879;D01;1;10;0;2;4;1;1
536580196;155 705 882;E01;1;7;0;2;1;1;1
536580196;155 705 883;B01;1;7;0;2;3;1;1
536580196;155 705 887;C01;1;15;0;2;2;1;1
536580196;155 705 890;A01;1;7;0;2;1;1;1
536580197;155 705 877;A01;1;7;0;2;1;2;1
536580197;155 705 880;B01;1;7;0;2;6;2;2
536580198;155 705 876;A01;2;33;0;2;0;1;1
536580198;155 705 878;B01;2;7;0;2;6;1;1
536580199;155 705 872;A01;1;10;0;2;8;9;1
536580199;155 705 874;B01;2;32;0;2;1;21;1
536580200;155 705 869;B01;2;10;0;2;4;1;1
536580200;155 705 873;A01;2;10;0;2;1;2;1
536580201;155 705 871;B01;0;33;0;2;8;1;1
536580201;155 705 875;A01;3;7;0;2;8;15;1
536580202;155 705 868;A01;1;33;0;2;1;2;1
536580202;155 705 870;B01;1;7;0;2;4;2;1
536580203;155 705 863;B01;2;7;0;2;4;2;1
536580203;155 705 865;C01;2;7;0;2;1;2;1
536580203;155 705 867;A01;2;7;0;2;4;2;1
536580204;155 705 864;A01;1;33;0;0;8;16;1
536580205;155 705 861;A01;1;7;17;0;1;1;1
536580206;155 705 862;A01;1;10;0;2;3;15;1
536580206;155 705 866;B01;2;2;1;0;8;1;3
536580207;155 705 858;A01;2;33;0;0;3;1;1
536580208;155 705 857;A01;3;33;15;0;1;14;1
536580209;155 705 859;A01;1;7;4;0;1;0;1
536580210;155 705 856;B01;1;7;4;2;6;2;1
536580210;155 705 860;A01;1;31;4;2;1;12;1
536580211;155 705 854;A01;2;7;2;0;1;0;2
536580212;155 705 851;A01;1;7;0;2;7;1;1
536580212;155 705 855;B01;1;7;0;2;1;1;3
536580213;155 705 848;A01;1;7;4;2;9;6;1
536580213;155 705 850;B01;1;7;0;2;8;2;1
536580213;155 705 853;C01;1;13;0;2;4;2;1
536580214;155 705 846;A01;1;33;13;0;1;13;1
536580215;155 705 844;A01;2;7;0;0;3;9;1
536580215;155 705 847;B01;2;50;0;0;2;14;3
536580216;155 705 845;A01;1;7;0;2;1;1;1
536580216;155 705 849;B01;1;7;0;2;4;2;1
536580216;155 705 852;C01;1;7;0;2;4;2;1
536580217;155 705 842;A01;2;10;0;2;2;14;1
536580217;155 705 843;B01;2;7;0;2;8;1;2