Num_Acc;id_vehicule;num_veh;senc;catv;obs;obsm;choc;manv;motor
536581127;155 704 239;A01;2;7;13;0;9;1;1
536581128;155 704 235;A01;1;0;0;2;7;9;0
536581128;155 704 238;B01;1;50;0;2;2;15;3
536581129;155 704 236;A01;2;10;13;0;7;1;1
536581130;155 704 233;A01;1;7;0;1;3;1;1
536581131;155 704 232;A01;1;30;0;2;7;2;1
536581131;155 704 234;B01;1;7;0;2;6;1;1
536581132;155 704 229;B01;1;2;0;2;1;17;1
536581132;155 704 231;A01;2;7;0;2;1;15;1
536581133;155 704 227;A01;2;7;3;2;1;1;1
536581133;155 704 228;B01;2;7;13;0;4;1;1
536581133;155 704 230;C01;2;7;0;0;4;1;1
536581134;155 704 225;A01;3;7;0;1;1;1;1
536581135;155 704 226;A01;2;7;0;1;2;1;1
536581136;155 704 221;A01;0;33;0;2;2;1;1
536581136;155 704 224;B01;0;7;0;2;3;15;1
536581137;155 704 219;A01;2;7;8;2;1;1;1
536581137;155 704 222;B01;2;7;0;2;1;1;1
536581138;155 704 220;A01;3;33;0;2;1;18;1
536581138;155 704 223;B01;3;7;0;2;2;12;1
536581139;155 704 216;A01;1;7;0;2;4;2;2
536581139;155 704 218;B01;1;7;0;2;1;2;1
536581140;155 704 215;A01;1;7;0;2;5;13;1
536581140;155 704 217;B01;2;10;0;2;1;0;1
536581141;155 704 212;A01;1;31;0;2;3;17;1
536581141;155 704 214;B01;2;7;0;2;3;1;1
536581142;155 704 210;A01;2;7;0;1;1;1;1
536581143;155 704 211;IB01;0;31;0;2;1;19;0
536581143;155 704 213;A01;0;7;0;2;3;26;0
536581144;155 704 207;B01;1;7;0;2;1;1;1
536581144;155 704 209;A01;2;7;0;2;1;5;1
536581145;155 704 205;A01;1;14;0;0;0;1;1
536581145;155 704 208;B01;2;7;14;0;1;1;1
536581146;155 704 202;A01;2;7;0;2;7;15;1
536581146;155 704 204;B01;1;33;0;2;3;1;1
536581147;155 704 200;A01;3;33;16;0;8;1;1
536581148;155 704 201;A01;1;3;2;0;2;0;3
536581149;155 704 197;A01;1;37;1;1;3;1;2
536581150;155 704 198;A01;3;7;0;2;1;15;0
536581150;155 704 199;B01;0;30;0;2;9;1;1
536581151;155 704 194;A01;2;7;0;2;2;15;1
536581151;155 704 196;B01;1;33;0;2;1;1;1
536581152;155 704 195;A01;2;7;8;0;2;1;1
536581153;155 704 191;A01;2;7;2;0;2;14;1
536581154;155 704 192;Y01;1;1;0;2;8;1;5
536581154;155 704 193;B01;1;7;0;9;7;14;1
536581155;155 704 189;B01;2;7;0;2;3;1;1
536581155;155 704 190;A01;1;7;0;2;3;17;1
536581156;155 704 188;A01;1;10;2;0;1;13;1
536581157;155 704 186;Z01;3;50;0;1;1;1;3
536581158;155 704 185;B01;3;33;0;2;0;0;1
536581158;155 704 187;A01;3;7;0;2;1;15;1
536581159;155 704 182;B01;3;32;0;2;1;1;1
536581159;155 704 183;A01;3;7;0;2;2;1;1
536581160;155 704 181;A01;3;36;0;0;0;0;1
536581161;155 704 180;A01;2;7;0;2;3;0;1
536581161;155 704 184;B01;2;7;0;2;3;13;1
536581162;155 704 179;A01;3;7;0;1;1;1;1
536581163;155 704 175;A01;3;33;0;2;1;1;1
536581163;155 704 178;B01;3;7;0;2;4;1;2
536581164;155 704 173;B01;1;7;0;2;3;1;1
536581164;155 704 177;A01;2;7;0;2;3;13;1
536581165;155 704 174;A01;1;7;2;0;5;1;1
536581166;155 704 172;A01;3;50;0;2;1;2;3
536581166;155 704 176;B01;3;7;0;2;4;23;1
536581167;155 704 168;A01;3;7;0;2;1;1;1
536581167;155 704 171;B01;3;7;0;2;4;1;2
536581168;155 704 170;A01;1;1;0;0;0;0;5
536581169;155 704 167;A01;1;7;0;0;7;2;1
536581169;155 704 169;B01;1;50;0;0;7;0;3
536581170;155 704 165;A01;1;50;0;2;3;13;3
536581170;155 704 166;B01;1;7;0;9;5;1;1
536581171;155 704 164;A01;2;1;0;0;1;1;5
536581172;155 704 161;A01;1;7;0;2;3;21;1
536581172;155 704 163;B01;1;7;0;2;4;9;1
536581173;155 704 162;A01;2;7;6;0;8;1;1
536581174;155 704 159;A01;2;7;0;0;9;1;1
536581175;155 704 160;A01;2;43;0;1;1;2;1
536581176;155 704 155;A01;1;1;0;2;5;19;5
536581176;155 704 158;B01;1;7;0;2;2;1;1
536581177;155 704 154;A01;1;32;0;1;1;1;1
536581178;155 704 153;B01;2;34;0;0;1;1;1
536581178;155 704 156;A01;2;7;0;2;1;15;1
536581179;155 704 152;B01;2;7;0;2;3;15;1
536581179;155 704 157;A01;1;7;0;2;3;1;1
536581180;155 704 150;A01;3;1;13;0;0;17;5
536581181;155 704 147;A01;2;1;0;2;1;2;5
536581181;155 704 151;B01;2;7;0;9;3;15;0
536581182;155 704 146;A01;2;7;1;0;2;14;1
536581182;155 704 148;B01;1;7;0;2;2;24;0
536581183;155 704 142;A01;2;7;0;2;2;19;1
536581183;155 704 144;B01;1;10;0;2;1;1;1
536581184;155 704 141;A01;2;7;0;2;1;1;1
536581184;155 704 143;B01;1;1;0;2;3;19;5
536581185;155 704 137;A01;2;33;0;0;0;1;1
536581186;155 704 138;A01;1;33;0;2;1;3;1
536581186;155 704 140;B01;1;7;0;2;6;17;1
536581187;155 704 136;A01;3;7;0;2;2;1;1
536581187;155 704 139;B01;3;7;0;2;1;1;1
536581188;155 704 130;A01;1;7;4;0;8;13;1
536581189;155 704 127;A01;1;7;13;0;2;14;1
536581189;155 704 132;B01;1;7;13;0;2;14;1
536581190;155 704 124;A01;1;7;0;2;1;2;1
536581190;155 704 128;B01;1;7;0;2;4;2;1
536581190;155 704 131;C01;1;7;0;2;4;2;1
536581191;155 704 122;B01;1;10;0;2;7;1;1
536581191;155 704 126;A01;2;33;0;2;1;1;1
536581192;155 704 120;B01;1;7;0;2;2;1;1
536581192;155 704 123;A01;1;1;0;2;7;19;5
536581193;155 704 121;A01;2;7;0;2;1;1;1
536581193;155 704 125;B01;0;7;0;0;3;19;2
536581194;155 704 119;A01;1;7;0;0;9;1;0
536581195;155 704 118;A01;1;7;0;1;3;1;2
536581196;155 704 111;A01;3;10;13;0;1;0;1
536581197;155 704 112;B01;1;7;0;2;4;2;1
536581197;155 704 115;C01;1;7;0;2;4;2;1
536581197;155 704 117;A01;1;7;0;2;1;1;1
536581198;155 704 114;B01;3;7;0;2;6;15;1
536581198;155 704 116;A01;3;33;0;2;1;17;1
536581199;155 704 109;B01;1;7;15;0;2;1;1
536581199;155 704 113;A01;2;7;0;0;1;5;1
536581200;155 704 108;Z01;1;7;0;1;1;19;0
536581201;155 704 107;A01;1;3;0;0;6;1;1
536581201;155 704 110;B01;2;7;2;0;2;1;1
536581202;155 704 104;A01;3;7;2;0;1;1;1
536581203;155 704 103;A01;2;7;0;0;2;17;1
536581203;155 704 105;B01;1;1;0;0;1;13;5
536581204;155 704 102;A01;0;7;0;2;1;0;1
536581204;155 704 106;B01;0;2;0;2;1;16;0
536581205;155 704 100;A01;2;2;15;0;1;19;1
536581206;155 704 099;A01;1;7;0;2;0;9;1
536581206;155 704 101;B01;1;2;0;2;0;2;3
536581207;155 704 096;A01;1;33;0;0;8;15;1
536581208;155 704 093;A01;1;7;4;0;3;1;1
536581209;155 704 094;B01;3;1;0;2;0;19;5
536581209;155 704 098;A01;3;10;0;1;5;1;1
536581210;155 704 092;A01;1;7;0;2;1;13;1
536581210;155 704 095;B01;2;7;0;2;1;1;3
536581211;155 704 090;A01;1;33;3;0;8;1;1
536581212;155 704 088;A01;2;7;1;0;3;17;1
536581213;155 704 089;A01;1;7;0;2;3;15;1
536581213;155 704 091;B01;2;33;0;2;1;1;1
536581214;155 704 085;A01;1;1;0;2;1;3;5
536581214;155 704 087;B01;1;1;0;2;1;26;5
536581215;155 704 083;A01;3;7;0;1;1;0;1
536581216;155 704 082;B01;2;7;4;2;1;5;1
536581216;155 704 086;A01;1;38;0;2;1;1;1
536581217;155 704 081;A01;2;1;12;2;1;2;5
536581217;155 704 084;B01;2;1;12;2;4;2;5
536581218;155 704 080;A01;1;7;13;0;0;0;1
536581219;155 704 078;A01;0;7;2;0;1;5;1
536581220;155 704 075;A01;1;7;0;1;2;2;1
536581221;155 704 074;A01;3;30;0;2;1;19;1
536581221;155 704 079;B01;3;7;0;2;8;1;1
536581222;155 704 073;A01;1;7;0;2;1;2;1
536581222;155 704 076;B01;1;1;0;0;4;1;5
536581223;155 704 072;B01;1;1;0;0;4;26;5
536581223;155 704 077;A01;1;10;0;9;2;26;1
536581224;155 704 071;A01;1;7;8;0;3;0;1
536581225;155 704 068;A01;1;33;3;0;3;17;1
536581226;155 704 066;A01;2;2;0;2;1;17;1
536581226;155 704 070;B01;2;7;0;2;3;15;1
536581227;155 704 065;A01;3;7;0;2;3;19;1
536581227;155 704 069;B01;2;7;0;2;2;1;1
536581228;155 704 064;B01;2;7;0;2;3;1;1
536581228;155 704 067;A01;1;7;0;2;1;1;1
536581229;155 704 062;A01;1;7;10;0;2;14;1
536581230;155 704 061;B01;1;1;0;0;4;1;5
536581230;155 704 063;A01;1;7;0;0;1;2;1
536581231;155 704 058;A01;1;7;0;2;3;13;1
536581231;155 704 060;B01;2;7;0;2;3;1;1
536581232;155 704 056;A01;2;7;13;0;3;14;1
536581233;155 704 054;A01;3;33;0;1;1;1;1
536581234;155 704 052;A01;1;7;0;2;8;10;2
536581234;155 704 055;B01;1;33;0;2;7;17;1
536581235;155 704 051;C01;1;7;0;2;4;23;1
536581235;155 704 053;D01;1;7;0;0;4;23;1
536581235;155 704 057;A01;1;10;0;2;1;2;1
536581235;155 704 059;B01;1;7;0;2;4;2;1
536581236;155 704 050;A01;1;7;13;0;9;26;1
536581237;155 704 049;A01;3;7;0;1;4;20;1
536581238;155 704 043;A01;2;7;0;0;3;1;1
536581238;155 704 045;B01;1;7;0;2;3;1;1
536581239;155 704 046;A01;3;7;0;1;3;15;1
536581240;155 704 042;A01;3;7;0;9;2;9;1
536581240;155 704 044;B01;3;1;0;2;1;1;5
536581241;155 704 041;A01;1;31;7;0;1;1;1
536581242;155 704 038;A01;1;7;0;2;3;9;1
536581242;155 704 040;B01;2;2;0;2;1;1;1
536581243;155 704 037;B01;1;7;0;2;1;1;1
536581243;155 704 039;A01;2;7;0;2;1;13;1
536581244;155 704 035;A01;1;7;4;0;1;17;1
536581245;155 704 034;A01;1;80;0;2;1;0;3
536581245;155 704 036;B01;1;7;0;0;8;0;1
536581246;155 704 030;A01;3;33;0;0;0;1;1
536581247;155 704 027;B01;2;7;0;2;3;21;1
536581247;155 704 032;A01;1;7;0;2;3;13;1
536581248;155 704 029;A01;3;15;0;2;8;1;1
536581248;155 704 031;B01;3;7;0;2;3;1;1
536581249;155 704 023;A01;0;7;0;2;1;1;1
536581249;155 704 026;B01;0;7;0;2;8;1;2
536581250;155 704 022;A01;1;7;8;0;1;1;1
536581251;155 704 025;C01;2;17;0;0;6;1;1
536581251;155 704 028;A01;2;7;0;0;4;9;1
536581251;155 704 033;B01;2;7;0;2;2;17;1
536581252;155 704 020;A01;3;7;13;2;3;15;1
536581252;155 704 024;B01;2;7;0;2;1;1;1
536581253;155 704 018;A01;2;7;0;1;1;1;1
536581254;155 704 015;A01;2;33;0;2;1;2;1
536581254;155 704 019;B01;2;14;0;2;4;23;1
536581255;155 704 014;A01;3;7;13;0;9;1;1
536581256;155 704 012;A01;2;7;0;2;3;13;1
536581256;155 704 016;B01;1;7;0;2;3;21;1
536581257;155 704 011;A01;1;2;0;0;1;1;1
536581258;155 704 010;C01;1;7;0;2;2;1;1
536581258;155 704 013;A01;2;7;0;2;2;15;1
536581258;155 704 017;B01;1;7;0;2;3;1;2
536581259;155 704 007;A01;1;7;13;0;6;1;1
536581260;155 704 006;A01;1;15;0;2;1;1;1
536581260;155 704 009;B01;2;1;0;2;1;21;5
536581261;155 704 005;A01;2;7;0;2;1;5;1
536581261;155 704 008;B01;1;7;0;2;1;1;2
536581262;155 704 002;A01;1;7;0;0;5;19;1
536581262;155 704 004;B01;2;33;0;2;1;21;1
536581263;155 704 001;A01;1;17;3;0;0;9;1
536581264;155 703 998;B01;3;33;0;2;8;1;1
536581264;155 704 003;A01;3;7;0;2;2;15;1
536581265;155 703 999;A01;2;7;3;0;3;1;3
536581266;155 703 997;A01;1;7;0;2;2;15;1
536581266;155 704 000;B01;2;7;0;2;3;1;1
536581267;155 703 994;A01;2;50;0;2;7;15;3
536581267;155 703 996;B01;1;7;0;2;1;1;1
536581268;155 703 992;A01;2;7;0;1;3;15;1
536581269;155 703 989;A01;2;7;0;2;1;2;1
536581269;155 703 995;B01;2;17;0;2;6;2;1
536581270;155 703 988;A01;3;7;0;2;6;9;1
536581270;155 703 991;B01;3;33;0;2;1;1;1
536581271;155 703 987;A01;0;7;0;2;1;2;1
536581271;155 703 990;B01;0;7;1;0;4;2;1
536581271;155 703 993;C01;0;7;0;0;4;2;1
536581272;155 703 985;A01;1;7;4;0;1;0;1
536581273;155 703 984;A01;1;7;6;0;3;1;1
536581274;155 703 983;A01;2;10;0;2;3;13;1
536581274;155 703 986;B01;1;33;0;2;6;1;1
536581275;155 703 980;A01;3;33;0;2;1;17;1
536581275;155 703 982;B01;3;7;0;2;8;15;1
536581276;155 703 979;A01;0;2;1;0;1;14;1
536581277;155 703 978;A01;1;7;0;1;1;1;1
536581278;155 703 977;A01;3;2;0;2;0;1;1
536581278;155 703 981;B01;3;21;0;2;3;1;1
536581279;155 703 975;A01;1;7;0;2;1;2;1
536581279;155 703 976;B01;1;34;0;0;4;2;1
536581280;155 703 973;A01;3;10;0;0;9;1;1
536581281;155 703 972;A01;1;7;0;2;3;1;1
536581281;155 703 974;B01;1;7;0;2;3;1;1
536581282;155 703 971;A01;0;7;8;1;3;6;1
536581283;155 703 969;A01;1;33;0;2;1;1;1
536581283;155 703 970;B01;2;10;0;2;8;1;1
536581284;155 703 967;A01;1;7;0;1;7;1;1
536581285;155 703 965;A01;2;7;0;2;5;12;1
536581285;155 703 968;B01;2;7;0;2;3;1;1
536581286;155 703 962;A01;1;10;0;1;3;9;1
536581287;155 703 961;B01;3;2;0;2;1;1;1
536581287;155 703 964;A01;3;7;0;2;7;15;3
536581288;155 703 963;A01;2;7;0;2;3;11;1
536581288;155 703 966;B01;2;7;0;2;2;1;1
536581289;155 703 960;A01;2;7;5;0;2;0;1
536581290;155 703 957;A01;1;99;0;0;6;0;1
536581290;155 703 959;C01;2;33;0;0;3;1;1
536581291;155 703 955;A01;2;15;0;1;1;1;1
536581292;155 703 954;A01;1;7;0;2;1;13;0
536581292;155 703 958;B01;2;7;0;2;1;1;1
536581293;155 703 950;A01;2;10;0;0;3;15;1
536581293;155 703 952;B01;2;43;0;2;1;17;1
536581294;155 703 951;Z01;2;14;0;2;7;12;1
536581294;155 703 953;B01;2;7;3;2;6;1;1
536581294;155 703 956;C01;2;7;0;2;1;0;1
536581295;155 703 947;A01;0;7;0;2;0;0;2
536581295;155 703 949;B01;1;32;0;2;0;0;1
536581296;155 703 946;B01;0;7;0;2;1;1;1
536581296;155 703 948;A01;3;33;0;2;7;1;1
536581297;155 703 944;A01;2;7;0;2;8;13;1
536581297;155 703 945;B01;1;10;0;2;8;1;1
536581298;155 703 942;Z01;1;15;0;1;1;2;0
536581299;155 703 940;B01;3;7;0;2;8;1;1
536581299;155 703 943;A01;3;10;0;2;1;1;1
536581300;155 703 939;A01;1;2;0;2;0;9;1
536581300;155 703 941;B01;1;7;0;2;2;14;1
536581301;155 703 937;A01;1;32;0;2;1;1;1
536581301;155 703 938;B01;1;7;0;0;4;1;1
536581302;155 703 934;A01;1;7;13;0;9;19;1
536581303;155 703 933;B01;3;7;0;2;3;1;1
536581303;155 703 936;A01;3;7;0;2;2;1;1
536581304;155 703 929;A01;2;7;0;9;9;1;1
536581305;155 703 928;B01;3;7;0;2;1;1;1
536581305;155 703 931;A01;3;1;0;2;7;1;5
536581306;155 703 925;B01;1;33;0;2;1;1;1
536581306;155 703 927;A01;0;10;0;2;2;15;1
536581307;155 703 924;B01;1;7;14;0;4;23;1
536581307;155 703 926;C01;1;7;0;2;4;26;1
536581307;155 703 930;D01;1;7;0;2;5;2;1
536581307;155 703 932;E01;1;7;0;2;1;2;3
536581307;155 703 935;A01;1;7;0;2;1;2;2
536581308;155 703 921;A01;3;10;0;1;1;1;1
536581309;155 703 920;A01;1;2;0;2;1;1;1
536581309;155 703 922;B01;2;7;0;2;3;1;1
536581310;155 703 919;B01;2;7;0;2;1;15;1
536581310;155 703 923;A01;2;33;0;2;7;1;1
536581311;155 703 916;A01;1;7;2;0;1;0;1
536581312;155 703 910;A01;1;7;0;2;3;1;1
536581312;155 703 913;B01;2;7;0;2;3;1;1
536581313;155 703 912;A01;2;10;0;2;1;1;1
536581313;155 703 914;B01;2;7;0;2;4;1;1
536581313;155 703 917;C01;2;7;0;2;4;1;1
536581314;155 703 909;A01;1;13;0;2;8;13;4
536581314;155 703 911;B01;1;10;0;2;7;1;3
536581314;155 703 915;C01;1;7;0;2;4;2;2
536581314;155 703 918;D01;1;10;0;2;4;2;1
536581315;155 703 908;A01;2;7;0;1;2;1;1
536581316;155 703 907;A01;1;7;13;0;2;1;1
536581317;155 703 906;A01;2;7;0;2;2;9;1
536581318;155 703 903;A01;2;7;0;2;5;12;1
536581318;155 703 905;B01;2;33;0;2;3;3;1
536581319;155 703 901;A01;1;7;0;2;1;1;1
536581319;155 703 904;B01;2;14;0;2;1;1;1
536581320;155 703 896;B01;1;10;0;2;1;1;1
536581320;155 703 902;A01;2;7;0;2;7;1;1
536581321;155 703 897;A01;2;34;0;2;2;2;1
536581321;155 703 900;B01;2;7;0;2;4;23;1
536581322;155 703 898;A01;1;7;0;2;2;16;1
536581322;155 703 899;B01;2;1;0;2;7;1;5
536581323;155 703 893;Z01;1;50;0;1;0;1;3
536581324;155 703 892;A01;2;7;15;0;1;17;1
536581325;155 703 890;B01;1;7;2;2;4;2;1
536581325;155 703 894;C01;1;7;0;0;5;2;1
536581325;155 703 895;A01;1;15;0;2;2;2;1
536581326;155 703 889;A01;2;7;7;2;2;15;1
536581326;155 703 891;B01;1;7;7;2;3;1;1
536581327;155 703 884;A01;3;31;0;2;7;21;1
536581327;155 703 888;B01;3;7;0;2;6;4;1
536581328;155 703 882;A01;0;31;0;0;0;26;1
536581329;155 703 883;A01;0;33;0;2;1;1;1
536581329;155 703 886;B01;0;7;0;0;4;15;1
536581330;155 703 881;C01;1;17;0;2;7;24;1
536581330;155 703 885;B01;1;33;0;2;8;1;1
536581330;155 703 887;A01;1;10;0;2;7;12;1
536581331;155 703 878;A01;1;33;3;0;2;1;1
536581332;155 703 877;B01;1;34;0;2;1;1;1
536581332;155 703 879;A01;1;7;0;0;8;22;1
536581333;155 703 876;B01;1;7;0;0;4;23;1
536581333;155 703 880;A01;1;7;1;0;1;1;1
536581334;155 703 874;A01;1;7;13;0;9;12;1
536581335;155 703 875;A01;1;7;0;2;1;1;2
536581336;155 703 871;Z01;2;7;0;2;0;0;0
536581336;155 703 873;B01;2;7;0;2;6;1;1
536581337;155 703 870;B01;0;7;0;2;3;1;1
536581337;155 703 872;A01;0;30;0;2;1;15;1
536581338;155 703 865;A01;2;10;0;2;1;2;1
536581338;155 703 868;B01;2;7;0;0;4;2;1
536581339;155 703 866;A01;2;7;4;0;4;26;1
536581339;155 703 869;B01;2;7;0;2;4;1;1
536581340;155 703 863;A01;2;7;0;2;4;2;1
536581340;155 703 867;B01;2;7;0;2;1;2;1
536581341;155 703 862;A01;1;7;0;2;8;22;1
536581341;155 703 864;B01;1;1;0;2;1;1;5
536581342;155 703 858;A01;1;7;4;2;1;12;1
536581342;155 703 861;B01;1;7;0;0;4;1;1
536581343;155 703 857;A01;2;40;0;1;3;1;3
536581344;155 703 856;A01;1;7;0;2;1;11;1
536581344;155 703 860;B01;1;13;0;2;2;1;1
536581345;155 703 855;A01;2;33;0;2;1;1;1
536581345;155 703 859;B01;2;7;0;2;5;1;1
536581346;155 703 853;A01;2;7;2;0;1;14;1
536581347;155 703 852;A01;1;33;0;0;8;1;1
536581348;155 703 851;A01;0;7;0;2;3;15;1
536581348;155 703 854;B01;0;1;0;2;3;1;5
536581349;155 703 848;A01;2;7;0;2;1;1;1
536581349;155 703 850;B01;2;10;0;2;4;1;1
536581350;155 703 846;A01;2;7;0;2;3;1;1
536581350;155 703 849;B01;1;7;0;2;1;5;1
536581351;155 703 845;A01;2;7;0;2;5;16;1
536581351;155 703 847;B01;2;1;0;2;1;1;5
536581352;155 703 843;A01;2;33;12;2;1;18;1
536581352;155 703 844;B01;2;1;12;2;7;7;5
536581353;155 703 840;A01;2;33;0;2;7;5;1
536581353;155 703 842;B01;0;7;1;2;1;1;1
536581354;155 703 837;A01;3;7;0;2;1;26;1
536581354;155 703 839;B01;3;7;0;2;3;0;1
536581355;155 703 832;B01;1;33;0;2;2;1;1
536581355;155 703 835;A01;1;7;0;2;3;15;2
536581356;155 703 833;A01;2;10;0;2;1;2;1
536581356;155 703 836;B01;2;10;0;2;4;2;1
536581356;155 703 838;C01;2;10;0;2;4;2;1
536581356;155 703 841;D01;2;7;0;2;5;2;3
536581357;155 703 830;B01;2;1;0;2;2;1;5
536581357;155 703 834;A01;2;7;0;2;3;16;1
536581358;155 703 829;B01;1;1;0;2;4;1;5
536581358;155 703 831;A01;1;7;0;2;3;1;2
536581359;155 703 826;A01;0;33;0;0;0;0;1
536581360;155 703 823;A01;1;1;0;2;1;15;5
536581360;155 703 827;B01;1;33;0;2;8;1;1
536581361;155 703 822;A01;2;10;0;2;1;2;1
536581361;155 703 825;B01;2;7;0;2;1;2;1
536581361;155 703 828;C01;2;7;0;2;4;23;2
536581362;155 703 821;A01;1;2;0;2;1;1;1
536581362;155 703 824;B01;3;2;0;2;1;1;1
536581363;155 703 820;A01;1;33;8;0;1;0;1
536581364;155 703 816;A01;1;10;0;9;7;16;1
536581364;155 703 819;B01;1;1;0;2;8;1;5
536581365;155 703 815;A01;2;7;0;0;1;1;1
536581366;155 703 814;A01;1;15;0;2;1;2;1
536581366;155 703 818;B01;1;7;0;2;4;2;1
536581367;155 703 813;A01;1;1;0;2;1;3;5
536581367;155 703 817;B01;1;7;0;2;2;1;1
536581368;155 703 812;A01;1;32;0;1;1;1;1
536581369;155 703 809;A01;1;7;0;0;4;15;1
536581369;155 703 811;B01;1;7;0;0;1;2;1
536581370;155 703 806;A01;1;32;0;2;1;2;1
536581370;155 703 810;B01;2;7;0;2;3;2;2
536581371;155 703 804;A01;2;33;0;2;2;3;1
536581371;155 703 808;B01;2;7;0;2;3;11;2
536581372;155 703 805;A01;1;33;0;2;1;1;1
536581372;155 703 807;B01;2;7;0;2;2;15;1
536581373;155 703 801;B01;1;7;0;1;4;2;1
536581373;155 703 803;A01;1;10;0;2;1;2;1
536581374;155 703 800;A01;2;10;0;1;0;0;1
536581375;155 703 798;A01;1;7;0;2;1;2;1
536581375;155 703 802;B01;1;7;13;0;4;15;1
536581376;155 703 795;C01;2;7;0;2;4;2;1
536581376;155 703 797;A01;2;7;0;2;1;2;2
536581376;155 703 799;B01;2;7;0;2;4;2;1
536581377;155 703 792;A01;2;10;0;0;6;1;1
536581377;155 703 794;B01;2;33;0;0;1;2;1
536581378;155 703 791;A01;2;7;0;2;2;15;1
536581378;155 703 793;B01;3;80;0;2;1;25;3
536581379;155 703 790;A01;2;7;0;2;1;1;1
536581379;155 703 796;B01;1;7;0;2;3;1;2
536581380;155 703 788;A01;1;7;0;1;3;1;1
536581381;155 703 784;A01;2;7;1;0;3;1;1
536581381;155 703 786;B01;1;7;0;2;8;24;1
536581382;155 703 783;C01;2;7;0;2;6;15;1
536581382;155 703 787;A01;2;7;0;2;1;0;1
536581382;155 703 789;B01;2;7;0;2;4;0;1
536581383;155 703 782;B01;1;34;0;2;1;2;1
536581383;155 703 785;A01;1;7;0;2;7;11;1
536581384;155 703 781;A01;1;7;0;1;2;26;1
536581385;155 703 780;A01;2;50;0;0;1;1;3
536581386;155 703 778;A01;1;7;2;0;1;21;1
536581387;155 703 776;A01;1;33;0;2;3;3;1
536581387;155 703 779;B01;1;7;0;2;2;12;1
536581388;155 703 773;A01;2;80;0;1;1;5;3
536581389;155 703 775;A01;3;7;0;2;3;15;1
536581389;155 703 777;B01;0;33;0;2;1;1;1
536581390;155 703 772;A01;2;7;0;2;8;19;1
536581390;155 703 774;B01;2;33;0;2;1;1;1
536581391;155 703 768;B01;1;7;0;2;5;2;1
536581391;155 703 769;A01;1;7;0;2;1;2;1
536581392;155 703 766;A01;3;7;0;1;3;15;1
536581393;155 703 767;A01;2;7;0;2;3;15;0
536581393;155 703 770;B01;2;32;0;2;3;17;1
536581394;155 703 765;A01;1;7;0;2;1;1;1
536581394;155 703 771;B01;2;7;0;2;5;1;1
536581395;155 703 761;A01;1;30;0;2;2;11;1
536581395;155 703 764;B01;1;7;0;2;3;11;2
536581396;155 703 760;B01;1;7;0;2;1;2;1
536581396;155 703 763;A01;1;7;0;2;4;2;1
536581397;155 703 759;B01;1;7;0;2;5;1;1
536581397;155 703 762;A01;1;7;0;2;2;1;1
536581398;155 703 755;A01;3;7;0;2;1;1;1
536581398;155 703 757;B01;3;10;0;2;4;10;1
536581399;155 703 754;A01;1;7;0;2;1;9;1
536581399;155 703 758;B01;1;7;0;2;8;1;1
536581400;155 703 753;A01;1;7;0;2;3;15;1
536581400;155 703 756;B01;1;30;0;2;1;1;1
536581401;155 703 751;A01;1;33;12;0;2;26;1
536581402;155 703 747;A01;2;7;0;2;1;1;3
536581402;155 703 750;B01;2;7;0;0;4;1;1
536581402;155 703 752;C01;1;7;0;2;8;1;1
536581403;155 703 745;A01;1;10;0;2;3;1;1
536581403;155 703 749;B01;1;7;0;2;3;1;1
536581404;155 703 743;A01;2;7;4;1;3;1;1
536581405;155 703 738;A01;1;7;0;2;2;16;1
536581405;155 703 741;B01;1;32;0;2;8;1;1
536581406;155 703 740;D01;1;7;0;2;4;2;1
536581406;155 703 744;B01;1;7;0;2;4;2;1
536581406;155 703 746;C01;1;7;0;2;0;0;1
536581406;155 703 748;A01;1;7;0;2;1;2;1
536581407;155 703 739;A01;1;7;0;2;3;15;1
536581407;155 703 742;B01;1;1;0;2;1;1;5
536581408;155 703 735;A01;1;2;0;2;1;1;1
536581408;155 703 737;B01;1;50;0;2;0;9;3
536581409;155 703 733;A01;1;10;0;1;1;15;1
536581410;155 703 732;B01;1;7;0;2;4;23;1
536581410;155 703 734;C01;1;7;0;2;4;23;1
536581410;155 703 736;A01;1;7;0;2;1;2;1
536581411;155 703 730;B01;1;7;1;0;1;1;1
536581411;155 703 731;A01;3;7;1;0;4;24;1
536581412;155 703 728;A01;3;7;0;1;1;2;1
536581413;155 703 725;B01;3;1;0;2;1;19;5
536581413;155 703 727;A01;2;7;0;9;2;2;1
536581414;155 703 726;A01;2;1;0;2;1;21;5
536581414;155 703 729;B01;2;7;0;2;4;23;1
536581415;155 703 724;A01;0;7;0;2;3;1;1
536581416;155 703 723;A01;1;7;0;1;2;16;1
536581417;155 703 720;A01;2;7;0;2;1;2;1
536581417;155 703 721;C01;2;10;0;2;4;23;1
536581417;155 703 722;B01;2;7;0;2;4;23;1
536581418;155 703 717;A01;1;7;2;2;3;1;1
536581418;155 703 719;B01;1;7;0;2;1;9;1
536581419;155 703 715;A01;3;7;0;2;2;19;1
536581419;155 703 718;B01;0;7;0;2;3;1;1
536581420;155 703 713;C01;1;7;0;2;3;1;1
536581420;155 703 714;Z01;2;7;0;2;7;17;1
536581420;155 703 716;B01;2;7;0;2;8;1;1
536581421;155 703 712;A01;3;3;0;0;7;15;3
536581422;155 703 709;B01;2;36;13;0;3;21;1
536581422;155 703 711;A01;1;7;0;2;3;26;1