Num_Acc;id_vehicule;num_veh;senc;catv;obs;obsm;choc;manv;motor
536581736;155 703 167;B01;2;1;0;2;4;2;5
536581736;155 703 169;A01;2;7;0;2;2;2;1
536581737;155 703 165;A01;3;7;0;2;1;17;0
536581737;155 703 166;B01;3;7;0;2;3;1;1
536581737;155 703 168;C01;3;7;0;2;6;1;1
536581738;155 703 164;A01;2;7;0;1;1;1;1
536581739;155 703 163;A01;3;7;0;1;1;15;1
536581740;155 703 161;A01;2;7;0;2;6;10;1
536581740;155 703 162;B01;1;33;0;2;1;2;1
536581741;155 703 157;A01;3;2;0;2;1;17;1
536581741;155 703 159;B01;3;7;0;2;3;1;1
536581742;155 703 158;A01;1;7;0;2;7;15;1
536581742;155 703 160;B01;2;7;0;2;2;1;1
536581743;155 703 155;A01;3;7;0;2;3;1;1
536581743;155 703 156;B01;3;2;0;2;1;1;1
536581744;155 703 154;Z01;1;0;0;1;1;1;0
536581745;155 703 152;A01;3;7;0;2;1;1;1
536581745;155 703 153;B01;3;7;0;2;4;1;1
536581746;155 703 151;A01;2;7;2;0;1;1;1
536581747;155 703 148;A01;1;21;0;2;6;15;1
536581747;155 703 149;B01;1;33;0;2;1;17;1
536581748;155 703 147;B01;1;50;0;2;7;26;3
536581748;155 703 150;A01;3;7;0;2;1;1;2
536581749;155 703 146;A01;2;7;2;0;1;13;1
536581750;155 703 144;A01;0;7;0;2;6;9;1
536581750;155 703 145;B01;0;50;0;2;1;1;3
536581751;155 703 142;A01;2;7;0;0;8;19;1
536581751;155 703 143;B01;2;7;0;2;1;1;1
536581752;155 703 140;B01;2;7;0;2;8;1;1
536581752;155 703 141;A01;1;7;0;2;1;9;1
536581753;155 703 139;A01;1;7;0;1;1;1;1
536581754;155 703 138;A01;2;7;0;1;3;15;1
536581755;155 703 137;A01;1;7;9;0;1;6;1
536581756;155 703 135;A01;1;7;2;0;1;1;1
536581757;155 703 132;A01;1;7;0;2;1;1;1
536581757;155 703 133;B01;1;7;0;0;1;1;1
536581757;155 703 134;C01;1;7;0;2;1;1;1
536581757;155 703 136;D01;1;7;0;2;4;1;1
536581758;155 703 129;A01;1;7;0;9;1;1;1
536581758;155 703 130;B01;2;1;0;2;1;1;5
536581758;155 703 131;C01;2;1;0;0;1;1;5
536581759;155 703 127;B01;1;7;0;1;1;1;1
536581759;155 703 128;A01;1;7;0;2;1;1;1
536581760;155 703 125;B01;2;7;0;2;2;15;1
536581760;155 703 126;A01;2;7;0;2;1;1;2
536581761;155 703 124;A01;1;10;0;1;1;21;1
536581762;155 703 123;A01;2;7;11;0;1;1;2
536581763;155 703 122;A01;3;7;0;1;1;1;1
536581764;155 703 119;A01;3;37;0;1;5;15;1
536581765;155 703 116;A01;2;7;0;1;3;1;1
536581766;155 703 115;B01;2;1;0;2;4;1;5
536581766;155 703 117;A01;2;7;0;9;0;0;0
536581767;155 703 114;A01;2;7;2;0;3;1;1
536581768;155 703 113;A01;1;7;0;1;2;1;1
536581769;155 703 110;A01;2;10;0;0;5;15;1
536581769;155 703 112;B01;2;7;0;2;3;1;1
536581770;155 703 107;B01;2;33;0;2;1;1;1
536581770;155 703 108;A01;2;7;0;2;7;19;1
536581771;155 703 104;A01;3;7;0;2;3;9;1
536581771;155 703 105;B01;3;32;0;2;1;1;1
536581772;155 703 106;A01;1;7;0;2;3;2;1
536581772;155 703 109;C01;1;7;0;2;6;1;1
536581772;155 703 111;B01;1;7;0;2;4;23;1
536581773;155 703 103;A01;2;7;9;0;2;1;2
536581774;155 703 100;A01;0;7;0;2;1;5;1
536581774;155 703 102;B01;0;7;0;2;1;1;1
536581775;155 703 099;A01;2;7;0;2;3;1;1
536581775;155 703 101;B01;1;7;0;2;3;1;1
536581776;155 703 096;A01;0;7;0;1;4;4;1
536581777;155 703 097;A01;3;10;0;2;2;14;3
536581777;155 703 098;B01;3;1;0;2;1;1;5
536581778;155 703 094;B01;3;1;0;0;4;1;5
536581778;155 703 095;A01;3;0;0;2;0;1;0
536581779;155 703 093;A01;1;7;0;1;8;1;1
536581780;155 703 091;A01;3;10;0;2;2;1;1
536581780;155 703 092;B01;0;7;0;2;6;1;1
536581781;155 703 087;A01;2;33;0;2;9;7;1
536581781;155 703 088;B01;2;7;0;2;7;1;1
536581782;155 703 085;A01;1;7;0;2;4;11;0
536581782;155 703 086;B01;1;7;0;2;1;1;1
536581783;155 703 083;B01;2;17;0;2;4;1;1
536581783;155 703 084;A01;2;14;0;2;1;1;1
536581784;155 703 082;A01;3;7;0;1;1;0;0
536581785;155 703 081;A01;1;10;0;0;1;1;0
536581786;155 703 079;A01;2;7;0;2;1;2;1
536581786;155 703 080;B01;2;7;0;2;4;1;1
536581787;155 703 075;A01;0;14;0;2;3;15;1
536581787;155 703 076;B01;3;1;0;2;0;0;5
536581788;155 703 074;A01;2;10;0;1;1;15;1
536581789;155 703 072;A01;3;7;0;2;3;1;1
536581789;155 703 073;B01;3;7;0;0;7;19;2
536581790;155 703 071;A01;0;2;0;0;0;1;1
536581791;155 703 069;A01;3;7;0;2;2;15;1
536581791;155 703 070;B01;3;2;0;2;1;1;1
536581792;155 703 066;A01;1;7;0;2;1;2;1
536581792;155 703 067;B01;1;7;0;2;4;2;1
536581792;155 703 068;C01;1;7;0;2;4;2;2
536581793;155 703 064;A01;1;10;0;2;1;1;1
536581793;155 703 065;B01;1;7;0;2;4;15;1
536581794;155 703 063;A01;1;10;0;1;1;1;1
536581795;155 703 061;A01;2;7;0;2;3;9;1
536581795;155 703 062;B01;3;50;0;2;0;0;3
536581796;155 703 059;B01;2;1;0;2;7;19;5
536581796;155 703 060;A01;2;10;0;2;1;1;3
536581797;155 703 058;B01;3;1;0;0;0;21;5
536581798;155 703 057;A01;3;7;0;1;1;1;1
536581799;155 703 056;A01;2;10;0;1;2;1;1
536581800;155 703 054;A01;1;7;0;2;4;23;1
536581800;155 703 055;B01;1;50;0;2;1;2;3
536581801;155 703 053;A01;2;7;0;1;2;17;1
536581802;155 703 052;A01;2;7;0;1;2;1;1
536581803;155 703 051;A01;3;7;8;0;1;13;0
536581804;155 703 049;B01;3;7;0;2;4;2;1
536581804;155 703 050;A01;3;7;0;2;1;2;1
536581805;155 703 048;A01;3;7;0;2;1;1;1
536581806;155 703 046;A01;1;10;0;2;7;1;1
536581806;155 703 047;B01;2;7;0;2;1;1;1
536581807;155 703 044;A01;1;7;0;2;3;15;1
536581807;155 703 045;B01;1;30;0;2;3;1;1
536581808;155 703 042;A01;2;7;0;2;6;1;1
536581808;155 703 043;B01;2;7;0;2;1;1;1
536581809;155 703 041;A01;3;7;0;1;1;1;1
536581810;155 703 039;A01;1;7;0;2;3;26;2
536581810;155 703 040;B01;1;50;0;2;1;5;3
536581811;155 703 037;B01;3;7;0;2;1;1;1
536581811;155 703 038;A01;3;7;0;2;1;13;1
536581812;155 703 035;B01;3;7;0;2;2;15;1
536581812;155 703 036;A01;3;33;0;2;1;1;1
536581813;155 703 034;A01;1;7;0;1;3;16;1
536581814;155 703 032;A01;3;7;0;2;1;0;1
536581814;155 703 033;B01;3;7;0;2;4;2;1
536581815;155 703 029;A01;1;7;0;2;1;0;2
536581815;155 703 030;B01;1;7;0;2;1;0;1
536581816;155 703 027;B01;2;10;0;2;3;15;6
536581816;155 703 028;A01;1;32;0;2;1;7;1
536581817;155 703 025;B01;2;80;0;2;4;2;3
536581817;155 703 026;A01;3;10;0;9;2;2;3
536581818;155 703 023;A01;0;7;0;2;3;15;1
536581818;155 703 024;B01;0;80;0;2;1;1;3
536581819;155 703 021;A01;1;34;0;2;1;17;1
536581819;155 703 022;B01;1;7;0;2;8;1;2
536581820;155 703 018;A01;2;7;6;2;1;13;1
536581821;155 703 016;B01;1;7;0;2;3;13;1
536581821;155 703 017;A01;2;7;0;2;3;1;2
536581822;155 703 011;C01;1;7;0;2;4;23;1
536581822;155 703 012;B01;1;7;0;2;4;2;1
536581822;155 703 014;A01;1;7;0;2;1;1;1
536581822;155 703 015;D01;1;7;0;2;4;23;1
536581823;155 703 010;A01;1;7;0;2;1;1;1
536581823;155 703 013;B01;1;7;0;0;4;1;1
536581824;155 703 009;A01;1;7;8;0;3;2;1
536581825;155 703 008;A01;2;7;13;0;1;0;1
536581826;155 703 006;A01;3;7;0;1;1;1;1
536581827;155 703 003;A01;3;7;1;0;3;16;1
536581827;155 703 004;B01;2;7;0;2;1;1;1
536581828;155 703 001;A01;2;30;0;1;1;1;1
536581829;155 703 000;A01;1;10;15;2;1;1;1
536581829;155 703 002;B01;1;7;15;2;8;1;1
536581830;155 702 994;A01;1;7;0;9;1;1;1
536581830;155 702 996;B01;2;1;0;2;8;19;5
536581831;155 702 993;D01;1;7;0;9;1;1;1
536581831;155 702 995;E01;1;7;0;9;1;1;1
536581831;155 702 997;A01;1;10;4;0;1;1;0
536581831;155 702 998;C01;1;7;0;9;1;1;1
536581831;155 702 999;B01;1;7;0;9;9;1;1
536581832;155 702 990;B01;2;10;0;9;1;9;1
536581832;155 702 992;A01;2;80;0;2;7;1;3
536581833;155 702 989;B01;1;7;0;2;4;23;1
536581833;155 702 991;A01;1;10;0;2;1;1;1
536581834;155 702 987;A01;1;7;0;1;2;1;1
536581835;155 702 986;A01;2;7;0;0;6;23;1
536581835;155 702 988;B01;2;31;0;2;1;1;1
536581836;155 702 984;A01;2;7;0;1;3;16;1
536581837;155 702 983;A01;2;33;0;9;1;1;1
536581837;155 702 985;B01;1;7;0;2;8;19;0
536581838;155 702 982;A01;2;7;8;0;1;13;1
536581839;155 702 981;A01;1;2;0;0;7;14;1
536581840;155 702 978;C01;2;33;0;2;4;1;1
536581840;155 702 979;A01;2;33;0;2;1;2;1
536581840;155 702 980;B01;2;33;0;2;4;2;1
536581841;155 702 977;A01;2;7;2;0;3;1;3
536581842;155 702 973;A01;1;10;0;2;1;2;1
536581842;155 702 974;C01;1;10;0;2;4;2;1
536581842;155 702 976;B01;1;7;0;2;4;2;2
536581843;155 702 972;A01;1;33;0;2;1;12;1
536581843;155 702 975;B01;2;7;0;2;6;1;1
536581844;155 702 971;A01;2;1;0;0;0;1;5
536581845;155 702 970;A01;2;7;8;0;2;1;1
536581846;155 702 969;A01;1;34;0;1;1;18;3
536581847;155 702 967;A01;2;7;0;2;2;13;1
536581847;155 702 968;B01;1;7;0;2;2;1;1
536581848;155 702 966;A01;1;33;0;0;2;1;1
536581849;155 702 963;B01;1;1;0;2;3;1;5
536581849;155 702 965;A01;2;50;0;2;3;15;3
536581850;155 702 962;A01;2;7;0;2;1;1;1
536581850;155 702 964;B01;2;7;0;2;1;15;1
536581851;155 702 960;Z01;1;7;0;2;0;2;1
536581851;155 702 961;A01;1;1;0;2;4;23;5
536581852;155 702 959;A01;1;1;0;1;1;1;5
536581853;155 702 957;A01;2;1;0;1;1;1;5
536581854;155 702 956;A01;3;7;0;2;1;13;1
536581854;155 702 958;B01;3;7;0;2;1;1;1
536581855;155 702 955;A01;1;7;0;1;2;1;1
536581856;155 702 953;A01;1;7;0;2;3;1;1
536581856;155 702 954;B01;2;7;0;2;3;1;1
536581857;155 702 952;A01;1;30;0;0;0;1;1
536581858;155 702 951;A01;0;7;15;0;1;1;1
536581859;155 702 949;A01;1;7;0;2;3;15;1
536581859;155 702 950;B01;1;1;0;0;7;1;5
536581860;155 702 948;A01;2;33;13;0;1;1;1
536581861;155 702 945;B01;1;7;8;2;3;1;1
536581861;155 702 947;A01;1;2;8;2;3;17;1
536581862;155 702 944;A01;2;7;0;2;3;17;1
536581862;155 702 946;B01;1;2;0;2;1;1;1
536581864;155 702 941;A01;3;7;0;2;8;0;1
536581864;155 702 942;B01;3;7;0;2;2;0;1
536581865;155 702 939;B01;2;1;8;2;0;0;5
536581865;155 702 940;A01;2;33;8;2;0;0;1
536581866;155 702 938;A01;3;7;0;1;2;17;1
536581867;155 702 935;A01;2;1;0;0;8;1;5
536581867;155 702 937;Z01;2;1;0;2;1;17;5
536581868;155 702 934;A01;2;7;0;2;3;5;1
536581868;155 702 936;B01;1;7;0;2;3;1;1
536581869;155 702 932;A01;2;15;3;0;2;1;1
536581870;155 702 931;B01;1;7;0;2;4;0;1
536581870;155 702 933;A01;1;10;0;2;1;26;1
536581871;155 702 930;A01;1;7;0;1;7;15;3
536581872;155 702 929;A01;2;7;0;0;0;19;1
536581873;155 702 927;A01;1;33;0;6;1;17;1
536581874;155 702 924;A01;1;10;0;2;4;23;1
536581874;155 702 926;B01;1;10;1;0;2;21;1
536581875;155 702 923;A01;1;7;0;2;2;1;1
536581875;155 702 925;B01;1;10;0;2;6;11;1
536581876;155 702 921;A01;1;33;0;6;1;1;1
536581877;155 702 920;B01;2;50;0;2;1;1;3
536581877;155 702 922;A01;1;1;0;2;1;25;5
536581878;155 702 917;B01;1;1;0;0;4;1;5
536581878;155 702 919;A01;1;10;0;2;2;2;1
536581879;155 702 916;B01;3;7;0;2;1;2;1
536581879;155 702 918;A01;3;15;0;2;4;26;1
536581880;155 702 914;B01;1;7;2;2;0;1;1
536581880;155 702 915;A01;1;7;2;2;0;17;1
536581881;155 702 913;A01;2;7;0;0;2;0;1
536581882;155 702 909;B01;3;7;0;2;3;1;1
536581882;155 702 911;C01;3;7;0;2;1;1;1
536581882;155 702 912;A01;3;7;0;2;3;1;1
536581883;155 702 910;A01;1;7;3;0;1;14;1
536581884;155 702 908;A01;1;7;0;1;1;1;1
536581885;155 702 905;A01;1;7;0;1;1;1;1
536581886;155 702 903;B01;0;37;0;1;0;15;1
536581886;155 702 907;A01;0;0;0;2;0;19;5
536581887;155 702 904;B01;1;2;0;2;8;1;1
536581887;155 702 906;A01;1;2;0;0;7;1;1
536581888;155 702 900;B01;1;1;0;2;1;13;5
536581888;155 702 902;A01;2;10;0;2;6;1;1
536581889;155 702 898;A01;1;30;0;2;8;1;1
536581889;155 702 901;B01;1;7;0;2;8;0;0
536581890;155 702 897;A01;1;7;0;2;1;15;0
536581890;155 702 899;B01;2;33;0;2;1;1;1
536581891;155 702 895;A01;3;7;0;2;3;21;1
536581891;155 702 896;B01;3;2;0;2;1;1;1
536581892;155 702 893;A01;3;7;6;1;2;14;1
536581893;155 702 894;A01;3;7;0;1;2;16;1
536581894;155 702 891;A01;1;10;0;2;3;13;1
536581894;155 702 892;B01;2;7;0;2;3;1;1
536581895;155 702 889;A01;3;32;0;0;7;1;1
536581896;155 702 887;A01;2;31;0;9;1;1;1
536581897;155 702 886;B01;2;10;0;2;1;1;1
536581897;155 702 888;A01;1;7;0;2;3;1;3
536581897;155 702 890;C01;2;7;0;2;6;1;1
536581898;155 702 880;D01;2;10;0;0;4;2;1
536581898;155 702 882;A01;2;7;0;2;1;2;1
536581898;155 702 884;B01;2;7;0;2;4;2;1
536581898;155 702 885;C01;2;7;0;2;4;2;1
536581899;155 702 881;B01;1;10;0;1;1;24;1
536581899;155 702 883;A01;1;7;1;1;1;1;1
536581900;155 702 878;A01;0;7;0;2;3;9;1
536581900;155 702 879;B01;0;38;0;2;2;7;1
536581901;155 702 877;A01;2;7;13;9;1;13;1
536581902;155 702 876;A01;0;50;0;0;0;0;3
536581903;155 702 873;A01;2;10;12;0;1;0;1
536581904;155 702 872;A01;1;7;0;2;1;19;1
536581904;155 702 875;B01;1;7;0;2;4;1;1
536581905;155 702 871;A01;1;10;0;2;3;13;1
536581905;155 702 874;B01;2;7;0;2;3;1;1
536581906;155 702 870;A01;1;1;0;0;0;21;5
536581907;155 702 867;A01;2;33;16;0;7;1;1
536581908;155 702 868;A01;0;33;12;0;0;16;1
536581908;155 702 869;B01;0;7;0;2;0;0;1
536581909;155 702 865;B01;1;7;0;2;8;15;1
536581909;155 702 866;A01;1;31;0;2;1;17;1
536581910;155 702 864;A01;3;30;0;0;7;1;3
536581911;155 702 863;A01;1;7;8;0;1;1;2
536581912;155 702 861;A01;3;7;0;1;1;0;1
536581913;155 702 860;A01;2;7;0;2;1;5;0
536581913;155 702 862;B01;1;10;0;2;1;1;1
536581914;155 702 859;A01;1;7;2;0;1;1;1
536581915;155 702 858;A01;3;7;0;0;0;9;1
536581916;155 702 857;A01;2;15;4;0;0;0;1
536581917;155 702 856;A01;2;7;13;0;2;1;1
536581918;155 702 854;A01;3;37;0;2;1;21;1
536581918;155 702 855;B01;3;32;0;2;0;0;0
536581919;155 702 853;A01;1;7;4;0;1;1;2
536581920;155 702 852;A01;2;33;0;1;1;1;1
536581921;155 702 847;B01;2;7;0;2;1;1;1
536581921;155 702 849;A01;1;7;0;2;1;1;2
536581922;155 702 848;A01;1;7;3;2;1;1;1
536581922;155 702 850;B01;1;7;3;2;4;2;1
536581923;155 702 846;A01;1;33;0;0;0;17;1
536581924;155 702 844;A01;2;10;0;1;2;1;1
536581925;155 702 842;A01;2;7;4;0;4;26;1
536581925;155 702 845;Z01;2;10;0;2;1;2;0
536581926;155 702 841;A01;1;7;0;2;1;15;1
536581926;155 702 843;B01;2;7;0;2;1;1;1
536581927;155 702 839;B01;2;33;0;2;1;1;1
536581927;155 702 840;A01;1;7;0;2;3;15;1
536581928;155 702 838;A01;3;7;0;1;1;1;1
536581929;155 702 835;A01;3;50;0;0;0;1;3
536581929;155 702 836;B01;3;7;0;0;0;1;0
536581930;155 702 833;A01;1;7;13;0;9;1;1
536581931;155 702 831;A01;2;10;0;1;3;1;1
536581932;155 702 832;B01;1;10;0;2;9;2;1
536581932;155 702 834;A01;1;7;0;2;1;2;1
536581932;155 702 837;C01;1;7;0;2;4;2;1
536581933;155 702 829;A01;2;7;0;2;2;13;1
536581933;155 702 830;B01;1;7;0;2;2;1;1
536581934;155 702 826;B01;1;7;0;2;1;1;1
536581934;155 702 828;A01;2;7;0;2;2;15;1
536581935;155 702 824;A01;3;7;6;0;1;0;1
536581936;155 702 823;A01;2;7;0;2;1;2;1
536581936;155 702 825;B01;2;7;0;2;9;2;1
536581936;155 702 827;C01;2;7;0;2;4;2;1
536581937;155 702 820;A01;2;10;3;2;1;2;1
536581937;155 702 822;B01;2;7;0;0;4;2;1
536581938;155 702 819;A01;1;7;0;0;0;16;1
536581939;155 702 818;B01;2;2;0;2;1;1;1
536581939;155 702 821;A01;3;7;0;0;8;9;1
536581940;155 702 810;D01;1;7;13;0;7;21;1
536581940;155 702 812;C01;2;7;0;2;3;1;1
536581940;155 702 816;B01;1;7;13;2;8;1;1
536581940;155 702 817;A01;1;7;0;2;3;11;1
536581941;155 702 811;A01;1;7;0;0;8;19;1
536581941;155 702 814;B01;2;7;7;2;1;1;1
536581942;155 702 809;A01;2;7;0;2;1;3;1
536581942;155 702 813;B01;2;7;0;2;6;1;2
536581942;155 702 815;C01;2;7;0;2;5;1;1
536581943;155 702 808;A01;1;33;13;0;1;1;1
536581944;155 702 806;A01;2;10;0;2;1;2;1
536581945;155 702 802;D01;1;7;0;0;4;1;0
536581945;155 702 804;B01;1;7;0;2;4;1;0
536581945;155 702 805;C01;1;7;0;2;4;23;0
536581945;155 702 807;A01;1;7;0;2;1;1;0
536581946;155 702 803;A01;2;33;2;0;1;0;1
536581947;155 702 798;C01;2;7;0;2;7;1;1
536581947;155 702 800;A01;2;33;0;2;1;3;1
536581947;155 702 801;B01;2;7;0;2;4;12;1
536581948;155 702 797;A01;1;7;0;2;3;13;1
536581948;155 702 799;B01;2;15;0;2;3;21;1
536581949;155 702 795;A01;2;7;10;0;6;24;1
536581949;155 702 796;B01;2;7;1;0;8;1;1
536581950;155 702 794;A01;1;30;16;0;0;1;1
536581951;155 702 789;A01;1;7;0;2;1;2;1
536581951;155 702 793;B01;1;7;0;2;4;2;1
536581952;155 702 790;A01;1;33;0;2;3;1;1
536581952;155 702 792;B01;2;1;0;2;8;1;5
536581953;155 702 788;A01;1;7;0;1;1;1;1
536581954;155 702 785;A01;2;43;0;2;3;3;1
536581954;155 702 787;B01;2;7;0;2;2;2;1
536581955;155 702 784;A01;1;7;0;1;1;1;1
536581956;155 702 783;B01;3;7;0;0;8;15;1
536581956;155 702 786;A01;3;7;0;0;8;15;1
536581957;155 702 782;A01;1;7;4;0;3;2;1
536581958;155 702 781;A01;2;7;6;0;1;1;1
536581959;155 702 780;A01;1;33;1;0;7;14;1
536581960;155 702 777;B01;1;7;0;2;4;1;1
536581960;155 702 779;A01;1;7;0;2;1;1;1
536581961;155 702 776;A01;3;1;0;2;7;15;5
536581961;155 702 778;B01;3;7;0;9;2;1;1
536581962;155 702 773;B01;3;7;0;2;3;0;0
536581962;155 702 775;A01;3;2;0;2;0;0;1
536581963;155 702 771;A01;1;7;4;0;4;23;1
536581963;155 702 774;B01;1;7;1;0;1;2;2
536581964;155 702 768;A01;1;7;3;0;0;0;1
536581965;155 702 767;B01;1;15;0;2;3;1;1
536581965;155 702 769;C01;1;15;0;2;4;23;1
536581965;155 702 770;D01;1;14;0;2;1;2;1
536581965;155 702 772;A01;2;7;0;2;3;13;1
536581966;155 702 765;A01;1;33;0;2;3;2;1
536581966;155 702 766;Z01;2;10;0;0;0;0;0
536581967;155 702 762;B01;1;14;0;2;2;1;1
536581967;155 702 764;A01;2;7;0;2;1;13;3
536581968;155 702 760;A01;1;7;0;2;8;15;0
536581968;155 702 763;B01;1;33;0;2;7;17;1
536581969;155 702 761;A01;1;7;4;0;1;26;1
536581970;155 702 759;A01;2;10;6;0;1;1;1
536581971;155 702 756;A01;2;7;4;0;1;1;1
536581972;155 702 755;A01;1;7;0;2;1;9;0
536581972;155 702 757;B01;1;2;0;2;1;1;0
536581973;155 702 752;A01;0;7;0;0;3;2;1
536581973;155 702 753;B01;0;50;0;0;1;2;3
536581974;155 702 749;A01;2;2;0;2;0;13;1
536581974;155 702 750;B01;1;7;0;2;3;1;0
536581975;155 702 748;A01;2;15;0;2;2;21;1
536581975;155 702 751;B01;2;7;0;2;4;2;1
536581975;155 702 754;C01;2;7;0;2;4;2;1
536581975;155 702 758;D01;2;10;0;2;5;2;1
536581976;155 702 745;A01;2;10;8;0;1;0;1
536581977;155 702 746;A01;3;7;0;2;1;1;1
536581977;155 702 747;B01;3;80;0;2;7;1;3
536581978;155 702 743;A01;1;7;0;1;1;2;1
536581979;155 702 739;A01;1;7;0;2;1;1;1
536581979;155 702 740;B01;1;17;0;0;4;1;1
536581980;155 702 741;A01;2;7;0;2;0;1;1
536581980;155 702 744;B01;1;30;0;2;0;0;1
536581981;155 702 735;A01;3;7;0;2;8;19;1
536581981;155 702 737;B01;2;32;0;2;1;1;1
536581982;155 702 734;B01;1;7;0;2;3;1;1
536581982;155 702 736;C01;1;7;8;2;3;1;1
536581982;155 702 738;A01;2;10;0;2;3;1;1
536581983;155 702 733;A01;3;7;13;0;3;0;1
536581984;155 702 729;A01;1;7;0;2;3;19;1
536581984;155 702 732;B01;2;31;0;2;1;1;1
536581985;155 702 728;A01;3;15;0;2;1;1;6
536581985;155 702 730;B01;3;7;0;2;1;1;6
536581986;155 702 731;A01;1;37;0;9;1;19;1
536581987;155 702 727;A01;2;7;2;0;9;0;2
536581988;155 702 725;A01;1;7;0;1;2;15;1
536581989;155 702 726;A01;1;7;0;1;2;1;1
536581990;155 702 723;B01;1;1;0;2;4;0;5
536581990;155 702 724;A01;1;7;0;2;1;1;1
536581991;155 702 721;A01;1;33;0;2;2;17;1
536581991;155 702 722;B01;1;2;0;2;6;17;1
536581992;155 702 720;A01;1;7;0;1;2;1;1
536581993;155 702 717;B01;1;7;0;2;1;1;1
536581993;155 702 718;A01;2;7;0;2;1;5;1
536581994;155 702 716;B01;1;33;0;2;0;0;1
536581994;155 702 719;A01;2;7;0;2;0;1;1
536581995;155 702 714;A01;1;7;0;2;3;1;2
536581995;155 702 715;B01;2;7;0;2;3;1;1
536581996;155 702 712;B01;1;1;0;0;0;21;5
536581996;155 702 713;A01;2;1;0;0;0;21;5
536581997;155 702 711;A01;1;7;0;1;0;1;1
536581998;155 702 708;A01;1;7;2;0;3;15;1
536581999;155 702 709;B01;2;7;0;2;1;1;1
536581999;155 702 710;A01;3;7;9;2;8;15;1
536582000;155 702 703;B01;2;33;0;2;1;1;1
536582000;155 702 706;A01;1;10;0;2;1;1;3
536582001;155 702 702;B01;1;7;0;2;1;1;1
536582001;155 702 704;A01;1;10;0;2;4;1;1
536582002;155 702 701;B01;2;7;0;2;1;1;1
536582002;155 702 705;A01;3;7;0;2;3;9;1
536582003;155 702 700;A01;3;1;0;1;1;25;5
536582004;155 702 698;A01;1;10;0;1;2;26;1
536582005;155 702 697;A01;3;33;0;1;8;1;1
536582006;155 702 696;B01;1;7;0;2;3;0;2
536582006;155 702 699;A01;2;7;0;2;3;13;1
536582007;155 702 691;A01;1;7;0;2;3;1;1
536582007;155 702 694;B01;2;50;0;2;1;8;3
536582008;155 702 693;A01;1;7;0;2;2;1;1
536582008;155 702 695;B01;0;1;0;2;1;19;5
536582009;155 702 690;B01;1;7;0;2;1;0;1
536582009;155 702 692;A01;2;7;0;0;8;0;1
536582010;155 702 685;A01;1;33;0;2;1;2;1
536582010;155 702 688;B01;1;33;0;2;4;21;1
536582011;155 702 681;B01;1;7;0;2;1;0;1
536582011;155 702 682;A01;1;7;0;2;4;1;1
536582012;155 702 680;B01;2;7;0;2;3;1;1
536582012;155 702 683;C01;2;7;0;2;1;1;1
536582012;155 702 684;D01;1;7;0;2;1;1;3
536582012;155 702 686;A01;1;7;0;2;3;13;1
536582013;155 702 677;A01;1;7;0;2;4;1;1
536582014;155 702 676;A01;2;7;1;0;4;23;1
536582014;155 702 678;B01;2;10;1;0;1;1;1
536582015;155 702 675;A01;1;7;0;0;9;13;1
536582016;155 702 672;B01;2;33;0;2;7;1;1
536582016;155 702 674;A01;2;7;0;2;6;13;1
536582017;155 702 670;C01;2;7;16;2;4;2;1
536582017;155 702 671;A01;2;7;0;2;1;2;1
536582017;155 702 673;B01;2;7;0;2;4;2;1
536582018;155 702 667;A01;1;7;0;2;5;16;1
536582018;155 702 668;B01;1;1;0;2;8;1;5
536582019;155 702 663;A01;2;7;0;2;1;5;1
536582019;155 702 665;B01;1;7;0;2;3;1;1
536582020;155 702 664;C01;2;7;0;2;4;2;1
536582020;155 702 666;B01;2;13;0;2;4;2;1
536582020;155 702 669;A01;1;10;0;2;1;2;1
536582021;155 702 661;A01;2;7;0;2;3;1;1
536582021;155 702 662;B01;2;1;0;2;1;16;5
536582022;155 702 658;A01;1;7;0;2;4;2;1
536582022;155 702 659;B01;1;7;0;2;4;2;1
536582022;155 702 660;C01;1;7;0;2;1;1;1
536582023;155 702 656;A01;2;7;8;0;1;14;1
536582024;155 702 657;A01;1;7;13;0;9;11;1
536582025;155 702 654;B01;1;7;0;2;1;2;2
536582025;155 702 655;A01;1;7;0;2;4;23;1
536582026;155 702 651;A01;0;7;0;2;3;26;1
536582026;155 702 653;B01;0;2;0;2;7;15;3
536582027;155 702 650;A01;1;33;3;0;7;0;1
536582028;155 702 649;A01;1;7;0;2;2;1;1
536582028;155 702 652;B01;1;7;0;2;4;1;1
536582029;155 702 644;A01;2;33;0;2;2;2;1
536582029;155 702 647;B01;2;33;0;0;6;15;1
536582030;155 702 643;B01;1;10;0;2;1;2;1
536582030;155 702 646;C01;1;7;0;2;4;2;1
536582030;155 702 648;A01;1;7;0;2;4;2;1
536582031;155 702 640;A01;1;7;0;2;4;12;1
536582031;155 702 641;B01;1;10;0;2;1;1;1
536582031;155 702 642;C01;1;7;0;2;4;1;1
536582031;155 702 645;D01;1;14;0;2;1;11;1
536582032;155 702 637;A01;2;7;4;2;2;26;1
536582032;155 702 638;B01;2;15;4;0;8;0;1
536582033;155 702 636;B01;2;33;0;2;1;1;1
536582033;155 702 639;A01;2;7;0;2;5;15;1
536582034;155 702 634;A01;1;7;0;2;1;14;1
536582034;155 702 635;B01;1;7;0;2;8;1;1
536582035;155 702 631;A01;2;7;4;2;3;2;1
536582035;155 702 633;B01;2;15;4;2;2;2;1