Num_Acc;id_vehicule;num_veh;senc;catv;obs;obsm;choc;manv;motor
536582036;155 702 630;A01;1;7;0;2;1;1;1
536582036;155 702 632;B01;1;7;0;2;3;1;1
536582037;155 702 628;A01;2;7;0;2;4;11;1
536582037;155 702 629;B01;2;7;0;2;1;1;1
536582038;155 702 627;A01;2;7;0;2;4;1;1
536582039;155 702 623;B01;3;30;0;0;9;1;1
536582039;155 702 626;A01;3;7;0;2;2;15;1
536582040;155 702 624;B01;1;7;4;2;8;1;1
536582040;155 702 625;A01;1;7;0;2;2;12;2
536582041;155 702 622;A01;1;33;0;0;8;9;0
536582042;155 702 621;A01;2;10;13;0;9;16;1
536582043;155 702 620;A01;3;99;0;0;0;23;5
536582044;155 702 616;B01;1;7;0;2;6;0;2
536582044;155 702 619;A01;1;10;0;2;2;14;1
536582045;155 702 617;A01;2;33;0;2;0;0;1
536582045;155 702 618;B01;2;7;0;2;3;2;1
536582046;155 702 613;C01;2;7;0;2;6;3;1
536582046;155 702 614;A01;2;33;0;2;1;3;1
536582046;155 702 615;B01;2;7;0;2;6;1;1
536582047;155 702 609;A01;2;33;13;2;8;14;1
536582047;155 702 610;B01;2;7;0;9;3;1;2
536582048;155 702 612;A01;1;10;4;0;3;0;1
536582049;155 702 607;B01;0;1;0;2;5;0;5
536582049;155 702 608;A01;3;3;0;9;3;9;1
536582050;155 702 606;A01;2;7;0;2;1;15;1
536582050;155 702 611;B01;1;10;0;2;1;1;1
536582051;155 702 604;A01;1;32;2;2;0;17;1
536582052;155 702 603;A01;2;7;0;1;2;1;1
536582053;155 702 602;A01;2;7;0;2;3;1;1
536582053;155 702 605;B01;1;7;0;2;3;13;1
536582054;155 702 601;A01;1;7;0;0;1;1;1
536582055;155 702 598;B01;1;33;0;2;7;1;1
536582055;155 702 600;A01;1;7;0;2;1;15;1
536582056;155 702 596;A01;1;7;0;2;2;14;1
536582056;155 702 599;B01;1;7;0;2;1;0;1
536582057;155 702 595;A01;1;7;0;2;2;13;1
536582057;155 702 597;B01;2;17;0;2;1;23;1
536582058;155 702 594;A01;2;7;0;2;1;26;1
536582059;155 702 592;A01;1;7;4;0;1;1;1
536582060;155 702 590;A01;1;7;0;2;1;19;1
536582060;155 702 593;B01;1;7;0;2;7;1;1
536582061;155 702 588;A01;1;7;3;0;6;1;1
536582062;155 702 587;A01;2;7;2;2;1;1;2
536582062;155 702 591;B01;1;7;0;2;3;15;1
536582063;155 702 586;A01;2;7;0;2;1;7;1
536582063;155 702 589;B01;2;7;0;2;5;16;1
536582064;155 702 585;A01;2;33;2;0;0;1;1
536582065;155 702 583;A01;1;7;15;0;1;13;1
536582066;155 702 582;A01;3;7;0;2;7;1;2
536582066;155 702 584;B01;3;7;0;2;1;1;2
536582067;155 702 580;A01;1;33;0;2;7;17;1
536582067;155 702 581;B01;1;7;0;2;3;15;1
536582068;155 702 575;A01;3;30;0;2;1;1;1
536582068;155 702 579;B01;1;7;0;2;2;1;1
536582069;155 702 573;A01;1;7;1;0;2;1;1
536582070;155 702 574;B01;1;1;0;9;1;21;5
536582070;155 702 577;A01;1;50;0;9;1;5;3
536582071;155 702 571;A01;1;7;0;2;8;2;1
536582071;155 702 572;B01;1;7;0;2;1;2;1
536582071;155 702 576;C01;1;7;0;2;1;2;1
536582071;155 702 578;D01;1;7;0;2;1;2;1
536582072;155 702 569;A01;1;7;4;0;1;12;1
536582073;155 702 565;A01;1;7;0;2;8;9;1
536582073;155 702 568;B01;1;7;0;2;2;0;1
536582074;155 702 567;B01;2;2;0;2;1;1;1
536582074;155 702 570;A01;2;7;0;9;3;15;1
536582075;155 702 563;A01;1;30;0;2;1;2;3
536582075;155 702 564;B01;1;7;0;2;5;2;1
536582076;155 702 562;A01;2;14;0;2;2;11;1
536582076;155 702 566;B01;2;17;0;0;6;1;1
536582077;155 702 560;A01;1;33;0;2;7;17;1
536582077;155 702 561;B01;1;7;0;2;5;2;3
536582078;155 702 558;B01;1;21;0;2;3;15;1
536582078;155 702 559;A01;1;32;0;2;1;17;1
536582079;155 702 555;A01;1;33;0;2;1;13;1
536582079;155 702 556;B01;2;7;0;2;3;1;1
536582080;155 702 557;A01;3;30;14;0;1;1;1
536582081;155 702 551;B01;2;10;0;2;3;1;1
536582081;155 702 554;A01;1;10;0;2;2;1;1
536582082;155 702 550;A01;2;7;0;2;2;1;1
536582082;155 702 553;B01;1;7;0;2;1;1;1
536582083;155 702 549;A01;1;7;2;0;1;1;1
536582084;155 702 552;A01;1;7;15;0;2;1;1
536582085;155 702 544;A01;1;7;0;2;1;1;1
536582085;155 702 548;B01;2;7;0;2;8;1;1
536582086;155 702 541;A01;1;7;14;2;1;1;1
536582086;155 702 545;B01;1;7;0;2;4;1;1
536582086;155 702 547;C01;1;7;0;2;0;0;1
536582087;155 702 540;A01;2;37;0;2;6;1;2
536582087;155 702 543;B01;3;1;0;2;1;19;5
536582088;155 702 542;A01;1;10;0;2;1;19;1
536582088;155 702 546;B01;2;1;0;0;7;15;5
536582089;155 702 539;A01;3;37;0;1;2;26;4
536582090;155 702 537;A01;1;7;0;2;1;0;1
536582091;155 702 536;A01;3;7;15;1;5;1;1
536582092;155 702 534;A01;1;7;2;0;1;1;1
536582093;155 702 533;C01;3;7;0;2;4;1;1
536582093;155 702 535;B01;3;7;0;2;4;2;1
536582093;155 702 538;A01;0;7;0;2;1;2;2
536582094;155 702 532;A01;0;7;0;1;0;0;0
536582095;155 702 530;A01;3;1;0;0;0;1;5
536582096;155 702 531;A01;2;7;1;0;1;1;1
536582097;155 702 524;A01;1;3;13;0;1;21;1
536582098;155 702 526;C01;3;7;0;2;1;26;1
536582098;155 702 528;A01;3;7;0;2;4;0;1
536582098;155 702 529;B01;3;7;0;2;1;0;1
536582099;155 702 523;B01;3;7;0;2;7;1;1
536582099;155 702 527;A01;3;7;0;2;2;15;1
536582100;155 702 522;B01;2;7;0;2;1;1;1
536582100;155 702 525;A01;0;7;0;2;3;15;1
536582101;155 702 520;A01;1;7;0;0;0;1;1
536582102;155 702 517;B01;0;1;0;2;3;1;5
536582102;155 702 521;A01;1;7;0;2;1;15;1
536582103;155 702 515;A01;3;30;0;2;1;1;1
536582103;155 702 518;B01;3;7;0;2;1;15;1
536582104;155 702 516;A01;1;7;0;2;3;19;1
536582104;155 702 519;B01;1;1;0;2;4;1;5
536582105;155 702 511;B01;3;7;0;2;3;15;1
536582105;155 702 513;A01;3;7;0;2;1;1;1
536582106;155 702 509;A01;1;7;2;0;2;1;1
536582107;155 702 506;A01;2;7;0;1;3;1;1
536582108;155 702 504;B01;3;7;0;2;2;0;0
536582108;155 702 508;A01;3;7;0;2;3;15;0
536582109;155 702 507;A01;3;33;0;0;1;14;1
536582110;155 702 500;A01;1;7;0;2;1;2;1
536582110;155 702 503;B01;1;7;0;2;6;26;1
536582110;155 702 505;C01;1;7;0;2;4;26;1
536582111;155 702 499;A01;1;7;0;9;1;16;1
536582111;155 702 502;B01;1;1;0;2;5;1;5
536582112;155 702 501;A01;0;33;1;0;2;1;1
536582113;155 702 497;A01;1;7;0;1;4;4;2
536582114;155 702 496;A01;0;10;8;0;3;0;1
536582115;155 702 494;B01;3;33;1;0;3;13;1
536582116;155 702 492;A01;1;7;0;2;5;16;1
536582116;155 702 493;B01;1;30;0;2;3;1;1
536582117;155 702 490;A01;2;7;4;0;5;26;1
536582118;155 702 489;A01;1;33;0;2;1;13;1
536582118;155 702 491;B01;2;7;0;2;2;1;1
536582119;155 702 485;A01;3;7;0;2;2;0;1
536582119;155 702 487;B01;3;80;0;2;1;19;2
536582120;155 702 486;A01;2;7;0;2;1;15;1
536582120;155 702 488;B01;1;33;0;2;1;1;1
536582121;155 702 482;A01;1;7;0;2;2;15;1
536582121;155 702 484;B01;2;30;0;2;1;1;3
536582122;155 702 479;A01;2;7;0;2;2;20;1
536582122;155 702 483;B01;1;2;0;2;1;1;1
536582123;155 702 478;A01;2;7;3;2;1;1;1
536582123;155 702 480;B01;1;7;0;2;1;1;1
536582124;155 702 477;A01;1;7;0;2;1;1;1
536582124;155 702 481;B01;1;7;0;0;0;0;1
536582125;155 702 474;A01;0;7;0;2;4;2;1
536582125;155 702 475;B01;0;7;14;2;1;2;0
536582126;155 702 473;A01;3;30;0;1;1;1;1
536582127;155 702 471;A01;2;7;0;2;1;1;1
536582127;155 702 476;B01;2;30;0;2;3;0;1
536582128;155 702 465;B01;1;50;0;2;1;1;3
536582128;155 702 468;A01;1;7;0;2;3;1;1
536582129;155 702 464;A01;1;34;0;2;1;17;1
536582129;155 702 467;B01;1;7;0;2;6;15;1
536582130;155 702 462;A01;1;7;5;2;0;17;1
536582130;155 702 466;B01;1;7;5;2;0;1;1
536582131;155 702 461;A01;2;7;0;2;3;1;1
536582131;155 702 463;B01;2;7;14;2;2;12;1
536582132;155 702 459;A01;3;33;13;9;1;17;1
536582133;155 702 458;A01;2;7;0;2;3;16;2
536582133;155 702 470;B01;2;7;0;2;2;1;1
536582134;155 702 457;A01;2;7;0;2;1;19;2
536582134;155 702 460;B01;1;1;0;2;7;1;5
536582135;155 702 455;A01;0;2;0;0;0;1;3
536582136;155 702 453;B01;1;30;0;2;1;5;1
536582136;155 702 456;A01;2;7;0;2;2;1;1
536582137;155 702 454;A01;2;7;3;0;8;2;1
536582138;155 702 451;A01;1;1;0;1;2;9;5
536582139;155 702 449;B01;2;10;0;2;1;1;1
536582139;155 702 452;A01;1;10;0;2;3;15;1
536582140;155 702 447;A01;3;7;0;1;1;16;1
536582141;155 702 446;A01;1;7;2;2;1;17;1
536582141;155 702 450;B01;2;33;0;2;1;1;1
536582142;155 702 445;A01;1;15;0;2;7;16;1
536582142;155 702 448;B01;1;7;0;2;8;1;3
536582143;155 702 442;A01;1;38;0;0;7;14;1
536582144;155 702 439;A01;1;7;3;2;1;17;1
536582144;155 702 444;B01;1;7;3;2;4;1;1
536582145;155 702 437;A01;2;33;0;2;2;17;1
536582145;155 702 440;B01;2;7;0;2;3;15;1
536582146;155 702 441;A01;2;7;12;0;3;26;2
536582146;155 702 443;B01;1;2;0;2;1;5;1
536582147;155 702 432;A01;1;7;13;0;3;1;1
536582148;155 702 431;A01;3;7;0;2;1;1;1
536582148;155 702 435;B01;3;7;0;2;8;1;1
536582149;155 702 430;A01;2;7;1;2;1;1;1
536582149;155 702 433;B01;2;7;1;2;4;1;1
536582149;155 702 436;D01;2;7;0;2;4;1;1
536582149;155 702 438;C01;2;7;1;2;4;1;1
536582150;155 702 428;B01;2;1;0;2;1;1;5
536582150;155 702 434;C01;1;7;0;2;7;15;1
536582151;155 702 426;A01;1;31;0;0;8;13;1
536582152;155 702 425;A01;3;7;0;2;5;1;1
536582152;155 702 429;B01;3;33;0;2;1;1;1
536582153;155 702 424;A01;1;7;4;0;3;0;1
536582154;155 702 423;B01;3;7;0;2;7;1;1
536582154;155 702 427;A01;2;10;0;2;1;19;1
536582155;155 702 418;A01;2;30;0;2;1;2;1
536582155;155 702 421;B01;2;7;0;2;4;2;2
536582156;155 702 417;A01;1;7;0;2;2;2;1
536582156;155 702 420;B01;1;33;7;2;1;2;1
536582157;155 702 416;A01;1;7;0;2;4;26;2
536582157;155 702 419;B01;1;7;0;2;1;2;1
536582158;155 702 415;A01;2;7;0;2;3;13;1
536582158;155 702 422;B01;1;7;0;2;3;1;1
536582159;155 702 410;B01;2;7;0;2;3;15;1
536582159;155 702 413;A01;2;33;0;2;2;17;1
536582160;155 702 409;A01;1;7;0;2;9;17;1
536582160;155 702 414;B01;1;7;0;2;4;1;1
536582161;155 702 408;A01;2;7;0;2;6;1;1
536582161;155 702 411;B01;2;31;0;2;2;3;1
536582162;155 702 407;B01;1;33;0;2;1;1;1
536582162;155 702 412;A01;0;7;0;2;7;19;2
536582163;155 702 405;A01;2;7;0;0;9;1;1
536582164;155 702 401;A01;1;33;0;0;8;26;1
536582165;155 702 398;A01;1;7;8;2;1;0;1
536582165;155 702 403;B01;1;7;0;2;6;0;1
536582166;155 702 394;B01;3;7;0;2;3;19;1
536582166;155 702 399;A01;1;7;0;2;2;1;1
536582167;155 702 392;A01;2;33;0;2;1;2;1
536582167;155 702 396;B01;2;7;0;2;4;2;1
536582168;155 702 391;A01;3;7;0;0;2;1;1
536582168;155 702 395;B01;3;1;0;2;1;19;5
536582169;155 702 387;A01;1;7;0;0;4;1;1
536582169;155 702 390;B01;1;7;0;2;1;1;1
536582169;155 702 393;C01;1;7;0;2;3;21;1
536582169;155 702 397;D01;1;7;0;2;1;21;1
536582169;155 702 400;E01;1;7;0;2;6;24;1
536582169;155 702 404;F01;1;0;0;2;1;0;0
536582170;155 702 385;A01;2;7;0;2;8;13;1
536582170;155 702 386;B01;2;33;0;2;1;3;1
536582171;155 702 384;B01;2;33;0;2;1;1;1
536582171;155 702 389;A01;1;7;0;2;2;0;3
536582172;155 702 383;A01;3;7;0;2;5;10;1
536582172;155 702 388;B01;3;7;0;2;3;1;1
536582173;155 702 380;A01;1;21;0;2;3;5;0
536582173;155 702 382;B01;1;10;0;2;3;1;0
536582174;155 702 376;A01;1;7;0;2;4;17;1
536582174;155 702 379;C01;1;1;0;9;6;1;5
536582174;155 702 381;B01;1;99;0;2;1;1;1
536582175;155 702 374;A01;1;7;4;0;3;1;1
536582176;155 702 372;A01;2;7;13;0;3;13;1
536582177;155 702 373;A01;1;50;0;2;1;13;3
536582177;155 702 375;B01;1;7;0;2;2;1;0
536582178;155 702 371;A01;2;1;0;0;0;0;5
536582179;155 702 377;A01;0;7;0;2;3;9;1
536582179;155 702 378;B01;1;33;0;2;2;0;1
536582180;155 702 367;A01;1;7;8;0;2;1;1
536582181;155 702 365;A01;2;7;0;2;2;2;1
536582181;155 702 369;B01;2;1;0;2;4;1;5
536582182;155 702 363;A01;2;10;8;2;1;9;1
536582182;155 702 366;B01;2;7;8;2;4;0;1
536582182;155 702 370;C01;2;33;8;2;1;1;1
536582183;155 702 364;B01;0;7;0;2;4;23;1
536582183;155 702 368;A01;0;30;0;2;1;2;1
536582184;155 702 361;A01;2;36;0;0;8;26;1
536582185;155 702 360;A01;0;7;0;1;1;1;1
536582186;155 702 356;B01;3;7;0;2;8;1;1
536582186;155 702 362;A01;3;50;0;2;1;1;3
536582187;155 702 353;B01;2;7;0;2;1;2;1
536582187;155 702 357;A01;1;7;13;2;1;13;1
536582188;155 702 354;A01;2;50;8;2;1;15;3
536582188;155 702 358;B01;1;7;0;2;3;1;1
536582189;155 702 352;A01;1;7;0;2;4;2;3
536582189;155 702 355;B01;1;7;0;2;1;2;1
536582189;155 702 359;C01;1;7;0;2;4;2;1
536582190;155 702 350;A01;1;7;0;9;8;1;1
536582190;155 702 351;B01;1;1;0;2;1;1;5
536582191;155 702 349;A01;2;7;2;0;0;13;1
536582192;155 702 348;A01;0;10;0;1;5;4;1
536582193;155 702 343;A01;0;10;0;2;1;1;1
536582193;155 702 347;B01;0;7;0;2;3;1;1
536582194;155 702 341;A01;1;43;0;2;1;2;1
536582194;155 702 344;B01;1;33;0;2;4;2;1
536582195;155 702 345;Z01;0;7;0;1;0;15;0
536582196;155 702 342;B01;1;7;0;2;7;1;1
536582196;155 702 346;A01;2;7;0;2;1;9;1
536582197;155 702 337;A01;3;7;0;2;5;0;1
536582197;155 702 339;B01;3;10;0;2;1;0;1
536582198;155 702 338;A01;1;7;0;2;1;9;1
536582198;155 702 340;B01;1;7;0;2;8;1;1
536582199;155 702 336;A01;1;10;0;1;3;1;1
536582200;155 702 332;A01;1;7;0;1;0;1;0
536582201;155 702 331;A01;3;7;0;2;7;11;1
536582201;155 702 335;B01;2;33;0;2;1;1;1
536582202;155 702 329;A01;2;10;0;2;1;15;1
536582202;155 702 333;B01;2;31;0;2;1;1;1
536582203;155 702 327;B01;2;2;0;2;1;1;1
536582203;155 702 334;A01;1;7;0;2;5;15;1
536582204;155 702 328;B01;2;1;0;2;3;2;5
536582204;155 702 330;A01;1;14;0;2;8;1;1
536582205;155 702 324;A01;1;1;0;2;1;1;5
536582205;155 702 326;B01;2;1;0;2;1;1;5
536582206;155 702 325;A01;1;7;0;1;1;1;1
536582207;155 702 322;A01;3;31;0;2;2;1;1
536582207;155 702 323;Z01;3;7;0;2;0;0;0
536582208;155 702 318;A01;2;7;0;2;2;1;1
536582208;155 702 321;B01;2;7;0;2;4;16;1
536582209;155 702 317;A01;2;7;0;2;1;5;2
536582209;155 702 319;B01;1;10;0;2;8;1;1
536582210;155 702 315;B01;2;33;0;2;1;1;1
536582210;155 702 316;A01;1;7;0;2;8;0;1
536582211;155 702 313;A01;2;7;4;0;2;1;1
536582212;155 702 311;A01;2;7;8;0;1;1;1
536582213;155 702 312;A01;2;30;0;1;1;1;1
536582214;155 702 308;A01;1;7;0;2;1;1;1
536582214;155 702 310;B01;2;7;0;2;2;19;1
536582215;155 702 309;A01;2;7;0;2;4;2;1
536582215;155 702 314;B01;2;7;0;2;4;1;1
536582216;155 702 302;A01;1;1;0;2;2;1;5
536582216;155 702 306;B01;2;10;0;2;3;15;0
536582217;155 702 301;A01;1;7;8;0;1;1;1
536582218;155 702 304;A01;1;10;0;2;1;13;1
536582218;155 702 305;B01;2;7;0;2;3;1;1
536582218;155 702 307;C01;2;7;0;2;1;1;1
536582219;155 702 303;A01;3;7;8;0;1;1;1
536582220;155 702 300;A01;2;10;0;1;2;17;1
536582221;155 702 298;A01;1;14;15;0;3;0;0
536582222;155 702 297;A01;1;7;0;2;4;9;1
536582222;155 702 299;B01;1;7;0;2;1;9;2
536582223;155 702 296;A01;2;1;0;0;0;23;5
536582224;155 702 293;B01;2;7;0;2;1;1;0
536582224;155 702 295;A01;1;1;0;2;2;15;5
536582225;155 702 290;A01;0;2;0;2;3;11;1
536582225;155 702 294;B01;0;7;0;2;7;1;1
536582226;155 702 289;B01;1;37;0;2;4;23;1
536582226;155 702 291;A01;1;7;0;2;1;1;1
536582227;155 702 287;A01;2;2;3;0;7;1;1
536582228;155 702 288;A01;2;34;0;2;1;1;1
536582228;155 702 292;B01;3;7;0;2;1;15;1
536582229;155 702 285;A01;1;7;0;2;4;4;1
536582229;155 702 286;B01;1;2;0;2;1;2;1
536582230;155 702 281;A01;1;7;0;9;6;23;1
536582230;155 702 284;B01;1;1;0;2;1;2;5
536582231;155 702 279;A01;1;7;13;0;1;0;1
536582232;155 702 278;A01;1;7;0;9;3;1;0
536582232;155 702 282;B01;2;33;0;2;3;1;1
536582233;155 702 280;A01;1;33;0;2;3;17;1
536582233;155 702 283;B01;2;7;0;2;3;1;1
536582234;155 702 274;A01;3;7;0;2;6;10;2
536582234;155 702 276;B01;3;43;0;2;1;1;1
536582235;155 702 273;A01;2;1;0;2;0;0;5
536582235;155 702 277;B01;3;50;0;2;0;0;3
536582236;155 702 271;B01;1;33;0;2;1;1;1
536582236;155 702 275;A01;2;7;0;2;8;9;2
536582237;155 702 272;A01;1;31;0;0;9;21;1
536582238;155 702 270;A01;1;7;0;1;8;1;1
536582239;155 702 269;A01;1;7;0;1;1;1;1
536582240;155 702 265;B01;1;14;0;0;4;2;1
536582240;155 702 267;A01;1;10;0;2;1;17;1
536582241;155 702 264;A01;0;7;0;2;7;9;1
536582241;155 702 266;B01;0;33;0;2;1;1;1
536582242;155 702 263;A01;2;7;0;2;8;1;1
536582242;155 702 268;B01;1;33;0;2;1;1;1
536582243;155 702 262;A01;1;0;0;1;8;2;0
536582244;155 702 259;A01;2;7;0;1;3;1;1
536582245;155 702 258;A01;0;7;14;0;1;1;1
536582246;155 702 256;A01;1;7;0;2;7;15;1
536582246;155 702 260;B01;2;32;0;2;1;0;1
536582247;155 702 255;B01;2;50;0;2;0;0;3
536582247;155 702 261;A01;2;7;0;9;3;0;1
536582248;155 702 254;A01;1;7;0;2;6;15;1
536582248;155 702 257;B01;2;34;0;2;2;21;1
536582249;155 702 253;A01;1;1;12;0;0;14;5
536582250;155 702 251;B01;1;80;0;2;1;1;3
536582250;155 702 252;A01;2;7;0;2;1;26;1
536582251;155 702 249;B01;2;10;0;2;1;1;1
536582251;155 702 250;A01;2;1;0;2;1;5;5
536582252;155 702 241;B01;2;32;0;2;3;1;1
536582252;155 702 244;A01;2;7;0;2;5;2;1
536582253;155 702 242;B01;1;2;0;2;2;1;1
536582253;155 702 246;A01;2;7;0;2;3;9;1
536582254;155 702 239;A01;1;7;0;0;4;23;1
536582254;155 702 247;B01;1;7;1;0;1;2;1
536582255;155 702 238;D01;0;10;0;2;4;1;1
536582255;155 702 240;A01;3;7;0;2;1;1;0
536582255;155 702 245;B01;3;7;0;2;6;1;1
536582255;155 702 248;C01;3;7;0;2;4;1;1
536582256;155 702 237;A01;2;7;0;2;1;2;1
536582256;155 702 243;B01;2;7;0;2;4;15;1
536582257;155 702 236;A01;1;50;0;0;0;0;3
536582258;155 702 233;A01;1;7;0;9;1;15;1
536582258;155 702 235;B01;2;99;0;2;8;1;0
536582259;155 702 229;A01;1;43;0;2;3;17;1
536582259;155 702 232;B01;1;10;0;2;6;15;1
536582260;155 702 228;A01;2;33;13;0;7;1;1
536582261;155 702 226;A01;0;80;0;0;0;0;3
536582262;155 702 225;B01;1;15;0;2;7;12;0
536582262;155 702 227;A01;1;33;0;2;8;1;1
536582262;155 702 230;C01;1;7;0;2;7;1;2
536582262;155 702 231;D01;1;7;0;2;7;1;1
536582262;155 702 234;E01;1;10;0;2;4;1;1
536582263;155 702 224;A01;3;40;0;1;5;1;3
536582264;155 702 221;B01;2;80;0;2;2;5;3
536582264;155 702 223;A01;1;7;0;2;2;16;1
536582265;155 702 217;B01;3;7;0;2;1;1;1
536582265;155 702 222;A01;2;7;0;2;2;1;1
536582266;155 702 218;A01;1;14;0;2;1;15;1
536582266;155 702 220;B01;2;1;0;2;1;1;5
536582267;155 702 213;A01;0;7;0;2;1;1;1
536582267;155 702 214;B01;0;7;0;2;4;23;1
536582268;155 702 210;A01;3;7;0;1;1;1;1
536582269;155 702 211;A01;1;7;13;0;3;13;1
536582270;155 702 208;A01;1;7;0;2;1;17;2
536582270;155 702 215;B01;1;7;0;2;1;1;1
536582270;155 702 216;C01;2;15;0;2;1;1;1
536582270;155 702 219;D01;2;7;0;2;1;1;1
536582271;155 702 204;A01;1;33;13;0;2;1;1
536582272;155 702 205;A01;3;10;0;1;3;15;1
536582273;155 702 202;A01;0;10;0;2;1;9;1
536582273;155 702 207;B01;0;7;0;2;7;1;1
536582274;155 702 200;B01;1;50;0;2;1;19;3
536582274;155 702 203;A01;1;10;0;2;7;1;1
536582275;155 702 199;A01;2;7;16;0;0;1;1
536582276;155 702 201;A01;3;36;0;2;3;13;1
536582276;155 702 206;B01;3;31;0;2;1;1;1
536582277;155 702 198;A01;3;30;0;0;7;1;3
536582278;155 702 193;A01;1;33;0;0;2;21;1
536582279;155 702 191;A01;2;20;0;0;1;0;1
536582280;155 702 192;A01;1;7;0;2;7;12;1
536582280;155 702 196;B01;1;32;0;2;8;1;1
536582281;155 702 195;A01;1;7;0;1;1;1;1
536582282;155 702 188;A01;2;34;0;2;2;1;1
536582282;155 702 190;B01;3;7;0;2;3;1;1
536582283;155 702 186;A01;1;2;0;1;1;2;1
536582284;155 702 182;A01;1;7;0;2;4;1;1
536582284;155 702 183;B01;1;7;0;2;6;2;1
536582284;155 702 187;C01;1;7;0;2;1;2;1
536582284;155 702 189;D01;1;7;0;2;1;2;1
536582285;155 702 179;A01;1;1;0;0;0;1;5
536582286;155 702 176;A01;3;7;0;2;2;15;1
536582286;155 702 184;B01;2;33;0;2;7;2;1
536582287;155 702 180;A01;1;7;4;0;1;1;1
536582288;155 702 175;B01;1;50;0;2;1;1;3
536582288;155 702 178;A01;2;7;0;2;8;15;1
536582289;155 702 174;A01;2;7;0;2;1;2;1
536582289;155 702 177;D01;2;7;0;2;4;2;1
536582289;155 702 181;B01;2;7;0;2;4;2;1
536582289;155 702 185;C01;2;7;0;2;4;23;1
536582290;155 702 169;A01;1;31;16;0;7;13;1
536582291;155 702 166;A01;1;7;0;2;4;1;1
536582291;155 702 171;B01;1;7;0;2;4;1;1
536582291;155 702 172;C01;1;7;0;2;4;1;1
536582291;155 702 173;D01;1;7;0;2;1;1;1
536582292;155 702 164;B01;3;7;0;2;3;1;1
536582292;155 702 167;A01;3;7;0;2;3;1;1
536582293;155 702 163;A01;2;7;0;1;1;1;1
536582294;155 702 165;A01;2;30;0;2;1;1;1
536582294;155 702 170;B01;1;7;0;2;2;15;1
536582295;155 702 162;A01;3;7;1;0;8;0;1
536582295;155 702 168;B01;3;7;0;2;1;24;1
536582296;155 702 161;A01;2;17;0;0;8;1;1
536582297;155 702 160;A01;2;7;2;0;4;1;1
536582298;155 702 158;A01;2;7;2;0;1;1;1
536582299;155 702 157;A01;3;33;0;2;8;1;1
536582299;155 702 159;B01;3;7;0;2;2;12;1
536582300;155 702 152;A01;1;7;2;0;1;1;1
536582301;155 702 154;B01;2;33;0;2;8;3;1
536582301;155 702 156;A01;2;7;0;2;2;12;1
536582302;155 702 151;A01;1;33;12;0;8;16;1
536582303;155 702 153;A01;1;7;0;1;2;1;1
536582304;155 702 150;A01;2;7;0;2;1;1;1
536582304;155 702 155;B01;2;20;0;2;4;1;1
536582305;155 702 148;A01;2;10;0;2;4;1;0
536582305;155 702 149;B01;2;14;0;2;1;0;0
536582306;155 702 146;A01;1;34;0;0;0;1;1
536582307;155 702 143;A01;1;7;0;2;1;13;1
536582307;155 702 147;B01;2;7;0;2;1;13;1
536582308;155 702 142;A01;1;33;0;2;7;1;1
536582308;155 702 145;B01;1;7;0;2;8;15;2
536582309;155 702 141;A01;1;7;0;1;2;15;1
536582310;155 702 140;B01;1;32;0;2;1;1;1
536582310;155 702 144;A01;1;7;0;2;5;1;1
536582311;155 702 136;A01;2;30;0;2;7;12;1
536582311;155 702 139;B01;2;10;0;2;6;1;1
536582312;155 702 132;A01;3;7;0;0;2;1;1
536582313;155 702 130;B01;1;7;0;1;3;24;1
536582313;155 702 134;A01;1;10;1;0;2;1;1
536582314;155 702 131;A01;3;21;0;0;9;0;1
536582314;155 702 137;B01;3;7;0;0;2;1;1
536582315;155 702 129;A01;2;7;0;2;1;1;1
536582315;155 702 135;B01;2;7;0;2;4;1;1
536582315;155 702 138;C01;2;7;0;2;1;1;1
536582316;155 702 128;A01;1;7;0;0;1;15;1
536582316;155 702 133;B01;2;33;0;0;8;2;1
536582317;155 702 124;B01;1;7;0;2;8;1;1
536582317;155 702 127;A01;1;33;0;2;7;15;1
536582318;155 702 125;A01;2;10;0;2;7;2;3
536582318;155 702 126;B01;2;33;0;2;1;0;1
536582319;155 702 123;A01;1;33;0;0;1;21;1
536582320;155 702 122;A01;1;7;13;0;3;1;1
536582321;155 702 119;B01;1;33;0;2;1;3;1
536582321;155 702 121;A01;1;10;0;2;6;12;1
536582322;155 702 117;A01;1;7;0;2;7;1;1
536582322;155 702 120;B01;2;10;0;2;1;1;1
536582323;155 702 116;A01;2;7;17;0;1;0;1
536582324;155 702 115;A01;2;7;6;0;1;14;1
536582325;155 702 110;A01;2;7;0;2;6;15;1
536582325;155 702 114;B01;2;33;0;2;1;17;1
536582326;155 702 112;A01;1;7;0;2;3;11;2
536582326;155 702 113;B01;1;31;0;2;7;3;1
536582326;155 702 118;C01;1;7;0;2;4;1;1
536582327;155 702 109;A01;2;17;8;0;7;2;1
536582328;155 702 108;A01;2;43;0;2;1;3;1
536582328;155 702 111;B01;2;7;0;2;5;12;1
536582329;155 702 106;A01;2;7;0;1;3;1;1
536582330;155 702 105;B01;1;7;0;2;1;0;1
536582330;155 702 107;A01;2;3;0;2;2;15;1
536582331;155 702 101;A01;2;7;0;9;2;1;1
536582331;155 702 103;B01;2;1;0;0;4;1;5
536582332;155 702 100;A01;2;7;4;0;1;14;1
536582333;155 702 099;A01;1;7;0;2;1;2;1