Num_Acc;id_vehicule;num_veh;senc;catv;obs;obsm;choc;manv;motor
536582333;155 702 104;B01;1;7;0;2;4;2;1
536582334;155 702 096;A01;2;1;0;1;2;1;5
536582335;155 702 093;B01;1;7;0;2;4;23;1
536582335;155 702 095;A01;1;7;0;2;1;1;1
536582336;155 702 098;A01;0;14;0;2;5;16;1
536582336;155 702 102;B01;0;1;0;2;1;1;5
536582337;155 702 094;A01;1;7;6;0;3;1;1
536582338;155 702 097;A01;0;7;0;1;3;15;1
536582339;155 702 091;B01;2;17;0;2;4;2;1
536582339;155 702 092;A01;2;37;0;2;1;2;1
536582340;155 702 089;A01;1;7;13;0;1;1;1
536582341;155 702 087;A01;1;7;0;2;1;15;1
536582341;155 702 090;B01;2;31;0;2;2;1;1
536582342;155 702 082;A01;1;33;3;0;5;1;1
536582342;155 702 086;B01;2;33;0;2;0;1;1
536582343;155 702 080;A01;0;7;0;2;1;13;1
536582343;155 702 085;B01;0;7;0;2;1;1;1
536582344;155 702 083;A01;2;10;13;0;1;13;1
536582345;155 702 078;A01;2;7;0;2;2;1;1
536582345;155 702 081;B01;2;7;0;2;6;11;1
536582345;155 702 088;C01;2;7;0;2;1;2;2
536582346;155 702 075;A01;2;42;0;2;8;3;1
536582346;155 702 079;B01;2;7;0;2;7;12;1
536582346;155 702 084;C01;2;7;0;2;4;1;2
536582347;155 702 073;A01;2;7;0;2;5;22;2
536582347;155 702 077;B01;3;1;0;2;1;1;5
536582348;155 702 071;A01;1;7;2;0;1;1;1
536582349;155 702 070;A01;2;7;0;2;3;17;1
536582349;155 702 072;B01;1;33;0;2;1;1;1
536582350;155 702 068;A01;1;7;6;0;1;1;1
536582351;155 702 069;B01;2;99;7;2;3;1;0
536582351;155 702 074;C01;2;7;0;0;1;23;2
536582351;155 702 076;A01;1;10;9;2;1;1;1
536582352;155 702 065;B01;2;7;0;2;4;1;1
536582352;155 702 067;A01;2;7;0;2;1;1;1
536582353;155 702 064;A01;2;7;0;2;1;1;1
536582353;155 702 066;B01;1;7;0;2;1;1;1
536582354;155 702 063;A01;2;7;4;0;1;13;1
536582355;155 702 062;A01;1;1;12;0;1;2;5
536582356;155 702 059;A01;2;7;14;0;3;1;1
536582357;155 702 058;A01;1;7;0;2;1;1;1
536582357;155 702 060;B01;1;7;0;0;4;1;1
536582358;155 702 055;A01;2;7;0;2;3;9;1
536582358;155 702 061;B01;2;7;0;2;1;1;1
536582359;155 702 057;A01;3;7;0;1;2;15;1
536582360;155 702 054;A01;2;7;3;0;1;26;1
536582361;155 702 053;A01;1;7;4;0;1;21;1
536582362;155 702 051;A01;1;7;5;2;1;1;1
536582362;155 702 056;B01;1;7;0;2;6;1;1
536582363;155 702 052;A01;2;10;0;1;4;4;1
536582364;155 702 048;B01;1;7;0;2;3;1;1
536582364;155 702 050;A01;1;33;0;2;1;5;1
536582365;155 702 045;A01;1;7;1;0;0;0;1
536582366;155 702 044;A01;1;7;0;2;8;10;3
536582366;155 702 049;B01;1;7;0;2;6;1;2
536582367;155 702 042;Z01;2;7;0;2;7;16;1
536582367;155 702 046;B01;2;34;0;2;8;3;1
536582368;155 702 039;A01;1;7;0;2;3;11;1
536582368;155 702 041;B01;1;7;0;2;1;2;1
536582369;155 702 043;A01;2;7;0;2;7;15;1
536582369;155 702 047;B01;1;2;0;2;1;1;1
536582370;155 702 037;A01;1;30;0;0;0;0;1
536582371;155 702 036;B01;1;7;0;2;1;1;2
536582371;155 702 040;A01;3;31;0;2;3;19;1
536582372;155 702 033;A01;3;2;0;2;1;13;1
536582372;155 702 035;B01;3;7;0;2;1;1;1
536582373;155 702 034;A01;1;10;0;2;3;13;1
536582373;155 702 038;B01;2;7;0;2;3;1;1
536582374;155 702 032;A01;1;7;3;0;2;1;1
536582375;155 702 030;A01;1;7;0;1;3;1;1
536582376;155 702 026;B01;3;10;0;2;6;24;1
536582376;155 702 029;A01;3;7;1;0;2;14;2
536582377;155 702 028;A01;1;32;0;2;3;3;1
536582377;155 702 031;B01;1;7;0;2;2;12;1
536582378;155 702 023;A01;2;33;13;0;1;13;1
536582378;155 702 027;B01;2;33;13;0;1;13;1
536582379;155 702 022;A01;1;7;7;0;1;1;1
536582380;155 702 024;A01;1;7;0;1;1;1;1
536582381;155 702 020;A01;1;33;0;0;0;0;1
536582382;155 702 019;A01;1;7;0;9;8;23;1
536582382;155 702 021;B01;1;7;0;9;4;23;1
536582382;155 702 025;C01;1;7;0;2;7;2;1
536582383;155 702 015;A01;1;31;0;2;8;3;3
536582383;155 702 018;B01;1;7;0;2;7;14;1
536582384;155 702 013;A01;1;30;0;2;3;11;3
536582384;155 702 016;B01;1;32;0;2;2;1;1
536582385;155 702 011;A01;1;1;1;0;2;1;5
536582386;155 702 014;A01;2;7;0;1;1;1;1
536582387;155 702 012;B01;2;1;0;2;2;16;5
536582387;155 702 017;A01;2;7;0;2;3;15;1
536582388;155 702 008;A01;2;7;0;0;0;14;1
536582389;155 702 009;A01;3;7;2;0;1;1;1
536582390;155 702 005;B01;3;30;0;2;1;1;1
536582390;155 702 010;A01;3;7;0;2;6;19;1
536582391;155 702 003;A01;2;33;12;0;1;1;1
536582392;155 702 000;A01;;7;0;2;1;1;2
536582393;155 701 999;A01;2;7;0;0;4;26;1
536582393;155 702 002;B01;2;7;0;2;4;26;1
536582393;155 702 007;C01;2;7;0;2;1;26;1
536582394;155 702 001;A01;1;7;0;2;2;19;1
536582394;155 702 006;B01;2;7;0;2;1;1;1
536582395;155 701 996;A01;1;7;6;9;2;2;1
536582396;155 701 995;A01;3;33;0;0;0;0;1
536582397;155 701 993;B01;1;32;0;2;1;2;1
536582397;155 701 997;A01;1;7;0;2;2;1;1
536582398;155 701 990;A01;2;15;0;2;1;2;1
536582398;155 701 994;B01;2;7;0;2;4;2;1
536582398;155 701 998;C01;2;14;0;2;4;2;1
536582399;155 701 989;A01;3;10;0;2;1;17;1
536582399;155 701 992;B01;3;7;0;2;1;1;1
536582400;155 701 988;A01;1;7;0;2;1;15;1
536582400;155 701 991;B01;2;2;0;2;2;1;1
536582401;155 701 987;A01;2;7;0;1;3;11;2
536582402;155 701 985;A01;2;7;0;0;0;1;1
536582403;155 701 981;A01;2;43;0;2;1;3;1
536582403;155 701 984;B01;2;7;0;2;8;2;1
536582404;155 701 980;A01;1;10;0;2;4;26;1
536582404;155 701 983;B01;1;7;0;2;4;0;1
536582404;155 701 986;C01;1;7;0;2;4;0;1
536582405;155 701 979;A01;1;7;0;1;1;1;1
536582406;155 701 977;A01;1;7;0;2;3;13;1
536582406;155 701 982;B01;2;15;0;2;3;1;1
536582407;155 701 974;B01;1;7;0;2;8;1;1
536582407;155 701 976;A01;1;50;0;2;1;16;3
536582408;155 701 973;A01;1;7;8;2;1;13;1
536582409;155 701 975;A01;1;21;0;2;3;15;1
536582409;155 701 978;B01;2;33;0;2;1;1;1
536582410;155 701 972;A01;1;33;8;0;1;0;1
536582411;155 701 967;A01;1;7;6;0;3;1;1
536582412;155 701 965;A01;1;7;6;0;1;0;1
536582413;155 701 963;C01;1;7;0;2;4;23;1
536582413;155 701 969;A01;1;7;0;2;1;1;1
536582413;155 701 971;B01;1;10;0;2;4;23;1
536582414;155 701 964;B01;3;33;0;2;8;16;1
536582414;155 701 968;A01;1;7;0;2;2;1;1
536582415;155 701 966;A01;3;7;0;1;4;26;1
536582416;155 701 962;B01;2;7;0;2;1;1;1
536582416;155 701 970;A01;1;7;0;2;7;19;1
536582417;155 701 957;A01;1;7;4;0;1;26;1
536582418;155 701 959;B01;1;7;0;2;8;15;1
536582418;155 701 961;A01;1;33;0;2;0;0;1
536582419;155 701 956;A01;1;33;0;2;2;3;1
536582419;155 701 960;B01;1;7;0;2;5;1;2
536582420;155 701 953;A01;1;10;0;2;2;2;1
536582420;155 701 958;B01;1;80;0;2;4;2;3
536582421;155 701 954;A01;1;7;0;1;1;1;1
536582422;155 701 952;A01;1;7;0;1;1;1;1
536582423;155 701 948;A01;2;7;0;1;1;16;1
536582424;155 701 945;A01;2;33;0;2;1;1;1
536582424;155 701 950;B01;2;7;0;2;6;1;1
536582425;155 701 944;A01;2;7;0;0;4;1;1
536582425;155 701 949;B01;2;7;0;0;1;2;0
536582426;155 701 946;A01;2;7;0;1;3;1;1
536582427;155 701 947;A01;2;33;0;2;1;11;1
536582427;155 701 951;B01;2;21;0;2;6;15;1
536582428;155 701 942;A01;2;10;4;0;1;1;1
536582429;155 701 940;B01;1;7;0;2;1;2;1
536582429;155 701 943;A01;1;7;0;2;4;2;1
536582430;155 701 938;A01;2;7;13;0;2;1;1
536582431;155 701 937;A01;3;7;0;1;1;1;1
536582432;155 701 934;B01;2;7;0;2;4;2;1
536582432;155 701 939;A01;2;7;0;2;1;2;1
536582432;155 701 941;C01;2;10;0;2;4;2;1
536582433;155 701 936;A01;2;7;0;0;9;1;1
536582434;155 701 931;A01;1;33;0;2;8;1;1
536582435;155 701 933;A01;1;7;0;2;6;16;1
536582435;155 701 935;B01;2;1;0;2;1;17;5
536582436;155 701 932;A01;1;1;0;5;1;1;5
536582437;155 701 928;A01;2;33;3;0;9;1;1
536582438;155 701 929;A01;1;7;3;0;1;0;1
536582439;155 701 927;A01;1;33;4;0;8;17;1
536582440;155 701 925;B01;3;50;0;2;1;1;3
536582440;155 701 930;A01;3;7;0;2;0;26;0
536582441;155 701 924;A01;3;7;0;9;1;1;1
536582441;155 701 926;B01;3;50;0;2;1;13;3
536582442;155 701 921;A01;2;33;4;0;8;16;1
536582443;155 701 917;A01;2;7;0;2;4;1;1
536582443;155 701 922;B01;2;10;0;2;1;1;1
536582444;155 701 916;A01;1;33;0;2;1;2;1
536582444;155 701 920;B01;1;7;0;2;6;0;1
536582445;155 701 919;A01;1;7;0;2;1;5;1
536582445;155 701 923;B01;2;7;0;2;2;1;1
536582446;155 701 915;A01;0;30;0;2;1;17;1
536582446;155 701 918;B01;0;7;0;2;3;9;1
536582447;155 701 911;A01;1;7;0;2;4;1;1
536582447;155 701 914;B01;1;10;0;2;1;1;1
536582448;155 701 908;A01;1;13;0;2;2;12;1
536582448;155 701 913;B01;1;7;0;2;6;1;0
536582449;155 701 909;A01;1;7;13;0;8;1;1
536582450;155 701 906;A01;0;7;0;2;1;26;1
536582450;155 701 912;B01;0;7;0;2;1;0;1
536582451;155 701 904;A01;1;7;0;2;1;2;1
536582451;155 701 907;B01;1;7;0;2;4;2;1
536582451;155 701 910;C01;1;7;0;2;4;2;1
536582452;155 701 899;A01;2;7;0;2;2;16;1
536582452;155 701 903;B01;2;1;0;2;1;1;5
536582453;155 701 898;B01;3;7;0;2;4;23;1
536582453;155 701 905;A01;1;7;0;2;1;2;1
536582454;155 701 894;A01;1;30;0;0;0;0;1
536582455;155 701 895;B01;1;1;0;0;9;1;5
536582455;155 701 897;A01;1;10;0;0;0;18;1
536582455;155 701 902;C01;1;1;0;2;1;1;5
536582456;155 701 888;A01;3;31;0;2;1;1;1
536582456;155 701 892;B01;1;7;0;2;0;0;1
536582457;155 701 885;C01;1;7;0;2;4;2;1
536582457;155 701 889;D01;1;7;0;2;5;2;2
536582457;155 701 890;E01;1;7;0;2;8;1;1
536582457;155 701 893;F01;1;7;0;2;4;1;1
536582457;155 701 896;A01;1;7;0;2;1;2;1
536582457;155 701 900;B01;1;33;0;2;4;2;1
536582458;155 701 886;A01;3;7;13;0;1;13;1
536582459;155 701 882;B01;0;1;0;2;1;1;5
536582459;155 701 887;A01;0;7;0;2;1;16;1
536582460;155 701 884;A01;1;7;4;2;6;18;1
536582460;155 701 891;B01;1;7;4;2;5;0;1
536582460;155 701 901;C01;1;7;4;2;0;0;2
536582461;155 701 881;B01;1;60;0;2;8;19;5
536582461;155 701 883;A01;1;7;0;2;2;0;1
536582462;155 701 878;A01;2;7;13;0;1;13;1
536582463;155 701 877;A01;1;7;0;1;2;1;1
536582464;155 701 876;A01;0;7;0;2;1;1;1
536582464;155 701 880;B01;0;7;0;2;1;13;1
536582465;155 701 872;A01;3;7;0;1;3;1;1
536582466;155 701 871;A01;1;7;0;2;1;1;1
536582466;155 701 879;B01;1;3;0;2;8;1;3
536582467;155 701 874;A01;1;10;0;1;2;0;1
536582468;155 701 873;A01;2;10;0;2;0;0;1
536582468;155 701 875;B01;2;32;0;2;1;1;1
536582469;155 701 868;A01;1;32;0;2;5;17;1
536582469;155 701 870;B01;1;15;0;2;5;1;1
536582470;155 701 867;B01;1;33;0;2;1;1;1
536582470;155 701 869;A01;2;7;0;2;3;15;1
536582471;155 701 864;A01;2;33;0;0;0;3;1
536582472;155 701 863;A01;1;7;8;2;1;13;1
536582472;155 701 865;B01;2;32;0;2;1;1;1
536582473;155 701 861;A01;1;7;7;2;2;5;1
536582473;155 701 866;B01;2;7;12;2;1;1;1
536582474;155 701 859;A01;2;7;0;1;7;2;1
536582475;155 701 858;B01;3;7;0;9;3;0;1
536582475;155 701 860;A01;3;50;0;2;3;26;3
536582476;155 701 857;A01;2;7;5;0;4;1;1
536582477;155 701 856;B01;0;7;1;0;3;13;1
536582477;155 701 862;A01;0;7;0;2;3;24;1
536582478;155 701 855;A01;2;7;0;1;0;0;2
536582479;155 701 853;A01;0;36;8;0;2;0;1
536582480;155 701 852;A01;1;7;0;0;2;0;1
536582481;155 701 850;A01;3;7;0;1;6;26;2
536582482;155 701 849;A01;1;33;1;2;7;14;1
536582482;155 701 851;C01;1;7;0;2;2;1;1
536582483;155 701 844;B01;2;50;0;2;7;1;3
536582483;155 701 847;A01;2;7;0;2;1;9;1
536582484;155 701 845;B01;1;33;0;2;2;2;1
536582484;155 701 848;A01;1;7;0;0;3;10;1
536582485;155 701 842;A01;1;7;0;2;3;19;1
536582485;155 701 843;B01;1;7;0;2;1;1;1
536582486;155 701 846;A01;1;7;0;0;3;0;1
536582487;155 701 835;A01;1;33;0;0;8;1;1
536582488;155 701 836;A01;1;7;0;9;1;1;1
536582488;155 701 841;B01;1;1;0;2;6;9;5
536582489;155 701 837;B01;2;10;0;2;1;1;1
536582490;155 701 831;D01;1;7;1;2;4;0;1
536582490;155 701 834;A01;1;7;1;0;2;14;1
536582490;155 701 839;B01;1;7;1;0;3;24;1
536582491;155 701 830;A01;2;7;0;2;2;12;1
536582491;155 701 833;B01;2;7;1;2;6;9;1
536582491;155 701 838;C01;2;15;0;2;9;24;1
536582492;155 701 826;A01;2;33;0;2;8;13;1
536582492;155 701 829;B01;1;10;0;2;8;1;1
536582493;155 701 825;A01;1;37;0;1;5;1;1
536582494;155 701 827;A01;3;7;0;2;8;15;1
536582494;155 701 828;B01;3;33;0;2;1;1;1
536582495;155 701 823;A01;2;10;0;1;4;26;1
536582496;155 701 818;A01;2;7;4;2;1;12;1
536582496;155 701 821;B01;2;7;0;0;5;12;1
536582497;155 701 820;A01;2;31;0;2;1;17;1
536582497;155 701 822;B01;1;7;0;2;3;1;1
536582498;155 701 817;A01;0;7;0;2;8;9;1
536582498;155 701 824;B01;1;7;0;2;1;1;1
536582499;155 701 813;A01;2;7;0;2;3;13;2
536582499;155 701 815;B01;1;7;0;2;3;1;1
536582500;155 701 814;A01;1;7;0;2;7;2;1
536582500;155 701 819;B01;1;33;0;2;8;2;1
536582501;155 701 812;B01;3;1;0;0;0;0;5
536582501;155 701 816;A01;3;3;0;9;2;12;0
536582502;155 701 811;A01;1;15;3;0;7;1;1
536582503;155 701 810;A01;2;2;3;0;7;0;1
536582504;155 701 809;A01;1;7;0;1;3;1;1
536582505;155 701 804;A01;2;7;0;2;8;13;1
536582505;155 701 807;B01;1;1;3;2;9;1;5
536582506;155 701 805;A01;2;7;0;2;3;2;1
536582506;155 701 808;B01;2;33;0;2;4;23;1
536582507;155 701 803;A01;2;15;3;0;8;0;1
536582508;155 701 800;A01;2;7;0;2;1;2;1
536582508;155 701 802;B01;2;7;0;0;4;2;1
536582509;155 701 801;B01;0;31;0;2;1;2;1
536582509;155 701 806;A01;0;7;0;2;3;10;1
536582510;155 701 798;A01;2;15;6;0;1;1;1
536582511;155 701 796;A01;1;1;0;2;1;2;5
536582511;155 701 799;B01;1;7;0;2;4;2;1
536582512;155 701 793;B01;1;7;0;2;6;1;1
536582512;155 701 797;A01;2;30;0;2;1;1;1
536582513;155 701 791;A01;2;7;0;2;5;15;1
536582513;155 701 795;B01;1;7;0;2;1;1;1
536582514;155 701 789;A01;1;7;0;2;1;13;1
536582514;155 701 792;B01;2;14;0;2;1;26;1
536582515;155 701 787;B01;3;30;0;2;1;0;3
536582515;155 701 794;A01;3;7;0;2;5;15;1
536582516;155 701 788;B01;2;7;0;2;4;1;1
536582516;155 701 790;A01;2;7;0;2;1;17;3
536582517;155 701 784;B01;3;7;0;2;1;1;1
536582517;155 701 786;A01;3;7;0;2;3;13;1
536582518;155 701 783;A01;1;10;0;2;3;9;1
536582518;155 701 785;B01;1;33;0;2;1;1;1
536582519;155 701 778;A01;2;7;0;0;4;1;1
536582519;155 701 781;B01;2;33;0;2;1;2;1
536582520;155 701 775;A01;2;2;0;0;0;1;1
536582521;155 701 776;A01;1;33;0;2;3;13;1
536582521;155 701 780;B01;2;7;0;2;3;1;1
536582521;155 701 782;C01;2;7;0;2;8;1;1
536582522;155 701 779;A01;1;7;0;1;1;15;6
536582523;155 701 773;B01;2;33;0;2;3;1;1
536582523;155 701 777;A01;2;7;0;2;2;12;2
536582524;155 701 772;A01;1;7;0;2;1;17;1
536582524;155 701 774;B01;1;1;0;2;1;15;5
536582525;155 701 771;A01;3;2;0;0;2;14;1
536582526;155 701 767;A01;1;14;0;2;3;13;1
536582526;155 701 770;B01;2;14;0;2;3;21;1
536582527;155 701 766;A01;3;10;13;2;3;15;1
536582527;155 701 769;B01;0;33;0;2;5;17;1
536582528;155 701 765;A01;1;7;0;1;2;1;1
536582529;155 701 764;A01;3;10;0;1;3;15;1
536582530;155 701 762;A01;2;7;0;2;1;1;1
536582530;155 701 768;B01;2;7;0;2;4;23;1
536582531;155 701 761;A01;0;7;0;1;1;9;1
536582532;155 701 760;A01;1;33;10;0;3;16;1
536582533;155 701 755;B01;1;7;0;9;1;1;1
536582533;155 701 758;A01;2;50;0;2;1;15;3
536582535;155 701 756;A01;1;7;0;2;1;15;1
536582535;155 701 759;B01;2;33;0;2;1;1;1
536582536;155 701 750;A01;1;7;0;2;1;1;1
536582536;155 701 753;B01;2;7;0;0;4;1;1
536582537;155 701 748;A01;1;30;0;0;0;1;1
536582538;155 701 749;A01;1;7;0;2;1;13;1
536582538;155 701 752;B01;2;17;0;2;1;1;1
536582539;155 701 746;A01;1;7;0;0;9;1;1
536582540;155 701 745;A01;1;7;0;1;1;1;0
536582541;155 701 741;C01;2;33;0;2;3;1;1
536582541;155 701 744;B01;2;33;0;2;3;1;1
536582541;155 701 747;A01;1;7;0;2;3;13;1
536582542;155 701 740;A01;1;7;8;0;1;1;1
536582543;155 701 743;A01;3;7;0;1;3;16;1
536582544;155 701 739;B01;3;7;0;2;3;20;1
536582544;155 701 742;A01;2;33;0;2;5;1;1
536582545;155 701 738;A01;1;7;0;1;2;1;1
536582546;155 701 734;A01;1;2;0;2;2;5;1
536582546;155 701 736;B01;1;2;0;2;3;1;1
536582547;155 701 731;B01;1;37;0;1;4;1;1
536582548;155 701 730;B01;1;10;0;2;1;1;2
536582548;155 701 737;A01;1;10;0;2;4;1;2
536582549;155 701 728;A01;1;10;0;9;2;1;1
536582549;155 701 733;B01;2;1;0;2;1;5;5
536582550;155 701 725;A01;2;7;0;2;1;9;1
536582550;155 701 732;B01;1;33;0;2;1;1;1
536582551;155 701 727;A01;1;7;0;9;3;1;1
536582551;155 701 729;B01;2;7;0;9;1;1;1
536582551;155 701 735;C01;3;1;0;2;8;19;5
536582552;155 701 720;A01;3;30;0;2;1;2;1
536582552;155 701 724;B01;3;7;0;9;5;26;1
536582553;155 701 719;A01;1;7;0;9;2;26;1
536582553;155 701 723;B01;2;1;0;2;1;5;5
536582554;155 701 718;A01;3;33;0;0;7;1;1
536582555;155 701 716;A01;1;7;0;1;1;1;1
536582556;155 701 717;A01;1;10;0;2;1;1;1
536582556;155 701 721;B01;1;10;0;0;0;0;0
536582557;155 701 715;A01;1;7;0;2;3;15;1
536582557;155 701 722;B01;2;33;15;2;1;1;1
536582558;155 701 714;A01;1;7;0;1;3;1;1
536582559;155 701 711;A01;3;10;0;1;4;4;1
536582560;155 701 710;A01;1;7;0;0;3;10;1
536582560;155 701 713;B01;1;7;13;2;1;1;1
536582561;155 701 712;A01;0;7;0;1;8;1;3
536582562;155 701 708;A01;1;35;8;0;1;0;0
536582563;155 701 707;A01;3;7;0;1;1;1;2
536582564;155 701 705;A01;0;7;13;0;3;1;1
536582565;155 701 702;B01;1;30;0;2;2;2;1
536582565;155 701 709;A01;2;7;0;2;3;9;1
536582566;155 701 699;A01;1;7;0;1;2;0;1
536582567;155 701 701;B01;1;33;0;2;1;1;1
536582567;155 701 706;A01;1;7;0;2;6;9;1
536582568;155 701 698;A01;2;7;0;2;3;9;1
536582568;155 701 703;B01;2;3;0;2;1;2;1
536582569;155 701 697;A01;1;7;13;0;1;13;1
536582570;155 701 700;A01;1;2;0;2;1;18;1
536582570;155 701 704;B01;1;7;0;2;7;16;3
536582571;155 701 696;A01;1;10;4;0;1;1;1
536582572;155 701 693;A01;1;7;13;0;9;0;1
536582573;155 701 691;A01;1;7;0;2;1;1;1
536582573;155 701 695;B01;1;7;0;2;3;26;1
536582574;155 701 688;A01;1;7;0;2;7;15;1
536582574;155 701 690;B01;2;30;0;2;1;1;1
536582575;155 701 689;A01;1;32;0;2;0;0;1
536582575;155 701 692;B01;2;7;0;2;2;21;1
536582576;155 701 687;A01;2;7;0;2;1;16;1
536582576;155 701 694;B01;1;7;9;2;7;9;1
536582577;155 701 683;A01;1;31;0;2;2;12;1
536582577;155 701 686;B01;1;10;0;2;6;23;1
536582578;155 701 682;A01;1;7;0;2;3;1;1
536582578;155 701 685;B01;1;33;7;2;1;1;1
536582579;155 701 680;B01;3;10;0;2;8;15;1
536582579;155 701 684;A01;3;10;0;2;2;5;1
536582580;155 701 679;B01;2;3;0;2;4;1;1
536582580;155 701 681;A01;2;7;0;2;1;1;0
536582581;155 701 675;B01;3;1;0;2;4;1;5
536582581;155 701 678;A01;3;7;0;2;3;9;1
536582582;155 701 673;A01;1;7;0;2;4;23;2
536582582;155 701 674;B01;1;33;0;2;1;12;1
536582583;155 701 671;A01;2;31;0;2;1;1;1
536582583;155 701 677;B01;2;7;2;2;3;1;2
536582584;155 701 670;A01;1;33;0;2;1;3;1
536582584;155 701 672;B01;2;7;0;2;1;15;1
536582585;155 701 666;B01;2;33;4;0;6;1;1
536582585;155 701 668;Z01;2;7;0;0;0;0;0
536582586;155 701 663;C01;2;7;0;2;3;18;1
536582586;155 701 665;A01;2;7;3;2;5;1;1
536582586;155 701 667;B01;2;7;1;0;2;1;1
536582587;155 701 660;B01;1;50;0;2;1;1;3
536582587;155 701 664;A01;3;1;0;2;3;19;5
536582588;155 701 659;A01;3;7;0;2;1;17;1
536582588;155 701 669;B01;3;7;0;2;1;7;1
536582589;155 701 657;A01;2;7;0;2;4;1;1
536582589;155 701 661;B01;2;7;0;2;1;2;1
536582590;155 701 654;B01;1;33;0;2;1;2;1
536582590;155 701 656;A01;1;7;0;2;4;1;1
536582591;155 701 653;A01;1;30;0;0;7;16;1
536582592;155 701 650;C01;1;7;0;2;1;2;2
536582592;155 701 652;B01;1;17;0;2;6;2;0
536582592;155 701 655;A01;1;7;0;2;1;2;1
536582592;155 701 658;D01;1;10;0;2;1;2;1
536582593;155 701 649;A01;0;7;0;0;1;1;1
536582594;155 701 648;A01;1;1;0;2;1;19;5
536582594;155 701 651;B01;1;7;0;2;1;1;1
536582595;155 701 646;A01;1;33;4;0;3;13;1
536582596;155 701 647;A01;2;10;0;0;3;1;1
536582597;155 701 644;A01;1;7;0;1;3;15;1
536582598;155 701 641;B01;3;7;0;2;0;17;6
536582598;155 701 643;A01;3;34;0;2;1;18;6
536582599;155 701 639;A01;1;33;0;2;1;3;1
536582599;155 701 642;B01;1;33;0;2;4;3;1
536582599;155 701 645;C01;1;10;0;2;4;1;1
536582600;155 701 638;A01;1;7;0;1;2;1;0
536582601;155 701 635;A01;3;7;0;1;1;9;1
536582602;155 701 631;B01;1;7;0;2;4;1;1
536582602;155 701 636;A01;3;7;0;2;1;1;1
536582603;155 701 626;C01;1;10;0;2;4;2;1
536582603;155 701 630;A01;1;17;0;2;1;2;1
536582603;155 701 634;B01;1;14;0;2;4;2;1
536582604;155 701 628;A01;1;7;11;0;1;13;1
536582605;155 701 625;A01;3;0;0;2;1;1;0
536582605;155 701 629;B01;3;7;0;2;4;20;1
536582605;155 701 632;C01;3;7;0;2;1;24;1
536582606;155 701 623;A01;1;33;0;2;7;17;1
536582606;155 701 627;B01;1;7;0;2;3;15;1
536582607;155 701 622;B01;2;1;0;2;7;1;5
536582607;155 701 624;A01;2;10;0;9;3;15;1
536582608;155 701 620;A01;2;7;3;0;1;1;1
536582609;155 701 617;A01;3;7;0;1;2;1;1
536582610;155 701 616;B01;1;7;0;2;6;1;2
536582610;155 701 621;A01;1;15;0;2;2;12;1
536582611;155 701 618;A01;1;7;1;0;1;13;1
536582612;155 701 614;A01;2;7;0;2;3;2;1
536582612;155 701 619;B01;2;7;14;0;5;0;1
536582613;155 701 615;A01;0;7;0;1;1;1;0
536582614;155 701 610;B01;3;7;0;0;6;23;1
536582614;155 701 613;A01;3;30;0;2;1;17;1
536582615;155 701 609;A01;1;7;0;2;8;15;1
536582615;155 701 612;B01;1;31;0;2;7;15;1
536582616;155 701 607;A01;2;7;0;1;3;15;1
536582617;155 701 605;B01;1;50;0;2;1;21;3
536582617;155 701 608;A01;3;7;0;2;3;21;1
536582618;155 701 603;A01;1;7;13;0;0;14;1
536582619;155 701 602;A01;1;14;0;2;0;0;1
536582619;155 701 604;B01;1;7;0;2;1;1;1
536582619;155 701 606;C01;1;38;0;2;4;1;1
536582619;155 701 611;D01;1;15;0;2;1;1;1
536582620;155 701 600;A01;1;33;0;1;1;0;1
536582621;155 701 601;A01;1;7;0;1;3;1;1
536582622;155 701 598;A01;1;30;0;0;0;1;1
536582623;155 701 592;A01;1;13;0;2;4;1;1
536582623;155 701 594;B01;1;10;0;2;4;15;1
536582624;155 701 593;B01;2;33;0;2;3;3;1
536582624;155 701 597;A01;2;7;0;2;7;12;1
536582625;155 701 595;A01;1;7;0;2;2;2;1
536582625;155 701 599;B01;1;1;0;2;4;2;5
536582626;155 701 590;A01;2;7;0;2;0;0;1
536582626;155 701 596;B01;1;32;0;2;1;1;1
536582627;155 701 588;A01;3;7;0;2;8;15;1
536582627;155 701 591;B01;1;33;0;2;2;1;1
536582628;155 701 586;A01;3;31;0;0;0;1;1
536582629;155 701 582;A01;1;33;0;2;1;13;1
536582629;155 701 584;B01;1;10;0;0;6;1;1
536582629;155 701 587;C01;1;10;0;0;5;1;1
536582630;155 701 581;A01;2;7;0;2;7;15;1
536582630;155 701 585;B01;2;2;0;2;1;26;1
536582631;155 701 580;B01;1;33;0;2;7;1;1
536582631;155 701 589;A01;1;30;0;2;1;16;1
536582632;155 701 579;A01;1;7;0;2;2;22;1
536582632;155 701 583;B01;1;1;0;2;3;1;5
536582633;155 701 574;A01;3;1;0;2;4;2;5
536582633;155 701 576;B01;3;1;0;2;1;2;5
536582634;155 701 572;B01;2;2;0;2;7;0;1
536582634;155 701 575;A01;2;7;0;9;8;15;2
536582635;155 701 573;A01;1;30;0;2;2;26;1
536582635;155 701 578;B01;3;7;0;2;3;9;1
536582636;155 701 571;A01;2;10;6;0;1;2;1
536582637;155 701 567;A01;1;7;0;1;2;1;1
536582638;155 701 569;A01;1;7;15;2;2;3;1