Num_Acc;id_vehicule;num_veh;senc;catv;obs;obsm;choc;manv;motor
536582638;155 701 577;B01;1;7;0;2;6;2;1
536582639;155 701 563;B01;2;7;0;2;3;1;1
536582639;155 701 568;A01;2;2;0;2;1;9;1
536582640;155 701 566;A01;2;7;0;0;1;0;1
536582640;155 701 570;B01;1;7;14;0;0;15;1
536582641;155 701 564;A01;1;7;0;1;4;4;1
536582642;155 701 561;A01;1;33;4;0;2;21;1
536582643;155 701 562;A01;1;31;0;2;1;1;0
536582643;155 701 565;Z01;1;3;0;2;1;1;0
536582644;155 701 557;A01;1;7;0;2;1;2;1
536582644;155 701 560;B01;1;7;0;0;4;23;1
536582645;155 701 554;CA01;2;7;0;2;3;26;0
536582645;155 701 556;B01;1;7;0;2;2;15;1
536582646;155 701 553;A01;1;7;0;0;1;1;1
536582646;155 701 555;B01;1;7;0;0;1;1;1
536582646;155 701 558;C01;1;7;0;2;4;1;1
536582647;155 701 550;B01;0;1;0;2;1;1;5
536582647;155 701 559;A01;1;7;0;9;3;16;1
536582648;155 701 547;B01;3;31;0;9;1;1;0
536582648;155 701 552;A01;3;30;0;2;3;15;1
536582649;155 701 544;A01;2;34;0;2;1;1;1
536582649;155 701 546;B01;1;7;0;2;3;15;1
536582650;155 701 541;A01;3;33;12;0;1;18;1
536582650;155 701 545;B01;3;17;0;0;0;1;1
536582651;155 701 542;B01;2;7;0;2;4;23;1
536582651;155 701 548;C01;2;10;0;2;4;23;1
536582651;155 701 549;A01;2;7;0;2;1;1;1
536582652;155 701 539;A01;1;7;0;9;8;10;1
536582652;155 701 543;B01;1;33;0;2;1;17;1
536582653;155 701 538;A01;1;37;0;2;2;16;2
536582653;155 701 540;B01;1;1;0;2;6;1;5
536582654;155 701 535;A01;1;10;0;1;7;1;1
536582655;155 701 551;A01;3;32;0;1;1;1;1
536582656;155 701 536;A01;1;1;0;2;1;1;5
536582656;155 701 537;B01;2;10;0;2;7;15;1
536582657;155 701 534;A01;1;7;6;0;0;0;1
536582658;155 701 531;A01;2;30;0;2;8;7;1
536582658;155 701 533;B01;2;7;0;2;2;16;1
536582659;155 701 527;A01;2;50;0;2;1;21;3
536582659;155 701 532;B01;2;1;0;2;1;26;5
536582660;155 701 526;A01;3;50;0;2;8;26;3
536582660;155 701 529;B01;1;7;0;9;5;0;3
536582661;155 701 524;A01;2;7;0;2;3;13;2
536582661;155 701 530;B01;2;10;0;2;8;1;1
536582662;155 701 525;A01;2;7;0;9;0;15;1
536582662;155 701 528;B01;1;33;0;2;0;21;1
536582663;155 701 519;B01;3;34;0;2;7;1;1
536582663;155 701 521;A01;3;7;0;2;3;10;1
536582664;155 701 522;A01;1;10;16;0;1;13;1
536582665;155 701 520;B01;2;7;0;2;1;1;1
536582665;155 701 523;A01;1;7;0;2;2;15;2
536582666;155 701 515;A01;1;7;1;2;1;0;1
536582666;155 701 518;B01;2;2;0;2;1;0;1
536582667;155 701 514;A01;2;7;0;2;1;1;1
536582667;155 701 516;B01;2;7;0;2;3;1;2
536582668;155 701 513;A01;2;7;0;2;7;15;1
536582668;155 701 517;B01;1;7;0;2;1;1;1
536582669;155 701 511;A01;3;37;9;1;2;7;1
536582670;155 701 505;A01;1;7;0;2;4;24;1
536582670;155 701 508;B01;1;60;1;0;1;2;5
536582671;155 701 502;A01;1;7;0;2;1;1;0
536582671;155 701 506;B01;1;10;0;2;7;1;0
536582672;155 701 501;B01;1;7;0;2;8;1;1
536582672;155 701 509;C01;1;7;0;2;8;1;1
536582672;155 701 512;A01;1;7;0;2;3;13;1
536582673;155 701 500;A01;0;32;0;2;1;1;1
536582673;155 701 504;B01;0;7;0;2;2;15;1
536582674;155 701 496;A01;1;1;0;2;1;1;5
536582674;155 701 498;B01;1;7;0;2;8;24;1
536582675;155 701 495;A01;2;7;0;2;1;15;1
536582675;155 701 499;B01;1;7;0;2;1;1;1
536582676;155 701 497;Z01;3;7;0;0;0;0;1
536582676;155 701 503;A01;3;7;0;2;1;1;1
536582676;155 701 507;C01;3;7;0;2;4;1;1
536582676;155 701 510;B01;3;7;0;2;4;1;1
536582677;155 701 493;A01;1;7;0;2;1;1;0
536582677;155 701 494;B01;1;7;0;2;4;1;1
536582678;155 701 491;A01;1;30;8;0;2;26;3
536582679;155 701 487;A01;1;7;0;2;2;20;1
536582679;155 701 489;B01;1;50;0;2;1;1;3
536582680;155 701 490;B01;3;50;0;2;1;1;3
536582680;155 701 492;A01;3;7;0;2;3;15;1
536582681;155 701 483;A01;0;10;0;1;8;15;1
536582682;155 701 482;A01;1;43;0;2;1;2;1
536582682;155 701 485;B01;1;7;0;2;4;23;1
536582683;155 701 486;A01;1;10;0;1;1;15;1
536582684;155 701 480;A01;1;7;0;2;2;2;1
536582684;155 701 481;B01;1;50;0;2;3;2;3
536582685;155 701 484;A01;1;30;0;2;1;1;1
536582685;155 701 488;B01;2;7;0;2;8;15;1
536582686;155 701 476;A01;3;7;0;1;1;15;1
536582687;155 701 472;A01;1;7;0;2;1;9;1
536582687;155 701 477;B01;3;33;0;2;1;1;1
536582688;155 701 471;A01;2;33;9;2;3;17;1
536582688;155 701 475;B01;2;10;0;2;3;15;1
536582689;155 701 470;C01;2;7;0;2;1;1;1
536582689;155 701 473;A01;1;7;0;2;1;1;1
536582689;155 701 479;B01;1;7;0;2;1;15;1
536582690;155 701 469;B01;0;7;0;2;2;1;1
536582690;155 701 478;A01;0;7;0;2;3;9;2
536582691;155 701 467;C01;0;7;0;2;0;0;0
536582691;155 701 468;A01;0;7;0;2;3;26;0
536582691;155 701 474;B01;0;10;0;2;2;0;0
536582692;155 701 465;A01;1;34;0;2;8;17;1
536582692;155 701 466;B01;1;7;0;2;3;13;0
536582693;155 701 463;A01;1;7;4;0;8;13;1
536582694;155 701 462;A01;1;50;0;1;1;5;3
536582695;155 701 459;A01;2;7;0;2;1;19;1
536582695;155 701 464;B01;1;7;0;2;8;1;1
536582696;155 701 456;B01;2;7;0;2;3;10;1
536582696;155 701 461;A01;2;32;0;2;1;17;1
536582697;155 701 458;A01;2;7;0;2;2;1;1
536582697;155 701 460;B01;2;7;0;2;6;1;1
536582698;155 701 453;Z01;1;7;0;2;0;1;1
536582698;155 701 457;B01;2;7;0;2;1;1;1
536582699;155 701 452;A01;3;33;16;0;7;1;1
536582700;155 701 451;B01;0;7;0;2;8;11;0
536582700;155 701 454;A01;3;7;0;2;1;1;1
536582700;155 701 455;C01;3;7;0;2;6;1;0
536582701;155 701 450;A01;3;7;0;1;1;1;1
536582702;155 701 448;A01;3;7;0;1;6;1;2
536582703;155 701 447;A01;1;2;12;0;0;0;1
536582704;155 701 444;A01;1;30;0;2;0;13;1
536582704;155 701 445;B01;1;30;0;2;0;1;1
536582705;155 701 446;A01;2;7;0;2;1;1;1
536582705;155 701 449;B01;2;30;0;2;4;1;1
536582706;155 701 439;B01;0;50;0;2;8;2;3
536582706;155 701 442;A01;0;7;0;2;7;16;1
536582707;155 701 440;A01;3;7;0;2;0;26;0
536582707;155 701 443;B01;3;32;0;2;7;3;3
536582708;155 701 437;B01;2;33;0;2;1;1;1
536582708;155 701 441;A01;2;7;0;2;8;20;1
536582709;155 701 433;A01;3;7;0;2;1;1;3
536582709;155 701 436;B01;3;7;0;2;3;1;1
536582710;155 701 435;A01;2;33;13;0;0;1;1
536582711;155 701 434;A01;2;7;0;2;3;9;1
536582711;155 701 438;B01;2;33;0;2;1;1;1
536582712;155 701 431;B01;0;7;0;2;3;1;1
536582712;155 701 432;A01;0;7;0;2;3;1;1
536582713;155 701 427;A01;3;7;0;2;6;1;1
536582713;155 701 430;B01;3;7;0;2;2;2;1
536582714;155 701 429;A01;2;7;6;0;1;0;1
536582715;155 701 426;A01;3;30;0;2;2;12;1
536582715;155 701 428;B01;3;7;0;2;3;1;1
536582716;155 701 425;A01;3;7;0;0;0;0;1
536582717;155 701 422;A01;1;7;2;0;1;1;1
536582718;155 701 417;A01;1;7;2;0;1;13;1
536582719;155 701 415;A01;1;30;0;2;8;13;1
536582719;155 701 418;B01;2;7;0;2;3;1;1
536582720;155 701 416;A01;3;7;0;2;2;20;1
536582720;155 701 420;B01;3;30;0;2;0;1;1
536582721;155 701 414;A01;3;7;6;0;1;1;1
536582722;155 701 412;Z01;2;7;0;1;0;0;0
536582723;155 701 408;B01;3;1;0;2;1;5;5
536582723;155 701 410;A01;3;7;0;2;1;9;1
536582724;155 701 406;B01;2;7;0;2;3;1;1
536582724;155 701 409;A01;1;7;0;2;3;13;1
536582725;155 701 405;A01;1;7;0;2;4;1;1
536582725;155 701 407;Z01;1;7;0;2;1;2;1
536582726;155 701 403;B01;3;1;0;2;1;1;5
536582726;155 701 404;A01;3;10;0;2;5;12;1
536582727;155 701 402;A01;1;7;17;0;3;13;1
536582728;155 701 399;B01;2;7;0;2;1;5;1
536582728;155 701 400;A01;1;7;0;2;1;1;1
536582729;155 701 401;A01;3;7;0;1;1;16;1
536582730;155 701 396;A01;1;2;0;2;1;25;1
536582730;155 701 397;B01;2;7;0;0;5;15;1
536582731;155 701 395;B01;2;2;0;2;8;26;1
536582731;155 701 398;A01;2;7;0;2;1;19;1
536582732;155 701 393;B01;2;7;0;2;3;21;1
536582732;155 701 394;A01;1;7;0;2;3;13;1
536582733;155 701 390;A01;1;2;0;2;3;13;1
536582733;155 701 391;B01;2;10;0;2;6;1;1
536582734;155 701 386;A01;1;30;0;1;1;1;1
536582735;155 701 389;A01;1;33;0;2;1;2;1
536582735;155 701 392;B01;1;7;0;2;6;2;1
536582736;155 701 387;A01;1;30;0;2;1;5;1
536582736;155 701 388;B01;2;10;0;2;1;1;1
536582737;155 701 384;A01;2;33;13;2;1;17;1
536582737;155 701 385;B01;1;7;0;2;1;23;1
536582738;155 701 381;A01;2;10;0;2;3;9;1
536582738;155 701 383;B01;1;30;0;2;7;9;1
536582739;155 701 382;A01;1;33;12;0;1;1;1
536582740;155 701 378;A01;1;7;0;5;1;1;1
536582740;155 701 380;B01;2;7;0;2;6;1;2
536582741;155 701 379;A01;2;7;0;0;0;26;0
536582742;155 701 376;A01;2;7;0;1;3;1;1
536582743;155 701 373;A01;3;7;0;2;2;26;1
536582743;155 701 377;B01;3;2;0;2;5;26;1
536582744;155 701 370;A01;1;7;9;0;1;1;1
536582745;155 701 369;B01;1;10;0;2;1;23;1
536582745;155 701 372;C01;1;7;0;2;4;23;1
536582745;155 701 375;A01;1;7;0;2;1;1;1
536582746;155 701 367;A01;2;7;0;2;1;1;1
536582746;155 701 368;B01;2;10;0;2;4;23;1
536582746;155 701 371;C01;2;10;0;2;4;23;1
536582747;155 701 365;A01;2;36;0;0;0;0;1
536582748;155 701 366;B01;1;1;0;2;1;1;5
536582748;155 701 374;A01;1;7;0;2;3;1;1
536582749;155 701 363;A01;2;7;0;1;3;17;1
536582750;155 701 364;A01;3;1;0;0;0;1;5
536582751;155 701 361;A01;1;37;0;1;2;1;2
536582752;155 701 360;A01;1;7;2;0;2;1;1
536582753;155 701 359;B01;3;7;0;2;3;5;1
536582753;155 701 362;A01;3;10;0;2;2;11;3
536582754;155 701 355;A01;1;7;0;2;1;13;1
536582754;155 701 357;B01;2;7;0;2;1;1;1
536582755;155 701 354;A01;2;7;0;2;3;2;2
536582755;155 701 358;B01;2;7;0;2;6;2;1
536582756;155 701 356;A01;2;7;14;0;4;26;1
536582757;155 701 350;A01;3;7;0;2;2;1;1
536582757;155 701 353;B01;3;33;0;2;4;23;1
536582758;155 701 349;A01;1;33;0;2;1;13;1
536582758;155 701 352;B01;2;7;0;2;7;13;1
536582759;155 701 348;B01;2;7;0;2;3;1;1
536582759;155 701 351;A01;2;31;0;2;7;3;3
536582760;155 701 347;A01;1;7;0;1;1;1;2
536582761;155 701 346;A01;2;7;17;0;2;1;1
536582762;155 701 345;A01;2;33;0;0;8;1;1
536582763;155 701 343;A01;2;7;13;0;2;26;1
536582764;155 701 341;A01;1;7;0;2;1;0;1
536582764;155 701 344;B01;1;7;0;2;4;2;2
536582765;155 701 339;Z01;2;7;1;1;1;14;1
536582766;155 701 338;A01;1;1;0;0;0;13;5
536582767;155 701 337;A01;2;7;0;2;1;2;1
536582767;155 701 340;B01;2;7;0;0;0;0;1
536582767;155 701 342;C01;2;7;0;0;0;0;1
536582768;155 701 336;B01;3;1;0;1;8;26;5
536582769;155 701 334;A01;3;36;0;0;0;16;1
536582770;155 701 331;B01;1;7;0;2;7;16;1
536582770;155 701 333;A01;1;31;0;2;8;18;1
536582771;155 701 332;A01;1;1;0;2;8;1;5
536582771;155 701 335;Z01;1;7;0;2;1;1;0
536582772;155 701 328;A01;1;33;0;2;1;17;1
536582772;155 701 329;B01;2;7;0;2;1;1;1
536582773;155 701 327;B01;3;7;0;9;1;1;0
536582773;155 701 330;A01;3;80;0;2;1;1;3
536582774;155 701 324;A01;1;7;0;1;2;21;1
536582775;155 701 325;B01;1;1;0;2;2;16;5
536582775;155 701 326;A01;1;80;0;2;1;5;3
536582776;155 701 319;A01;1;7;0;2;8;24;1
536582776;155 701 322;B01;1;1;1;0;1;1;5
536582777;155 701 315;A01;2;7;0;2;3;26;1
536582777;155 701 318;B01;1;7;0;2;3;1;1
536582778;155 701 316;A01;3;7;0;2;1;2;1
536582778;155 701 320;B01;0;7;0;2;4;2;1
536582779;155 701 317;A01;2;34;0;2;1;18;3
536582779;155 701 321;B01;2;10;0;2;7;16;1
536582780;155 701 314;A01;3;2;0;0;0;1;1
536582781;155 701 312;A01;1;1;0;0;0;1;5
536582782;155 701 311;A01;1;3;0;0;7;1;3
536582783;155 701 309;A01;2;7;0;2;1;17;1
536582783;155 701 310;B01;1;7;0;2;1;1;1
536582784;155 701 306;Z01;3;10;0;1;8;1;3
536582785;155 701 305;B01;1;33;0;0;0;0;1
536582785;155 701 308;F01;1;10;0;2;2;16;1
536582786;155 701 304;A01;3;7;0;2;8;15;1
536582786;155 701 307;B01;3;33;0;2;1;17;1
536582787;155 701 301;A01;2;1;0;2;1;2;5
536582787;155 701 303;B01;2;7;0;2;4;2;1
536582788;155 701 299;A01;1;7;0;9;2;2;1
536582788;155 701 302;B01;1;1;0;2;1;2;5
536582789;155 701 298;B01;3;30;0;2;7;0;1
536582789;155 701 300;A01;3;7;0;2;3;0;1
536582790;155 701 296;Z01;3;7;0;2;7;11;1
536582790;155 701 297;B01;3;43;0;2;7;1;1
536582791;155 701 295;A01;3;30;0;1;1;1;1
536582792;155 701 288;A01;2;10;0;2;1;2;0
536582792;155 701 294;B01;2;7;0;2;4;23;0
536582793;155 701 286;A01;1;7;0;2;1;26;1
536582793;155 701 291;B01;2;3;0;2;3;1;1
536582793;155 701 292;C01;2;7;0;2;6;1;1
536582794;155 701 289;A01;1;3;0;2;3;13;3
536582794;155 701 293;B01;2;7;0;2;8;21;2
536582795;155 701 287;A01;2;7;0;2;1;13;1
536582795;155 701 290;B01;1;7;3;2;3;1;1
536582796;155 701 285;A01;3;33;14;0;1;26;1
536582797;155 701 282;B01;2;7;0;2;3;13;1
536582797;155 701 284;A01;1;2;0;2;1;17;3
536582798;155 701 281;A01;0;2;8;0;2;1;1
536582799;155 701 280;Z01;1;10;0;1;0;17;1
536582800;155 701 276;B01;2;7;0;2;1;1;1
536582800;155 701 279;A01;1;7;0;2;2;15;3
536582801;155 701 277;A01;0;33;14;0;0;0;1
536582802;155 701 271;A01;3;7;0;2;2;5;1
536582802;155 701 274;B01;3;33;0;2;1;1;1
536582803;155 701 269;B01;1;10;13;2;1;13;1
536582803;155 701 273;A01;2;7;0;2;1;1;1
536582804;155 701 275;A01;3;7;14;0;6;7;1
536582804;155 701 278;B01;3;2;14;0;1;7;1
536582805;155 701 268;A01;1;10;0;2;1;1;1
536582805;155 701 272;B01;1;10;0;2;4;1;1
536582806;155 701 267;A01;1;10;0;2;1;13;1
536582806;155 701 270;B01;2;7;0;2;1;1;1
536582807;155 701 265;A01;3;7;2;0;8;1;1
536582808;155 701 264;A01;2;31;12;0;2;16;1
536582809;155 701 262;A01;1;7;0;2;1;1;1
536582809;155 701 266;B01;1;7;0;2;8;1;3
536582810;155 701 261;B01;2;7;0;2;5;1;1
536582810;155 701 263;A01;2;33;0;2;8;21;1
536582811;155 701 258;A01;1;7;0;2;1;13;1
536582811;155 701 260;B01;2;38;0;2;1;1;1
536582812;155 701 254;B01;2;7;0;2;3;1;1
536582812;155 701 257;A01;1;7;0;2;1;13;1
536582813;155 701 256;A01;1;1;0;1;3;1;5
536582814;155 701 253;A01;1;1;1;0;3;1;5
536582815;155 701 252;A01;2;10;13;0;2;15;1
536582816;155 701 249;A01;2;33;0;1;1;1;0
536582817;155 701 247;B01;3;1;0;2;1;1;5
536582817;155 701 250;A01;3;7;0;2;3;9;1
536582818;155 701 246;A01;3;7;0;1;7;17;2
536582819;155 701 243;A01;1;50;0;0;1;1;3
536582820;155 701 242;A01;1;7;0;2;3;24;1
536582820;155 701 245;B01;1;7;0;2;7;1;1
536582821;155 701 240;A01;2;10;0;2;1;5;1
536582821;155 701 244;B01;1;7;0;2;1;1;1
536582822;155 701 241;A01;1;33;0;1;1;1;1
536582823;155 701 235;A01;1;32;0;2;1;1;1
536582823;155 701 238;B01;1;1;0;2;3;19;5
536582824;155 701 234;A01;2;7;0;2;1;1;1
536582824;155 701 237;B01;2;7;0;2;4;23;1
536582825;155 701 233;A01;2;7;0;0;0;22;2
536582825;155 701 236;B01;2;2;1;0;1;3;1
536582826;155 701 231;A01;1;7;0;2;1;9;1
536582826;155 701 239;B01;2;7;0;2;2;1;1
536582827;155 701 230;A01;2;7;0;2;1;2;1
536582827;155 701 232;B01;2;34;0;0;4;2;1
536582828;155 701 229;A01;3;7;2;0;1;23;1
536582829;155 701 226;A01;2;7;0;2;2;12;1
536582829;155 701 228;B01;2;31;0;2;8;3;1
536582830;155 701 227;A01;2;80;0;0;1;2;3
536582831;155 701 223;A01;3;21;8;0;2;26;1
536582832;155 701 222;A01;2;30;0;2;4;2;1
536582832;155 701 225;B01;2;7;0;2;1;0;1
536582833;155 701 220;B01;1;1;0;2;3;1;5
536582833;155 701 224;A01;1;7;0;2;2;16;1
536582834;155 701 219;A01;1;10;0;2;4;1;1
536582834;155 701 221;B01;1;33;0;2;1;2;1
536582835;155 701 217;A01;2;80;0;9;3;26;3
536582835;155 701 218;B01;1;80;0;9;1;1;3
536582836;155 701 214;A01;2;7;0;2;1;2;2
536582836;155 701 216;B01;2;38;0;2;5;24;1
536582837;155 701 213;A01;2;31;0;0;5;16;1
536582838;155 701 211;A01;2;1;0;2;1;1;5
536582838;155 701 212;B01;2;7;0;2;2;12;1
536582839;155 701 215;A01;2;1;0;0;0;1;5
536582840;155 701 207;B01;1;7;0;2;2;15;2
536582840;155 701 208;A01;1;1;0;2;2;15;5
536582841;155 701 210;A01;1;1;0;1;8;1;5
536582842;155 701 203;A01;1;10;0;2;1;1;1
536582842;155 701 206;B01;1;7;0;2;1;1;1
536582842;155 701 209;C01;1;7;0;2;4;1;1
536582843;155 701 201;A01;2;7;1;2;1;1;1
536582843;155 701 205;B01;2;10;0;2;5;15;1
536582844;155 701 202;A01;2;7;0;2;2;13;1
536582844;155 701 204;B01;1;7;0;2;1;1;1
536582845;155 701 200;A01;2;50;1;0;1;2;3
536582846;155 701 197;A01;1;7;0;2;2;16;0
536582846;155 701 199;B01;3;10;0;2;2;1;1
536582847;155 701 194;B01;2;7;0;2;1;1;1
536582847;155 701 198;A01;1;7;0;2;1;5;1
536582848;155 701 193;A01;1;34;0;2;1;3;1
536582848;155 701 196;B01;1;7;0;2;4;1;1
536582849;155 701 192;A01;2;7;0;1;3;1;2
536582850;155 701 191;B01;1;7;0;2;2;17;1
536582850;155 701 195;A01;1;1;0;2;6;15;5
536582851;155 701 185;B01;2;7;0;2;6;1;1
536582851;155 701 188;A01;2;7;0;2;2;1;1
536582852;155 701 186;A01;3;7;0;2;2;1;1
536582852;155 701 190;B01;1;7;0;2;2;15;3
536582853;155 701 183;B01;1;7;0;2;7;1;2
536582853;155 701 187;C01;1;10;0;2;6;1;1
536582853;155 701 189;A01;1;33;0;2;1;12;1
536582854;155 701 181;B01;1;38;0;0;6;24;1
536582854;155 701 184;A01;0;37;1;0;2;1;2
536582855;155 701 180;A01;1;7;0;2;3;1;1
536582855;155 701 182;B01;1;7;0;2;1;1;1
536582856;155 701 176;A01;1;7;0;2;8;15;1
536582856;155 701 178;B01;1;32;0;2;1;17;1
536582857;155 701 175;A01;1;7;0;2;6;11;1
536582857;155 701 179;B01;1;17;0;2;2;12;1
536582858;155 701 173;A01;2;32;0;2;1;3;1
536582858;155 701 174;B01;2;7;0;2;5;1;3
536582858;155 701 177;C01;2;7;0;2;6;1;1
536582859;155 701 171;B01;2;7;0;0;3;13;1
536582859;155 701 172;A01;2;7;0;0;2;17;1
536582860;155 701 167;B01;2;38;0;2;3;1;0
536582860;155 701 170;A01;1;7;0;2;3;1;1
536582861;155 701 166;B01;0;33;0;2;1;0;1
536582861;155 701 169;A01;0;7;0;2;0;15;1
536582862;155 701 163;A01;2;32;0;2;2;3;1
536582862;155 701 165;B01;2;7;0;2;6;1;1
536582863;155 701 162;B01;1;7;0;2;7;1;1
536582863;155 701 164;C01;1;7;0;2;1;1;1
536582863;155 701 168;A01;1;7;0;2;3;11;1
536582864;155 701 161;A01;3;41;6;0;3;13;1
536582865;155 701 156;A01;2;33;0;2;1;3;1
536582865;155 701 159;B01;2;7;0;2;5;1;3
536582866;155 701 157;A01;1;7;0;2;3;1;1
536582866;155 701 160;B01;2;2;0;2;1;0;1
536582867;155 701 158;A01;1;50;0;1;3;1;3
536582868;155 701 152;A01;3;43;0;2;1;26;1
536582868;155 701 154;B01;3;7;0;2;3;23;1
536582869;155 701 151;C01;1;7;0;2;4;2;1
536582869;155 701 153;A01;1;7;0;2;1;2;0
536582869;155 701 155;B01;1;7;0;2;4;2;1
536582870;155 701 150;A01;3;33;4;0;0;14;1
536582871;155 701 148;A01;0;30;0;0;0;13;0
536582872;155 701 143;A01;3;38;0;1;2;26;0
536582873;155 701 142;A01;2;7;0;2;6;12;1
536582873;155 701 145;B01;2;0;0;2;1;0;0
536582874;155 701 141;Z01;2;32;0;2;1;1;0
536582874;155 701 147;B01;1;1;0;2;7;1;5
536582875;155 701 140;A01;2;7;0;2;2;15;2
536582875;155 701 144;B01;1;32;0;2;1;1;1
536582876;155 701 146;A01;1;7;0;2;2;15;1
536582876;155 701 149;B01;2;2;0;2;1;1;1
536582877;155 701 136;A01;3;7;0;1;1;1;1
536582878;155 701 134;A01;1;7;0;2;2;15;1
536582878;155 701 139;B01;2;99;0;2;1;16;3
536582879;155 701 132;A01;0;80;0;2;7;1;3
536582879;155 701 137;B01;0;7;0;2;1;1;1
536582880;155 701 133;A01;2;1;1;2;1;5;5
536582880;155 701 138;B01;3;7;0;2;1;1;2
536582881;155 701 131;A01;2;7;0;0;4;1;1
536582881;155 701 135;B01;2;7;0;2;1;1;1
536582882;155 701 130;A01;2;10;0;1;1;15;1
536582883;155 701 125;B01;3;7;0;2;6;20;1
536582883;155 701 129;A01;3;7;0;2;2;17;2
536582884;155 701 124;B01;1;10;0;2;2;1;1
536582884;155 701 128;A01;1;31;0;2;0;0;1
536582885;155 701 126;A01;1;7;5;0;7;1;1
536582886;155 701 123;A01;0;7;0;2;1;26;1
536582886;155 701 127;B01;3;1;0;0;8;0;5
536582887;155 701 122;A01;2;7;12;0;2;13;1
536582888;155 701 121;A01;1;13;0;1;8;1;1
536582889;155 701 118;A01;3;7;0;2;8;11;3
536582889;155 701 120;B01;3;34;0;2;2;0;1
536582890;155 701 119;A01;3;7;6;0;2;1;1
536582891;155 701 115;B01;1;1;0;2;3;1;5
536582891;155 701 116;A01;1;10;0;2;2;22;1
536582892;155 701 114;B01;3;10;0;2;1;19;1
536582892;155 701 117;A01;3;1;0;2;6;1;5
536582893;155 701 110;A01;2;7;0;2;6;16;3
536582893;155 701 112;B01;2;33;0;2;0;0;1
536582894;155 701 111;B01;2;7;0;1;1;0;1
536582895;155 701 108;A01;1;1;12;0;1;14;5
536582896;155 701 109;A01;2;7;0;2;3;24;1
536582896;155 701 113;B01;1;7;0;1;3;21;1
536582897;155 701 105;Z01;0;31;0;0;0;0;0
536582897;155 701 107;A01;0;43;0;2;0;1;1
536582898;155 701 099;C01;1;13;0;0;0;0;1
536582898;155 701 103;A01;1;33;3;2;1;13;1
536582898;155 701 106;B01;1;43;0;2;4;13;1
536582899;155 701 102;A01;1;1;0;1;8;1;5
536582900;155 701 101;A01;2;2;2;0;1;1;1
536582901;155 701 100;A01;1;7;0;0;8;19;1
536582901;155 701 104;B01;2;33;0;2;1;1;1
536582902;155 701 098;A01;1;7;0;1;3;9;3
536582903;155 701 096;A01;3;10;0;2;1;1;1
536582903;155 701 097;B01;3;1;0;2;7;1;5
536582904;155 701 091;B01;2;7;0;2;1;1;1
536582904;155 701 095;A01;1;7;0;2;1;13;1
536582905;155 701 088;Z01;1;7;0;2;1;16;0
536582905;155 701 092;B01;1;50;0;2;1;8;3
536582906;155 701 090;A01;1;7;0;2;3;17;1
536582906;155 701 094;B01;1;34;0;2;2;2;1
536582907;155 701 086;C01;2;7;0;2;7;1;1
536582907;155 701 089;B01;2;7;0;2;1;1;1
536582907;155 701 093;A01;1;33;5;2;1;1;1
536582908;155 701 085;A01;2;7;0;2;3;13;1
536582908;155 701 087;B01;1;37;0;2;3;1;1
536582909;155 701 083;A01;3;7;0;1;1;1;2
536582910;155 701 081;A01;2;10;1;0;0;26;1
536582910;155 701 084;B01;2;1;1;2;8;1;5
536582911;155 701 079;B01;1;32;0;2;1;17;1
536582911;155 701 082;A01;1;7;0;2;6;22;3
536582912;155 701 078;A01;2;2;0;2;3;26;1
536582912;155 701 080;B01;2;7;0;2;2;1;3
536582913;155 701 075;A01;1;7;0;1;5;20;1
536582914;155 701 074;A01;1;7;1;0;2;1;1
536582915;155 701 073;A01;2;7;0;2;1;13;1
536582915;155 701 077;B01;1;7;0;2;1;1;1
536582916;155 701 071;B01;1;2;0;2;1;1;3
536582916;155 701 076;A01;1;10;0;2;2;1;1
536582917;155 701 070;B01;2;7;0;2;5;20;1
536582917;155 701 072;A01;2;7;1;2;2;1;1
536582918;155 701 068;A01;2;50;1;0;0;1;3
536582919;155 701 066;A01;1;33;0;0;6;2;1
536582919;155 701 069;B01;2;7;0;0;2;2;1
536582920;155 701 063;A01;3;30;0;2;1;0;1
536582920;155 701 065;B01;3;1;1;0;0;0;5
536582921;155 701 062;B01;1;7;0;2;3;1;2
536582921;155 701 067;A01;1;2;0;2;1;1;1
536582922;155 701 061;A01;1;7;0;2;6;10;1
536582922;155 701 064;B01;1;30;0;2;1;1;1
536582923;155 701 058;B01;0;50;0;2;0;0;3
536582923;155 701 060;A01;2;7;0;2;1;1;0
536582924;155 701 055;A01;1;7;1;2;3;20;1
536582924;155 701 056;B01;1;33;1;2;1;2;1
536582925;155 701 057;B01;3;2;0;9;1;1;1
536582925;155 701 059;A01;3;1;0;2;1;19;5
536582926;155 701 054;A01;2;7;0;1;1;1;1
536582927;155 701 053;A01;0;7;1;0;2;0;1
536582928;155 701 051;A01;2;7;13;0;2;14;1
536582929;155 701 052;A01;1;7;0;1;7;15;1
536582930;155 701 050;A01;2;15;3;0;2;14;1
536582931;155 701 048;A01;2;10;0;2;1;16;1
536582931;155 701 049;B01;1;1;0;2;7;1;5
536582932;155 701 046;B01;2;7;0;0;3;1;3
536582932;155 701 047;A01;1;7;3;0;1;13;1
536582933;155 701 044;Z01;0;33;14;1;1;26;0
536582934;155 701 043;A01;2;2;0;0;0;13;1
536582935;155 701 042;A01;1;7;12;1;2;16;1
536582936;155 701 040;A01;2;15;0;9;1;1;1
536582936;155 701 041;B01;1;7;0;2;1;1;1