Num_Acc;id_vehicule;num_veh;senc;catv;obs;obsm;choc;manv;motor
536583236;155 700 503;A01;1;7;0;2;3;1;1
536583236;155 700 507;B01;1;34;0;2;2;9;1
536583237;155 700 502;A01;2;33;0;2;1;3;1
536583237;155 700 504;B01;2;10;0;2;8;1;1
536583238;155 700 499;A01;2;7;6;0;1;14;1
536583239;155 700 498;A01;3;7;5;0;2;14;2
536583240;155 700 497;B01;2;50;8;2;7;19;3
536583240;155 700 500;A01;2;7;12;2;2;26;1
536583241;155 700 494;A01;3;7;1;0;6;26;1
536583242;155 700 490;B01;1;1;0;2;7;1;5
536583242;155 700 495;A01;1;7;0;2;1;1;1
536583243;155 700 492;A01;1;7;0;2;1;2;1
536583243;155 700 496;B01;1;7;0;2;4;2;1
536583244;155 700 489;A01;3;7;0;2;3;1;1
536583244;155 700 491;B01;0;32;0;2;1;1;1
536583245;155 700 488;A01;2;1;0;2;1;1;5
536583245;155 700 493;B01;2;7;0;2;3;0;1
536583246;155 700 482;A01;2;7;0;2;1;1;3
536583246;155 700 486;B01;2;1;0;2;0;23;5
536583247;155 700 483;A01;3;7;0;2;4;23;1
536583247;155 700 487;B01;3;7;0;2;1;1;1
536583248;155 700 481;A01;1;10;1;2;3;26;1
536583248;155 700 485;B01;1;33;1;2;1;17;1
536583249;155 700 480;B01;1;15;0;2;4;1;1
536583249;155 700 484;A01;1;7;0;2;1;1;2
536583250;155 700 477;B01;0;1;0;2;1;15;5
536583250;155 700 479;A01;0;7;0;9;2;1;1
536583251;155 700 472;A01;3;10;0;2;2;16;1
536583251;155 700 478;B01;3;7;0;2;3;1;1
536583252;155 700 470;A01;2;7;0;2;6;1;1
536583252;155 700 474;B01;2;33;0;2;7;21;1
536583253;155 700 471;A01;2;10;0;2;8;22;1
536583253;155 700 475;B01;2;1;0;2;1;17;5
536583254;155 700 469;A01;1;33;0;2;1;2;1
536583254;155 700 473;B01;1;7;0;2;4;2;1
536583254;155 700 476;C01;1;7;0;2;4;2;1
536583255;155 700 467;A01;2;7;9;0;1;13;1
536583256;155 700 466;A01;1;2;14;0;1;14;1
536583257;155 700 464;A01;2;7;0;1;1;1;1
536583258;155 700 463;B01;2;7;0;2;1;26;1
536583258;155 700 468;A01;2;7;0;2;2;0;1
536583259;155 700 462;A01;2;7;0;2;8;11;1
536583259;155 700 465;B01;2;33;0;2;7;3;1
536583260;155 700 459;A01;2;7;0;1;7;17;1
536583261;155 700 458;B01;3;1;0;2;0;0;5
536583261;155 700 461;A01;3;50;0;2;1;25;3
536583262;155 700 456;A01;1;10;0;2;3;1;1
536583262;155 700 460;B01;1;50;0;2;3;1;3
536583263;155 700 455;A01;3;3;12;0;2;21;1
536583264;155 700 451;B01;2;7;0;2;2;1;1
536583264;155 700 453;A01;2;7;0;2;3;9;1
536583265;155 700 454;A01;1;38;0;2;1;2;1
536583265;155 700 457;B01;1;7;0;2;4;2;1
536583266;155 700 450;A01;1;7;0;0;9;1;1
536583267;155 700 452;A01;1;40;0;1;7;1;3
536583268;155 700 447;B01;2;3;0;2;6;11;1
536583268;155 700 449;A01;1;7;0;2;2;1;1
536583269;155 700 444;B01;1;7;0;2;7;0;1
536583269;155 700 446;A01;1;7;0;2;1;9;1
536583270;155 700 442;C01;1;50;0;2;8;0;3
536583270;155 700 445;Z01;1;7;0;1;1;18;1
536583270;155 700 448;B01;1;60;0;2;8;19;5
536583271;155 700 441;B01;3;10;0;2;1;1;1
536583271;155 700 443;A01;3;7;15;2;7;15;1
536583272;155 700 440;A01;2;10;0;1;2;1;1
536583273;155 700 437;B01;1;7;0;2;5;26;1
536583273;155 700 439;A01;1;7;0;2;3;26;1
536583274;155 700 434;A01;2;7;0;1;1;26;1
536583275;155 700 436;A01;0;7;0;0;0;0;0
536583275;155 700 438;B01;0;33;0;0;0;0;0
536583276;155 700 433;B01;3;33;0;2;1;1;0
536583276;155 700 435;A01;3;7;0;2;3;15;6
536583277;155 700 430;A01;1;7;0;1;3;15;1
536583278;155 700 428;A01;0;10;0;1;1;1;1
536583279;155 700 426;A01;0;7;0;2;1;15;1
536583279;155 700 427;B01;1;60;0;2;1;19;5
536583280;155 700 425;B01;2;7;0;2;3;2;1
536583280;155 700 429;A01;1;37;0;2;2;2;3
536583281;155 700 423;A01;1;7;0;0;7;13;1
536583281;155 700 424;B01;1;1;0;2;8;11;5
536583282;155 700 421;A01;1;10;0;1;3;1;1
536583283;155 700 420;A01;3;7;0;1;0;0;1
536583284;155 700 422;A01;3;7;0;1;2;1;1
536583285;155 700 416;A01;2;34;0;2;1;2;1
536583285;155 700 419;B01;2;10;0;2;3;2;1
536583286;155 700 413;A01;2;7;0;2;3;15;1
536583286;155 700 415;B01;2;50;0;2;1;5;3
536583287;155 700 414;A01;1;2;0;2;1;1;1
536583287;155 700 417;B01;1;10;0;2;4;1;1
536583288;155 700 412;B01;1;1;0;2;0;19;5
536583288;155 700 418;A01;1;7;0;2;2;1;1
536583289;155 700 407;A01;1;7;0;2;3;9;1
536583289;155 700 411;B01;1;7;0;2;1;1;1
536583290;155 700 406;B01;3;50;0;2;1;1;3
536583290;155 700 408;A01;3;7;0;2;7;15;1
536583291;155 700 405;B01;3;33;0;2;1;1;1
536583291;155 700 410;A01;3;7;0;2;8;10;1
536583292;155 700 402;A01;1;37;0;1;5;26;1
536583293;155 700 400;A01;3;7;0;2;1;15;2
536583293;155 700 404;B01;3;7;0;2;1;2;1
536583293;155 700 409;C01;3;33;0;2;1;2;1
536583294;155 700 399;B01;3;1;0;2;8;1;5
536583294;155 700 403;Z01;3;7;0;9;7;17;0
536583295;155 700 395;A01;3;7;0;2;1;2;1
536583295;155 700 397;C01;3;7;0;2;4;2;1
536583295;155 700 398;D01;3;7;0;2;4;2;1
536583295;155 700 401;B01;3;7;0;2;4;2;1
536583296;155 700 394;Z01;1;7;0;1;2;1;1
536583297;155 700 393;A01;3;7;0;2;1;21;1
536583297;155 700 396;B01;3;7;0;2;1;21;1
536583298;155 700 392;A01;1;2;0;0;1;14;1
536583299;155 700 389;A01;3;7;0;2;2;16;1
536583299;155 700 391;B01;3;7;0;2;8;16;1
536583300;155 700 390;A01;1;7;0;1;1;16;1
536583301;155 700 385;A01;1;10;0;2;2;13;1
536583301;155 700 387;B01;2;7;0;2;2;0;1
536583302;155 700 386;A01;1;7;0;2;0;0;1
536583302;155 700 388;B01;2;30;0;2;0;0;1
536583303;155 700 382;B01;1;50;0;2;1;0;3
536583303;155 700 383;A01;1;7;0;9;2;1;1
536583304;155 700 381;B01;3;7;0;2;2;15;1
536583304;155 700 384;A01;3;7;0;2;1;1;1
536583305;155 700 379;Z01;3;1;0;1;1;25;5
536583306;155 700 375;A01;1;7;0;2;7;0;1
536583306;155 700 378;B01;1;7;0;2;2;1;1
536583306;155 700 380;C01;0;7;0;2;1;23;1
536583307;155 700 376;A01;0;7;0;1;1;1;1
536583308;155 700 374;A01;3;7;0;2;2;1;1
536583308;155 700 377;B01;3;33;0;2;1;1;1
536583309;155 700 373;A01;2;7;0;1;1;1;1
536583310;155 700 372;A01;3;7;0;1;2;11;1
536583311;155 700 369;A01;1;7;0;2;1;1;1
536583311;155 700 371;B01;2;1;0;2;7;1;5
536583312;155 700 368;A01;2;7;0;2;3;10;1
536583312;155 700 370;B01;2;30;0;2;2;0;1
536583313;155 700 366;A01;2;7;0;2;4;1;1
536583313;155 700 367;Z01;2;7;0;2;1;1;1
536583314;155 700 363;A01;3;7;0;2;1;15;3
536583314;155 700 365;B01;3;7;0;2;4;15;1
536583315;155 700 362;A01;1;7;0;2;3;11;0
536583315;155 700 364;B01;1;1;0;2;2;5;5
536583316;155 700 360;A01;1;10;0;1;1;1;1
536583317;155 700 359;A01;1;2;0;2;1;1;1
536583317;155 700 361;B01;3;7;0;2;7;1;1
536583318;155 700 354;A01;3;13;1;0;1;2;0
536583318;155 700 355;B01;3;7;0;2;4;2;2
536583318;155 700 357;C01;3;7;0;2;4;2;1
536583319;155 700 353;A01;3;50;0;1;1;1;3
536583320;155 700 352;A01;3;7;1;2;3;17;1
536583320;155 700 356;B01;3;7;8;2;3;16;1
536583320;155 700 358;C01;3;7;0;2;3;23;1
536583321;155 700 350;A01;2;7;0;2;1;0;1
536583321;155 700 351;B01;1;7;0;2;1;0;1
536583322;155 700 347;A01;2;7;0;2;1;13;1
536583322;155 700 349;B01;1;7;0;2;1;1;3
536583323;155 700 348;A01;1;7;0;1;2;1;1
536583324;155 700 345;A01;2;7;6;0;3;0;1
536583325;155 700 343;A01;3;7;8;0;2;1;1
536583326;155 700 344;A01;2;50;0;2;8;1;3
536583326;155 700 346;B01;2;21;0;2;1;16;1
536583327;155 700 339;B01;1;43;1;2;2;11;1
536583327;155 700 342;A01;1;7;1;2;3;0;1
536583328;155 700 338;A01;2;7;0;1;3;15;1
536583329;155 700 336;A01;1;7;0;2;7;1;1
536583329;155 700 340;B01;2;7;0;2;1;15;1
536583330;155 700 337;B01;3;80;0;2;7;1;3
536583330;155 700 341;A01;3;7;0;2;3;1;1
536583331;155 700 334;A01;2;7;0;2;2;0;1
536583331;155 700 335;B01;2;99;0;2;4;0;1
536583332;155 700 333;A01;1;7;0;1;3;15;1
536583333;155 700 331;A01;3;7;0;1;1;1;2
536583334;155 700 330;A01;3;14;0;0;0;26;1
536583335;155 700 329;B01;2;1;0;2;1;1;5
536583335;155 700 332;Z01;2;7;0;2;6;16;1
536583336;155 700 328;A01;2;33;0;0;7;21;1
536583337;155 700 326;A01;3;10;0;1;2;1;1
536583338;155 700 321;A01;1;7;0;2;3;5;0
536583338;155 700 323;B01;1;7;0;2;8;1;1
536583338;155 700 325;C01;1;7;0;2;1;1;1
536583338;155 700 327;D01;1;7;0;2;1;1;1
536583339;155 700 320;B01;1;32;0;2;8;1;1
536583339;155 700 324;A01;1;7;0;2;2;15;1
536583340;155 700 319;A01;1;7;0;2;8;11;1
536583340;155 700 322;B01;1;15;0;2;1;1;1
536583341;155 700 316;B01;1;7;0;2;4;1;1
536583341;155 700 317;A01;1;7;0;2;1;1;1
536583342;155 700 315;B01;0;7;0;0;4;0;1
536583342;155 700 318;A01;0;7;0;2;1;1;1
536583343;155 700 314;A01;1;7;15;0;2;1;1
536583344;155 700 312;B01;1;32;0;2;2;10;1
536583344;155 700 313;A01;2;7;0;2;3;1;2
536583345;155 700 308;A01;1;7;6;0;2;2;1
536583345;155 700 311;B01;1;7;0;0;3;2;1
536583346;155 700 306;A01;1;33;0;2;7;26;1
536583346;155 700 309;B01;1;32;0;2;5;1;1
536583347;155 700 304;B01;2;7;0;2;4;0;1
536583347;155 700 307;A01;2;33;0;2;1;1;3
536583348;155 700 303;A01;2;10;0;9;2;16;1
536583348;155 700 310;B01;2;50;0;2;1;1;3
536583349;155 700 302;A01;1;7;0;2;1;15;1
536583349;155 700 305;B01;2;33;0;2;1;1;1
536583350;155 700 300;A01;1;7;0;1;2;0;1
536583351;155 700 298;A01;2;50;0;9;8;19;3
536583351;155 700 301;B01;2;50;0;9;1;2;3
536583352;155 700 295;A01;1;30;14;0;1;1;1
536583353;155 700 289;A01;1;50;0;2;3;25;3
536583353;155 700 293;B01;3;33;0;2;1;1;1
536583354;155 700 292;A01;2;50;0;0;0;1;3
536583354;155 700 294;B01;2;50;0;0;0;1;3
536583355;155 700 285;A01;0;7;0;0;2;5;1
536583355;155 700 288;B01;0;7;0;0;4;0;0
536583356;155 700 282;A01;2;33;0;2;1;13;1
536583356;155 700 284;B01;1;10;0;2;1;26;1
536583357;155 700 278;B01;2;1;0;2;1;2;5
536583357;155 700 280;A01;2;10;0;2;7;16;1
536583358;155 700 276;H01;2;7;0;2;3;1;1
536583358;155 700 279;E01;2;7;0;2;0;1;2
536583358;155 700 281;I01;2;7;0;2;3;2;1
536583358;155 700 283;C01;2;7;14;2;1;1;1
536583358;155 700 286;D01;2;7;0;0;0;1;1
536583358;155 700 287;A01;2;33;0;0;0;0;1
536583358;155 700 290;B01;2;7;0;2;1;1;1
536583358;155 700 291;F01;2;7;0;0;0;1;1
536583358;155 700 296;G01;2;7;0;2;2;1;1
536583359;155 700 274;B01;2;1;0;2;7;1;5
536583359;155 700 277;A01;2;7;0;2;1;9;1
536583360;155 700 272;A01;1;7;0;2;3;15;1
536583360;155 700 275;B01;1;43;0;2;2;2;1
536583361;155 700 271;A01;1;37;1;0;1;13;1
536583362;155 700 270;A01;1;7;0;2;3;0;1
536583362;155 700 273;B01;2;7;0;2;3;0;1
536583363;155 700 266;A01;1;10;0;2;7;16;1
536583363;155 700 269;B01;1;50;0;2;1;1;3
536583364;155 700 265;B01;2;33;0;2;1;1;1
536583364;155 700 268;A01;1;7;0;2;2;15;1
536583365;155 700 264;A01;2;32;8;2;3;2;1
536583365;155 700 267;B01;2;7;0;2;2;16;1
536583366;155 700 263;A01;2;7;7;0;2;1;1
536583367;155 700 262;A01;1;7;12;0;2;0;1
536583368;155 700 259;A01;2;7;0;1;2;1;1
536583369;155 700 258;B01;2;33;0;2;4;1;1
536583369;155 700 261;Z01;2;7;0;2;8;11;0
536583370;155 700 257;A01;3;7;0;2;8;1;1
536583370;155 700 260;B01;3;7;0;2;1;1;1
536583371;155 700 254;A01;2;7;0;2;3;15;1
536583371;155 700 255;B01;2;33;0;2;1;17;1
536583372;155 700 256;A01;1;50;14;0;0;1;3
536583373;155 700 250;B01;1;7;0;2;7;1;1
536583373;155 700 253;A01;1;43;0;2;8;3;1
536583374;155 700 252;A01;0;7;0;1;8;15;1
536583375;155 700 248;B01;1;7;8;2;3;1;1
536583375;155 700 251;A01;3;7;0;2;1;9;1
536583376;155 700 249;A01;1;50;0;0;0;1;3
536583377;155 700 246;A01;1;80;0;1;2;2;3
536583378;155 700 242;A01;2;7;0;2;1;0;1
536583378;155 700 244;B01;1;7;0;0;3;15;1
536583379;155 700 241;A01;1;7;0;2;3;15;1
536583379;155 700 245;B01;1;1;0;2;1;1;5
536583380;155 700 240;B01;1;7;0;4;1;2;1
536583380;155 700 243;T01;2;40;0;4;1;1;3
536583380;155 700 247;A01;1;7;0;4;1;5;1
536583381;155 700 239;A01;2;7;0;0;0;1;1
536583382;155 700 237;Z01;2;30;0;1;0;1;0
536583383;155 700 236;A01;1;7;0;2;1;11;1
536583383;155 700 238;B01;2;10;0;2;1;1;1
536583384;155 700 233;A01;1;7;0;2;1;18;1
536583384;155 700 235;B01;1;33;0;2;7;15;1
536583385;155 700 230;A01;2;7;0;2;3;15;1
536583385;155 700 234;B01;1;7;0;2;1;1;1
536583386;155 700 229;B01;1;10;0;0;0;26;1
536583386;155 700 232;A01;1;32;0;2;0;1;1
536583387;155 700 228;A01;3;7;0;9;1;1;1
536583387;155 700 231;B01;3;1;0;2;4;1;5
536583388;155 700 225;B01;2;10;0;2;1;1;0
536583388;155 700 227;A01;2;10;0;2;4;1;0
536583389;155 700 222;A01;2;7;0;2;1;1;1
536583389;155 700 226;B01;2;7;0;0;4;1;1
536583390;155 700 221;A01;1;7;3;2;1;1;1
536583390;155 700 223;B01;2;7;0;2;1;1;1
536583391;155 700 219;B01;1;2;0;2;6;1;1
536583391;155 700 224;A01;1;3;0;2;6;1;1
536583392;155 700 218;A01;1;7;0;1;3;9;1
536583393;155 700 217;A01;3;31;0;2;3;5;3
536583393;155 700 220;B01;3;7;0;2;3;16;1
536583394;155 700 214;A01;2;30;1;2;1;1;1
536583394;155 700 216;B01;2;7;0;2;4;1;3
536583395;155 700 213;A01;1;32;0;2;2;16;1
536583395;155 700 215;B01;3;80;0;2;7;1;3
536583396;155 700 210;B01;2;32;0;2;1;1;1
536583396;155 700 211;A01;2;7;0;0;4;15;1
536583397;155 700 208;B01;0;10;0;2;0;9;1
536583397;155 700 212;A01;3;7;0;2;1;19;1
536583398;155 700 207;A01;1;2;0;2;1;1;1
536583398;155 700 209;B01;2;7;0;2;7;1;1
536583399;155 700 205;A01;2;7;6;0;2;1;1
536583400;155 700 206;A01;2;30;0;1;1;9;6
536583401;155 700 203;A01;0;30;0;2;1;2;0
536583401;155 700 204;B01;0;7;0;2;4;2;1
536583402;155 700 201;A01;3;10;0;2;3;1;1
536583402;155 700 202;B01;3;7;0;2;3;13;1
536583403;155 700 198;A01;1;7;4;2;3;17;1
536583403;155 700 200;B01;1;7;4;2;6;2;1
536583404;155 700 199;A01;1;7;0;1;7;1;1
536583405;155 700 190;A01;2;7;0;0;4;23;1
536583405;155 700 193;B01;2;7;0;2;4;2;1
536583405;155 700 195;C01;2;7;0;2;1;2;1
536583406;155 700 192;C01;2;7;0;2;0;0;3
536583406;155 700 194;B01;2;34;0;2;1;1;1
536583406;155 700 196;A01;2;43;0;2;4;1;1
536583407;155 700 191;A01;1;7;0;1;5;4;1
536583408;155 700 188;B01;0;7;0;2;2;1;1
536583408;155 700 189;A01;0;1;0;2;1;9;5
536583409;155 700 186;A01;3;7;13;0;0;1;0
536583410;155 700 185;A01;2;7;0;1;1;26;1
536583411;155 700 179;B01;1;7;0;2;1;23;1
536583411;155 700 184;A01;2;7;0;2;1;14;1
536583412;155 700 175;A01;2;7;0;2;1;2;1
536583412;155 700 177;C01;2;10;0;2;4;0;1
536583412;155 700 180;D01;2;7;0;0;4;23;1
536583412;155 700 181;B01;2;7;4;2;4;23;2
536583412;155 700 183;E01;2;7;0;0;4;23;1
536583413;155 700 176;B01;3;30;0;2;6;17;1
536583413;155 700 182;A01;3;33;0;2;3;1;1
536583414;155 700 174;A01;3;80;0;2;1;1;3
536583414;155 700 178;B01;3;50;0;2;4;24;3
536583415;155 700 173;A01;1;7;8;0;8;1;1
536583416;155 700 169;A01;1;10;0;2;1;2;1
536583416;155 700 171;B01;1;7;0;2;4;2;1
536583416;155 700 172;C01;1;7;0;0;4;2;1
536583417;155 700 167;A01;2;7;0;2;6;9;1
536583417;155 700 170;B01;2;7;6;2;7;21;1
536583418;155 700 166;B01;3;7;0;2;7;1;1
536583418;155 700 168;A01;3;1;0;2;1;1;5
536583419;155 700 165;A01;1;7;0;1;1;1;1
536583420;155 700 163;A01;1;31;0;2;8;17;1
536583420;155 700 164;B01;1;7;0;2;8;1;2
536583421;155 700 161;A01;0;0;0;1;0;0;0
536583422;155 700 162;A01;2;80;0;1;1;5;3
536583423;155 700 158;B01;1;7;0;2;1;1;1
536583423;155 700 160;A01;2;10;0;2;1;5;1
536583424;155 700 157;A01;2;7;0;2;2;1;1
536583424;155 700 159;B01;2;2;0;2;4;1;1
536583425;155 700 156;A01;3;10;0;1;2;1;1
536583426;155 700 153;B01;1;2;0;2;7;15;1
536583426;155 700 154;A01;2;7;0;2;2;1;1
536583427;155 700 152;A01;2;32;11;0;2;26;1
536583428;155 700 150;A01;1;3;1;0;1;19;1
536583429;155 700 148;A01;2;1;0;0;0;26;5
536583430;155 700 146;A01;2;7;0;2;2;2;1
536583430;155 700 149;B01;1;7;0;2;2;2;1
536583431;155 700 145;A01;2;2;0;2;1;13;1
536583431;155 700 147;B01;1;7;0;2;1;1;1
536583432;155 700 142;B01;1;1;0;2;1;0;5
536583432;155 700 144;A01;2;60;0;2;1;0;5
536583433;155 700 139;C01;2;7;0;2;1;1;1
536583433;155 700 140;B01;2;7;0;2;8;1;1
536583433;155 700 143;A01;1;14;0;2;2;13;1
536583434;155 700 138;A01;0;7;0;2;3;17;1
536583434;155 700 141;B01;0;7;0;2;3;1;1
536583435;155 700 136;A01;1;7;0;1;2;2;1
536583436;155 700 135;A01;3;7;16;0;0;16;2
536583437;155 700 134;A01;3;7;0;2;5;10;1
536583437;155 700 137;B01;1;7;0;2;1;0;1
536583438;155 700 132;B01;1;10;0;2;1;1;1
536583438;155 700 133;A01;2;7;0;2;1;5;1
536583439;155 700 129;A01;1;32;0;2;1;11;1
536583439;155 700 131;B01;2;13;0;2;3;1;1
536583440;155 700 127;A01;2;32;0;0;9;26;1
536583441;155 700 128;A01;3;13;0;2;2;15;1
536583441;155 700 130;B01;3;1;0;2;1;1;5
536583442;155 700 125;A01;2;7;0;1;1;15;3
536583443;155 700 123;B01;2;7;0;2;4;1;1
536583443;155 700 126;A01;2;7;0;2;1;2;1
536583444;155 700 124;A01;1;7;0;1;1;17;1
536583445;155 700 121;A01;2;7;0;2;1;1;1
536583445;155 700 122;B01;1;14;0;2;8;20;1
536583446;155 700 119;A01;1;7;0;2;5;13;1
536583446;155 700 120;B01;2;7;0;2;1;1;1
536583447;155 700 118;A01;1;1;0;1;1;13;5
536583448;155 700 117;A01;1;7;0;2;3;13;0
536583449;155 700 114;A01;3;7;0;1;2;2;1
536583450;155 700 113;A01;1;7;0;0;7;0;1
536583450;155 700 115;B01;2;10;0;2;1;0;1
536583451;155 700 111;A01;1;14;0;2;1;1;1
536583451;155 700 112;B01;1;7;0;2;8;0;1
536583452;155 700 108;B01;2;7;0;2;1;5;1
536583452;155 700 110;A01;1;7;0;2;1;1;1
536583453;155 700 107;B01;0;7;14;2;3;21;1
536583453;155 700 109;A01;0;7;14;2;1;21;2
536583454;155 700 105;A01;2;17;0;2;7;12;1
536583454;155 700 106;B01;2;7;0;2;8;1;1
536583455;155 700 104;A01;2;7;2;0;0;14;1
536583456;155 700 103;A01;2;7;0;1;1;0;2
536583457;155 700 099;C01;1;7;0;2;4;2;1
536583457;155 700 100;D01;1;7;0;2;1;2;1
536583457;155 700 101;B01;1;7;0;2;4;2;3
536583457;155 700 102;A01;1;7;0;2;4;2;1
536583458;155 700 098;A01;2;2;3;0;1;1;1
536583459;155 700 097;A01;2;31;0;1;1;2;1
536583460;155 700 095;A01;1;7;0;1;4;4;3
536583461;155 700 092;C01;1;7;0;2;1;1;1
536583461;155 700 094;A01;1;7;0;2;4;1;1
536583461;155 700 096;B01;1;7;0;2;4;1;1
536583462;155 700 091;B01;3;37;0;2;3;1;1
536583462;155 700 093;A01;3;7;0;2;3;1;1
536583463;155 700 088;A01;1;7;4;0;1;13;1
536583464;155 700 089;B01;2;1;0;2;8;1;5
536583464;155 700 090;A01;1;7;0;9;3;15;1
536583465;155 700 085;A01;1;10;8;2;3;15;3
536583465;155 700 087;B01;1;32;8;2;2;17;1
536583466;155 700 082;B01;1;7;0;2;6;1;3
536583466;155 700 084;A01;1;33;0;2;1;3;1
536583466;155 700 086;C01;1;7;0;2;4;1;2
536583467;155 700 083;A01;2;7;2;0;1;1;1
536583468;155 700 078;A01;3;50;0;2;7;1;3
536583468;155 700 081;B01;3;10;0;2;1;1;1
536583469;155 700 076;B01;2;7;0;2;4;1;1
536583469;155 700 079;C01;2;7;0;2;2;1;1
536583469;155 700 080;A01;2;31;0;2;1;2;1
536583470;155 700 075;A01;1;7;0;2;1;15;1
536583470;155 700 077;B01;1;7;0;2;2;1;1
536583471;155 700 072;A01;2;30;0;2;1;1;1
536583471;155 700 074;B01;1;10;0;2;3;1;1
536583472;155 700 071;B01;2;7;0;2;4;2;4
536583472;155 700 073;A01;2;33;0;2;1;2;1
536583473;155 700 070;A01;3;80;0;1;1;2;3
536583474;155 700 068;A01;3;10;13;0;1;15;1
536583475;155 700 067;A01;2;7;0;2;5;12;1
536583475;155 700 069;B01;2;33;0;2;3;3;1
536583476;155 700 065;A01;1;31;0;2;2;0;1
536583476;155 700 066;B01;2;10;0;2;1;0;1
536583477;155 700 061;B01;2;7;0;2;4;1;1
536583477;155 700 063;A01;2;7;0;2;1;2;1
536583478;155 700 062;A01;2;7;0;2;8;9;1
536583478;155 700 064;B01;2;10;0;2;1;1;3
536583479;155 700 060;A01;3;7;2;0;1;1;1
536583480;155 700 059;A01;1;33;0;0;1;1;1
536583481;155 700 056;B01;2;7;0;2;1;2;1
536583481;155 700 058;A01;1;7;0;2;1;13;1
536583482;155 700 052;A01;2;7;0;2;8;15;1
536583482;155 700 054;B01;2;43;0;2;1;17;1
536583483;155 700 051;B01;0;7;0;2;1;1;1
536583483;155 700 053;A01;0;7;0;0;4;1;3
536583484;155 700 049;A01;2;7;0;2;4;1;1
536583484;155 700 055;B01;2;7;0;2;6;1;1
536583485;155 700 047;A01;1;34;0;2;1;5;0
536583485;155 700 050;B01;2;7;0;2;3;15;2
536583486;155 700 046;A01;2;7;0;2;3;13;1
536583486;155 700 048;B01;1;7;0;2;3;1;1
536583487;155 700 041;A01;2;7;0;2;2;2;1
536583487;155 700 043;B01;2;7;0;2;6;2;2
536583487;155 700 045;C01;2;7;0;2;4;2;2
536583488;155 700 042;B01;1;1;1;0;0;1;5
536583488;155 700 044;A01;1;7;0;2;0;24;1
536583489;155 700 040;A01;2;7;2;0;0;1;1
536583490;155 700 036;A01;3;30;0;1;1;1;1
536583491;155 700 034;B01;1;10;0;2;1;1;1
536583491;155 700 038;A01;1;10;0;2;7;1;1
536583491;155 700 039;C01;1;7;0;2;1;1;1
536583492;155 700 035;B01;1;1;0;0;4;1;5
536583492;155 700 037;A01;1;7;0;9;1;9;1
536583493;155 700 031;B01;1;7;0;2;8;1;1
536583493;155 700 033;A01;1;7;4;2;6;1;1
536583494;155 700 030;A01;1;7;15;0;1;14;1
536583495;155 700 028;A01;2;33;4;0;1;0;1
536583496;155 700 029;B01;1;33;0;2;1;17;1
536583496;155 700 032;A01;1;7;0;2;8;15;1
536583497;155 700 027;A01;3;36;13;0;4;16;1
536583498;155 700 023;C01;2;7;0;2;4;2;1
536583498;155 700 024;B01;2;7;0;2;4;2;1
536583498;155 700 026;A01;2;10;0;2;1;2;1
536583499;155 700 022;A01;1;7;3;0;2;1;1
536583500;155 700 021;A01;0;2;0;2;1;1;0
536583500;155 700 025;B01;0;13;0;0;8;15;1
536583501;155 700 017;C01;1;7;0;2;4;1;1
536583501;155 700 019;A01;1;10;0;2;1;1;1
536583501;155 700 020;B01;1;10;0;2;4;1;1
536583502;155 700 015;B01;2;17;0;2;8;1;1
536583502;155 700 018;A01;2;7;3;2;7;17;2
536583503;155 700 013;A01;2;7;0;0;0;1;1
536583504;155 700 014;A01;1;7;0;2;3;15;1
536583504;155 700 016;B01;1;50;0;2;2;17;3
536583505;155 700 012;A01;1;10;13;0;1;14;1
536583506;155 700 007;A01;1;7;0;2;3;2;1
536583506;155 700 010;C01;1;7;0;2;6;1;1
536583506;155 700 011;B01;1;7;0;2;5;1;1
536583507;155 700 006;A01;1;7;0;2;1;1;1
536583507;155 700 009;B01;1;7;0;0;4;12;1
536583508;155 700 005;B01;1;7;0;2;0;14;0
536583508;155 700 008;A01;1;7;15;2;9;1;1
536583509;155 700 004;A01;0;3;6;9;8;13;1
536583510;155 699 999;B01;3;33;0;2;1;1;1
536583510;155 700 002;A01;3;7;0;9;8;9;1
536583512;155 699 997;A01;1;7;0;2;2;26;1
536583512;155 700 000;B01;1;7;0;2;1;21;1
536583512;155 700 003;C01;1;15;0;0;6;2;1
536583513;155 699 995;A01;1;37;0;2;1;1;1
536583513;155 699 996;B01;1;7;0;2;4;2;1
536583514;155 699 990;A01;1;7;0;1;1;16;1
536583515;155 699 991;B01;2;7;0;2;6;19;1
536583515;155 699 993;A01;1;2;0;2;2;2;6
536583516;155 699 989;A01;1;7;0;2;1;1;1
536583516;155 699 992;B01;2;7;0;2;4;1;1
536583516;155 699 994;C01;2;7;0;2;7;1;1
536583517;155 699 985;A01;2;7;0;2;6;1;1
536583517;155 699 987;B01;1;7;0;2;1;1;1
536583519;155 699 983;A01;3;7;1;0;1;16;1
536583519;155 699 986;B01;3;7;0;2;0;0;1
536583519;155 699 988;C01;3;7;0;0;0;0;1
536583520;155 699 980;A01;3;34;1;0;1;14;1
536583521;155 699 979;B01;2;7;0;2;0;0;1
536583521;155 699 981;A01;2;32;0;2;1;26;1
536583522;155 699 978;A01;1;7;0;0;6;15;1
536583522;155 699 982;B01;1;33;0;2;1;1;1
536583523;155 699 975;A01;1;7;0;2;4;0;0
536583523;155 699 976;B01;1;7;0;2;1;0;0
536583524;155 699 974;A01;1;33;15;0;0;1;1