Num_Acc;id_vehicule;num_veh;senc;catv;obs;obsm;choc;manv;motor
536583836;155 699 428;A01;1;7;1;0;2;1;1
536583836;155 699 431;B01;2;7;0;2;2;24;1
536583837;155 699 426;A01;1;99;0;2;4;1;1
536583837;155 699 427;B01;1;33;0;2;1;2;1
536583838;155 699 423;A01;2;7;14;0;1;6;1
536583839;155 699 421;A01;2;13;6;0;1;1;1
536583840;155 699 417;B01;1;7;0;2;1;1;1
536583840;155 699 422;A01;1;7;0;2;1;13;1
536583841;155 699 419;A01;3;7;9;0;1;1;1
536583842;155 699 418;A01;2;32;0;2;1;1;1
536583842;155 699 420;B01;1;32;0;2;1;1;1
536583843;155 699 416;A01;1;7;0;0;9;0;1
536583844;155 699 414;B01;1;7;0;2;6;2;2
536583844;155 699 415;A01;1;33;0;2;1;2;1
536583845;155 699 413;A01;0;33;0;0;0;1;1
536583846;155 699 412;A01;3;7;6;0;1;1;1
536583847;155 699 411;A01;1;33;0;0;0;0;1
536583848;155 699 409;A01;1;7;2;0;1;14;1
536583849;155 699 407;A01;3;7;0;2;1;19;1
536583849;155 699 410;B01;3;7;0;2;2;1;1
536583850;155 699 406;A01;1;7;0;9;1;13;1
536583850;155 699 408;B01;2;2;0;2;1;2;1
536583851;155 699 405;A01;3;7;0;0;0;0;1
536583852;155 699 402;B01;1;7;0;2;0;0;0
536583852;155 699 403;A01;1;1;0;2;0;0;5
536583853;155 699 401;A01;2;32;0;2;1;17;1
536583853;155 699 404;B01;2;7;0;2;3;19;1
536583854;155 699 396;A01;1;30;0;2;5;1;1
536583854;155 699 399;B01;1;7;0;2;2;1;1
536583855;155 699 395;A01;1;7;0;2;1;1;1
536583855;155 699 397;B01;1;2;0;2;0;10;1
536583856;155 699 391;A01;1;7;0;2;2;9;3
536583856;155 699 393;B01;1;30;0;2;8;1;1
536583857;155 699 392;A01;1;7;0;2;1;1;1
536583857;155 699 394;B01;2;7;0;2;1;1;1
536583858;155 699 390;A01;1;7;0;1;1;1;1
536583859;155 699 388;A01;2;7;0;2;3;15;1
536583859;155 699 389;B01;2;50;0;2;0;0;3
536583860;155 699 386;A01;1;7;0;1;0;26;1
536583861;155 699 385;A01;1;7;0;2;2;2;0
536583861;155 699 387;B01;1;2;0;2;4;0;1
536583862;155 699 384;A01;2;33;15;0;1;1;1
536583863;155 699 382;A01;1;10;0;2;8;15;1
536583863;155 699 383;B01;1;33;0;2;1;17;1
536583864;155 699 381;A01;0;7;0;0;2;0;1
536583865;155 699 378;A01;1;7;4;2;4;1;1
536583865;155 699 380;B01;1;7;4;2;1;1;1
536583866;155 699 377;A01;1;31;8;0;3;1;1
536583867;155 699 376;A01;1;10;0;2;4;19;1
536583867;155 699 379;B01;2;33;0;2;1;1;1
536583868;155 699 375;A01;1;7;1;0;2;1;1
536583869;155 699 371;A01;1;7;0;2;8;26;1
536583869;155 699 373;B01;1;33;0;2;1;1;1
536583870;155 699 372;B01;1;7;4;0;2;13;1
536583870;155 699 374;A01;1;10;4;0;3;15;1
536583871;155 699 370;A01;1;31;0;0;0;16;1
536583872;155 699 368;B01;1;7;0;2;8;1;1
536583872;155 699 369;A01;1;16;0;2;2;21;1
536583873;155 699 361;B01;1;33;0;2;3;3;1
536583873;155 699 364;A01;1;7;0;2;2;12;1
536583874;155 699 358;D01;1;7;0;1;1;1;1
536583874;155 699 360;B01;1;7;0;1;2;1;1
536583874;155 699 362;A01;1;7;0;1;3;0;1
536583874;155 699 365;C01;1;7;0;1;1;1;1
536583875;155 699 355;B01;2;33;0;2;1;3;1
536583875;155 699 357;A01;2;7;0;2;7;12;1
536583876;155 699 353;A01;2;37;0;9;3;26;2
536583876;155 699 354;B01;1;31;0;9;1;1;0
536583877;155 699 356;A01;1;7;0;0;4;1;1
536583877;155 699 359;B01;1;7;0;2;7;1;1
536583877;155 699 363;C01;1;7;0;0;5;1;1
536583877;155 699 366;D01;1;33;0;2;8;18;1
536583877;155 699 367;E01;1;33;0;2;9;17;1
536583878;155 699 350;A01;2;43;0;2;2;3;1
536583878;155 699 352;Z01;2;7;0;2;6;2;0
536583879;155 699 347;B01;1;80;1;0;2;1;3
536583879;155 699 348;A01;1;10;0;2;3;24;1
536583880;155 699 345;A01;1;7;0;2;3;2;1
536583880;155 699 346;B01;1;7;0;2;5;2;1
536583881;155 699 340;A01;3;7;1;1;1;1;1
536583882;155 699 339;D01;2;10;0;2;8;23;1
536583882;155 699 341;B01;1;7;0;2;3;7;1
536583882;155 699 342;A01;3;7;0;2;2;10;1
536583882;155 699 344;C01;2;34;0;2;3;23;1
536583883;155 699 338;A01;1;7;0;0;1;2;1
536583883;155 699 343;B01;1;7;0;0;4;23;1
536583884;155 699 336;A01;1;60;1;0;8;21;5
536583885;155 699 335;A01;2;7;1;2;1;1;1
536583885;155 699 337;B01;1;7;1;2;7;19;1
536583886;155 699 331;A01;1;80;0;2;1;2;3
536583886;155 699 334;Z01;1;80;0;2;4;16;3
536583887;155 699 330;B01;2;7;0;2;0;15;1
536583887;155 699 333;A01;2;7;0;2;2;17;1
536583888;155 699 329;A01;1;7;0;2;1;2;1
536583888;155 699 332;B01;1;7;0;2;4;2;1
536583889;155 699 327;A01;1;10;0;9;1;1;3
536583889;155 699 328;B01;1;1;0;2;8;1;5
536583890;155 699 324;A01;3;7;0;2;1;1;1
536583890;155 699 326;B01;3;10;9;2;3;15;3
536583891;155 699 323;A01;2;7;0;2;3;13;1
536583891;155 699 325;B01;1;2;0;2;1;13;1
536583892;155 699 321;A01;1;7;16;0;1;1;1
536583893;155 699 320;A01;2;10;0;2;5;16;1
536583893;155 699 322;B01;2;1;0;2;1;1;5
536583894;155 699 316;A01;2;10;0;1;2;2;1
536583895;155 699 314;A01;1;7;0;2;3;1;3
536583895;155 699 317;B01;2;1;0;2;1;1;5
536583896;155 699 315;C01;2;7;0;0;0;5;1
536583896;155 699 318;A01;1;7;0;2;1;21;1
536583896;155 699 319;B01;1;7;0;2;4;2;1
536583897;155 699 313;A01;2;7;17;0;2;1;2
536583898;155 699 311;A01;1;7;0;1;3;1;1
536583899;155 699 312;A01;1;1;0;1;1;16;5
536583900;155 699 306;A01;1;1;9;1;1;1;5
536583901;155 699 308;A01;1;7;0;2;1;15;1
536583901;155 699 310;B01;3;7;0;2;1;1;1
536583902;155 699 305;A01;1;7;0;2;3;2;1
536583902;155 699 307;B01;1;7;0;2;6;15;1
536583902;155 699 309;C01;2;7;0;0;8;1;2
536583903;155 699 301;A01;1;30;0;2;1;0;1
536583903;155 699 304;B01;1;7;0;2;3;15;1
536583904;155 699 300;A01;1;2;0;0;0;1;1
536583905;155 699 302;A01;2;13;0;2;3;24;3
536583905;155 699 303;B01;2;1;0;2;1;7;5
536583906;155 699 298;A01;0;7;0;9;8;9;1
536583906;155 699 299;B01;0;50;0;2;1;25;3
536583907;155 699 295;A01;2;7;0;2;7;2;1
536583907;155 699 296;B01;2;33;12;2;0;0;1
536583908;155 699 292;B01;3;37;0;2;1;1;1
536583908;155 699 293;A01;0;7;0;2;1;13;1
536583909;155 699 290;A01;2;34;0;2;3;18;1
536583909;155 699 291;B01;2;7;0;2;2;16;1
536583910;155 699 289;A01;2;7;0;1;1;1;1
536583911;155 699 285;A01;1;10;0;2;3;24;1
536583911;155 699 287;B01;2;1;0;2;1;1;5
536583912;155 699 284;A01;2;7;1;0;2;14;1
536583912;155 699 286;B01;2;7;1;0;1;24;1
536583913;155 699 288;C01;1;7;0;2;1;1;1
536583913;155 699 294;B01;1;10;0;2;1;1;1
536583913;155 699 297;A01;1;0;0;2;4;23;0
536583914;155 699 281;B01;2;7;0;2;1;1;1
536583914;155 699 283;A01;1;7;0;2;7;10;1
536583915;155 699 280;B01;1;1;1;2;1;1;5
536583915;155 699 282;A01;1;7;0;2;3;20;1
536583916;155 699 278;A01;1;7;0;1;8;1;0
536583917;155 699 277;A01;1;7;0;2;4;1;1
536583917;155 699 279;B01;1;7;0;2;1;2;1
536583918;155 699 275;A01;2;7;1;0;2;14;3
536583919;155 699 276;A01;1;7;1;0;3;21;1
536583920;155 699 270;B01;3;7;0;2;2;1;1
536583920;155 699 272;A01;3;1;0;2;1;9;5
536583921;155 699 268;B01;1;7;0;2;4;2;1
536583921;155 699 271;C01;1;7;0;2;4;2;1
536583921;155 699 273;D01;1;7;0;2;1;2;1
536583921;155 699 274;A01;1;7;0;2;4;2;3
536583922;155 699 269;A01;2;33;0;1;3;1;1
536583923;155 699 267;A01;3;7;0;1;7;9;1
536583924;155 699 265;A01;2;7;1;1;2;1;1
536583925;155 699 264;Z01;2;7;0;2;1;2;1
536583925;155 699 266;B01;2;7;0;2;4;1;1
536583926;155 699 262;A01;3;7;0;2;3;15;1
536583926;155 699 263;B01;1;34;0;0;0;0;1
536583927;155 699 260;A01;3;33;0;2;1;1;1
536583927;155 699 261;B01;3;7;0;2;5;15;2
536583928;155 699 258;A01;3;7;14;0;1;2;1
536583929;155 699 253;A01;1;30;0;2;3;15;1
536583929;155 699 255;B01;1;43;0;2;5;1;1
536583930;155 699 252;A01;2;7;0;2;1;1;1
536583930;155 699 256;B01;2;7;0;2;1;1;1
536583930;155 699 257;C01;2;7;0;2;4;1;1
536583930;155 699 259;D01;2;7;0;2;4;1;1
536583931;155 699 251;A01;2;7;0;2;2;5;1
536583931;155 699 254;B01;1;7;0;2;7;1;1
536583932;155 699 248;A01;1;10;0;1;2;1;1
536583933;155 699 250;A01;3;0;0;1;1;1;0
536583934;155 699 247;A01;1;7;0;2;6;11;1
536583934;155 699 249;B01;1;33;0;2;1;3;1
536583935;155 699 246;A01;1;10;7;0;1;13;3
536583936;155 699 245;A01;3;7;0;1;2;26;0
536583937;155 699 244;A01;2;7;3;0;1;1;1
536583938;155 699 242;A01;1;7;1;0;2;1;1
536583939;155 699 241;B01;1;33;0;2;7;1;1
536583939;155 699 243;A01;1;7;0;2;3;13;1
536583940;155 699 239;A01;2;33;4;2;0;2;1
536583940;155 699 240;B01;2;7;0;2;3;1;1
536583941;155 699 237;A01;1;7;0;2;1;9;1
536583941;155 699 238;B01;1;2;0;2;4;1;1
536583942;155 699 235;A01;2;7;3;0;1;1;1
536583944;155 699 234;A01;3;7;0;1;1;1;2
536583945;155 699 229;A01;1;7;0;2;1;2;1
536583945;155 699 231;B01;1;7;0;2;4;2;3
536583945;155 699 233;C01;1;7;0;2;4;2;1
536583946;155 699 230;A01;1;7;14;0;3;2;1
536583947;155 699 228;B01;1;7;16;0;4;1;2
536583947;155 699 232;A01;1;30;0;2;1;1;1
536583948;155 699 224;C01;2;7;0;2;1;1;1
536583948;155 699 226;A01;2;33;0;2;1;1;1
536583948;155 699 227;B01;2;7;0;2;4;1;1
536583949;155 699 225;A01;1;31;0;1;1;26;1
536583950;155 699 222;A01;2;33;0;0;2;16;1
536583951;155 699 221;B01;0;7;0;0;0;0;1
536583951;155 699 223;A01;3;7;0;2;3;15;1
536583952;155 699 220;Z01;1;50;0;1;1;1;3
536583953;155 699 216;A01;3;7;0;1;1;14;3
536583954;155 699 217;B01;1;7;0;2;1;1;1
536583954;155 699 218;A01;2;7;0;2;1;1;1
536583955;155 699 215;A01;3;7;0;2;7;12;1
536583955;155 699 219;B01;3;33;0;2;3;2;1
536583956;155 699 210;B01;2;1;0;2;3;1;5
536583956;155 699 213;A01;1;7;0;2;2;15;1
536583957;155 699 212;A01;1;7;0;2;2;13;1
536583957;155 699 214;B01;1;7;0;2;1;0;1
536583958;155 699 207;A01;1;32;1;0;8;17;1
536583958;155 699 209;C01;1;7;0;2;4;1;1
536583958;155 699 211;B01;1;7;1;0;1;0;2
536583959;155 699 205;A01;2;7;0;2;2;5;1
536583959;155 699 206;B01;1;7;0;2;3;1;1
536583960;155 699 204;C01;3;7;0;2;0;24;1
536583960;155 699 208;A01;1;10;0;2;0;0;1
536583961;155 699 203;A01;3;50;0;1;1;1;3
536583962;155 699 202;A01;1;7;0;0;8;26;1
536583963;155 699 200;A01;1;7;0;2;4;23;1
536583963;155 699 201;B01;1;7;0;2;1;2;1
536583964;155 699 199;A01;1;32;1;0;0;17;0
536583965;155 699 196;A01;1;2;0;2;1;1;1
536583965;155 699 198;B01;3;7;0;2;7;1;1
536583966;155 699 194;A01;1;7;0;2;0;13;0
536583966;155 699 197;B01;2;38;0;2;3;1;1
536583967;155 699 193;B01;1;7;0;2;3;1;1
536583967;155 699 195;A01;1;50;0;2;1;1;3
536583968;155 699 189;A01;0;7;0;0;0;0;1
536583968;155 699 191;B01;0;2;0;0;0;0;3
536583969;155 699 190;A01;0;7;0;0;0;0;1
536583969;155 699 192;B01;0;7;0;0;0;0;1
536583970;155 699 188;A01;3;7;0;1;1;13;1
536583971;155 699 185;B01;2;7;0;2;4;2;1
536583971;155 699 187;A01;2;37;0;2;1;2;1
536583972;155 699 184;B01;1;7;0;2;3;16;1
536583972;155 699 186;A01;1;2;0;2;1;15;1
536583973;155 699 183;A01;2;7;0;1;0;2;0
536583974;155 699 181;A01;3;7;0;2;1;1;1
536583974;155 699 182;B01;3;7;0;2;4;1;1
536583975;155 699 180;A01;0;7;0;1;3;1;1
536583976;155 699 177;A01;1;43;0;2;1;2;1
536583976;155 699 179;B01;1;7;0;2;5;2;1
536583977;155 699 176;A01;2;7;13;0;2;0;1
536583978;155 699 175;A01;3;7;0;2;7;17;1
536583978;155 699 178;B01;3;50;0;2;0;0;3
536583979;155 699 172;A01;2;7;0;1;3;1;1
536583980;155 699 173;A01;3;80;0;1;2;25;3
536583981;155 699 170;A01;1;17;0;0;0;2;1
536583981;155 699 171;B01;1;31;14;0;1;2;1
536583982;155 699 169;A01;3;7;0;1;1;2;1
536583983;155 699 168;A01;2;7;2;0;6;14;1
536583984;155 699 166;A01;2;7;0;1;3;1;1
536583985;155 699 167;A01;1;31;1;0;1;14;1
536583986;155 699 164;B01;2;33;0;2;1;1;1
536583986;155 699 165;A01;1;7;0;2;1;15;1
536583987;155 699 162;A01;2;14;0;2;8;1;1
536583987;155 699 163;B01;1;21;0;2;6;1;0
536583988;155 699 160;A01;1;7;6;0;3;13;1
536583989;155 699 157;B01;2;7;0;0;1;1;1
536583989;155 699 161;A01;1;7;0;0;3;9;1
536583990;155 699 153;A01;1;7;0;0;4;1;1
536583990;155 699 156;B01;1;7;0;2;1;1;1
536583991;155 699 148;C01;2;7;0;2;4;2;1
536583991;155 699 152;A01;2;7;0;2;4;2;1
536583991;155 699 154;B01;2;7;0;2;4;2;1
536583992;155 699 149;A01;1;10;0;2;7;13;1
536583992;155 699 151;B01;2;7;0;2;1;1;1
536583993;155 699 150;A01;1;7;0;2;3;1;1
536583993;155 699 155;B01;2;7;0;2;1;1;1
536583994;155 699 146;B01;3;1;0;2;1;15;5
536583994;155 699 147;A01;3;7;0;2;5;15;1
536583995;155 699 145;A01;2;7;0;1;2;1;1
536583996;155 699 144;A01;1;7;4;0;3;13;1
536583997;155 699 142;A01;2;80;1;0;7;21;3
536583998;155 699 137;A01;2;7;0;2;1;2;1
536583998;155 699 141;B01;2;7;0;2;4;2;1
536583998;155 699 143;C01;2;10;0;0;6;2;1
536583999;155 699 134;B01;1;7;0;2;1;1;1
536583999;155 699 139;C01;2;7;0;2;1;1;1
536583999;155 699 140;A01;1;7;0;2;5;19;1
536584000;155 699 136;A01;1;30;8;0;1;1;1
536584001;155 699 135;A01;3;7;0;2;1;15;1
536584001;155 699 138;B01;3;7;0;2;1;1;3
536584002;155 699 133;A01;1;7;3;0;3;1;1
536584003;155 699 130;A01;2;7;0;2;2;1;1
536584003;155 699 132;B01;2;7;0;2;8;1;1
536584004;155 699 131;A01;2;7;13;0;2;21;1
536584005;155 699 127;A01;1;7;0;2;6;15;1
536584005;155 699 128;B01;1;33;0;2;2;17;1
536584006;155 699 124;A01;1;7;13;0;1;1;1
536584007;155 699 126;B01;1;33;0;2;2;17;1
536584007;155 699 129;A01;1;7;0;2;3;15;3
536584008;155 699 121;B01;1;7;0;2;3;16;1
536584008;155 699 123;A01;2;7;0;2;3;1;1
536584008;155 699 125;T01;2;7;0;0;0;2;1
536584009;155 699 120;A01;2;2;0;0;9;13;1
536584010;155 699 122;A01;1;50;0;1;1;1;3
536584011;155 699 119;A01;1;7;0;0;0;1;1
536584012;155 699 117;A01;1;33;0;5;7;1;1
536584013;155 699 116;A01;2;7;2;0;3;1;1
536584014;155 699 115;A01;1;3;0;2;7;15;1
536584014;155 699 118;Z01;1;7;0;2;1;15;1
536584015;155 699 113;A01;1;33;0;0;6;10;1
536584015;155 699 114;B01;1;33;0;2;2;1;1
536584016;155 699 109;A01;2;33;0;2;2;2;1
536584016;155 699 111;B01;1;7;0;2;6;2;1
536584017;155 699 110;A01;2;7;0;2;3;13;1
536584017;155 699 112;B01;1;10;0;2;3;1;1
536584018;155 699 108;A01;2;10;0;1;1;1;1
536584019;155 699 107;A01;3;2;0;0;0;1;0
536584020;155 699 104;A01;1;7;0;2;3;2;1
536584020;155 699 106;B01;1;7;0;2;4;2;1
536584021;155 699 103;A01;2;7;13;0;2;1;1
536584022;155 699 102;A01;1;7;0;2;2;15;1
536584022;155 699 105;B01;2;2;0;2;1;1;1
536584023;155 699 101;A01;2;7;0;0;1;2;1
536584024;155 699 100;A01;1;7;1;1;5;1;1
536584025;155 699 098;A01;1;7;6;9;1;17;1
536584026;155 699 097;A01;1;2;12;0;1;14;1
536584027;155 699 096;A01;3;7;0;2;3;20;1
536584027;155 699 099;B01;3;33;0;2;2;1;1
536584028;155 699 092;A01;1;31;6;0;0;1;1
536584029;155 699 090;A01;2;7;0;2;1;3;1
536584029;155 699 093;B01;1;7;0;2;1;1;1
536584030;155 699 088;A01;0;7;0;0;1;1;1
536584031;155 699 087;A01;3;7;0;2;4;2;1
536584031;155 699 089;B01;3;7;0;2;4;2;1
536584031;155 699 091;C01;3;7;0;2;4;2;1
536584031;155 699 094;D01;3;7;0;2;4;2;1
536584031;155 699 095;E01;3;7;0;2;1;1;1
536584032;155 699 086;A01;2;33;0;0;2;0;1
536584033;155 699 083;A01;2;33;0;0;0;1;1
536584034;155 699 082;A01;2;33;0;2;2;12;1
536584034;155 699 085;B01;2;7;0;2;6;2;1
536584035;155 699 081;B01;1;7;0;2;7;15;1
536584035;155 699 084;A01;1;7;0;2;1;1;1
536584036;155 699 080;A01;0;80;0;0;0;0;3
536584037;155 699 078;A01;3;7;2;0;1;0;1
536584038;155 699 076;A01;1;7;0;2;2;1;1
536584038;155 699 077;B01;3;1;0;2;1;19;5
536584039;155 699 075;A01;0;7;0;2;1;1;1
536584039;155 699 079;B01;0;1;0;2;1;5;5
536584040;155 699 074;A01;1;31;0;0;0;2;3
536584041;155 699 072;A01;3;7;0;0;7;15;1
536584042;155 699 071;B01;0;7;0;2;1;1;1
536584042;155 699 073;A01;3;10;0;2;2;19;1
536584043;155 699 068;A01;3;43;0;2;2;17;1
536584043;155 699 070;B01;3;7;0;2;3;15;1
536584044;155 699 066;A01;1;33;2;0;0;17;1
536584045;155 699 065;A01;1;33;0;0;7;1;1
536584046;155 699 064;A01;2;10;0;2;1;2;1
536584046;155 699 069;B01;2;15;0;2;4;2;1
536584047;155 699 061;C01;1;7;0;2;1;21;1
536584047;155 699 062;A01;2;7;0;2;9;13;3
536584047;155 699 063;B01;1;7;0;2;1;21;3
536584048;155 699 060;A01;1;33;13;0;1;13;1
536584049;155 699 059;A01;1;7;8;0;0;1;1
536584050;155 699 057;A01;0;7;0;0;1;0;1
536584051;155 699 054;B01;2;7;0;2;2;15;1
536584051;155 699 056;A01;1;7;6;0;3;2;1
536584052;155 699 055;A01;1;7;0;2;3;1;1
536584052;155 699 058;B01;2;17;0;2;3;1;1
536584053;155 699 052;A01;2;2;13;0;1;1;1
536584054;155 699 053;A01;2;7;2;0;1;1;1
536584055;155 699 049;B01;1;7;0;2;6;23;1
536584055;155 699 051;A01;1;7;0;2;1;1;1
536584056;155 699 048;A01;2;7;0;2;3;19;1
536584056;155 699 050;B01;1;2;0;2;1;1;1
536584057;155 699 045;A01;1;7;8;0;1;1;1
536584058;155 699 046;A01;2;33;0;0;0;21;1
536584059;155 699 043;A01;1;7;1;0;2;21;1
536584059;155 699 047;B01;1;14;0;0;6;24;1
536584060;155 699 040;B01;3;2;0;2;1;1;1
536584060;155 699 041;A01;3;7;0;2;1;15;1
536584061;155 699 039;A01;1;2;8;0;1;1;1
536584062;155 699 037;A01;1;7;0;1;2;17;1
536584063;155 699 034;A01;2;7;0;2;1;2;1
536584063;155 699 035;B01;2;7;0;0;4;2;2
536584064;155 699 033;A01;3;7;0;2;2;10;1
536584064;155 699 036;B01;3;30;0;2;1;26;1
536584065;155 699 032;A01;1;7;0;1;3;1;1
536584066;155 699 031;A01;3;7;0;1;2;4;1
536584067;155 699 028;A01;1;7;3;0;4;23;1
536584067;155 699 030;B01;1;13;1;0;1;21;1
536584068;155 699 027;A01;2;7;0;2;3;11;1
536584068;155 699 029;B01;1;32;1;2;1;13;1
536584069;155 699 022;A01;1;32;0;2;1;17;1
536584069;155 699 023;B01;1;7;0;0;8;15;1
536584070;155 699 017;A01;0;7;0;2;3;13;0
536584070;155 699 020;B01;0;7;0;2;1;1;0
536584070;155 699 021;C01;0;7;0;2;6;1;0
536584071;155 699 015;A01;2;10;0;2;4;4;1
536584071;155 699 018;B01;2;1;0;2;7;1;5
536584072;155 699 019;B01;1;7;0;2;1;1;1
536584072;155 699 024;A01;1;7;0;2;3;9;1
536584073;155 699 014;A01;2;7;0;2;3;13;1
536584073;155 699 016;B01;1;17;0;2;3;1;1
536584074;155 699 011;A01;1;1;0;0;4;2;5
536584074;155 699 013;B01;1;7;0;2;2;2;1
536584075;155 699 009;A01;1;1;13;0;3;1;5
536584076;155 699 008;B01;2;99;0;0;6;21;1
536584076;155 699 012;A01;1;7;0;2;3;13;1
536584077;155 699 007;B01;1;30;0;2;3;15;1
536584077;155 699 010;A01;1;7;0;2;5;17;3
536584078;155 699 003;A01;1;7;0;2;1;17;2
536584078;155 699 005;B01;1;7;8;2;8;15;1
536584079;155 699 002;A01;3;7;6;0;1;16;1
536584080;155 699 001;A01;2;7;13;0;1;1;1
536584081;155 699 000;A01;1;7;4;0;0;26;1
536584081;155 699 004;B01;1;7;0;2;3;2;2
536584081;155 699 006;C01;1;10;0;2;3;1;3
536584082;155 698 999;A01;2;7;3;0;1;9;0
536584083;155 698 998;A01;1;7;0;1;2;1;1
536584084;155 698 995;A01;1;7;4;0;9;13;1
536584085;155 698 996;A01;2;7;0;2;1;2;1
536584085;155 698 997;B01;2;7;0;0;4;23;1
536584086;155 698 993;A01;2;7;13;0;9;1;1
536584087;155 698 992;B01;2;7;0;2;3;1;1
536584087;155 698 994;A01;1;7;6;2;1;13;1
536584088;155 698 989;A01;3;7;0;1;3;1;1
536584089;155 698 990;A01;2;7;13;0;9;1;1
536584090;155 698 988;A01;2;7;0;2;1;1;0
536584090;155 698 991;B01;2;7;0;2;4;1;0
536584091;155 698 987;A01;0;7;0;1;1;15;1
536584092;155 698 985;B01;2;7;0;2;1;1;1
536584092;155 698 986;A01;1;10;0;2;1;1;1
536584093;155 698 978;A01;2;7;0;1;1;1;1
536584094;155 698 979;B01;2;7;0;0;0;0;1
536584094;155 698 983;A01;2;7;0;2;1;2;1
536584095;155 698 980;B01;1;1;0;0;4;15;5
536584095;155 698 984;A01;1;7;0;2;1;9;1
536584096;155 698 977;A01;0;31;15;0;8;1;1
536584097;155 698 976;A01;1;7;2;0;1;1;1
536584098;155 698 971;A01;1;30;0;2;7;21;1
536584098;155 698 972;B01;1;7;0;2;2;24;1
536584099;155 698 969;C01;1;7;0;2;4;2;1
536584099;155 698 973;A01;1;7;0;2;1;2;1
536584099;155 698 975;B01;1;7;0;2;5;2;1
536584100;155 698 967;A01;1;7;0;0;4;1;1
536584100;155 698 970;B01;1;7;0;2;1;2;1
536584101;155 698 968;A01;2;33;0;2;3;10;1
536584101;155 698 974;B01;2;33;0;2;1;21;1
536584102;155 698 966;A01;3;7;0;1;1;15;1
536584103;155 698 965;A01;2;7;4;2;1;1;1
536584104;155 698 962;A01;2;10;0;0;0;1;1
536584104;155 698 964;B01;2;33;0;9;1;21;1
536584105;155 698 963;A01;2;7;4;0;1;1;1
536584106;155 698 961;Z01;1;7;0;1;2;13;0
536584107;155 698 955;A01;2;7;0;2;7;19;1
536584107;155 698 958;B01;1;7;0;2;1;1;1
536584108;155 698 957;A01;1;0;0;2;6;11;0
536584108;155 698 960;B01;1;7;3;2;2;2;1
536584109;155 698 952;D01;1;7;0;2;4;23;1
536584109;155 698 954;A01;1;7;0;2;1;1;1
536584109;155 698 956;B01;1;7;0;2;9;1;1
536584109;155 698 959;C01;1;7;0;2;9;1;1
536584110;155 698 951;A01;2;17;0;2;2;12;1
536584110;155 698 953;B01;2;7;0;2;6;1;1
536584111;155 698 948;B01;1;7;0;2;1;1;1
536584111;155 698 949;A01;1;7;0;2;1;17;1
536584112;155 698 947;A01;2;33;0;0;7;1;1
536584113;155 698 950;A01;2;2;8;0;1;1;6
536584114;155 698 943;A01;1;7;0;2;1;9;1
536584114;155 698 946;B01;1;1;0;2;7;1;5
536584115;155 698 942;A01;1;7;0;0;3;1;1
536584116;155 698 939;A01;1;7;0;2;1;13;1
536584116;155 698 941;B01;1;7;0;2;8;1;1
536584116;155 698 944;C01;1;7;0;2;1;2;1
536584116;155 698 945;D01;1;7;0;2;1;2;1
536584117;155 698 937;A01;2;7;3;0;1;1;1
536584118;155 698 938;A01;1;2;0;0;1;2;1
536584118;155 698 940;B01;1;7;0;0;4;2;1
536584119;155 698 934;A01;3;2;0;2;3;23;1
536584119;155 698 935;B01;3;7;0;2;2;20;1
536584120;155 698 932;A01;2;7;0;2;2;15;1
536584120;155 698 936;B01;1;50;0;2;1;5;3
536584121;155 698 931;A01;2;7;4;2;1;1;1
536584121;155 698 933;B01;1;7;4;2;2;1;1
536584122;155 698 929;A01;1;30;0;0;0;1;3
536584123;155 698 930;A01;2;7;6;0;1;13;1
536584124;155 698 925;A01;2;7;0;2;2;1;2
536584124;155 698 928;B01;2;1;0;2;8;1;5
536584125;155 698 924;A01;1;30;0;0;7;23;1
536584126;155 698 923;A01;1;7;4;2;9;12;1
536584126;155 698 927;B01;1;7;13;0;8;1;1
536584127;155 698 922;A01;3;33;0;2;3;21;1
536584127;155 698 926;B01;3;7;0;2;8;13;1
536584128;155 698 917;A01;0;33;0;2;7;17;1
536584128;155 698 921;B01;0;7;0;2;6;17;1
536584129;155 698 916;A01;2;7;0;2;5;1;1
536584129;155 698 919;B01;2;7;0;2;3;1;1
536584130;155 698 912;A01;1;10;0;2;1;1;1
536584130;155 698 920;B01;1;7;0;2;4;15;1
536584131;155 698 913;B01;1;31;0;2;2;3;1
536584131;155 698 915;A01;1;10;0;2;6;11;1
536584132;155 698 911;A01;2;33;8;0;8;1;1
536584133;155 698 909;A01;3;7;0;2;3;5;2
536584133;155 698 914;B01;0;7;0;2;6;1;1
536584133;155 698 918;C01;3;7;0;2;8;1;1
536584134;155 698 908;A01;2;33;0;0;2;26;1
536584135;155 698 907;A01;1;7;0;2;3;11;1
536584135;155 698 910;B01;2;10;0;2;3;0;1
536584136;155 698 904;A01;1;7;3;0;3;26;1
536584137;155 698 901;A01;2;33;0;2;1;1;1
536584137;155 698 906;B01;2;7;0;2;4;2;1
536584138;155 698 899;A01;2;7;0;2;1;13;1
536584138;155 698 903;B01;1;7;0;2;1;1;1
536584139;155 698 896;C01;2;7;0;2;4;2;1
536584139;155 698 900;A01;2;7;0;2;1;2;1
536584139;155 698 905;B01;2;3;0;2;1;2;1
536584140;155 698 895;A01;2;7;0;2;4;23;1
536584140;155 698 898;B01;2;7;0;2;1;2;2
536584140;155 698 902;C01;2;10;0;2;4;23;1
536584141;155 698 893;B01;2;7;11;0;1;26;1