Num_Acc;id_vehicule;num_veh;senc;catv;obs;obsm;choc;manv;motor
536584141;155 698 897;A01;2;7;11;0;1;1;1
536584142;155 698 894;A01;1;7;12;2;2;12;1
536584143;155 698 889;A01;1;7;0;2;1;2;1
536584143;155 698 892;B01;1;7;0;2;4;2;1
536584144;155 698 885;B01;2;7;0;2;3;9;1
536584144;155 698 888;A01;2;10;0;0;7;1;1
536584145;155 698 884;A01;1;7;0;1;1;1;1
536584146;155 698 881;A01;1;33;0;2;3;3;1
536584146;155 698 883;B01;1;7;0;2;7;12;1
536584146;155 698 886;C01;1;7;0;2;4;1;1
536584146;155 698 887;D01;1;7;0;2;6;1;3
536584147;155 698 879;A01;2;30;0;0;7;16;1
536584148;155 698 878;A01;2;16;0;2;2;12;1
536584148;155 698 880;B01;2;7;0;2;8;1;1
536584149;155 698 874;A01;1;7;16;0;9;2;1
536584150;155 698 872;A01;2;7;0;1;3;15;1
536584151;155 698 870;B01;1;33;0;2;1;1;1
536584151;155 698 875;A01;2;10;0;2;5;15;1
536584152;155 698 868;B01;1;7;0;2;1;2;1
536584152;155 698 871;C01;1;10;0;2;4;2;1
536584152;155 698 873;A01;1;10;0;2;1;2;1
536584153;155 698 867;A01;2;7;2;0;8;2;1
536584154;155 698 866;A01;1;33;0;1;1;1;1
536584155;155 698 865;A01;3;7;0;1;1;1;1
536584156;155 698 864;B01;0;7;0;2;1;1;1
536584156;155 698 869;A01;0;2;0;2;7;15;1
536584157;155 698 862;A01;1;33;0;1;1;3;1
536584158;155 698 861;A01;2;7;13;0;1;14;1
536584159;155 698 857;A01;2;10;0;2;5;15;1
536584159;155 698 860;B01;1;7;0;2;2;1;2
536584160;155 698 859;B01;0;10;0;2;1;1;1
536584160;155 698 863;A01;2;7;0;0;8;15;1
536584161;155 698 853;A01;1;10;0;2;6;13;0
536584161;155 698 856;B01;1;10;0;2;0;0;0
536584162;155 698 852;B01;1;15;0;0;0;2;1
536584162;155 698 855;A01;1;31;12;0;2;17;1
536584163;155 698 851;A01;3;10;0;2;3;2;1
536584163;155 698 854;B01;3;33;0;2;4;1;1
536584164;155 698 849;A01;3;1;0;0;0;2;5
536584165;155 698 850;B01;3;7;0;2;1;26;1
536584165;155 698 858;A01;2;7;0;2;1;26;1
536584166;155 698 844;A01;2;7;0;0;9;19;1
536584167;155 698 848;A01;3;7;14;1;1;2;2
536584168;155 698 845;A01;2;7;0;1;2;1;2
536584169;155 698 842;B01;1;10;0;2;0;0;1
536584169;155 698 846;A01;1;7;7;2;0;0;1
536584170;155 698 843;B01;0;7;0;2;1;9;1
536584170;155 698 847;A01;0;2;0;2;7;1;1
536584171;155 698 840;A01;2;7;0;1;1;26;1
536584172;155 698 836;A01;1;2;0;2;2;1;1
536584172;155 698 839;B01;1;7;0;2;3;1;1
536584173;155 698 838;A01;2;7;0;0;4;0;1
536584173;155 698 841;B01;2;7;0;2;1;2;2
536584174;155 698 837;A01;1;7;0;1;8;2;1
536584175;155 698 831;B01;1;7;0;2;1;2;1
536584175;155 698 834;A01;1;7;0;1;1;1;1
536584176;155 698 826;A01;2;7;0;1;2;1;1
536584177;155 698 827;A01;1;7;9;2;3;1;1
536584177;155 698 835;B01;1;7;16;2;2;26;1
536584178;155 698 830;B01;1;1;0;2;1;1;5
536584178;155 698 833;A01;2;7;0;2;0;15;1
536584179;155 698 825;A01;1;7;0;1;3;15;3
536584180;155 698 824;Z01;1;7;0;2;3;13;2
536584180;155 698 829;B01;2;7;0;2;3;1;2
536584181;155 698 819;A01;3;7;0;1;1;16;1
536584182;155 698 818;A01;1;33;0;2;8;13;1
536584182;155 698 822;B01;2;7;0;2;6;0;2
536584184;155 698 815;B01;1;32;0;2;7;1;1
536584184;155 698 821;A01;1;7;0;0;3;19;1
536584185;155 698 813;A01;3;7;0;1;4;4;1
536584186;155 698 814;B01;2;7;0;2;2;15;1
536584186;155 698 820;A01;1;7;0;0;8;1;1
536584187;155 698 812;A01;2;7;0;9;7;22;1
536584187;155 698 816;B01;0;30;0;2;4;4;0
536584188;155 698 804;A01;3;7;0;2;7;9;1
536584188;155 698 811;B01;3;1;0;2;8;18;5
536584189;155 698 803;B01;2;33;0;2;1;1;1
536584189;155 698 807;A01;1;7;0;2;1;5;1
536584190;155 698 806;B01;2;7;0;2;5;1;0
536584190;155 698 810;A01;2;1;0;2;1;1;5
536584191;155 698 801;A01;1;33;0;2;3;13;1
536584191;155 698 805;B01;2;7;0;2;3;1;1
536584192;155 698 802;A01;2;32;0;2;3;17;1
536584192;155 698 808;B01;1;7;0;2;3;1;1
536584193;155 698 800;A01;2;30;0;2;1;3;1
536584193;155 698 809;HB01;1;7;0;2;1;1;1
536584194;155 698 799;A01;1;7;0;1;3;15;2
536584195;155 698 796;A01;1;7;13;0;1;15;1
536584196;155 698 791;A01;0;7;0;2;2;19;1
536584196;155 698 798;B01;3;30;0;2;1;1;1
536584197;155 698 795;A01;2;33;13;0;0;1;1
536584198;155 698 792;A01;2;7;0;2;1;1;1
536584198;155 698 797;B01;2;7;0;2;3;1;1
536584199;155 698 789;A01;1;7;0;2;1;2;1
536584199;155 698 794;B01;1;7;0;2;4;2;1
536584200;155 698 788;B01;2;1;0;2;4;0;5
536584200;155 698 793;A01;2;7;0;9;2;21;1
536584201;155 698 787;B01;2;2;0;2;1;1;1
536584201;155 698 790;A01;2;7;0;2;2;15;1
536584202;155 698 786;A01;2;50;1;0;2;1;3
536584203;155 698 783;A01;1;33;0;0;1;1;1
536584204;155 698 782;A01;0;7;0;2;3;13;1
536584204;155 698 785;B01;0;37;0;2;3;1;1
536584205;155 698 779;A01;3;33;11;0;1;1;1
536584206;155 698 776;B01;1;31;0;0;0;21;0
536584207;155 698 773;A01;1;10;0;2;1;2;1
536584207;155 698 777;B01;1;7;0;2;4;2;1
536584207;155 698 781;C01;1;7;0;2;4;2;1
536584207;155 698 784;D01;1;7;0;2;4;2;1
536584208;155 698 771;A01;1;7;0;2;8;15;1
536584208;155 698 775;B01;1;32;0;2;1;1;1
536584209;155 698 768;B01;2;33;0;2;8;1;1
536584209;155 698 774;A01;1;7;0;2;3;15;1
536584210;155 698 769;A01;2;7;2;0;2;14;1
536584211;155 698 767;A01;0;10;0;2;3;7;1
536584211;155 698 772;B01;0;2;0;2;2;1;1
536584212;155 698 770;A01;2;7;0;0;7;1;1
536584212;155 698 778;B01;3;7;0;2;1;15;1
536584213;155 698 766;A01;0;10;0;1;2;26;1
536584214;155 698 763;A01;1;50;0;1;1;1;3
536584215;155 698 761;A01;2;7;0;1;6;4;1
536584216;155 698 756;B01;1;7;0;2;2;15;0
536584216;155 698 759;A01;2;2;0;2;0;0;0
536584217;155 698 757;B01;3;7;0;2;1;1;1
536584217;155 698 762;A01;3;50;0;2;7;1;3
536584218;155 698 758;A01;1;30;0;2;1;14;1
536584218;155 698 765;B01;1;7;0;2;6;14;1
536584219;155 698 753;A01;1;33;0;0;8;26;1
536584220;155 698 751;A01;2;32;1;0;2;13;1
536584221;155 698 752;A01;1;7;0;1;3;15;1
536584222;155 698 749;A01;1;13;14;0;3;0;1
536584223;155 698 745;B01;1;7;0;2;2;1;1
536584223;155 698 747;A01;1;7;0;1;3;23;1
536584224;155 698 743;A01;1;7;0;0;4;1;2
536584224;155 698 750;B01;1;7;0;2;4;1;2
536584224;155 698 755;C01;1;7;0;2;1;1;1
536584225;155 698 741;A01;1;10;0;1;2;16;1
536584226;155 698 740;A01;1;7;0;1;2;18;3
536584227;155 698 739;A01;3;7;0;2;1;1;1
536584227;155 698 744;B01;3;7;0;2;4;1;1
536584228;155 698 735;A01;2;7;0;1;2;1;1
536584229;155 698 729;B01;2;1;0;2;1;1;5
536584229;155 698 733;A01;2;7;0;2;4;1;1
536584230;155 698 731;A01;2;7;0;2;3;15;1
536584230;155 698 738;B01;2;7;0;2;0;0;1
536584231;155 698 728;A01;1;1;0;2;7;1;5
536584231;155 698 737;B01;1;7;0;2;1;1;2
536584232;155 698 730;A01;3;7;0;2;1;13;1
536584232;155 698 734;B01;3;7;0;2;6;1;1
536584233;155 698 727;A01;2;7;0;2;1;2;0
536584233;155 698 736;B01;1;2;0;0;4;2;1
536584234;155 698 725;A01;3;7;0;1;3;1;1
536584235;155 698 721;A01;2;7;0;2;1;1;1
536584235;155 698 726;B01;2;7;0;2;4;23;1
536584235;155 698 732;C01;2;7;0;2;3;23;2
536584236;155 698 723;A01;3;3;0;1;3;26;6
536584237;155 698 722;A01;1;7;13;0;3;1;1
536584238;155 698 720;A01;2;1;0;2;1;1;5
536584238;155 698 724;B01;2;7;0;9;3;1;3
536584239;155 698 718;A01;1;7;0;1;2;1;1
536584240;155 698 719;A01;2;10;0;1;1;1;3
536584241;155 698 716;A01;1;7;0;2;1;1;1
536584241;155 698 717;B01;1;7;0;2;4;26;0
536584242;155 698 712;A01;0;50;0;0;0;1;3
536584243;155 698 711;A01;1;7;4;2;3;18;1
536584243;155 698 714;B01;1;80;0;2;4;2;3
536584244;155 698 708;A01;1;33;3;2;8;17;1
536584244;155 698 713;B01;2;7;4;2;6;2;1
536584245;155 698 705;A01;1;7;0;2;1;1;1
536584245;155 698 710;B01;2;7;0;2;7;19;1
536584246;155 698 707;A01;1;7;9;0;1;26;2
536584247;155 698 701;A01;1;7;0;2;5;15;1
536584247;155 698 704;B01;2;2;0;2;1;1;1
536584248;155 698 702;D01;1;10;0;2;4;1;1
536584248;155 698 706;C01;1;7;0;2;9;1;1
536584248;155 698 709;A01;1;7;0;2;1;1;1
536584248;155 698 715;B01;1;7;0;2;9;1;1
536584249;155 698 700;A01;3;2;0;0;0;0;1
536584250;155 698 695;A01;1;7;0;2;2;1;1
536584250;155 698 697;B01;1;2;0;2;4;1;1
536584251;155 698 698;A01;3;10;1;2;4;20;1
536584251;155 698 703;B01;3;7;0;2;6;24;1
536584252;155 698 693;A01;1;7;0;1;2;2;2
536584253;155 698 694;A01;3;7;0;1;8;15;1
536584254;155 698 696;A01;3;2;0;2;7;1;1
536584254;155 698 699;B01;3;10;0;0;1;0;1
536584255;155 698 691;A01;1;7;0;1;7;15;1
536584256;155 698 690;A01;1;33;0;2;8;3;1
536584256;155 698 692;B01;1;7;0;2;7;12;1
536584257;155 698 688;A01;3;1;15;0;1;21;5
536584258;155 698 684;A01;0;7;0;0;0;15;1
536584258;155 698 689;B01;1;33;0;0;7;1;1
536584259;155 698 683;B01;3;7;0;2;2;1;1
536584259;155 698 686;A01;3;7;0;2;3;13;1
536584260;155 698 680;A01;3;1;0;2;8;1;5
536584260;155 698 687;B01;3;7;0;9;1;1;2
536584261;155 698 679;A01;3;7;7;2;7;19;1
536584261;155 698 685;B01;1;7;7;2;3;1;1
536584262;155 698 678;A01;1;7;0;2;3;20;1
536584262;155 698 682;B01;1;34;0;2;1;1;1
536584263;155 698 671;A01;2;33;0;2;1;16;1
536584263;155 698 675;B01;2;10;0;2;3;0;1
536584264;155 698 672;A01;1;10;0;2;1;2;1
536584264;155 698 677;C01;1;7;0;2;0;2;1
536584264;155 698 681;B01;1;7;0;2;4;2;2
536584265;155 698 669;A01;1;7;7;0;0;0;1
536584266;155 698 666;A01;1;7;0;2;3;1;1
536584266;155 698 670;B01;1;7;0;2;2;2;3
536584266;155 698 676;C01;1;30;0;2;0;1;1
536584267;155 698 668;B01;1;1;0;2;1;1;5
536584267;155 698 674;A01;1;7;0;2;3;15;2
536584268;155 698 665;A01;3;7;0;1;2;9;1
536584269;155 698 667;A01;3;37;0;2;3;7;2
536584269;155 698 673;B01;3;1;0;2;3;13;5
536584270;155 698 662;A01;1;7;0;0;8;26;1
536584271;155 698 663;A01;2;7;4;0;9;2;1
536584272;155 698 657;B01;2;15;0;2;6;1;1
536584272;155 698 664;A01;2;10;0;2;5;2;1
536584273;155 698 656;C01;2;50;0;2;8;13;3
536584273;155 698 660;A01;2;50;0;2;3;13;3
536584273;155 698 661;B01;1;1;0;2;0;1;5
536584274;155 698 653;A01;3;7;0;2;3;1;1
536584274;155 698 659;B01;3;33;0;2;2;15;1
536584275;155 698 648;A01;2;10;3;0;2;14;6
536584276;155 698 652;A01;1;2;7;0;0;1;1
536584277;155 698 649;A01;1;7;0;2;3;15;1
536584277;155 698 658;B01;1;7;0;2;2;1;1
536584278;155 698 647;B01;3;7;0;2;1;1;1
536584278;155 698 655;A01;3;10;0;2;1;13;1
536584279;155 698 651;A01;2;33;0;2;1;2;1
536584279;155 698 654;B01;2;10;0;2;4;2;1
536584280;155 698 646;B01;1;10;0;2;9;1;0
536584280;155 698 650;A01;1;7;0;2;1;11;1
536584281;155 698 645;A01;1;80;0;2;0;1;3
536584282;155 698 643;Z01;0;7;0;1;6;20;0
536584283;155 698 642;A01;1;7;0;1;2;0;0
536584284;155 698 640;A01;1;7;4;0;1;14;1
536584285;155 698 638;Z01;3;7;0;1;3;9;1
536584286;155 698 637;A01;2;7;0;2;3;15;1
536584286;155 698 641;B01;3;2;0;2;3;1;1
536584287;155 698 633;B01;3;7;0;2;1;0;1
536584287;155 698 634;A01;3;7;0;2;2;1;1
536584288;155 698 635;A01;3;60;12;0;8;26;5
536584289;155 698 630;B01;1;7;0;2;4;2;1
536584289;155 698 632;C01;1;7;0;2;4;2;1
536584289;155 698 636;D01;1;7;0;2;4;2;1
536584289;155 698 639;E01;1;7;0;2;4;2;1
536584289;155 698 644;A01;1;17;0;2;1;2;1
536584290;155 698 627;A01;1;7;0;2;3;2;1
536584290;155 698 631;B01;1;15;0;2;2;12;1
536584291;155 698 626;B01;1;33;0;2;4;1;1
536584291;155 698 629;A01;1;7;0;2;2;1;1
536584292;155 698 624;A01;0;7;6;0;3;0;1
536584293;155 698 622;A01;2;7;12;0;1;1;1
536584294;155 698 621;A01;3;7;0;1;3;1;1
536584295;155 698 623;A01;1;1;0;2;8;13;5
536584295;155 698 625;B01;1;1;0;2;7;17;5
536584296;155 698 619;A01;2;43;4;2;3;21;1
536584297;155 698 616;A01;2;10;0;2;1;2;1
536584297;155 698 620;B01;2;7;0;2;4;2;1
536584298;155 698 614;B01;3;13;0;2;6;23;1
536584298;155 698 618;A01;3;37;0;2;2;14;1
536584299;155 698 613;A01;1;7;0;2;1;14;1
536584299;155 698 617;B01;2;7;0;2;1;1;1
536584300;155 698 612;A01;3;10;8;0;2;1;1
536584301;155 698 611;A01;2;7;0;2;1;2;1
536584301;155 698 615;B01;2;7;0;2;4;1;2
536584302;155 698 610;Z01;2;7;0;1;4;26;0
536584303;155 698 607;A01;2;2;14;0;1;21;1
536584304;155 698 605;A01;3;7;0;1;2;19;1
536584305;155 698 602;A01;1;7;0;2;4;2;1
536584305;155 698 608;B01;1;33;0;2;1;2;1
536584306;155 698 600;A01;1;7;0;9;1;14;1
536584306;155 698 606;B01;1;7;3;2;9;21;1
536584306;155 698 609;C01;1;7;0;9;1;2;1
536584307;155 698 599;A01;1;31;0;2;1;2;1
536584307;155 698 604;B01;1;7;0;2;4;2;1
536584308;155 698 598;A01;1;30;0;2;1;2;1
536584308;155 698 603;B01;1;7;0;2;6;26;1
536584309;155 698 601;A01;2;7;8;1;1;26;1
536584310;155 698 593;A01;2;33;0;2;4;16;1
536584310;155 698 596;B01;1;7;0;2;1;1;1
536584311;155 698 590;A01;2;10;0;0;6;23;1
536584311;155 698 594;B01;2;42;0;2;1;2;1
536584312;155 698 591;A01;2;7;0;2;1;17;1
536584312;155 698 595;B01;2;7;0;9;6;1;1
536584312;155 698 597;C01;1;7;0;2;1;1;2
536584313;155 698 589;A01;3;7;4;0;0;12;1
536584314;155 698 588;A01;2;33;0;2;1;1;1
536584314;155 698 592;B01;2;7;0;2;3;10;2
536584315;155 698 585;A01;1;7;0;2;1;15;1
536584315;155 698 587;B01;2;33;0;2;1;1;1
536584316;155 698 577;A01;1;33;0;2;3;3;1
536584316;155 698 580;B01;1;7;0;2;5;1;3
536584316;155 698 584;C01;1;10;0;2;3;1;1
536584317;155 698 578;B01;2;10;0;2;1;1;1
536584317;155 698 582;A01;1;7;0;2;1;5;1
536584318;155 698 579;A01;1;7;0;2;9;1;1
536584318;155 698 583;B01;1;7;0;2;9;0;2
536584318;155 698 586;C01;1;7;0;2;1;1;1
536584319;155 698 572;B01;2;32;0;2;1;2;3
536584319;155 698 575;A01;2;7;0;2;6;2;1
536584320;155 698 571;A01;1;10;0;2;1;2;1
536584320;155 698 573;B01;1;7;0;2;4;23;1
536584321;155 698 570;A01;2;7;0;2;7;9;1
536584321;155 698 574;B01;1;15;0;2;1;1;1
536584322;155 698 567;Z01;2;50;0;1;0;26;3
536584323;155 698 564;A01;2;7;0;2;1;13;1
536584323;155 698 568;B01;1;7;0;2;1;1;1
536584323;155 698 576;C01;1;10;0;2;1;2;1
536584323;155 698 581;D01;1;7;0;2;8;2;1
536584324;155 698 565;A01;1;7;0;2;1;1;1
536584324;155 698 569;B01;1;7;0;0;4;1;1
536584325;155 698 563;A01;2;33;0;2;1;12;1
536584325;155 698 566;B01;2;7;0;2;5;1;1
536584326;155 698 559;B01;1;10;0;2;3;10;1
536584326;155 698 561;A01;1;34;0;2;1;26;1
536584327;155 698 558;A01;2;40;0;1;7;1;3
536584328;155 698 557;A01;1;33;0;0;8;0;1
536584329;155 698 554;A01;3;7;0;2;1;13;1
536584329;155 698 560;B01;3;7;0;2;1;15;1
536584330;155 698 555;B01;0;60;0;2;8;19;5
536584330;155 698 562;A01;1;7;0;9;1;16;1
536584331;155 698 552;A01;2;30;0;2;1;2;3
536584331;155 698 556;B01;2;10;0;2;4;2;1
536584332;155 698 551;A01;1;7;0;2;1;2;1
536584332;155 698 553;B01;1;7;0;2;4;2;2
536584333;155 698 550;A01;1;31;0;1;8;1;0
536584334;155 698 545;A01;0;7;1;2;7;25;2
536584334;155 698 548;B01;0;7;1;2;8;0;2
536584335;155 698 546;A01;1;7;0;1;3;1;2
536584336;155 698 543;A01;0;50;0;2;0;0;3
536584336;155 698 549;B01;2;7;0;2;0;0;1
536584337;155 698 541;B01;3;1;0;2;1;1;5
536584337;155 698 547;A01;0;7;0;2;2;15;1
536584338;155 698 542;A01;2;2;15;0;0;0;1
536584339;155 698 540;B01;2;7;0;2;3;15;1
536584339;155 698 544;A01;2;33;0;2;1;17;1
536584340;155 698 538;B01;3;7;0;2;4;23;1
536584340;155 698 539;A01;3;7;0;2;1;2;1
536584341;155 698 533;A01;3;31;0;1;1;0;1
536584342;155 698 530;A01;3;7;0;1;2;14;1
536584343;155 698 535;B01;3;33;0;2;8;1;1
536584343;155 698 537;A01;3;10;0;2;3;15;0
536584344;155 698 529;A01;1;7;0;2;2;1;1
536584344;155 698 534;B01;1;1;0;0;4;15;5
536584345;155 698 528;A01;1;7;0;2;2;1;1
536584345;155 698 536;B01;2;7;0;2;3;1;1
536584346;155 698 527;B01;1;30;1;0;7;1;3
536584346;155 698 532;A01;1;7;0;2;8;20;1
536584347;155 698 526;B01;3;10;0;0;7;1;0
536584347;155 698 531;A01;3;7;0;2;1;15;1
536584348;155 698 523;A01;1;7;13;0;2;1;1
536584349;155 698 522;A01;2;7;0;2;4;2;1
536584349;155 698 525;B01;2;7;0;2;1;2;1
536584350;155 698 520;A01;1;36;16;0;0;1;1
536584351;155 698 517;A01;2;7;0;2;1;13;1
536584351;155 698 524;B01;1;7;0;2;1;1;1
536584352;155 698 519;A01;2;30;4;0;7;14;1
536584353;155 698 516;A01;3;7;0;1;3;20;1
536584354;155 698 518;B01;2;7;1;2;1;2;1
536584354;155 698 521;A01;2;7;0;2;4;23;1
536584355;155 698 514;A01;1;33;0;0;0;1;1
536584356;155 698 511;A01;2;33;0;2;1;1;1
536584356;155 698 513;B01;1;10;0;2;7;15;1
536584357;155 698 512;B01;2;7;0;2;1;1;1
536584357;155 698 515;A01;1;7;0;2;1;15;1
536584358;155 698 506;A01;1;7;0;2;7;19;1
536584358;155 698 510;B01;1;30;0;2;1;1;1
536584359;155 698 504;B01;1;1;0;0;3;2;5
536584359;155 698 507;A01;1;1;0;0;2;17;5
536584360;155 698 502;A01;2;30;0;2;2;15;1
536584360;155 698 509;Z01;2;34;0;2;0;0;0
536584361;155 698 505;A01;1;7;0;0;3;9;0
536584361;155 698 508;B01;1;33;0;2;1;1;1
536584362;155 698 503;A01;3;33;6;0;8;1;1
536584363;155 698 501;A01;2;38;2;0;1;1;1
536584364;155 698 496;A01;1;7;0;2;1;26;0
536584365;155 698 497;A01;3;7;0;2;4;26;1
536584365;155 698 500;B01;3;30;0;2;1;1;1
536584366;155 698 494;Z01;1;7;0;2;0;0;0
536584366;155 698 498;B01;1;80;0;2;8;26;3
536584367;155 698 491;A01;1;33;0;2;2;17;1
536584367;155 698 495;B01;1;21;0;2;3;15;1
536584368;155 698 489;A01;2;7;0;2;2;13;1
536584368;155 698 493;B01;1;7;0;2;1;1;2
536584369;155 698 487;A01;1;13;1;0;4;4;0
536584370;155 698 485;A01;1;7;0;1;2;17;1
536584371;155 698 486;A01;1;7;0;2;3;15;1
536584371;155 698 492;B01;2;33;6;2;1;1;1
536584372;155 698 484;B01;0;7;0;2;3;2;1
536584372;155 698 488;C01;3;7;0;2;5;1;1
536584372;155 698 490;A01;3;7;0;2;2;2;1
536584373;155 698 482;A01;1;33;0;0;8;1;1
536584374;155 698 478;A01;2;10;0;0;9;1;1
536584375;155 698 481;B01;2;7;3;0;3;1;1
536584375;155 698 483;A01;1;7;0;0;3;0;1
536584376;155 698 480;A01;3;7;0;0;0;16;1
536584377;155 698 479;A01;3;7;0;1;2;1;1
536584378;155 698 477;A01;1;7;0;1;1;1;1
536584379;155 698 476;A01;1;10;0;1;3;17;1
536584380;155 698 470;A01;2;33;4;0;7;1;1
536584381;155 698 472;B01;1;7;0;9;6;9;1
536584381;155 698 475;A01;1;33;0;2;1;1;1
536584382;155 698 466;A01;2;7;0;2;1;19;1
536584382;155 698 469;B01;1;7;0;2;1;1;1
536584383;155 698 468;B01;3;7;0;2;2;1;1
536584383;155 698 474;A01;3;1;0;2;9;5;5
536584384;155 698 464;A01;2;50;0;2;1;19;3
536584384;155 698 473;B01;1;15;0;2;6;16;1
536584385;155 698 461;B01;2;43;0;2;1;1;1
536584385;155 698 465;Z01;1;7;0;2;2;15;0
536584386;155 698 463;A01;2;7;0;2;8;11;1
536584386;155 698 467;B01;1;34;0;2;7;1;1
536584386;155 698 471;C01;1;7;0;2;7;23;1
536584387;155 698 457;B01;2;7;0;2;3;15;1
536584387;155 698 462;A01;2;2;0;2;2;1;1
536584388;155 698 459;A01;2;7;0;1;1;15;1
536584389;155 698 455;A01;1;7;0;0;6;10;4
536584389;155 698 458;B01;1;33;0;2;1;1;1
536584390;155 698 452;A01;2;7;15;0;3;2;1
536584391;155 698 450;B01;2;38;0;2;2;21;1
536584391;155 698 453;A01;1;7;0;2;1;13;1
536584392;155 698 449;A01;1;7;0;2;1;10;1
536584392;155 698 454;B01;1;7;0;2;8;1;1
536584393;155 698 448;A01;1;7;0;2;8;9;3
536584393;155 698 456;B01;1;1;0;2;1;0;5
536584394;155 698 447;A01;1;32;0;2;1;17;1
536584394;155 698 451;B01;3;7;0;2;2;15;1
536584395;155 698 446;A01;1;33;13;0;3;1;1
536584396;155 698 445;A01;2;7;0;1;4;4;1
536584397;155 698 442;A01;2;7;0;1;3;1;1
536584398;155 698 444;B01;3;7;0;2;3;16;1
536584398;155 698 460;A01;3;2;0;2;1;15;1
536584399;155 698 438;A01;2;7;0;9;3;9;1
536584399;155 698 440;B01;2;3;0;2;1;1;3
536584400;155 698 436;A01;1;7;6;2;7;9;1
536584400;155 698 443;B01;1;7;6;2;8;2;1
536584401;155 698 437;A01;1;1;0;2;1;1;5
536584401;155 698 441;B01;3;7;0;2;1;1;1
536584402;155 698 433;B01;2;50;0;2;1;1;3
536584402;155 698 435;A01;;7;0;2;3;22;1
536584403;155 698 430;A01;2;33;15;0;9;17;1
536584403;155 698 434;B01;2;7;0;0;0;0;1
536584404;155 698 429;A01;2;2;0;2;1;2;1
536584404;155 698 432;B01;3;7;0;0;4;2;1
536584405;155 698 428;A01;1;2;16;0;1;1;1
536584406;155 698 424;A01;1;7;12;2;1;15;1
536584407;155 698 423;A01;3;7;2;0;1;13;1
536584408;155 698 421;A01;3;7;0;2;3;11;1
536584408;155 698 426;B01;1;7;0;2;2;1;1
536584409;155 698 420;A01;3;7;0;2;3;19;1
536584409;155 698 427;B01;3;50;0;2;1;19;3
536584410;155 698 419;A01;1;43;0;0;1;2;1
536584411;155 698 418;B01;2;1;0;9;1;25;5
536584411;155 698 422;A01;1;50;0;9;1;25;3
536584412;155 698 417;A01;1;1;0;2;8;1;5
536584412;155 698 425;B01;1;7;0;2;1;1;1
536584413;155 698 413;A01;1;7;0;1;1;1;1
536584414;155 698 412;A01;2;7;0;2;1;13;1
536584414;155 698 416;B01;1;50;0;2;1;5;3
536584415;155 698 411;A01;1;15;0;2;1;2;1
536584415;155 698 415;B01;1;7;0;2;4;1;1
536584416;155 698 408;A01;2;33;0;2;2;17;1
536584416;155 698 414;B01;2;7;0;2;8;15;1
536584417;155 698 406;A01;2;7;0;0;2;0;1
536584417;155 698 409;B01;1;7;0;2;3;13;1
536584418;155 698 405;A01;3;10;0;2;1;16;0
536584418;155 698 410;B01;3;10;0;2;2;2;0
536584419;155 698 404;A01;3;7;8;0;2;14;1
536584420;155 698 402;A01;2;7;3;2;7;17;1
536584420;155 698 407;B01;2;10;0;2;1;1;1
536584421;155 698 400;A01;3;7;0;2;4;13;1
536584421;155 698 403;B01;3;7;0;2;1;1;1
536584422;155 698 399;A01;1;7;15;0;1;1;1
536584423;155 698 394;A01;1;7;0;2;2;1;2
536584423;155 698 398;B01;1;7;0;0;6;23;2
536584424;155 698 391;A01;2;7;0;0;5;0;1
536584424;155 698 396;B01;2;33;0;2;3;13;1
536584425;155 698 393;B01;1;33;0;2;1;3;1
536584425;155 698 397;A01;1;7;0;2;5;14;1
536584425;155 698 401;C01;1;34;0;2;1;3;1
536584426;155 698 390;A01;2;99;0;2;2;15;3
536584426;155 698 395;B01;3;7;0;2;3;1;1
536584427;155 698 387;A01;1;7;0;2;4;23;1
536584427;155 698 389;B01;1;7;0;2;1;1;1
536584428;155 698 386;A01;1;32;0;1;1;1;1
536584429;155 698 385;C01;1;7;0;2;2;2;1
536584429;155 698 388;A01;1;1;0;0;6;2;5
536584430;155 698 383;A01;2;10;0;1;1;1;1
536584431;155 698 381;A01;1;7;0;2;1;17;1
536584431;155 698 384;B01;1;7;0;2;4;1;1
536584432;155 698 382;A01;1;7;2;0;1;1;1
536584433;155 698 380;A01;1;7;8;0;1;1;1
536584434;155 698 376;A01;3;7;0;1;1;1;1
536584435;155 698 375;A01;1;7;0;1;7;1;1
536584436;155 698 373;A01;3;31;0;0;8;1;1
536584437;155 698 378;A01;2;10;3;0;1;14;1
536584438;155 698 374;B01;2;99;0;0;1;2;0
536584438;155 698 377;A01;2;10;1;0;3;22;1
536584439;155 698 372;A01;2;7;13;0;2;1;1
536584440;155 698 368;A01;1;7;0;2;1;1;1
536584440;155 698 379;B01;2;7;0;2;1;1;1
536584441;155 698 367;A01;2;7;10;0;1;1;1
536584442;155 698 366;A01;1;7;0;1;2;1;1
536584443;155 698 364;A01;1;33;0;2;1;1;1
536584443;155 698 370;B01;2;2;0;2;1;1;1
536584444;155 698 365;A01;3;32;0;2;2;1;1
536584444;155 698 369;B01;3;31;0;2;1;1;1
536584445;155 698 362;A01;1;7;0;2;1;2;1
536584445;155 698 371;B01;1;7;4;0;4;2;1
536584446;155 698 363;A01;3;7;0;1;1;1;1
536584447;155 698 359;A01;1;30;0;0;8;1;1
536584448;155 698 361;A01;2;31;2;0;1;0;1
536584449;155 698 360;A01;1;80;12;0;1;1;3
536584450;155 698 352;A01;1;7;12;2;1;2;1