Num_Acc;id_vehicule;num_veh;senc;catv;obs;obsm;choc;manv;motor
536584768;155 697 822;A01;1;10;0;1;2;1;1
536584769;155 697 825;A01;2;10;0;2;1;2;1
536584769;155 697 827;B01;2;10;0;2;4;2;0
536584769;155 697 831;C01;2;10;0;2;4;2;1
536584770;155 697 823;A01;1;7;8;0;1;13;1
536584771;155 697 821;A01;1;37;0;2;1;10;1
536584771;155 697 824;B01;2;7;0;2;1;1;1
536584772;155 697 819;B01;2;7;0;2;3;1;1
536584772;155 697 826;A01;1;7;0;2;3;1;1
536584773;155 697 817;B01;2;7;0;2;4;1;1
536584773;155 697 818;A01;2;7;0;2;1;1;1
536584773;155 697 820;C01;2;7;0;0;4;23;1
536584774;155 697 814;B01;1;10;0;2;5;1;1
536584774;155 697 816;A01;1;33;0;2;1;12;3
536584775;155 697 810;A01;2;7;0;2;3;13;1
536584775;155 697 812;B01;1;10;0;2;3;21;1
536584776;155 697 809;A01;0;7;0;9;0;1;1
536584776;155 697 815;B01;0;1;0;2;0;1;5
536584777;155 697 811;A01;3;31;0;0;8;26;1
536584778;155 697 808;B01;2;7;0;2;7;1;1
536584778;155 697 813;A01;2;33;4;2;3;3;1
536584779;155 697 807;A01;1;7;7;0;1;1;2
536584780;155 697 804;A01;3;7;0;1;4;20;1
536584781;155 697 802;B01;1;7;0;2;6;14;1
536584781;155 697 806;A01;2;15;0;2;2;2;1
536584782;155 697 801;A01;1;7;0;2;1;13;1
536584782;155 697 805;B01;2;7;0;2;1;1;1
536584783;155 697 797;A01;2;7;0;0;3;15;2
536584783;155 697 800;B01;2;30;0;2;1;17;1
536584784;155 697 798;A01;2;10;0;2;1;14;1
536584784;155 697 803;B01;2;7;0;2;6;1;1
536584785;155 697 795;B01;3;50;0;2;8;19;3
536584785;155 697 799;A01;1;7;0;2;8;15;2
536584786;155 697 793;B01;1;7;0;2;6;2;1
536584786;155 697 796;A01;1;33;0;2;2;3;1
536584787;155 697 789;C01;1;7;0;2;4;1;1
536584787;155 697 792;A01;1;7;0;2;1;1;1
536584787;155 697 794;B01;1;33;0;2;9;1;1
536584788;155 697 787;A01;2;7;0;1;4;1;1
536584789;155 697 786;B01;2;7;0;2;3;1;1
536584789;155 697 790;A01;2;33;0;9;2;3;1
536584790;155 697 785;B01;1;1;0;2;6;9;5
536584790;155 697 791;A01;2;7;0;9;2;2;1
536584791;155 697 784;A01;2;32;0;2;1;2;1
536584791;155 697 788;B01;2;7;0;2;4;2;2
536584792;155 697 780;A01;2;30;0;2;2;1;1
536584792;155 697 782;B01;2;7;0;2;5;16;1
536584793;155 697 778;B01;1;7;0;2;4;1;3
536584793;155 697 781;A01;1;31;0;2;1;1;1
536584794;155 697 774;A01;3;7;0;1;1;1;1
536584795;155 697 773;B01;0;1;0;2;7;19;5
536584795;155 697 776;A01;0;7;0;2;1;2;1
536584796;155 697 775;C01;1;7;0;2;4;2;1
536584796;155 697 779;A01;1;7;0;2;1;2;2
536584796;155 697 783;B01;1;7;0;2;4;2;1
536584797;155 697 770;A01;1;0;0;2;3;20;0
536584797;155 697 772;B01;2;31;0;2;7;13;1
536584798;155 697 771;A01;2;43;0;2;2;1;1
536584798;155 697 777;Z01;2;0;0;2;3;0;0
536584799;155 697 767;B01;2;1;15;2;8;1;5
536584799;155 697 769;A01;2;15;0;2;5;17;0
536584800;155 697 766;A01;1;7;0;1;1;15;1
536584801;155 697 764;A01;1;31;0;2;1;2;1
536584801;155 697 768;B01;1;7;0;9;5;2;3
536584802;155 697 762;A01;1;7;0;1;1;1;1
536584803;155 697 760;B01;2;33;0;2;8;21;1
536584803;155 697 763;A01;2;7;0;2;6;2;1
536584804;155 697 759;A01;1;10;0;2;1;19;1
536584804;155 697 761;B01;1;7;0;2;8;1;1
536584805;155 697 757;A01;2;7;0;2;1;2;1
536584805;155 697 765;B01;2;7;0;2;4;9;2
536584806;155 697 755;A01;2;7;1;0;9;2;1
536584807;155 697 753;A01;2;7;0;2;2;11;1
536584807;155 697 756;B01;2;7;0;2;6;1;1
536584808;155 697 748;A01;2;33;0;2;1;13;1
536584808;155 697 752;B01;2;7;0;2;4;1;1
536584809;155 697 749;B01;1;1;0;2;4;26;5
536584809;155 697 751;A01;2;10;0;2;2;9;1
536584810;155 697 745;A01;0;7;0;2;2;15;1
536584810;155 697 746;B01;0;30;0;2;2;1;1
536584811;155 697 750;A01;1;32;0;2;1;3;1
536584811;155 697 754;B01;1;7;0;2;4;1;1
536584812;155 697 739;A01;1;7;0;2;2;12;1
536584812;155 697 740;B01;1;33;0;2;3;3;1
536584813;155 697 743;A01;1;14;0;2;3;1;1
536584813;155 697 747;B01;2;32;0;2;3;5;1
536584814;155 697 737;A01;2;7;0;2;5;1;1
536584814;155 697 741;Z01;2;10;0;2;0;12;0
536584814;155 697 744;B01;2;32;0;2;6;1;1
536584815;155 697 742;A01;1;34;0;1;1;7;1
536584816;155 697 735;B01;2;7;0;2;1;2;2
536584816;155 697 738;A01;2;7;0;2;4;11;1
536584817;155 697 734;A01;1;7;0;2;1;2;1
536584817;155 697 736;B01;1;7;0;2;4;15;1
536584818;155 697 733;A01;2;33;0;0;0;16;1
536584819;155 697 729;Z01;1;30;0;2;0;23;0
536584819;155 697 732;A01;1;30;0;2;1;1;1
536584820;155 697 726;A01;1;7;0;2;6;11;1
536584820;155 697 730;B01;1;31;0;2;2;1;1
536584821;155 697 723;A01;1;31;1;0;1;3;1
536584821;155 697 724;B01;1;7;0;2;3;24;1
536584822;155 697 721;B01;3;7;0;2;3;1;1
536584822;155 697 727;A01;3;7;0;2;7;15;1
536584823;155 697 725;B01;3;2;0;2;1;10;1
536584823;155 697 731;A01;1;31;0;2;2;1;1
536584824;155 697 720;A01;0;7;0;2;2;26;1
536584824;155 697 728;B01;0;1;0;2;1;26;5
536584825;155 697 722;A01;1;7;0;1;1;1;1
536584826;155 697 719;A01;1;10;0;1;2;1;1
536584827;155 697 718;V01;1;1;0;0;0;1;5
536584828;155 697 713;A01;1;7;0;2;1;1;1
536584828;155 697 716;B01;2;7;0;2;8;15;1
536584829;155 697 712;B01;2;7;0;9;3;2;1
536584829;155 697 717;A01;2;60;0;2;2;2;5
536584830;155 697 708;B01;1;7;0;2;8;9;1
536584830;155 697 714;A01;1;1;0;2;1;1;5
536584831;155 697 709;A01;1;7;0;2;1;1;1
536584831;155 697 711;B01;1;7;0;2;4;1;1
536584832;155 697 706;A01;1;7;0;1;0;1;1
536584833;155 697 710;B01;1;7;0;9;1;14;1
536584833;155 697 715;A01;1;1;0;2;4;26;5
536584834;155 697 704;A01;2;7;1;0;1;1;1
536584835;155 697 703;A01;3;7;0;2;2;19;1
536584835;155 697 705;B01;1;33;0;2;1;1;1
536584836;155 697 699;A01;1;7;0;2;5;15;1
536584836;155 697 701;B01;2;34;0;2;3;1;1
536584837;155 697 700;A01;1;33;0;2;7;1;1
536584837;155 697 702;B01;1;7;0;2;8;20;3
536584838;155 697 692;B01;3;37;0;2;1;1;1
536584838;155 697 697;A01;3;50;0;2;8;19;3
536584839;155 697 691;A01;1;33;0;2;1;1;1
536584839;155 697 696;B01;2;10;0;2;5;15;1
536584840;155 697 688;C01;2;7;0;2;3;1;1
536584840;155 697 690;A01;1;7;0;2;3;13;1
536584840;155 697 695;B01;2;15;0;2;3;1;1
536584841;155 697 694;B01;3;7;0;0;6;24;1
536584841;155 697 698;A01;2;7;1;0;2;14;1
536584842;155 697 689;A01;3;32;0;2;1;7;1
536584842;155 697 693;B01;3;7;0;2;7;16;1
536584843;155 697 685;B01;2;80;0;2;1;2;3
536584843;155 697 687;A01;2;50;0;2;4;2;3
536584844;155 697 682;A01;1;30;0;2;1;1;1
536584844;155 697 686;B01;1;7;0;2;5;1;1
536584845;155 697 681;Z01;1;7;0;2;0;26;1
536584845;155 697 684;B01;2;33;0;2;1;1;1
536584846;155 697 680;A01;1;33;13;0;1;1;1
536584847;155 697 677;A01;2;7;0;2;3;17;1
536584847;155 697 683;B01;1;30;0;2;1;1;1
536584848;155 697 678;A01;2;10;0;1;2;1;1
536584849;155 697 676;A01;1;7;0;2;2;14;1
536584849;155 697 679;B01;1;7;0;2;2;23;2
536584850;155 697 673;A01;2;10;0;1;1;1;2
536584851;155 697 669;B01;1;33;0;2;1;2;1
536584851;155 697 672;A01;1;7;0;2;4;23;1
536584852;155 697 671;AB01;2;1;0;2;8;2;5
536584852;155 697 674;Z01;2;0;0;2;0;0;0
536584853;155 697 670;A01;2;3;1;0;2;1;1
536584854;155 697 668;A01;1;7;0;2;2;1;1
536584854;155 697 675;B01;1;7;0;2;8;1;2
536584855;155 697 664;A01;1;33;0;2;1;2;1
536584855;155 697 666;B01;1;32;0;2;4;2;3
536584856;155 697 667;A01;2;1;0;1;1;1;5
536584857;155 697 661;A01;1;7;13;0;2;14;1
536584858;155 697 663;B01;3;7;0;2;4;1;1
536584858;155 697 665;A01;3;2;0;2;1;17;3
536584859;155 697 660;A01;2;10;0;1;4;4;1
536584860;155 697 659;A01;2;7;0;2;6;15;0
536584860;155 697 662;B01;2;2;0;2;2;2;0
536584861;155 697 654;A01;1;31;0;2;1;17;1
536584861;155 697 658;B01;1;10;0;2;3;15;1
536584862;155 697 651;A01;2;7;0;2;1;1;1
536584862;155 697 656;B01;1;33;0;2;1;13;1
536584863;155 697 650;A01;3;1;9;0;3;13;5
536584863;155 697 655;B01;3;33;9;9;2;1;1
536584864;155 697 649;B01;2;32;0;2;3;17;1
536584864;155 697 657;A01;2;7;0;2;2;15;1
536584865;155 697 648;A01;2;7;0;2;2;1;1
536584865;155 697 652;B01;1;7;0;2;1;9;1
536584866;155 697 647;B01;2;50;0;2;3;1;3
536584866;155 697 653;A01;2;7;0;2;2;16;1
536584867;155 697 645;B01;3;33;0;2;1;1;1
536584867;155 697 646;A01;3;7;0;2;2;15;1
536584868;155 697 643;A01;2;33;0;1;1;1;1
536584869;155 697 638;A01;3;1;0;0;7;2;5
536584870;155 697 633;B01;3;7;0;2;8;0;1
536584870;155 697 641;A01;3;14;0;2;7;1;1
536584871;155 697 632;A01;1;33;0;2;1;2;1
536584871;155 697 637;B01;1;10;0;2;4;2;1
536584872;155 697 636;A01;2;7;0;2;3;1;1
536584872;155 697 642;B01;1;7;0;2;2;1;1
536584873;155 697 635;A01;1;7;0;2;1;1;2
536584873;155 697 639;B01;1;7;0;2;4;1;1
536584873;155 697 644;C01;1;7;0;2;4;1;1
536584874;155 697 631;A01;1;14;1;1;2;16;1
536584875;155 697 634;A01;2;7;0;2;7;15;1
536584875;155 697 640;B01;2;30;0;2;1;1;1
536584876;155 697 630;A01;1;2;12;0;2;1;3
536584877;155 697 626;A01;2;80;12;0;7;14;3
536584878;155 697 625;A01;2;7;0;1;2;1;1
536584879;155 697 624;A01;1;10;0;2;1;2;0
536584879;155 697 629;B01;1;7;0;2;4;2;0
536584880;155 697 627;A01;2;50;0;1;8;1;3
536584881;155 697 622;B01;2;7;0;2;3;15;1
536584881;155 697 623;A01;2;7;0;2;2;26;1
536584882;155 697 620;A01;2;31;4;0;1;0;1
536584883;155 697 617;A01;2;33;0;1;1;5;1
536584884;155 697 618;A01;1;7;0;1;1;1;1
536584885;155 697 616;Z01;1;7;0;1;3;1;1
536584886;155 697 614;A01;1;7;0;2;3;15;1
536584886;155 697 619;B01;2;34;0;2;1;1;1
536584887;155 697 615;A01;1;1;0;2;2;15;5
536584887;155 697 621;B01;1;1;0;2;1;1;5
536584888;155 697 613;A01;2;1;1;0;2;2;5
536584889;155 697 612;A01;1;7;0;1;1;15;1
536584890;155 697 611;A01;3;30;0;1;1;1;1
536584891;155 697 610;A01;2;1;0;1;1;1;5
536584892;155 697 605;A01;2;7;0;2;2;15;1
536584892;155 697 609;B01;1;50;0;2;1;1;3
536584893;155 697 607;A01;1;32;0;0;0;0;1
536584894;155 697 604;A01;3;32;0;2;4;1;1
536584895;155 697 602;A01;1;50;0;2;3;15;3
536584895;155 697 606;B01;3;7;0;2;2;1;2
536584896;155 697 601;B01;3;0;0;1;1;25;0
536584897;155 697 600;A01;1;7;0;1;8;1;1
536584898;155 697 596;A01;3;7;0;2;3;15;1
536584898;155 697 598;B01;3;50;0;2;1;2;3
536584899;155 697 597;A01;2;10;0;2;1;17;1
536584899;155 697 599;B01;1;10;0;2;1;1;1
536584899;155 697 603;D01;0;7;0;2;1;23;1
536584899;155 697 608;C01;0;7;0;2;8;24;1
536584900;155 697 594;A01;1;7;15;0;2;1;1
536584901;155 697 592;Z01;2;10;0;1;4;4;1
536584902;155 697 593;B01;3;43;0;2;1;18;0
536584902;155 697 595;A01;3;10;1;0;5;16;0
536584903;155 697 590;A01;1;7;1;0;3;2;2
536584904;155 697 587;A01;2;7;0;2;7;14;1
536584904;155 697 589;B01;2;50;0;2;3;1;3
536584905;155 697 591;A01;1;1;0;1;2;26;5
536584906;155 697 586;A01;3;50;0;1;1;18;3
536584907;155 697 585;B01;2;7;0;2;6;15;1
536584907;155 697 588;A01;2;33;0;2;1;2;1
536584908;155 697 584;A01;2;7;2;0;2;1;1
536584909;155 697 581;A01;2;7;0;1;1;15;1
536584910;155 697 582;A01;2;7;0;2;2;15;1
536584911;155 697 579;A01;3;37;0;2;3;1;0
536584911;155 697 583;B01;0;7;0;2;7;0;1
536584912;155 697 578;B01;2;1;0;2;8;16;5
536584912;155 697 580;A01;2;37;0;2;2;16;2
536584913;155 697 567;A01;0;7;0;2;1;19;1
536584913;155 697 577;B01;0;10;0;2;8;1;1
536584914;155 697 572;A01;1;2;0;2;1;17;1
536584914;155 697 576;B01;1;7;0;2;8;15;1
536584915;155 697 570;B01;1;33;0;2;1;0;1
536584915;155 697 574;A01;0;7;0;2;2;10;1
536584916;155 697 566;A01;1;10;0;2;2;1;1
536584916;155 697 569;B01;2;1;0;2;8;0;5
536584917;155 697 568;A01;3;1;0;2;0;1;5
536584917;155 697 573;B01;3;7;0;2;0;1;1
536584918;155 697 571;A01;1;7;0;2;1;1;1
536584918;155 697 575;B01;2;7;0;2;3;1;1
536584919;155 697 561;A01;2;7;0;1;3;1;1
536584920;155 697 563;A01;2;7;0;1;4;4;1
536584921;155 697 557;B01;2;33;0;2;7;26;1
536584921;155 697 560;A01;2;10;0;2;8;9;1
536584922;155 697 556;A01;2;7;0;0;2;19;0
536584922;155 697 564;B01;1;7;0;0;0;0;0
536584923;155 697 554;A01;1;50;0;2;1;19;3
536584923;155 697 562;B01;2;7;0;9;7;1;1
536584924;155 697 555;B01;2;33;0;2;1;5;0
536584924;155 697 559;A01;2;7;0;2;3;15;1
536584925;155 697 558;B01;2;30;0;2;1;1;1
536584925;155 697 565;A01;2;7;0;2;3;9;3
536584926;155 697 551;A01;0;10;0;2;2;1;1
536584926;155 697 553;B01;3;7;0;2;2;15;1
536584927;155 697 547;B01;3;33;0;0;0;0;1
536584927;155 697 552;A01;3;7;0;2;1;26;2
536584928;155 697 546;A01;1;60;0;2;7;14;5
536584928;155 697 549;B01;1;0;0;2;8;17;0
536584929;155 697 542;A01;1;10;0;2;1;2;1
536584929;155 697 550;B01;1;15;0;2;4;1;1
536584930;155 697 538;A01;2;10;0;2;1;15;1
536584930;155 697 543;B01;1;37;0;2;8;1;1
536584931;155 697 537;A01;1;7;0;2;4;26;1
536584931;155 697 540;B01;1;32;12;2;1;13;1
536584932;155 697 539;A01;3;7;0;2;2;1;1
536584932;155 697 548;B01;3;10;0;2;3;1;1
536584933;155 697 535;A01;2;7;1;0;2;26;1
536584934;155 697 541;A01;2;7;9;2;1;16;1
536584934;155 697 544;B01;1;1;0;2;1;1;5
536584935;155 697 532;B01;1;7;0;2;7;1;1
536584935;155 697 545;A01;1;7;0;2;1;1;1
536584936;155 697 531;A01;1;7;9;0;2;19;1
536584937;155 697 530;A01;2;30;0;2;1;18;3
536584937;155 697 534;B01;1;7;0;2;2;15;1
536584938;155 697 528;B01;2;2;0;2;1;0;1
536584938;155 697 529;A01;1;7;0;2;1;15;1
536584939;155 697 526;A01;1;7;0;1;2;26;3
536584940;155 697 525;A01;3;31;16;0;0;1;1
536584941;155 697 527;A01;2;32;1;0;6;1;1
536584942;155 697 521;A01;3;7;0;2;1;24;1
536584942;155 697 522;B01;3;1;1;0;1;1;5
536584943;155 697 519;A01;3;7;0;2;7;2;1
536584943;155 697 524;Y01;3;80;0;2;8;2;3
536584944;155 697 520;B01;1;7;0;9;1;2;1
536584944;155 697 523;A01;1;1;0;2;1;2;5
536584945;155 697 516;A01;3;33;0;1;1;0;1
536584946;155 697 515;A01;1;7;0;9;1;1;1
536584946;155 697 518;Y01;3;1;0;2;8;26;5
536584947;155 697 514;A01;1;32;0;2;1;0;1
536584947;155 697 517;B01;1;7;0;0;6;1;2
536584948;155 697 513;A01;1;7;0;1;1;16;1
536584949;155 697 508;A01;3;1;0;0;0;1;5
536584950;155 697 506;A01;2;31;0;2;1;1;1
536584950;155 697 510;B01;1;7;0;2;2;21;1
536584951;155 697 509;A01;3;7;0;2;1;1;2
536584951;155 697 511;B01;3;7;0;2;7;1;1
536584952;155 697 504;B01;3;7;0;2;7;1;1
536584952;155 697 512;A01;3;2;16;2;1;2;1
536584953;155 697 502;A01;1;7;0;1;2;15;1
536584954;155 697 501;A01;2;7;0;2;6;16;1
536584954;155 697 505;B01;1;50;0;2;1;1;3
536584955;155 697 503;A01;2;7;0;9;7;18;1
536584955;155 697 507;B01;2;80;0;0;8;2;3
536584956;155 697 498;A01;1;7;0;2;2;15;1
536584956;155 697 499;B01;2;50;0;2;8;1;3
536584957;155 697 493;A01;1;7;6;2;1;21;1
536584958;155 697 492;B01;2;7;0;0;4;2;1
536584958;155 697 497;A01;2;2;0;2;1;2;1
536584959;155 697 491;Z01;3;7;0;9;0;0;0
536584959;155 697 495;B01;3;1;0;2;8;2;5
536584960;155 697 494;B01;1;7;0;9;2;21;1
536584960;155 697 500;A01;2;1;0;2;8;15;5
536584961;155 697 490;A01;1;7;8;0;1;13;1
536584962;155 697 489;B01;1;2;0;2;1;1;1
536584962;155 697 496;A01;1;10;0;2;7;15;1
536584963;155 697 484;A01;1;7;8;0;9;0;1
536584964;155 697 482;B01;2;80;0;2;1;1;3
536584964;155 697 487;A01;1;7;0;2;2;15;1
536584965;155 697 485;A01;1;7;0;1;2;1;1
536584966;155 697 481;B01;2;2;0;2;1;2;1
536584966;155 697 488;A01;2;2;0;0;9;1;1
536584967;155 697 479;A01;3;7;0;2;8;11;1
536584967;155 697 483;B01;3;33;0;2;7;17;1
536584968;155 697 478;A01;0;7;0;0;4;23;1
536584968;155 697 480;B01;0;10;0;2;1;1;1
536584969;155 697 476;A01;1;33;0;0;9;17;1
536584970;155 697 475;A01;3;32;0;0;0;0;1
536584971;155 697 473;A01;3;10;0;2;2;1;1
536584971;155 697 477;B01;3;7;0;2;3;15;1
536584972;155 697 470;A01;3;15;0;2;2;0;1
536584972;155 697 472;B01;3;7;0;2;3;0;1
536584973;155 697 469;A01;2;7;0;2;1;1;1
536584973;155 697 474;B01;2;10;0;2;6;9;1
536584974;155 697 465;A01;3;7;0;1;3;1;1
536584975;155 697 464;A01;1;10;0;2;3;13;1
536584975;155 697 468;B01;2;7;12;2;3;1;1
536584976;155 697 466;A01;1;32;0;2;3;10;1
536584976;155 697 471;B01;3;7;0;2;7;14;2
536584977;155 697 463;A01;1;50;0;2;1;19;3
536584977;155 697 467;B01;1;7;0;2;7;26;1
536584978;155 697 462;A01;1;15;13;0;3;21;1
536584979;155 697 459;B01;1;7;3;2;1;1;1
536584979;155 697 460;A01;1;7;0;2;4;1;1
536584980;155 697 455;B01;1;3;0;2;1;0;1
536584980;155 697 461;A01;3;7;0;2;1;9;1
536584981;155 697 453;A01;1;7;0;2;6;15;1
536584981;155 697 458;B01;2;33;0;2;1;1;1
536584982;155 697 450;B01;1;33;0;2;1;1;1
536584982;155 697 454;A01;1;10;0;2;8;15;1
536584983;155 697 451;B01;1;30;0;2;1;1;1
536584983;155 697 457;A01;2;7;0;2;1;5;1
536584984;155 697 447;A01;2;7;0;2;0;1;2
536584984;155 697 449;B01;0;50;0;2;0;19;3
536584985;155 697 445;A01;1;7;4;0;1;26;1
536584986;155 697 441;B01;3;7;0;2;5;1;1
536584986;155 697 444;A01;0;2;0;2;1;1;1
536584987;155 697 443;B01;1;7;0;2;4;0;1
536584987;155 697 446;C01;1;7;0;2;1;0;1
536584987;155 697 448;E01;1;34;0;2;0;0;3
536584987;155 697 452;A01;1;7;0;2;1;0;1
536584987;155 697 456;D01;1;7;0;2;0;0;1
536584988;155 697 439;A01;2;7;0;0;1;14;1
536584989;155 697 438;A01;3;32;0;2;1;9;1
536584989;155 697 440;B01;3;7;0;2;3;0;2
536584990;155 697 436;B01;1;7;0;2;4;2;2
536584990;155 697 442;A01;1;7;0;2;1;2;1
536584991;155 697 437;A01;2;7;8;0;1;1;1
536584992;155 697 430;A01;0;7;0;2;3;16;1
536584992;155 697 435;B01;1;2;0;2;1;1;0
536584993;155 697 434;A01;2;7;0;1;2;1;1
536584994;155 697 431;A01;1;7;0;0;3;9;1
536584994;155 697 433;B01;2;31;0;0;8;1;1
536584995;155 697 428;B01;1;7;0;2;4;23;1
536584995;155 697 432;A01;1;10;0;2;1;1;1
536584996;155 697 429;A01;2;30;0;0;7;16;1
536584997;155 697 426;A01;3;36;0;0;9;23;1
536584998;155 697 425;A01;1;33;0;2;8;9;1
536584998;155 697 427;B01;1;7;0;2;0;1;1
536584999;155 697 423;A01;1;7;0;1;8;15;0
536585000;155 697 420;A01;1;7;0;2;3;19;1
536585000;155 697 424;B01;1;80;0;2;2;1;3
536585001;155 697 419;A01;2;7;1;2;3;15;1
536585001;155 697 422;B01;2;34;0;2;1;1;1
536585002;155 697 418;A01;2;7;13;0;2;1;1
536585003;155 697 416;A01;1;33;0;1;1;1;1
536585004;155 697 417;A01;1;7;0;1;2;16;2
536585005;155 697 415;A01;1;7;0;2;3;19;1
536585005;155 697 421;B01;1;7;0;2;1;1;1
536585006;155 697 410;A01;2;7;0;2;3;15;1
536585006;155 697 414;B01;1;33;0;2;1;1;1
536585007;155 697 409;A01;1;7;1;0;3;13;1
536585008;155 697 411;A01;2;33;0;1;1;1;1
536585009;155 697 405;A01;1;33;0;2;8;21;1
536585009;155 697 408;B01;2;7;0;2;3;17;0
536585010;155 697 407;B01;2;60;0;2;1;1;5
536585010;155 697 412;A01;1;7;0;2;2;15;1
536585011;155 697 406;B01;1;7;0;2;1;15;1
536585011;155 697 413;A01;2;33;0;2;1;1;1
536585012;155 697 399;A01;1;7;0;2;1;13;1
536585012;155 697 404;B01;1;7;0;2;2;1;1
536585013;155 697 398;A01;2;34;2;0;1;1;1
536585014;155 697 397;B01;3;50;0;2;7;1;3
536585014;155 697 401;Z01;3;10;0;2;8;2;0
536585015;155 697 395;A01;2;7;0;0;9;1;2
536585015;155 697 396;C01;2;7;0;2;1;1;1
536585015;155 697 402;B01;1;7;0;2;9;1;1
536585016;155 697 394;A01;2;7;0;2;7;15;1
536585016;155 697 403;B01;1;7;0;2;1;1;1
536585017;155 697 392;B01;3;33;0;2;2;26;1
536585017;155 697 393;A01;0;10;0;2;6;15;1
536585018;155 697 388;A01;1;14;0;2;2;16;1
536585018;155 697 390;B01;2;7;12;2;2;26;1
536585019;155 697 400;A01;1;34;0;1;1;0;1
536585020;155 697 387;A01;1;33;12;0;1;1;1
536585021;155 697 386;A01;1;10;0;2;1;1;3
536585021;155 697 389;B01;1;7;0;2;4;1;1
536585021;155 697 391;C01;1;7;0;2;4;1;1
536585022;155 697 384;B01;2;7;0;2;1;5;1
536585022;155 697 385;A01;1;7;0;2;1;5;1
536585023;155 697 382;B01;2;20;0;2;4;2;1
536585023;155 697 383;A01;2;10;0;2;1;2;1
536585024;155 697 380;A01;2;7;13;0;9;13;1
536585025;155 697 377;A01;1;1;0;1;1;1;5
536585026;155 697 374;A01;1;7;0;2;3;9;1
536585026;155 697 381;B01;2;50;0;2;0;0;3
536585027;155 697 376;A01;1;10;0;2;7;15;0
536585027;155 697 379;B01;2;50;0;2;1;1;3
536585028;155 697 372;A01;2;15;0;2;2;12;1
536585028;155 697 375;B01;2;7;0;2;8;1;1
536585029;155 697 371;A01;2;7;0;0;9;1;1
536585030;155 697 369;A01;3;33;13;0;1;1;1
536585031;155 697 363;A01;2;50;0;2;1;19;3
536585031;155 697 370;B01;3;7;0;2;8;2;3
536585032;155 697 365;A01;1;7;0;2;1;2;3
536585032;155 697 367;B01;1;7;0;2;4;2;1
536585033;155 697 364;B01;2;7;0;2;6;17;2
536585033;155 697 366;A01;2;33;0;2;1;21;1
536585034;155 697 362;A01;1;13;0;1;0;1;1
536585035;155 697 361;B01;2;7;0;2;1;0;1
536585035;155 697 368;A01;1;7;0;2;8;1;1
536585036;155 697 360;A01;0;14;8;0;3;2;1
536585037;155 697 358;B01;2;7;0;2;3;11;1
536585037;155 697 359;A01;2;43;0;2;1;3;1
536585038;155 697 356;A01;2;7;0;1;1;1;1
536585039;155 697 350;C01;1;33;14;0;9;19;1
536585039;155 697 353;A01;1;15;0;2;9;19;1
536585039;155 697 357;B01;1;7;0;2;1;1;3
536585040;155 697 351;B01;2;10;0;0;6;2;1
536585040;155 697 354;A01;2;1;0;2;1;2;5
536585041;155 697 348;B01;2;7;3;2;4;1;1
536585041;155 697 352;A01;2;10;0;2;2;17;1
536585042;155 697 347;A01;1;17;0;2;7;12;1
536585042;155 697 349;B01;1;7;0;2;8;1;1
536585043;155 697 346;A01;2;7;2;0;3;1;1
536585044;155 697 345;A01;2;10;0;0;5;2;1
536585045;155 697 344;A01;1;7;0;2;3;1;1
536585045;155 697 355;B01;2;33;0;2;1;0;1
536585046;155 697 339;A01;2;7;0;2;3;13;1
536585046;155 697 343;B01;1;7;1;2;3;2;1
536585047;155 697 340;B01;2;7;0;2;7;1;1
536585047;155 697 342;A01;2;43;0;2;7;1;1
536585048;155 697 338;B01;2;15;0;2;6;12;1
536585048;155 697 341;A01;2;7;4;2;2;11;1
536585049;155 697 334;A01;1;7;0;2;5;12;2
536585049;155 697 337;B01;1;33;0;2;3;1;1
536585050;155 697 333;A01;1;7;0;2;3;15;2
536585050;155 697 335;B01;2;31;0;2;1;1;1
536585051;155 697 332;A01;1;7;0;2;3;13;1
536585051;155 697 336;B01;2;33;0;2;1;1;1
536585052;155 697 329;A01;1;33;0;2;1;3;2
536585052;155 697 331;B01;1;7;0;2;5;12;1
536585053;155 697 328;A01;1;7;2;0;3;0;1
536585054;155 697 326;A01;1;7;13;0;1;13;1
536585055;155 697 323;A01;1;7;0;0;2;15;1
536585055;155 697 330;B01;1;14;0;2;8;2;1
536585056;155 697 320;A01;1;10;1;0;3;2;1
536585056;155 697 325;B01;1;7;0;2;5;24;1
536585056;155 697 327;C01;1;7;0;2;4;24;1
536585057;155 697 321;A01;2;7;0;2;6;2;0
536585057;155 697 324;B01;2;31;0;2;2;2;0
536585058;155 697 319;B01;3;17;0;2;8;9;1
536585058;155 697 322;A01;2;17;0;2;1;1;1
536585059;155 697 317;Z01;1;32;0;1;1;1;0
536585060;155 697 316;A01;0;7;0;1;0;0;0
536585061;155 697 312;B01;2;32;0;2;8;0;1
536585061;155 697 315;A01;2;7;0;2;7;0;2
536585062;155 697 314;A01;2;10;0;2;8;15;1
536585062;155 697 318;B01;1;32;0;2;1;1;1
536585063;155 697 313;A01;0;33;0;0;0;0;1
536585064;155 697 311;A01;2;7;0;1;2;2;2
536585065;155 697 309;A01;1;7;0;1;2;1;1
536585066;155 697 307;A01;1;7;0;2;1;1;1
536585066;155 697 310;B01;2;7;0;2;1;1;1
536585067;155 697 306;A01;2;33;0;2;3;3;1
536585067;155 697 308;B01;2;7;0;2;2;1;2
536585068;155 697 305;A01;1;2;3;0;3;1;1