Num_Acc;id_vehicule;num_veh;senc;catv;obs;obsm;choc;manv;motor
536585069;155 697 298;A01;3;7;0;1;2;20;1
536585070;155 697 300;A01;1;7;0;2;4;1;1
536585070;155 697 304;B01;1;7;0;0;4;2;1
536585071;155 697 296;B01;2;7;0;9;1;0;1
536585071;155 697 301;A01;2;7;4;0;1;13;1
536585072;155 697 294;B01;2;10;0;2;8;1;1
536585072;155 697 303;A01;3;1;0;2;1;1;5
536585073;155 697 295;A01;1;7;0;2;2;17;0
536585073;155 697 299;B01;1;1;0;2;8;1;5
536585074;155 697 297;A01;1;2;0;2;1;1;1
536585074;155 697 302;B01;2;7;0;2;3;9;1
536585075;155 697 291;A01;2;7;3;0;3;21;1
536585076;155 697 288;A01;1;7;0;2;1;2;1
536585076;155 697 292;B01;1;7;0;2;4;2;1
536585077;155 697 290;A01;2;80;0;0;1;2;3
536585078;155 697 287;A01;1;7;0;2;1;1;1
536585078;155 697 289;B01;2;2;0;2;1;5;1
536585079;155 697 285;A01;2;7;0;9;3;16;1
536585079;155 697 293;B01;2;1;0;2;7;1;5
536585080;155 697 283;B01;1;1;0;2;4;2;5
536585080;155 697 286;A01;1;1;0;2;1;2;5
536585081;155 697 280;A01;3;7;0;9;3;9;3
536585081;155 697 284;B01;3;1;0;2;2;1;5
536585082;155 697 278;A01;1;7;1;0;1;24;1
536585082;155 697 281;B01;1;7;0;2;4;24;2
536585083;155 697 279;B01;3;10;0;2;2;9;1
536585083;155 697 282;A01;3;2;0;2;1;1;1
536585084;155 697 276;A01;2;7;0;2;6;1;1
536585084;155 697 277;B01;1;33;0;2;6;13;1
536585085;155 697 275;A01;2;7;8;0;8;1;1
536585086;155 697 273;A01;3;7;0;5;4;14;1
536585087;155 697 271;A01;1;7;8;0;1;26;0
536585088;155 697 272;A01;1;80;0;2;1;1;3
536585089;155 697 269;A01;2;2;0;0;0;1;1
536585090;155 697 267;A01;1;7;1;0;1;2;1
536585090;155 697 270;B01;1;7;0;2;4;2;1
536585090;155 697 274;C01;1;7;0;2;4;1;1
536585091;155 697 265;A01;1;7;0;2;1;13;1
536585091;155 697 268;B01;2;7;0;2;1;1;1
536585092;155 697 260;B01;0;7;0;2;3;0;1
536585092;155 697 266;A01;1;7;0;2;1;0;1
536585093;155 697 261;A01;2;50;0;1;1;1;3
536585094;155 697 259;A01;1;7;0;0;4;23;3
536585094;155 697 263;B01;1;7;0;2;1;2;1
536585095;155 697 262;B01;1;7;0;2;3;1;1
536585095;155 697 264;A01;1;7;0;2;0;19;1
536585096;155 697 258;A01;0;7;0;1;8;1;1
536585097;155 697 255;A01;1;1;0;0;0;0;5
536585098;155 697 253;B01;3;7;0;2;3;1;3
536585098;155 697 257;A01;3;2;0;2;7;26;1
536585099;155 697 252;A01;1;2;0;2;1;13;1
536585099;155 697 254;B01;2;7;0;2;1;13;1
536585100;155 697 250;A01;1;7;0;2;2;1;2
536585100;155 697 256;B01;2;1;0;2;7;1;5
536585101;155 697 247;A01;1;7;0;0;1;1;1
536585101;155 697 251;B01;2;7;0;0;0;5;0
536585102;155 697 248;A01;3;99;0;2;0;19;1
536585102;155 697 249;B01;3;7;0;2;1;19;1
536585103;155 697 246;A01;1;7;0;1;1;1;1
536585104;155 697 245;A01;2;10;2;0;2;0;1
536585105;155 697 244;A01;1;10;0;1;3;15;1
536585106;155 697 239;A01;2;7;0;0;4;0;1
536585106;155 697 241;B01;2;10;0;2;1;0;1
536585108;155 697 237;A01;1;7;0;1;3;1;1
536585109;155 697 233;B01;2;7;0;2;6;1;0
536585109;155 697 238;A01;2;10;0;2;2;17;1
536585109;155 697 242;C01;1;7;0;9;8;0;1
536585110;155 697 234;B01;1;2;0;2;2;1;3
536585110;155 697 236;A01;1;1;0;2;8;15;5
536585111;155 697 230;A01;2;2;12;0;1;9;1
536585112;155 697 232;A01;3;2;0;2;1;13;1
536585112;155 697 235;B01;3;7;0;2;3;1;1
536585113;155 697 228;A01;2;7;0;2;3;15;1
536585113;155 697 231;B01;1;7;0;2;3;1;1
536585114;155 697 227;A01;2;7;6;0;3;19;1
536585114;155 697 229;B01;1;7;0;0;1;1;1
536585115;155 697 226;A01;1;1;0;0;0;1;5
536585116;155 697 221;B01;3;1;0;9;4;0;5
536585116;155 697 224;A01;3;1;0;2;1;0;5
536585117;155 697 219;A01;2;7;3;0;1;14;2
536585118;155 697 218;A01;1;7;0;2;1;1;1
536585118;155 697 223;B01;1;14;0;2;8;16;1
536585119;155 697 216;B01;3;33;0;2;1;0;1
536585119;155 697 222;A01;3;33;0;2;1;0;1
536585120;155 697 217;A01;1;17;0;0;0;23;1
536585120;155 697 220;C01;1;17;0;9;3;1;1
536585120;155 697 225;E01;1;7;0;9;3;1;1
536585121;155 697 214;A01;2;10;0;2;7;5;1
536585121;155 697 215;B01;2;1;0;2;7;19;5
536585122;155 697 213;A01;2;33;15;0;2;14;1
536585123;155 697 210;A01;2;7;8;0;1;1;1
536585124;155 697 209;A01;1;7;0;2;3;13;1
536585124;155 697 212;B01;2;7;0;2;3;1;1
536585125;155 697 208;A01;3;50;0;0;9;1;3
536585126;155 697 207;A01;3;14;0;2;3;15;1
536585126;155 697 211;B01;3;7;0;2;8;15;1
536585127;155 697 204;A01;2;7;13;0;2;1;1
536585128;155 697 201;A01;1;10;0;2;4;1;1
536585128;155 697 205;B01;1;7;0;2;1;2;1
536585128;155 697 206;C01;1;7;0;2;1;2;1
536585129;155 697 199;C01;3;80;0;2;4;1;3
536585129;155 697 203;Z01;3;7;0;2;1;5;1
536585130;155 697 197;A01;0;1;0;2;3;1;5
536585130;155 697 200;B01;0;1;0;2;3;1;5
536585131;155 697 194;A01;1;33;0;2;7;1;1
536585131;155 697 198;B01;1;10;0;2;8;15;1
536585132;155 697 193;C01;1;7;0;2;1;1;1
536585132;155 697 196;A01;2;7;0;2;1;1;1
536585132;155 697 202;B01;1;7;0;2;7;1;1
536585133;155 697 191;B01;1;21;0;2;1;1;6
536585133;155 697 195;A01;2;33;0;2;1;13;1
536585134;155 697 189;A01;2;30;2;2;1;1;1
536585134;155 697 192;B01;2;7;1;2;7;15;1
536585135;155 697 186;A01;1;7;12;2;2;20;1
536585135;155 697 187;B01;1;50;12;2;3;1;3
536585136;155 697 185;A01;2;31;0;2;3;15;1
536585136;155 697 190;B01;2;32;0;2;7;0;1
536585137;155 697 182;B01;0;7;0;0;3;23;1
536585137;155 697 188;A01;1;2;0;2;2;0;1
536585138;155 697 181;A01;2;7;0;2;8;1;1
536585138;155 697 184;B01;1;7;0;2;8;1;1
536585139;155 697 178;A01;1;37;0;1;5;26;1
536585140;155 697 180;A01;3;7;0;2;1;15;1
536585140;155 697 183;B01;3;31;0;0;8;1;1
536585141;155 697 174;A01;2;7;0;9;3;15;1
536585141;155 697 177;B01;1;50;0;2;1;1;3
536585142;155 697 175;A01;1;50;0;0;0;1;3
536585143;155 697 176;A01;3;13;0;2;3;15;1
536585143;155 697 179;Y01;3;1;0;2;1;1;5
536585144;155 697 171;A01;1;33;0;0;8;17;1
536585145;155 697 170;A01;1;2;0;2;1;1;1
536585145;155 697 172;B01;1;7;0;2;5;1;1
536585146;155 697 169;A01;2;7;0;2;2;15;1
536585146;155 697 173;B01;2;7;0;2;3;1;1
536585147;155 697 168;A01;1;7;0;0;0;26;1
536585148;155 697 164;B01;2;33;0;2;8;1;1
536585148;155 697 167;A01;2;7;0;2;1;10;2
536585149;155 697 163;A01;2;7;0;2;4;23;1
536585149;155 697 166;B01;2;32;0;2;1;1;1
536585150;155 697 165;A01;1;7;0;2;3;1;3
536585151;155 697 162;A01;2;33;5;0;7;26;0
536585152;155 697 159;A01;;3;0;2;1;9;3
536585152;155 697 161;B01;;50;0;2;7;1;3
536585153;155 697 160;A01;2;7;6;9;1;2;1
536585154;155 697 155;A01;2;7;0;1;6;26;1
536585155;155 697 156;A01;3;13;0;2;1;14;6
536585155;155 697 158;B01;3;1;0;2;8;1;5
536585156;155 697 153;A01;1;50;1;0;3;2;3
536585156;155 697 157;B01;1;10;1;0;0;0;1
536585157;155 697 154;A01;1;31;12;0;0;16;1
536585158;155 697 151;A01;1;2;12;0;1;1;1
536585159;155 697 150;A01;1;33;0;2;7;17;1
536585159;155 697 152;B01;1;7;0;2;3;15;1
536585160;155 697 147;A01;2;30;0;1;1;3;1
536585161;155 697 144;A01;3;60;0;2;8;19;5
536585161;155 697 149;B01;2;33;0;2;2;1;1
536585162;155 697 146;A01;2;7;6;0;1;16;1
536585163;155 697 145;B01;1;10;0;2;3;1;1
536585163;155 697 148;A01;1;32;0;2;5;13;1
536585164;155 697 140;B01;3;1;0;2;7;1;5
536585164;155 697 143;A01;3;7;0;2;1;1;1
536585165;155 697 138;A01;1;80;0;0;0;1;3
536585166;155 697 139;B01;0;17;0;2;2;1;1
536585166;155 697 142;A01;3;7;6;2;3;26;1
536585167;155 697 136;B01;2;7;0;2;3;1;1
536585167;155 697 141;A01;2;7;0;2;5;1;1
536585168;155 697 132;A01;2;10;0;2;1;15;0
536585168;155 697 135;D01;0;1;0;2;7;0;5
536585169;155 697 134;A01;1;7;2;0;1;14;1
536585170;155 697 133;A01;2;7;2;0;1;1;1
536585171;155 697 131;A01;2;7;2;0;1;1;1
536585172;155 697 130;A01;3;7;0;2;3;1;1
536585172;155 697 137;B01;1;7;0;2;8;1;1
536585173;155 697 129;A01;3;10;2;0;3;1;1
536585174;155 697 126;A01;0;1;0;0;0;1;5
536585175;155 697 124;A01;1;33;0;2;1;9;1
536585175;155 697 127;B01;1;7;0;2;3;1;1
536585176;155 697 123;A01;0;7;0;2;3;1;1
536585176;155 697 128;B01;3;7;0;2;2;15;1
536585177;155 697 121;A01;1;7;8;0;1;1;1
536585178;155 697 120;A01;2;7;1;0;9;1;1
536585179;155 697 119;A01;1;7;0;2;4;23;1
536585179;155 697 125;B01;1;13;0;2;0;0;1
536585180;155 697 117;A01;1;7;0;1;1;1;1
536585181;155 697 115;C01;1;7;0;0;6;1;0
536585181;155 697 118;A01;1;7;15;0;7;17;1
536585181;155 697 122;B01;1;7;0;0;3;13;1
536585182;155 697 113;A01;1;7;2;0;1;1;1
536585183;155 697 112;B01;1;7;0;2;4;2;1
536585184;155 697 110;A01;2;33;0;2;1;2;1
536585184;155 697 114;B01;2;7;0;2;6;2;1
536585185;155 697 111;A01;1;7;0;2;4;23;1
536585185;155 697 116;B01;1;7;0;2;1;1;1
536585186;155 697 108;A01;1;7;0;2;7;15;1
536585186;155 697 109;B01;1;33;0;2;1;26;1
536585187;155 697 103;A01;1;7;0;2;1;13;1
536585187;155 697 107;B01;2;7;0;2;1;1;1
536585188;155 697 100;A01;3;7;0;2;1;9;1
536585188;155 697 105;B01;3;50;0;2;7;1;3
536585189;155 697 099;B01;1;99;0;2;1;1;0
536585189;155 697 104;A01;1;7;0;2;2;16;1
536585190;155 697 101;A01;0;7;0;2;7;1;1
536585190;155 697 106;B01;0;2;0;2;1;1;1
536585191;155 697 097;A01;2;32;0;9;3;16;1
536585191;155 697 098;B01;2;10;0;2;3;0;1
536585192;155 697 096;A01;2;16;0;1;1;1;1
536585193;155 697 091;B01;2;17;0;2;4;1;1
536585193;155 697 095;A01;2;7;3;2;1;2;1
536585194;155 697 089;B01;1;1;0;2;8;0;5
536585194;155 697 093;A01;1;7;0;2;5;16;1
536585195;155 697 088;B01;2;10;0;2;2;1;1
536585195;155 697 094;A01;1;7;0;2;2;13;1
536585196;155 697 090;B01;2;7;0;2;3;21;1
536585196;155 697 092;A01;2;32;0;2;1;21;1
536585197;155 697 087;A01;1;10;0;1;2;1;1
536585198;155 697 080;B01;2;7;0;2;7;2;1
536585198;155 697 083;C01;2;7;0;0;4;0;1
536585198;155 697 086;A01;2;7;0;2;3;2;2
536585199;155 697 078;A01;0;7;0;9;1;1;1
536585199;155 697 082;B01;0;50;0;2;8;19;3
536585200;155 697 076;A01;2;33;0;2;7;17;1
536585200;155 697 079;B01;2;7;0;2;8;15;1
536585201;155 697 077;Z01;1;7;0;2;1;1;1
536585201;155 697 084;B01;1;2;0;2;7;1;1
536585202;155 697 074;A01;2;7;0;2;1;17;1
536585202;155 697 081;B01;1;7;0;2;3;1;2
536585203;155 697 073;B01;2;7;0;2;6;2;1
536585203;155 697 075;A01;2;7;3;2;2;2;1
536585204;155 697 072;A01;1;10;0;1;3;14;1
536585205;155 697 071;A01;2;60;1;0;1;9;5
536585206;155 697 069;A01;1;7;8;0;3;0;1
536585207;155 697 066;B01;2;2;0;2;2;1;3
536585207;155 697 070;A01;2;30;0;2;1;0;0
536585208;155 697 063;A01;1;7;0;2;5;1;1
536585208;155 697 067;B01;1;7;0;2;2;2;1
536585209;155 697 061;A01;1;7;0;2;2;2;1
536585209;155 697 065;C01;1;7;0;2;1;17;1
536585209;155 697 068;B01;1;7;0;0;6;2;2
536585210;155 697 058;A01;0;33;0;2;8;13;1
536585210;155 697 064;B01;1;7;0;2;1;1;1
536585211;155 697 057;B01;2;7;0;2;1;2;1
536585211;155 697 060;A01;2;7;0;2;1;1;1
536585211;155 697 062;C01;2;7;0;2;4;2;1
536585212;155 697 054;A01;3;7;13;0;1;14;1
536585213;155 697 055;B01;1;7;0;2;1;10;0
536585213;155 697 059;A01;1;7;0;2;6;1;0
536585214;155 697 053;A01;1;1;0;2;1;18;5
536585214;155 697 056;B01;1;7;0;9;5;16;1
536585215;155 697 049;A01;1;2;0;0;0;0;1
536585215;155 697 052;B01;1;7;0;2;1;0;0
536585216;155 697 047;A01;2;21;0;0;6;23;1
536585216;155 697 051;B01;2;7;1;0;2;1;1
536585217;155 697 046;A01;1;33;0;2;1;17;1
536585217;155 697 050;B01;2;14;0;2;1;1;1
536585218;155 697 043;B01;2;32;0;2;1;3;1
536585218;155 697 045;A01;2;7;0;2;3;15;1
536585219;155 697 044;A01;1;7;0;0;5;15;2
536585219;155 697 048;B01;1;2;0;2;1;16;1
536585220;155 697 040;B01;2;2;0;2;1;13;1
536585220;155 697 042;A01;1;7;0;2;2;1;1
536585221;155 697 041;A01;2;38;6;0;1;14;1
536585222;155 697 039;A01;3;32;0;1;2;1;1
536585223;155 697 035;A01;0;2;0;0;0;0;3
536585224;155 697 031;A01;2;7;0;2;1;26;1
536585224;155 697 036;B01;1;43;0;2;7;2;1
536585225;155 697 034;A01;2;7;0;2;1;13;1
536585225;155 697 037;B01;1;17;0;2;3;1;1
536585226;155 697 032;A01;1;7;0;2;8;15;1
536585226;155 697 038;B01;2;7;0;2;1;1;1
536585227;155 697 030;A01;3;10;0;1;4;26;1
536585228;155 697 033;A01;2;7;0;1;2;16;1
536585229;155 697 026;B01;2;15;0;2;4;1;1
536585229;155 697 028;A01;2;7;3;2;1;14;1
536585230;155 697 024;A01;2;7;0;2;1;13;1
536585230;155 697 029;B01;1;7;0;2;1;1;1
536585231;155 697 022;A01;1;43;0;2;1;1;1
536585231;155 697 025;B01;2;7;0;2;2;1;1
536585232;155 697 021;A01;1;7;0;2;3;15;1
536585232;155 697 027;B01;2;33;0;2;8;21;1
536585233;155 697 020;A01;1;21;0;2;3;1;1
536585233;155 697 023;B01;2;2;0;2;1;13;1
536585234;155 697 015;A01;3;7;0;2;3;15;1
536585234;155 697 017;B01;3;31;0;2;3;1;1
536585235;155 697 012;A01;2;2;4;0;0;2;1
536585236;155 697 013;A01;0;7;0;0;4;23;1
536585236;155 697 018;B01;0;7;1;0;1;1;1
536585237;155 697 019;A01;2;7;0;1;2;1;1
536585238;155 697 011;B01;3;7;0;2;1;1;1
536585238;155 697 014;A01;2;50;0;2;1;5;3
536585239;155 697 016;A01;1;33;10;0;1;17;1
536585240;155 697 006;A01;0;7;0;2;1;19;1
536585240;155 697 010;B01;0;7;0;2;8;1;1
536585241;155 697 004;A01;2;7;0;2;2;17;1
536585241;155 697 009;B01;2;14;0;2;6;1;1
536585242;155 697 002;B01;0;7;0;9;2;1;1
536585242;155 697 007;A01;0;50;0;2;1;5;3
536585243;155 697 003;B01;2;7;0;2;3;13;1
536585243;155 697 008;A01;1;14;0;2;3;1;1
536585244;155 697 001;A01;2;7;0;2;3;15;1
536585244;155 697 005;B01;2;33;0;2;0;17;1
536585245;155 696 998;A01;1;7;0;2;1;17;1
536585245;155 696 999;B01;2;7;0;2;1;1;1
536585246;155 696 995;A01;1;33;2;0;1;1;1
536585247;155 696 993;A01;1;7;16;0;0;0;1
536585248;155 696 994;B01;2;33;0;2;1;1;1
536585248;155 697 000;A01;1;7;0;2;6;15;1
536585249;155 696 991;A01;2;33;0;2;1;1;1
536585249;155 696 996;B01;3;7;0;2;1;15;3
536585250;155 696 990;A01;3;7;0;2;0;17;1
536585250;155 696 992;B01;3;7;0;2;3;1;1
536585250;155 696 997;C01;3;7;0;2;1;1;1
536585251;155 696 987;A01;3;7;13;0;9;1;1
536585252;155 696 983;A01;2;7;0;0;4;23;1
536585252;155 696 986;B01;2;10;0;2;4;23;1
536585252;155 696 989;C01;2;7;0;2;3;2;3
536585253;155 696 982;A01;1;99;0;2;4;1;0
536585253;155 696 985;B01;1;1;0;2;1;1;5
536585254;155 696 980;B01;2;7;0;2;3;1;1
536585254;155 696 988;A01;1;7;2;2;1;13;1
536585255;155 696 979;B01;0;33;0;0;0;1;1
536585256;155 696 981;A01;3;7;0;2;3;15;1
536585256;155 696 984;B01;1;33;0;2;1;1;1
536585257;155 696 978;A01;1;7;2;0;1;14;1
536585258;155 696 977;A01;3;33;0;1;1;1;1
536585259;155 696 976;A01;2;7;8;0;1;14;1
536585260;155 696 974;A01;0;10;0;1;1;1;1
536585261;155 696 975;A01;2;33;2;0;0;26;0
536585262;155 696 968;A01;1;7;0;2;2;15;1
536585262;155 696 972;B01;2;7;0;2;1;1;1
536585263;155 696 970;A01;1;7;0;2;2;1;1
536585263;155 696 971;B01;1;1;0;2;4;15;5
536585264;155 696 967;A01;0;7;0;1;0;1;1
536585265;155 696 964;A01;2;1;0;2;8;19;5
536585265;155 696 969;B01;2;7;0;9;5;21;1
536585266;155 696 962;A01;2;33;0;0;0;13;1
536585267;155 696 966;B01;2;7;0;2;3;1;1
536585267;155 696 973;A01;1;7;15;2;2;1;1
536585268;155 696 963;A01;3;33;12;0;1;15;1
536585269;155 696 961;A01;2;33;0;2;2;17;1
536585269;155 696 965;B01;2;7;0;2;3;15;1
536585270;155 696 960;A01;0;1;0;0;0;26;5
536585271;155 696 957;A01;2;10;0;0;7;14;1
536585272;155 696 956;A01;1;10;0;1;3;1;1
536585273;155 696 955;B01;2;31;0;2;3;15;1
536585273;155 696 959;A01;1;7;0;2;1;1;1
536585274;155 696 953;A01;1;10;0;1;3;1;1
536585275;155 696 954;A01;3;7;0;2;2;1;1
536585275;155 696 958;B01;3;7;0;2;5;1;1
536585276;155 696 952;A01;1;7;13;0;1;10;1
536585277;155 696 947;B01;2;7;0;2;6;15;2
536585277;155 696 951;A01;2;33;0;2;1;1;1
536585278;155 696 948;A01;1;1;0;0;0;1;5
536585279;155 696 945;A01;3;7;0;1;1;1;1
536585280;155 696 944;A01;1;7;0;2;3;13;1
536585280;155 696 949;B01;2;15;0;2;8;1;1
536585281;155 696 946;A01;3;7;0;2;3;15;1
536585281;155 696 950;B01;3;32;0;2;1;1;1
536585282;155 696 942;A01;2;1;0;0;0;1;5
536585282;155 696 943;B01;2;7;0;0;0;1;0
536585283;155 696 941;A01;1;7;0;1;1;1;2
536585284;155 696 938;A01;3;7;0;2;7;26;2
536585284;155 696 940;B01;3;33;0;2;1;1;1
536585285;155 696 939;A01;2;7;6;0;1;1;1
536585286;155 696 936;A01;1;7;2;0;3;1;1
536585287;155 696 935;A01;1;7;0;2;1;1;1
536585287;155 696 937;B01;2;7;0;2;1;13;1
536585288;155 696 932;A01;1;7;6;0;1;1;1
536585289;155 696 931;B01;1;7;0;0;3;1;1
536585289;155 696 934;A01;1;7;4;2;9;17;1
536585290;155 696 927;A01;3;33;0;2;8;2;1
536585290;155 696 930;B01;3;16;0;2;7;2;1
536585291;155 696 925;B01;1;7;0;2;2;1;2
536585291;155 696 933;A01;2;7;0;2;2;13;1
536585292;155 696 926;A01;0;7;0;2;8;16;1
536585292;155 696 928;B01;3;1;0;2;8;1;5
536585293;155 696 922;A01;1;10;2;0;3;13;1
536585294;155 696 921;A01;1;7;2;0;3;1;1
536585295;155 696 920;A01;0;7;0;2;1;13;1
536585296;155 696 919;A01;1;7;0;2;3;1;1
536585296;155 696 923;B01;2;10;0;2;3;1;1
536585297;155 696 917;A01;2;7;6;0;1;0;1
536585298;155 696 916;A01;2;33;2;0;9;1;1
536585299;155 696 914;A01;1;7;12;0;1;1;1
536585299;155 696 918;B01;2;13;0;0;8;1;1
536585300;155 696 913;B01;1;17;0;2;8;2;6
536585300;155 696 915;A01;1;43;11;2;1;2;1
536585301;155 696 910;A01;2;33;13;0;9;21;1
536585302;155 696 909;A01;1;3;0;2;3;13;1
536585302;155 696 912;B01;2;33;0;2;1;1;1
536585303;155 696 904;B01;1;7;0;2;6;18;1
536585303;155 696 908;A01;0;7;0;2;9;2;1
536585304;155 696 905;B01;0;50;0;2;1;1;3
536585304;155 696 911;A01;0;7;0;2;7;1;1
536585305;155 696 903;A01;1;7;0;2;2;1;2
536585305;155 696 906;B01;0;7;0;0;3;23;1
536585306;155 696 902;B01;0;7;0;2;1;1;1
536585306;155 696 907;A01;0;7;0;2;2;19;2
536585307;155 696 896;B01;2;33;0;2;1;2;1
536585307;155 696 900;A01;2;7;0;2;3;10;1
536585308;155 696 897;B01;3;50;0;2;0;1;3
536585308;155 696 899;A01;2;7;0;2;7;15;1
536585309;155 696 895;A01;2;7;0;2;1;1;2
536585309;155 696 901;B01;2;17;0;2;4;1;1
536585310;155 696 889;A01;1;2;6;0;1;1;1
536585311;155 696 887;C01;1;7;0;2;7;1;1
536585311;155 696 891;B01;1;7;0;2;5;2;1
536585311;155 696 894;A01;1;10;0;2;3;2;1
536585312;155 696 890;C01;3;7;0;2;1;23;1
536585312;155 696 893;A01;3;7;0;2;3;15;1
536585312;155 696 898;B01;3;7;0;2;1;1;1
536585313;155 696 886;A01;1;7;0;2;7;17;1
536585313;155 696 892;B01;1;21;0;2;8;2;1
536585314;155 696 885;A01;2;2;0;0;9;1;1
536585315;155 696 884;A01;1;7;0;2;8;9;1
536585315;155 696 888;B01;1;50;0;2;7;1;3
536585316;155 696 879;A01;1;7;0;2;3;15;1
536585316;155 696 881;B01;1;2;13;2;2;17;1
536585317;155 696 882;A01;0;7;15;0;2;1;1
536585318;155 696 878;A01;1;7;6;0;3;13;1
536585319;155 696 874;A01;1;7;0;2;3;1;1
536585319;155 696 877;B01;2;7;0;2;3;1;1
536585320;155 696 870;A01;2;7;0;2;1;5;1
536585320;155 696 875;B01;1;7;0;2;1;1;1
536585320;155 696 880;C01;2;7;0;2;7;21;1
536585321;155 696 872;A01;3;7;7;0;1;1;1
536585322;155 696 866;A01;2;1;6;0;0;14;5
536585323;155 696 865;A01;3;33;0;2;0;16;0
536585323;155 696 869;B01;3;1;0;2;0;2;5
536585323;155 696 876;C01;3;7;0;2;3;0;0
536585324;155 696 867;D01;1;7;0;2;1;2;1
536585324;155 696 871;A01;1;33;0;2;2;14;1
536585324;155 696 873;B01;1;7;0;2;8;1;1
536585324;155 696 883;C01;1;7;0;2;4;1;1
536585325;155 696 864;A01;3;7;0;2;4;2;1
536585325;155 696 868;B01;3;33;0;2;1;2;1
536585326;155 696 862;A01;2;1;14;0;1;1;5
536585327;155 696 861;B01;0;7;0;2;7;19;1
536585327;155 696 863;A01;3;3;0;2;8;1;1
536585328;155 696 859;A01;1;7;0;1;2;1;1
536585329;155 696 858;B01;2;0;0;9;7;17;0
536585329;155 696 860;A01;2;1;0;2;8;2;5
536585330;155 696 856;A01;1;33;6;0;7;26;1
536585331;155 696 854;A01;1;7;0;9;1;15;1
536585331;155 696 857;B01;2;50;0;2;1;1;3
536585332;155 696 853;A01;3;7;0;2;5;9;1
536585332;155 696 855;B01;1;31;0;2;1;2;1
536585333;155 696 848;B01;1;7;0;2;1;15;1
536585333;155 696 852;A01;2;7;0;2;1;1;1
536585334;155 696 847;A01;3;7;0;0;1;0;1
536585334;155 696 850;B01;3;2;0;2;1;1;1
536585335;155 696 849;A01;2;7;0;9;1;15;1
536585335;155 696 851;B01;2;1;0;2;1;1;5
536585336;155 696 846;A01;2;3;1;0;2;2;1
536585337;155 696 844;B01;1;7;0;2;1;2;1
536585337;155 696 845;A01;1;7;3;2;4;1;1
536585338;155 696 842;A01;1;50;0;1;1;1;3
536585339;155 696 840;A01;2;7;2;0;1;1;1
536585340;155 696 839;B01;1;7;0;2;8;1;1
536585340;155 696 843;A01;2;43;0;2;1;13;1
536585341;155 696 836;A01;1;7;0;2;5;1;1
536585341;155 696 838;B01;1;31;0;2;8;1;1
536585342;155 696 834;A01;2;7;2;0;3;1;1
536585343;155 696 833;A01;1;7;4;0;3;1;1
536585344;155 696 832;B01;1;15;0;2;5;1;1
536585344;155 696 835;A01;1;7;0;2;2;9;1
536585345;155 696 831;A01;1;7;13;0;2;1;1
536585346;155 696 829;A01;1;7;0;2;6;1;1
536585346;155 696 830;B01;1;33;0;2;7;3;1
536585347;155 696 824;A01;1;7;0;2;5;2;1
536585347;155 696 827;B01;1;7;0;2;4;1;1
536585347;155 696 828;C01;1;7;0;0;0;0;1
536585348;155 696 820;B01;1;7;0;0;4;2;1
536585348;155 696 826;A01;1;7;0;2;1;2;1
536585349;155 696 818;A01;1;10;0;2;3;10;1
536585349;155 696 823;B01;2;30;0;2;1;1;1
536585350;155 696 817;B01;1;7;0;0;1;0;1
536585350;155 696 822;A01;2;7;0;2;1;0;1
536585351;155 696 815;A01;2;33;0;2;1;3;1
536585351;155 696 819;C01;2;7;0;2;7;0;1
536585351;155 696 825;B01;2;10;0;0;4;1;1
536585352;155 696 814;B01;1;10;0;2;4;0;1
536585352;155 696 816;C01;1;10;0;2;2;1;3
536585352;155 696 821;A01;1;10;0;2;4;1;1
536585353;155 696 813;A01;1;7;4;0;3;1;1
536585354;155 696 810;A01;1;7;5;0;3;1;1
536585355;155 696 812;A01;2;7;3;2;1;14;1
536585356;155 696 808;A01;2;7;0;1;1;21;1
536585357;155 696 807;A01;1;7;0;2;5;1;1
536585357;155 696 811;B01;1;32;0;2;1;1;1
536585358;155 696 806;A01;1;7;0;2;4;1;1
536585358;155 696 809;B01;1;7;0;2;1;2;1
536585359;155 696 805;A01;1;10;2;0;1;1;1
536585360;155 696 803;B01;2;33;0;2;2;3;1
536585360;155 696 804;A01;2;7;0;2;8;11;1
536585361;155 696 802;A01;2;10;4;0;3;1;1
536585362;155 696 801;A01;1;33;6;0;3;1;1
536585363;155 696 797;A01;3;10;0;9;1;13;1
536585363;155 696 799;B01;3;1;0;2;1;1;5
536585364;155 696 795;A01;1;7;0;2;1;2;1
536585364;155 696 798;C01;1;7;0;2;4;2;1
536585364;155 696 800;B01;1;7;0;2;4;2;1
536585365;155 696 793;A01;2;7;0;2;4;1;1
536585365;155 696 796;B01;2;7;0;2;1;2;1
536585366;155 696 792;A01;1;33;0;0;8;1;1
536585367;155 696 791;B01;1;7;0;2;4;2;1
536585367;155 696 794;A01;1;7;0;2;1;2;1
536585368;155 696 790;A01;1;2;0;0;2;15;1
536585369;155 696 789;A01;2;31;0;2;7;3;1
536585370;155 696 786;A01;2;7;0;2;3;11;1
536585370;155 696 788;B01;2;7;0;2;5;1;1
536585371;155 696 784;A01;1;7;4;1;1;17;2
536585372;155 696 785;A01;0;7;6;0;2;0;1
536585373;155 696 783;A01;1;7;0;0;2;1;1
536585374;155 696 781;A01;1;7;0;0;4;1;0
536585374;155 696 787;B01;1;7;0;2;1;1;0
536585375;155 696 780;B01;2;7;0;2;4;2;1
536585375;155 696 782;A01;2;32;0;2;1;2;1