Num_Acc;id_vehicule;num_veh;senc;catv;obs;obsm;choc;manv;motor
536585376;155 696 776;B01;1;7;0;2;4;0;1
536585376;155 696 779;A01;1;7;0;2;1;2;1
536585377;155 696 777;A01;1;7;4;0;9;21;1
536585378;155 696 773;B01;1;33;0;2;1;1;1
536585378;155 696 778;A01;1;7;0;2;2;19;2
536585379;155 696 768;B01;1;33;0;2;7;1;1
536585379;155 696 772;A01;1;7;0;2;8;11;1
536585380;155 696 766;A01;2;33;6;2;8;17;1
536585380;155 696 770;B01;1;33;0;2;8;1;1
536585381;155 696 765;A01;1;7;0;2;1;2;1
536585381;155 696 771;B01;1;7;0;2;4;2;1
536585381;155 696 774;C01;1;7;0;2;4;2;1
536585382;155 696 764;B01;1;7;0;2;4;1;1
536585382;155 696 769;A01;1;7;0;2;1;2;1
536585383;155 696 763;A01;2;7;0;2;8;1;1
536585383;155 696 767;B01;2;2;0;2;2;9;1
536585384;155 696 762;A01;2;7;5;0;1;1;1
536585385;155 696 761;A01;1;7;14;0;1;13;1
536585386;155 696 760;A01;3;36;1;0;1;1;1
536585387;155 696 758;A01;1;32;0;2;1;2;1
536585387;155 696 759;B01;1;7;0;2;4;0;1
536585388;155 696 756;A01;2;7;2;0;1;1;1
536585389;155 696 755;A01;2;33;14;0;7;1;1
536585390;155 696 753;A01;1;7;3;2;2;2;1
536585390;155 696 757;B01;1;14;0;0;4;1;1
536585391;155 696 750;A01;2;33;0;0;1;21;1
536585392;155 696 751;A01;0;1;0;0;7;0;5
536585392;155 696 754;B01;0;7;0;0;1;1;1
536585393;155 696 745;A01;1;7;0;2;1;2;1
536585393;155 696 748;B01;1;10;0;2;4;2;1
536585394;155 696 746;C01;2;7;0;2;3;2;2
536585394;155 696 749;A01;2;7;0;2;2;2;1
536585394;155 696 752;B01;2;7;0;2;7;12;1
536585395;155 696 744;A01;1;7;17;2;3;1;1
536585395;155 696 747;B01;2;14;0;2;8;1;1
536585396;155 696 741;A01;2;34;0;0;7;23;1
536585397;155 696 736;D01;1;7;0;2;4;2;1
536585397;155 696 739;A01;1;7;0;2;1;2;1
536585397;155 696 742;B01;1;7;0;2;9;2;1
536585397;155 696 743;C01;1;7;0;2;4;2;2
536585398;155 696 737;A01;1;10;0;2;4;2;1
536585398;155 696 740;B01;1;7;0;2;1;2;1
536585399;155 696 735;A01;1;7;0;2;4;2;1
536585399;155 696 738;B01;1;7;0;2;1;0;1
536585400;155 696 730;A01;2;7;0;2;3;1;1
536585400;155 696 733;B01;1;2;0;2;1;13;1
536585401;155 696 723;A01;1;10;0;2;1;1;1
536585401;155 696 728;B01;1;7;0;2;4;1;1
536585401;155 696 732;C01;1;7;0;2;4;1;2
536585402;155 696 725;A01;1;7;0;2;2;12;1
536585402;155 696 726;B01;1;7;0;2;4;24;1
536585403;155 696 722;A01;1;7;0;2;2;2;1
536585403;155 696 729;B01;1;7;0;0;4;2;1
536585403;155 696 734;C01;1;7;0;0;4;13;1
536585404;155 696 721;D01;1;7;0;2;4;1;1
536585404;155 696 724;A01;1;7;0;2;1;1;1
536585404;155 696 727;B01;1;7;0;2;4;1;1
536585404;155 696 731;C01;1;7;0;2;4;1;1
536585405;155 696 718;A01;1;7;4;0;1;1;1
536585406;155 696 717;B01;1;1;0;2;4;1;5
536585406;155 696 720;A01;1;10;0;2;7;17;1
536585407;155 696 716;A01;1;7;3;0;2;1;1
536585408;155 696 713;B01;1;7;0;2;1;1;1
536585408;155 696 719;A01;2;1;0;2;1;5;5
536585409;155 696 712;A01;3;7;0;2;1;1;1
536585409;155 696 715;B01;3;17;0;2;4;2;1
536585410;155 696 708;A01;2;7;0;2;1;2;1
536585410;155 696 710;B01;2;7;0;2;4;2;1
536585410;155 696 714;C01;2;7;0;2;4;2;1
536585411;155 696 707;A01;2;10;0;2;4;12;1
536585411;155 696 711;B01;2;43;0;2;1;0;1
536585412;155 696 704;A01;3;37;1;0;1;20;1
536585413;155 696 703;A01;1;7;0;2;1;1;1
536585413;155 696 706;B01;2;34;0;2;7;13;1
536585414;155 696 705;A01;2;7;0;2;2;0;0
536585414;155 696 709;B01;1;7;0;2;2;15;1
536585415;155 696 700;B01;2;7;0;2;5;1;1
536585415;155 696 702;A01;2;32;0;2;1;3;1
536585416;155 696 699;A01;3;7;0;2;2;15;1
536585416;155 696 701;B01;3;33;0;2;1;1;1
536585417;155 696 694;A01;3;7;0;2;1;0;1
536585417;155 696 697;B01;1;33;0;2;1;1;1
536585418;155 696 693;A01;2;7;4;0;9;1;1
536585419;155 696 691;A01;2;2;0;2;7;1;1
536585419;155 696 696;B01;3;7;0;2;1;19;2
536585420;155 696 690;A01;2;7;0;2;0;0;1
536585420;155 696 692;B01;2;60;0;2;0;0;5
536585421;155 696 685;A01;1;7;0;2;3;15;1
536585421;155 696 689;B01;1;32;0;2;1;1;1
536585422;155 696 683;A01;1;17;0;2;8;2;1
536585422;155 696 688;B01;1;31;0;2;7;0;1
536585423;155 696 682;A01;2;7;0;2;1;1;1
536585423;155 696 687;B01;2;50;0;2;4;15;3
536585424;155 696 680;C01;2;7;0;2;6;1;1
536585424;155 696 681;B01;2;7;0;2;1;17;1
536585424;155 696 686;A01;1;33;0;2;1;1;1
536585425;155 696 679;B01;1;7;0;2;0;1;3
536585425;155 696 684;A01;1;7;0;2;0;0;1
536585426;155 696 676;A01;1;7;0;2;3;13;2
536585426;155 696 678;B01;2;7;0;2;3;1;1
536585427;155 696 673;A01;2;7;2;0;1;1;1
536585428;155 696 675;B01;2;33;0;2;7;3;1
536585428;155 696 677;A01;2;7;0;2;3;11;1
536585429;155 696 672;B01;2;7;13;2;7;1;1
536585429;155 696 674;A01;1;7;0;2;1;1;1
536585430;155 696 668;A01;1;7;0;2;3;13;1
536585430;155 696 670;B01;2;15;0;2;3;1;1
536585431;155 696 667;A01;2;7;0;0;4;0;1
536585431;155 696 669;B01;2;33;0;2;1;0;1
536585432;155 696 665;B01;3;50;0;2;0;0;3
536585432;155 696 671;A01;3;7;0;2;8;1;1
536585433;155 696 661;A01;3;7;0;1;1;16;1
536585434;155 696 660;A01;2;7;0;1;1;1;1
536585435;155 696 659;A01;3;7;0;2;1;0;1
536585435;155 696 663;B01;3;7;0;2;4;0;1
536585436;155 696 658;A01;2;7;0;2;3;1;1
536585436;155 696 664;B01;1;50;0;2;7;19;3
536585437;155 696 657;B01;1;7;0;2;3;1;1
536585437;155 696 662;A01;2;7;0;2;2;13;1
536585438;155 696 653;A01;1;7;0;1;0;0;1
536585439;155 696 652;A01;1;2;0;2;0;7;1
536585439;155 696 656;B01;1;7;0;2;0;1;1
536585440;155 696 651;A01;1;50;0;2;7;12;3
536585440;155 696 655;B01;2;10;0;2;1;1;1
536585441;155 696 648;C01;1;15;0;2;6;24;1
536585441;155 696 650;A01;1;7;1;2;2;14;1
536585441;155 696 654;B01;1;7;0;0;1;1;1
536585442;155 696 647;A01;2;7;0;2;7;16;1
536585442;155 696 649;B01;2;1;0;2;8;1;5
536585443;155 696 643;A01;1;33;0;2;1;1;1
536585443;155 696 646;B01;1;7;0;2;7;1;1
536585444;155 696 641;A01;1;7;0;2;8;10;1
536585444;155 696 645;B01;1;33;0;2;1;1;1
536585445;155 696 640;A01;3;7;6;2;7;15;1
536585445;155 696 644;B01;3;1;0;2;1;1;5
536585446;155 696 639;A01;0;2;12;0;1;26;1
536585447;155 696 635;B01;1;1;0;2;0;0;5
536585447;155 696 637;A01;1;7;0;2;0;0;1
536585448;155 696 634;A01;1;7;0;9;3;13;1
536585448;155 696 636;B01;1;31;0;2;7;1;0
536585449;155 696 633;C01;1;10;0;2;2;21;1
536585449;155 696 638;A01;2;7;0;2;3;13;1
536585449;155 696 642;B01;1;10;0;2;8;21;1
536585450;155 696 631;A01;2;33;0;2;1;1;1
536585450;155 696 632;B01;2;2;0;2;1;19;1
536585451;155 696 627;A01;2;7;9;2;1;1;1
536585451;155 696 630;B01;1;7;0;2;2;0;2
536585452;155 696 628;A01;1;7;0;1;3;15;1
536585453;155 696 626;A01;1;7;0;2;3;1;1
536585453;155 696 629;B01;1;43;0;2;7;3;1
536585454;155 696 625;A01;2;7;2;0;1;21;1
536585455;155 696 622;B01;1;7;0;2;2;1;1
536585455;155 696 624;A01;1;34;0;2;1;17;1
536585456;155 696 618;A01;3;7;0;2;3;1;1
536585456;155 696 621;B01;3;7;0;2;2;9;1
536585457;155 696 614;B01;1;13;0;2;2;2;1
536585457;155 696 616;A01;1;7;0;2;3;13;1
536585458;155 696 613;A01;1;80;0;2;1;1;5
536585458;155 696 617;B01;1;10;0;9;1;1;1
536585459;155 696 609;A01;2;7;0;2;2;1;1
536585459;155 696 611;B01;2;7;0;2;5;1;1
536585460;155 696 610;A01;1;7;0;2;3;14;1
536585460;155 696 612;B01;1;7;0;2;5;1;1
536585460;155 696 615;C01;1;7;0;2;1;1;3
536585461;155 696 608;A01;2;7;3;0;9;0;1
536585462;155 696 606;B01;2;7;0;2;3;1;1
536585462;155 696 607;A01;1;7;0;2;3;13;1
536585463;155 696 604;A01;1;33;4;0;0;1;1
536585464;155 696 601;A01;1;7;0;1;1;1;1
536585464;155 696 602;Z01;1;10;0;1;1;1;0
536585465;155 696 600;B01;1;7;0;2;4;26;1
536585465;155 696 603;A01;1;7;0;2;1;2;1
536585466;155 696 595;A01;2;7;8;0;2;14;1
536585467;155 696 596;B01;2;33;0;2;3;1;1
536585467;155 696 598;A01;2;7;0;2;7;12;1
536585468;155 696 594;A01;3;10;0;2;1;26;1
536585468;155 696 599;B01;1;0;0;2;7;0;0
536585469;155 696 593;B01;1;7;0;0;0;1;1
536585469;155 696 597;A01;1;33;3;0;1;21;1
536585470;155 696 591;A01;2;10;0;1;2;1;0
536585471;155 696 585;A01;1;7;0;2;7;16;1
536585471;155 696 589;B01;1;1;0;2;8;1;5
536585472;155 696 583;B01;2;7;0;2;4;2;1
536585472;155 696 587;A01;2;7;0;2;1;2;1
536585472;155 696 590;C01;2;7;0;2;4;2;1
536585472;155 696 592;D01;2;10;0;2;4;2;1
536585473;155 696 582;B01;2;7;4;2;4;2;1
536585473;155 696 584;D01;2;7;4;2;4;2;1
536585473;155 696 586;A01;2;7;4;2;1;2;1
536585473;155 696 588;C01;2;7;4;2;8;2;1
536585474;155 696 581;A01;2;7;0;1;1;2;2
536585475;155 696 577;B01;3;7;0;2;4;2;1
536585475;155 696 580;A01;3;7;0;2;1;2;1
536585476;155 696 576;A01;2;10;4;2;3;13;1
536585476;155 696 579;B01;2;32;4;2;7;14;1
536585477;155 696 575;A01;1;7;0;2;2;1;1
536585477;155 696 578;B01;2;7;0;2;3;1;1
536585478;155 696 573;A01;2;7;0;2;2;1;0
536585478;155 696 574;B01;3;50;0;2;8;19;3
536585479;155 696 570;B01;2;7;0;2;5;12;2
536585479;155 696 571;A01;2;31;0;2;1;3;1
536585480;155 696 569;B01;1;7;0;2;0;0;1
536585480;155 696 572;A01;2;50;0;2;1;1;3
536585481;155 696 565;A01;3;7;0;2;2;16;1
536585481;155 696 568;B01;3;1;0;2;7;9;5
536585482;155 696 564;A01;2;32;0;2;1;0;1
536585482;155 696 567;B01;2;7;0;2;3;0;1
536585483;155 696 563;A01;2;7;0;2;1;1;1
536585483;155 696 566;B01;2;7;0;2;4;1;1
536585484;155 696 562;A01;3;7;0;1;1;1;1
536585485;155 696 560;A01;1;33;3;2;1;3;1
536585485;155 696 561;B01;1;15;0;2;6;1;1
536585486;155 696 559;A01;0;7;0;1;1;1;1
536585487;155 696 558;A01;1;7;4;0;2;14;1
536585488;155 696 554;B01;2;7;0;2;5;2;2
536585488;155 696 555;C01;2;7;0;2;4;2;1
536585488;155 696 557;A01;2;7;0;2;1;2;1
536585489;155 696 553;A01;0;7;0;1;1;0;1
536585490;155 696 551;B01;2;7;0;2;1;1;1
536585490;155 696 552;C01;1;7;0;2;8;1;1
536585490;155 696 556;A01;1;7;0;2;6;16;2
536585491;155 696 548;B01;3;33;0;2;1;0;1
536585491;155 696 550;A01;3;43;0;0;1;1;1
536585492;155 696 546;B01;2;2;0;2;3;1;1
536585492;155 696 549;A01;1;7;0;2;3;15;1
536585493;155 696 545;Z01;2;7;0;2;0;0;0
536585493;155 696 547;A01;1;34;0;2;0;0;1
536585494;155 696 540;A01;1;3;0;2;3;1;1
536585494;155 696 544;B01;2;7;0;0;3;1;1
536585495;155 696 539;B01;2;1;0;2;8;1;5
536585495;155 696 541;A01;2;37;0;2;2;1;1
536585496;155 696 538;A01;1;33;0;0;8;1;1
536585497;155 696 534;A01;1;33;0;2;1;0;1
536585497;155 696 536;B01;1;7;0;2;7;15;1
536585498;155 696 531;B01;2;7;0;2;1;1;1
536585498;155 696 535;A01;1;7;0;2;7;15;1
536585499;155 696 530;A01;2;33;0;2;1;1;0
536585499;155 696 532;B01;1;7;0;2;1;13;1
536585500;155 696 527;A01;2;7;0;2;2;17;1
536585500;155 696 528;B01;2;50;0;2;3;1;3
536585501;155 696 526;A01;1;7;12;0;2;3;1
536585502;155 696 522;B01;3;7;0;2;4;2;1
536585502;155 696 524;A01;3;7;0;2;1;2;2
536585503;155 696 521;B01;2;33;0;2;1;1;1
536585503;155 696 523;A01;1;7;0;2;1;15;2
536585504;155 696 520;A01;2;7;0;9;2;9;1
536585504;155 696 525;B01;1;1;0;2;0;0;5
536585505;155 696 519;A01;3;50;0;1;0;16;3
536585506;155 696 514;A01;2;7;0;2;1;15;1
536585506;155 696 515;B01;2;7;0;2;8;1;0
536585507;155 696 511;A01;3;7;0;2;1;15;1
536585507;155 696 516;B01;3;50;0;2;1;1;3
536585508;155 696 509;A01;3;7;0;2;8;16;1
536585508;155 696 512;B01;3;2;0;2;2;1;1
536585509;155 696 508;A01;1;10;13;0;1;1;1
536585510;155 696 506;A01;3;50;0;2;1;19;3
536585510;155 696 507;B01;0;7;0;2;6;2;1
536585511;155 696 505;A01;2;7;8;0;1;13;1
536585512;155 696 504;A01;3;7;0;0;1;2;1
536585513;155 696 503;A01;1;10;2;0;3;1;1
536585514;155 696 500;A01;1;7;0;1;1;13;1
536585515;155 696 499;B01;1;2;0;2;6;16;1
536585515;155 696 502;Z01;1;7;0;2;1;1;2
536585516;155 696 498;A01;1;7;0;2;3;15;1
536585516;155 696 501;B01;1;2;0;2;7;17;1
536585517;155 696 497;A01;2;10;3;0;2;26;1
536585518;155 696 496;A01;2;7;0;1;1;1;1
536585519;155 696 493;B01;2;33;0;2;1;1;1
536585519;155 696 495;A01;1;7;0;2;8;19;1
536585520;155 696 492;A01;2;7;1;0;6;24;1
536585520;155 696 494;B01;0;1;0;0;0;0;5
536585521;155 696 490;B01;3;7;0;2;1;1;1
536585521;155 696 491;A01;3;7;0;2;8;19;2
536585522;155 696 488;A01;2;30;0;2;1;2;1
536585522;155 696 489;B01;2;7;0;2;4;2;1
536585523;155 696 484;B01;2;7;0;2;4;2;1
536585523;155 696 486;A01;2;7;0;2;1;2;1
536585524;155 696 483;A01;1;7;0;1;1;26;1
536585525;155 696 482;A01;1;3;0;2;1;2;3
536585525;155 696 485;B01;1;7;0;2;4;23;1
536585525;155 696 487;C01;1;7;0;2;4;23;1
536585526;155 696 480;A01;2;7;0;2;3;15;1
536585526;155 696 481;B01;1;32;0;2;3;1;1
536585527;155 696 477;B01;1;10;0;2;1;26;1
536585527;155 696 479;A01;1;50;0;2;1;26;3
536585528;155 696 476;A01;3;7;0;2;1;5;1
536585528;155 696 478;B01;2;7;0;2;1;1;1
536585529;155 696 473;A01;2;7;0;2;1;0;1
536585529;155 696 475;B01;1;7;0;2;1;0;1
536585530;155 696 472;B01;1;1;0;2;0;0;5
536585530;155 696 474;A01;1;10;0;2;0;0;1
536585531;155 696 470;Z01;1;7;0;2;7;15;0
536585531;155 696 471;B01;2;32;0;2;1;9;1
536585532;155 696 468;A01;1;7;0;1;1;15;1
536585533;155 696 467;A01;1;50;0;2;7;2;3
536585533;155 696 469;Z01;1;0;0;2;5;16;6
536585534;155 696 465;A01;1;7;0;1;2;14;1
536585535;155 696 464;A01;3;7;0;2;3;9;1
536585535;155 696 466;B01;3;50;0;2;1;1;3
536585536;155 696 460;B01;1;7;0;2;1;1;1
536585536;155 696 463;A01;2;7;0;2;3;1;1
536585537;155 696 459;A01;2;10;0;2;2;2;1
536585537;155 696 462;B01;2;50;0;2;4;2;3
536585538;155 696 458;A01;1;7;0;0;6;15;1
536585538;155 696 461;B01;1;33;0;2;1;17;1
536585539;155 696 453;B01;3;7;0;2;3;16;1
536585539;155 696 457;A01;1;10;0;2;2;1;1
536585540;155 696 452;B01;2;7;0;2;1;1;2
536585540;155 696 455;A01;3;50;0;2;7;26;3
536585541;155 696 451;B01;2;7;0;2;8;1;1
536585541;155 696 454;A01;2;7;0;2;1;9;1
536585541;155 696 456;C01;1;7;0;2;2;23;1
536585542;155 696 448;A01;3;7;0;1;1;1;1
536585543;155 696 446;A01;2;7;0;1;1;9;1
536585544;155 696 445;B01;1;7;0;2;4;23;1
536585544;155 696 447;D01;1;10;0;2;1;2;1
536585544;155 696 449;C01;1;7;0;2;4;23;1
536585544;155 696 450;A01;1;7;0;2;4;23;1
536585545;155 696 442;B01;3;2;8;2;1;1;1
536585545;155 696 444;A01;3;7;0;2;3;15;1
536585546;155 696 441;B01;1;33;0;2;1;1;1
536585546;155 696 443;A01;2;7;2;0;6;15;1
536585547;155 696 440;A01;3;7;0;1;1;15;1
536585548;155 696 439;A01;1;7;4;0;1;1;1
536585549;155 696 437;A01;2;3;0;1;1;1;1
536585550;155 696 436;A01;1;7;3;0;1;1;1
536585551;155 696 435;B01;3;50;0;2;8;1;3
536585551;155 696 438;A01;3;7;0;2;2;1;1
536585552;155 696 434;A01;1;33;13;0;1;1;1
536585553;155 696 429;A01;2;7;0;2;7;15;1
536585553;155 696 431;B01;1;33;0;2;1;1;1
536585554;155 696 430;A01;3;33;0;2;1;3;1
536585554;155 696 433;B01;3;38;0;2;3;15;1
536585555;155 696 428;A01;2;7;0;2;7;1;1
536585555;155 696 432;B01;1;7;0;2;3;1;1
536585556;155 696 424;A01;3;7;0;2;1;1;2
536585556;155 696 425;B01;3;7;0;2;4;1;1
536585556;155 696 427;C01;3;7;0;2;4;1;1
536585557;155 696 422;A01;3;7;0;9;3;9;1
536585557;155 696 426;B01;3;50;0;2;2;1;3
536585558;155 696 421;B01;1;7;0;2;6;1;1
536585558;155 696 423;A01;1;7;0;2;6;13;3
536585559;155 696 420;A01;2;7;6;0;1;13;1
536585560;155 696 418;A01;2;7;0;1;2;16;3
536585561;155 696 417;B01;3;33;0;0;3;21;1
536585561;155 696 419;A01;2;7;0;0;0;9;1
536585562;155 696 415;A01;1;50;0;2;3;1;3
536585562;155 696 416;B01;1;7;0;2;1;1;1
536585563;155 696 414;A01;1;13;2;0;1;16;1
536585564;155 696 413;A01;3;7;0;1;3;1;1
536585565;155 696 410;A01;3;7;0;2;3;13;1
536585565;155 696 412;B01;3;7;0;2;3;1;1
536585566;155 696 408;B01;2;7;0;2;5;18;1
536585566;155 696 411;A01;2;33;0;2;1;1;1
536585567;155 696 407;A01;1;7;0;9;3;1;1
536585567;155 696 409;B01;1;1;0;2;3;19;5
536585568;155 696 404;B01;2;7;0;2;4;2;1
536585568;155 696 406;A01;2;7;0;2;2;26;1
536585569;155 696 402;A01;3;7;2;0;1;19;1
536585570;155 696 403;B01;2;10;0;2;8;16;1
536585570;155 696 405;A01;1;7;0;2;1;1;1
536585571;155 696 397;C01;2;7;0;2;6;1;1
536585571;155 696 400;A01;2;31;0;2;0;1;1
536585571;155 696 401;B01;1;14;0;2;1;1;1
536585572;155 696 395;A01;3;7;0;2;1;9;1
536585572;155 696 398;B01;2;33;0;2;7;1;1
536585573;155 696 393;A01;1;31;0;2;3;18;1
536585573;155 696 394;B01;1;10;0;2;2;16;1
536585574;155 696 391;A01;2;7;0;2;1;17;1
536585574;155 696 392;B01;1;1;0;2;1;1;5
536585575;155 696 390;A01;3;7;0;1;2;16;1
536585577;155 696 387;A01;1;7;0;0;1;14;1
536585578;155 696 385;A01;1;80;0;2;1;17;3
536585578;155 696 386;B01;1;7;0;2;8;15;2
536585579;155 696 384;A01;1;7;0;1;1;16;1
536585580;155 696 382;A01;1;7;1;1;3;13;1
536585581;155 696 381;A01;1;7;3;0;1;12;1
536585581;155 696 383;B01;1;2;0;2;1;1;3
536585582;155 696 377;A01;3;7;0;2;1;1;1
536585582;155 696 379;B01;3;7;0;0;0;0;1
536585583;155 696 373;B01;2;7;0;2;3;2;1
536585583;155 696 374;A01;2;32;0;2;2;17;1
536585584;155 696 372;A01;3;7;0;2;1;1;1
536585584;155 696 375;B01;2;7;0;2;3;1;1
536585585;155 696 369;B01;3;33;0;2;1;1;0
536585585;155 696 371;A01;3;7;0;2;1;0;1
536585586;155 696 368;A01;1;7;0;2;1;1;1
536585586;155 696 370;B01;2;1;0;2;8;19;5
536585587;155 696 366;A01;2;7;0;1;1;1;1
536585588;155 696 365;B01;2;30;0;2;1;1;1
536585588;155 696 367;A01;1;7;0;2;3;15;1
536585589;155 696 363;A01;2;31;0;1;1;1;3
536585590;155 696 362;A01;3;7;1;0;1;9;1
536585590;155 696 364;B01;3;7;0;0;4;23;1
536585591;155 696 361;A01;2;2;0;1;3;1;1
536585592;155 696 360;A01;0;7;9;0;1;15;1
536585593;155 696 358;B01;2;1;0;2;4;15;5
536585593;155 696 359;A01;2;10;0;2;3;15;3
536585594;155 696 357;A01;2;7;0;1;7;1;1
536585595;155 696 353;A01;2;7;0;2;1;17;1
536585595;155 696 355;B01;1;10;0;2;8;1;1
536585596;155 696 352;B01;2;7;0;2;4;2;2
536585596;155 696 354;A01;2;7;0;2;4;2;1
536585596;155 696 356;Z01;2;7;0;2;1;2;0
536585597;155 696 350;A01;3;7;0;2;1;2;3
536585597;155 696 351;B01;3;7;0;2;4;2;1
536585598;155 696 349;A01;1;30;9;0;1;14;3
536585599;155 696 347;A01;3;30;0;0;0;10;3
536585600;155 696 346;A01;2;7;0;2;3;9;1
536585600;155 696 348;B01;1;1;0;2;5;19;5
536585601;155 696 343;B01;2;1;0;2;4;1;5
536585601;155 696 345;A01;2;7;0;2;1;9;1
536585602;155 696 342;A01;1;7;0;2;1;1;1
536585602;155 696 344;B01;2;7;0;2;4;2;1
536585603;155 696 339;B01;2;7;0;2;2;15;2
536585603;155 696 341;A01;1;30;0;2;1;26;1
536585604;155 696 338;A01;1;7;0;2;7;14;1
536585604;155 696 340;B01;1;80;0;2;8;1;3
536585605;155 696 337;A01;3;7;8;0;1;14;1
536585606;155 696 336;A01;1;80;14;0;1;1;3
536585607;155 696 334;A01;2;1;0;2;1;0;5
536585607;155 696 335;B01;2;7;0;2;8;0;1
536585608;155 696 332;A01;2;80;0;2;2;15;3
536585608;155 696 333;B01;1;80;0;2;2;1;3
536585609;155 696 329;A01;1;33;0;0;1;1;1
536585610;155 696 330;B01;0;50;0;2;0;0;3
536585610;155 696 331;A01;0;7;0;2;1;16;1
536585611;155 696 327;A01;1;50;0;1;1;1;3
536585612;155 696 326;A01;3;7;0;1;1;1;1
536585613;155 696 324;B01;0;7;0;2;8;19;1
536585613;155 696 325;A01;3;7;0;2;1;26;2
536585614;155 696 320;A01;1;7;0;2;1;1;1
536585614;155 696 321;B01;1;7;0;2;1;1;1
536585614;155 696 323;C01;1;10;0;2;4;1;1
536585615;155 696 319;B01;1;7;0;2;7;17;1
536585615;155 696 322;A01;1;10;0;2;0;11;3
536585616;155 696 315;B01;0;7;0;2;0;0;0
536585616;155 696 316;A01;1;3;0;2;1;0;1
536585617;155 696 312;A01;3;10;0;2;7;15;1
536585617;155 696 314;B01;3;32;0;2;1;1;1
536585618;155 696 311;B01;3;10;0;2;1;16;1
536585618;155 696 313;A01;3;50;0;2;1;1;3
536585619;155 696 308;A01;0;7;0;2;5;17;1
536585619;155 696 309;B01;0;1;0;2;8;15;5
536585620;155 696 307;Z01;1;7;0;2;3;1;1
536585620;155 696 310;A01;3;7;0;2;2;15;1
536585621;155 696 305;A01;2;1;0;2;3;1;5
536585621;155 696 306;Z01;1;0;0;2;0;0;0
536585622;155 696 302;A01;3;17;0;2;1;2;1
536585622;155 696 303;B01;3;7;0;2;4;2;1
536585622;155 696 304;C01;3;7;0;2;4;23;1
536585623;155 696 301;A01;1;7;0;1;1;1;2
536585624;155 696 299;A01;2;7;0;2;8;24;1
536585624;155 696 300;B01;2;1;0;2;1;1;5
536585625;155 696 297;B01;3;50;0;2;1;1;3
536585625;155 696 298;A01;3;7;0;2;5;4;0
536585626;155 696 295;B01;2;7;0;2;4;1;1
536585626;155 696 296;A01;2;31;0;2;7;2;1
536585627;155 696 291;A01;2;7;2;1;1;1;2
536585628;155 696 292;B01;0;43;0;2;2;23;1
536585628;155 696 293;C01;0;7;0;2;3;23;1
536585628;155 696 294;A01;0;32;0;2;3;3;1
536585629;155 696 289;A01;1;7;0;2;1;26;1
536585629;155 696 290;B01;2;1;0;2;1;23;5
536585630;155 696 287;A01;1;7;0;2;7;15;1
536585630;155 696 288;B01;2;43;0;2;3;0;1
536585631;155 696 285;B01;1;30;0;2;1;1;3
536585631;155 696 286;A01;1;7;0;2;2;23;1
536585632;155 696 283;A01;0;7;0;2;3;15;1
536585632;155 696 284;B01;0;33;0;2;8;1;1
536585633;155 696 282;A01;1;32;0;1;3;3;1
536585634;155 696 281;A01;1;34;0;1;1;1;1
536585635;155 696 278;A01;1;7;0;2;3;15;1
536585635;155 696 280;B01;2;32;0;2;3;1;1
536585636;155 696 277;A01;3;33;0;2;4;1;1
536585636;155 696 279;B01;3;0;0;2;0;0;0
536585637;155 696 276;A01;1;33;0;0;1;1;1
536585638;155 696 273;A01;3;1;0;2;8;1;5
536585638;155 696 274;B01;3;33;0;2;1;1;1
536585639;155 696 272;A01;2;7;0;2;3;13;1
536585639;155 696 275;B01;1;7;0;2;3;1;1
536585640;155 696 270;A01;1;80;0;2;3;11;3
536585640;155 696 271;B01;2;31;0;9;3;1;0
536585641;155 696 269;A01;3;10;0;1;3;2;1
536585642;155 696 267;A01;1;7;2;0;1;0;1
536585643;155 696 266;A01;1;7;0;2;1;13;1
536585643;155 696 268;B01;2;15;0;2;1;1;1
536585644;155 696 263;B01;3;10;0;9;5;12;1
536585644;155 696 265;A01;3;50;0;2;1;3;3
536585645;155 696 262;A01;2;7;0;2;8;16;1
536585645;155 696 264;B01;2;7;0;2;7;1;1
536585646;155 696 260;A01;1;7;0;2;1;2;1
536585646;155 696 261;B01;2;31;0;2;4;1;1
536585647;155 696 259;A01;3;7;3;0;2;1;1
536585648;155 696 257;B01;1;7;0;2;3;1;1
536585648;155 696 258;A01;2;7;0;2;1;1;1
536585649;155 696 256;A01;1;7;0;1;2;15;1
536585650;155 696 255;A01;0;33;0;1;0;1;1
536585651;155 696 253;A01;1;10;0;0;3;22;1
536585651;155 696 254;B01;1;1;0;0;7;21;5
536585652;155 696 250;D01;2;14;0;2;0;0;0
536585652;155 696 251;A01;2;15;0;2;0;13;1
536585652;155 696 252;C01;2;14;0;2;0;24;1
536585653;155 696 249;A01;3;7;0;1;2;0;1
536585654;155 696 247;A01;3;7;0;2;3;9;1
536585654;155 696 248;B01;3;2;0;2;2;0;3
536585655;155 696 245;A01;1;7;0;2;6;11;1
536585655;155 696 246;B01;1;31;0;2;1;1;1
536585656;155 696 243;A01;1;7;0;2;1;17;1
536585656;155 696 244;B01;2;7;0;2;1;1;1
536585657;155 696 241;B01;1;7;0;2;1;1;1
536585657;155 696 242;A01;2;7;0;2;1;13;1
536585658;155 696 240;A01;1;33;3;0;1;1;1
536585659;155 696 239;A01;2;7;0;1;1;1;1
536585660;155 696 237;A01;3;1;0;2;1;2;5
536585660;155 696 238;B01;3;21;0;0;4;2;1
536585661;155 696 234;A01;2;10;0;2;3;17;1