Num_Acc;id_vehicule;num_veh;senc;catv;obs;obsm;choc;manv;motor
536586262;155 695 173;C01;1;7;0;2;4;23;1
536586263;155 695 168;A01;2;7;0;2;3;15;1
536586263;155 695 182;B01;1;32;0;2;1;1;0
536586264;155 695 159;A01;2;7;0;2;1;11;1
536586264;155 695 165;B01;1;7;0;2;1;2;1
536586265;155 695 158;B01;2;7;0;2;3;1;1
536586265;155 695 161;A01;1;50;0;2;1;19;3
536586266;155 695 152;A01;2;7;0;1;3;1;1
536586267;155 695 149;A01;1;33;12;0;2;1;1
536586268;155 695 155;A01;1;7;0;1;1;2;1
536586269;155 695 151;A01;2;7;0;2;2;16;1
536586269;155 695 156;B01;2;50;0;2;1;25;3
536586270;155 695 157;A01;1;10;0;2;3;0;1
536586270;155 695 162;B01;2;1;0;2;3;0;5
536586271;155 695 148;A01;2;7;0;2;8;10;1
536586271;155 695 154;B01;2;7;0;2;1;1;1
536586272;155 695 147;Y01;1;1;0;2;0;0;5
536586272;155 695 153;A01;0;7;0;9;2;26;1
536586273;155 695 142;A01;1;7;1;0;2;14;1
536586274;155 695 140;A01;3;7;6;0;3;1;1
536586275;155 695 141;A01;1;7;0;2;1;13;1
536586275;155 695 145;B01;2;15;3;2;1;1;1
536586275;155 695 146;C01;1;10;3;2;1;1;1
536586275;155 695 150;D01;1;7;0;0;1;1;1
536586276;155 695 137;A01;3;50;0;2;1;25;3
536586276;155 695 144;B01;1;30;0;2;0;0;0
536586277;155 695 138;Z01;1;7;0;1;7;1;1
536586278;155 695 135;B01;2;37;0;2;2;1;1
536586278;155 695 143;A01;1;7;0;2;1;1;2
536586279;155 695 133;B01;0;50;0;0;1;0;3
536586279;155 695 136;A01;0;7;0;2;0;9;1
536586280;155 695 134;B01;0;7;14;0;1;1;1
536586280;155 695 139;A01;0;7;0;1;1;23;1
536586281;155 695 128;A01;1;7;0;2;1;13;1
536586281;155 695 132;B01;2;15;0;2;1;1;1
536586282;155 695 125;A01;2;10;0;2;1;1;1
536586282;155 695 130;B01;1;7;0;2;4;1;1
536586283;155 695 123;B01;2;7;0;2;8;1;1
536586283;155 695 126;A01;1;7;6;2;1;13;1
536586284;155 695 122;A01;0;33;0;2;1;1;1
536586284;155 695 124;B01;0;7;0;2;3;15;1
536586285;155 695 118;B01;3;7;0;0;0;0;1
536586285;155 695 127;A01;3;1;0;2;1;1;5
536586286;155 695 120;B01;3;1;0;2;7;19;5
536586286;155 695 129;A01;3;7;0;2;3;1;2
536586287;155 695 116;A01;1;7;0;2;0;15;1
536586287;155 695 119;B01;1;33;0;0;0;0;1
536586288;155 695 109;A01;3;7;13;0;1;1;1
536586289;155 695 113;A01;1;15;0;2;1;1;1
536586289;155 695 115;B01;1;7;0;2;4;23;1
536586289;155 695 121;C01;1;7;0;2;4;23;1
536586289;155 695 131;D01;1;7;0;0;4;23;1
536586290;155 695 107;B01;1;32;0;2;2;1;1
536586290;155 695 112;A01;1;7;0;2;3;16;1
536586291;155 695 111;B01;3;1;0;2;7;1;5
536586291;155 695 117;A01;2;7;0;2;3;1;1
536586292;155 695 108;A01;1;33;0;0;9;1;1
536586293;155 695 106;A01;2;7;2;0;1;1;1
536586294;155 695 105;A01;1;7;0;2;5;22;2
536586294;155 695 110;B01;1;33;0;2;8;1;1
536586295;155 695 114;A01;3;7;0;1;3;1;1
536586296;155 695 103;A01;1;7;0;1;3;1;1
536586297;155 695 104;A01;2;17;0;0;8;1;1
536586298;155 695 101;A01;1;7;0;2;1;13;1
536586298;155 695 102;B01;2;7;0;2;1;1;1
536586299;155 695 099;A01;3;50;0;0;0;26;3
536586300;155 695 096;A01;1;7;0;2;7;15;1
536586300;155 695 098;B01;2;30;0;2;1;1;1
536586301;155 695 093;A01;1;7;0;1;1;1;1
536586302;155 695 094;B01;1;7;0;2;4;1;2
536586302;155 695 097;A01;1;10;0;2;1;1;3
536586303;155 695 091;A01;1;33;3;0;8;1;1
536586304;155 695 095;A01;2;7;3;0;2;0;1
536586305;155 695 090;B01;3;7;0;2;3;1;1
536586305;155 695 100;A01;3;7;0;2;1;19;1
536586306;155 695 088;A01;1;7;0;1;1;15;1
536586307;155 695 086;B01;2;7;0;2;8;1;1
536586307;155 695 092;A01;2;7;0;2;1;15;1
536586308;155 695 078;A01;3;32;0;2;2;17;1
536586308;155 695 084;B01;3;7;0;2;6;23;1
536586308;155 695 087;C01;3;7;0;2;3;1;1
536586309;155 695 081;A01;3;33;0;2;1;21;1
536586309;155 695 089;B01;3;7;0;2;6;1;1
536586310;155 695 082;A01;3;7;2;0;1;13;2
536586311;155 695 080;B01;1;1;0;2;3;1;5
536586311;155 695 085;A01;1;7;0;2;2;15;3
536586312;155 695 079;A01;2;33;0;1;1;17;1
536586313;155 695 077;A01;3;7;0;1;0;1;1
536586314;155 695 073;B01;3;7;0;2;3;24;1
536586314;155 695 075;A01;1;7;1;1;1;26;1
536586315;155 695 072;A01;2;7;3;0;2;14;1
536586316;155 695 071;A01;1;7;0;2;2;1;0
536586316;155 695 076;B01;1;2;0;2;0;1;0
536586317;155 695 070;A01;2;1;0;1;1;1;5
536586318;155 695 068;A01;3;40;0;1;2;1;3
536586319;155 695 064;A01;1;7;0;0;1;1;1
536586319;155 695 067;B01;1;7;8;0;1;1;1
536586320;155 695 063;A01;1;30;0;2;2;17;1
536586320;155 695 066;B01;1;7;0;2;3;15;1
536586321;155 695 057;B01;3;7;0;2;4;23;1
536586321;155 695 061;A01;3;10;0;2;2;1;1
536586322;155 695 056;A01;3;1;0;0;0;1;5
536586323;155 695 059;A01;2;7;0;2;4;1;1
536586323;155 695 069;B01;2;7;0;2;1;1;0
536586324;155 695 054;B01;1;10;0;2;3;1;1
536586324;155 695 058;A01;2;7;0;2;3;13;1
536586325;155 695 052;A01;2;7;16;0;2;1;1
536586326;155 695 048;A01;1;34;0;2;1;1;1
536586326;155 695 053;B01;1;7;0;2;3;9;1
536586327;155 695 049;A01;1;10;0;2;1;1;2
536586327;155 695 051;C01;1;10;0;2;4;23;3
536586327;155 695 055;B01;1;50;0;2;1;23;3
536586328;155 695 046;A01;1;10;4;0;1;17;1
536586329;155 695 044;A01;1;10;16;0;0;1;1
536586330;155 695 047;A01;3;10;2;0;1;1;1
536586331;155 695 043;A01;1;7;0;1;3;17;1
536586332;155 695 042;A01;2;50;8;0;1;25;3
536586333;155 695 041;A01;1;1;0;2;1;1;5
536586333;155 695 045;B01;1;7;0;2;4;1;1
536586334;155 695 035;A01;1;7;0;1;2;2;1
536586335;155 695 033;B01;1;31;0;2;1;1;1
536586335;155 695 040;A01;1;7;0;2;2;10;1
536586336;155 695 034;A01;1;7;0;2;1;1;1
536586336;155 695 038;B01;2;7;0;2;1;13;1
536586337;155 695 032;A01;0;7;2;0;6;1;1
536586338;155 695 030;A01;0;7;0;2;3;1;1
536586338;155 695 039;B01;0;7;0;2;1;1;1
536586339;155 695 031;A01;1;7;0;9;1;1;1
536586339;155 695 037;B01;1;60;0;2;8;19;5
536586340;155 695 026;C01;1;32;0;2;1;1;1
536586340;155 695 029;A01;2;10;0;2;6;13;1
536586340;155 695 036;B01;2;32;0;2;7;17;1
536586341;155 695 028;A01;3;32;0;0;7;2;1
536586342;155 695 022;B01;2;14;0;2;6;26;1
536586342;155 695 025;A01;1;32;0;2;2;26;1
536586343;155 695 023;A01;3;7;0;2;8;9;1
536586343;155 695 027;B01;3;7;0;2;2;1;1
536586344;155 695 021;A01;2;10;0;1;2;16;6
536586345;155 695 020;A01;1;7;6;2;1;1;1
536586346;155 695 024;A01;1;31;6;0;1;1;1
536586347;155 695 019;A01;2;7;0;0;1;1;1
536586348;155 695 013;A01;3;7;0;1;3;1;1
536586349;155 695 011;B01;2;7;12;0;1;1;1
536586349;155 695 017;A01;3;7;6;2;6;19;2
536586350;155 695 012;B01;2;1;0;2;1;1;5
536586350;155 695 018;A01;1;7;15;1;2;1;2
536586351;155 695 004;B01;2;7;0;2;1;1;1
536586351;155 695 010;A01;1;7;0;2;1;13;2
536586352;155 695 003;A01;1;37;0;2;5;14;1
536586352;155 695 009;B01;1;37;0;2;6;1;2
536586353;155 695 006;B01;2;80;0;0;0;0;3
536586353;155 695 015;A01;2;7;0;2;3;26;1
536586354;155 695 005;A01;1;30;0;2;1;13;1
536586354;155 695 016;B01;1;14;0;2;2;16;1
536586355;155 694 999;A01;3;33;0;0;0;0;1
536586356;155 694 998;A01;2;38;0;2;3;1;1
536586356;155 695 001;B01;1;31;0;2;1;21;1
536586357;155 695 002;C01;1;7;0;0;0;23;1
536586357;155 695 008;A01;1;7;0;2;1;26;1
536586357;155 695 014;B01;1;50;0;9;3;19;3
536586358;155 694 994;A01;2;7;0;1;1;1;3
536586359;155 694 996;A01;1;7;0;2;1;13;1
536586359;155 694 997;B01;2;7;0;2;8;1;1
536586359;155 695 007;C01;2;10;0;2;1;1;1
536586360;155 694 992;A01;1;7;9;0;1;1;1
536586361;155 694 986;B01;3;7;0;2;8;1;1
536586361;155 694 990;C01;3;7;0;2;3;1;1
536586361;155 694 993;A01;3;7;0;2;3;13;1
536586362;155 694 991;A01;2;7;0;2;3;15;1
536586362;155 695 000;B01;2;7;0;2;3;1;1
536586363;155 694 987;B01;2;2;0;2;6;13;1
536586363;155 694 995;A01;2;30;0;2;1;1;1
536586364;155 694 984;A01;2;7;0;1;3;19;1
536586365;155 694 980;A01;3;7;0;2;2;20;1
536586365;155 694 981;B01;3;32;0;2;1;1;1
536586366;155 694 978;B01;1;33;0;2;1;1;1
536586366;155 694 983;A01;2;7;0;2;3;15;1
536586367;155 694 979;A01;3;7;0;2;6;5;1
536586367;155 694 988;B01;3;1;0;2;1;16;5
536586368;155 694 976;A01;1;7;0;0;7;10;1
536586368;155 694 982;B01;1;2;0;2;1;1;1
536586369;155 694 975;A01;2;7;13;0;1;1;1
536586370;155 694 973;A01;2;15;0;0;4;1;1
536586370;155 694 974;B01;2;7;0;2;1;1;1
536586371;155 694 972;Y01;1;60;0;2;7;2;5
536586371;155 694 977;A01;1;7;0;9;8;2;3
536586372;155 694 969;A01;0;7;0;1;1;1;6
536586373;155 694 966;A01;2;14;0;2;3;1;1
536586373;155 694 971;B01;1;7;0;2;1;13;1
536586374;155 694 960;B01;1;7;0;2;3;1;2
536586374;155 694 962;A01;2;7;0;2;1;13;1
536586375;155 694 959;B01;0;2;0;2;1;26;1
536586375;155 694 965;A01;0;7;0;2;3;26;1
536586376;155 694 957;A01;3;7;13;0;7;0;0
536586377;155 694 963;B01;3;10;0;2;1;1;1
536586377;155 694 970;A01;3;7;0;2;2;1;1
536586378;155 694 958;A01;1;7;0;2;1;17;1
536586378;155 694 961;B01;2;7;0;2;1;1;1
536586378;155 694 967;C01;2;7;0;2;1;1;1
536586379;155 694 955;A01;3;7;16;0;0;0;1
536586380;155 694 953;A01;1;50;1;0;1;1;3
536586381;155 694 956;B01;1;7;0;9;8;26;1
536586381;155 694 964;A01;1;1;0;2;7;19;5
536586382;155 694 954;A01;2;7;0;2;1;15;1
536586382;155 694 968;B01;1;7;0;2;7;1;1
536586383;155 694 948;A01;1;7;0;1;3;1;2
536586384;155 694 950;A01;2;32;12;0;1;13;1
536586385;155 694 952;Z01;1;0;0;1;0;0;1
536586386;155 694 945;A01;1;7;13;0;8;11;1
536586386;155 694 951;B01;1;7;13;2;2;17;1
536586387;155 694 943;A01;3;33;0;2;7;21;1
536586387;155 694 947;B01;3;7;0;2;6;1;3
536586388;155 694 937;A01;1;7;0;2;8;15;1
536586388;155 694 944;B01;2;7;0;2;1;1;1
536586389;155 694 938;A01;1;7;0;2;1;9;1
536586389;155 694 949;B01;1;7;0;0;5;1;1
536586390;155 694 940;B01;2;1;0;2;7;1;5
536586390;155 694 942;A01;1;7;0;2;2;16;2
536586391;155 694 935;A01;2;7;0;2;8;11;1
536586391;155 694 939;B01;2;2;0;2;2;1;3
536586392;155 694 933;A01;1;10;0;1;2;1;1
536586393;155 694 936;B01;0;7;0;2;4;2;1
536586393;155 694 941;C01;0;7;0;2;4;2;1
536586393;155 694 946;A01;0;10;0;2;1;2;1
536586394;155 694 931;B01;1;7;0;2;2;2;1
536586394;155 694 934;A01;1;7;0;2;4;1;1
536586395;155 694 930;A01;1;7;0;2;3;10;1
536586395;155 694 932;B01;1;33;0;2;1;1;1
536586396;155 694 922;A01;1;50;1;0;1;21;3
536586397;155 694 923;A01;3;7;0;2;3;16;1
536586397;155 694 928;B01;3;50;0;2;0;0;3
536586398;155 694 921;A01;3;7;0;2;1;26;1
536586398;155 694 929;B01;1;2;0;2;8;0;3
536586399;155 694 920;A01;3;7;0;2;1;19;2
536586399;155 694 927;B01;3;31;0;2;7;1;1
536586400;155 694 919;A01;1;7;2;0;1;13;1
536586401;155 694 917;A01;2;7;0;2;8;0;1
536586401;155 694 926;B01;1;2;0;2;3;11;1
536586402;155 694 916;B01;2;7;0;2;1;1;1
536586402;155 694 924;A01;1;7;0;2;7;13;1
536586403;155 694 918;A01;0;7;0;9;3;24;1
536586403;155 694 925;B01;0;1;1;0;1;1;5
536586404;155 694 915;A01;1;7;6;0;1;2;1
536586405;155 694 913;A01;2;7;3;0;1;13;1
536586407;155 694 910;A01;1;50;0;1;1;2;3
536586408;155 694 909;B01;0;2;0;2;1;1;0
536586408;155 694 914;A01;0;7;0;2;3;1;1
536586409;155 694 906;A01;3;7;6;0;4;26;1
536586410;155 694 907;A01;1;10;4;0;3;1;1
536586411;155 694 905;B01;2;7;0;2;2;1;1
536586411;155 694 911;A01;2;7;0;2;1;19;1
536586412;155 694 904;B01;1;17;0;2;3;1;1
536586412;155 694 908;A01;2;7;0;2;7;26;1
536586413;155 694 898;A01;1;7;0;9;1;1;1
536586414;155 694 897;A01;1;2;12;0;0;14;3
536586415;155 694 894;A01;2;7;0;2;6;1;1
536586415;155 694 899;B01;2;7;0;2;3;1;1
536586416;155 694 896;A01;1;7;0;2;2;15;1
536586416;155 694 900;B01;2;33;0;2;1;21;1
536586417;155 694 895;A01;3;7;9;0;2;26;1
536586417;155 694 902;B01;3;1;0;2;8;19;5
536586418;155 694 893;A01;2;7;2;0;1;1;1
536586419;155 694 890;A01;2;7;2;0;1;1;1
536586420;155 694 886;B01;1;7;0;2;1;1;1
536586420;155 694 889;A01;2;7;0;2;1;13;1
536586421;155 694 885;A01;2;7;13;0;2;1;1
536586422;155 694 882;A01;1;7;0;2;2;9;1
536586422;155 694 891;B01;2;7;0;2;2;1;1
536586423;155 694 884;A01;2;7;13;0;2;14;1
536586424;155 694 883;A01;3;99;1;2;1;2;0
536586424;155 694 888;B01;3;7;0;2;4;23;1
536586425;155 694 880;A01;1;7;0;2;2;19;1
536586425;155 694 892;B01;2;7;0;2;1;1;1
536586426;155 694 881;B01;3;7;0;2;4;1;2
536586426;155 694 887;A01;3;33;0;2;1;2;1
536586427;155 694 878;A01;1;7;0;1;2;2;0
536586428;155 694 876;A01;0;7;0;1;3;15;1
536586429;155 694 869;A01;1;7;0;9;2;1;1
536586429;155 694 874;B01;1;1;0;2;4;1;5
536586430;155 694 867;A01;2;10;6;0;1;13;1
536586431;155 694 864;A01;2;7;0;1;1;1;1
536586432;155 694 868;A01;1;7;0;1;1;9;1
536586433;155 694 871;A01;1;33;0;2;7;2;1
536586433;155 694 875;B01;1;50;0;2;0;0;3
536586434;155 694 861;B01;2;7;4;2;4;1;2
536586434;155 694 866;A01;2;7;4;2;1;12;1
536586435;155 694 865;A01;1;7;0;2;1;9;1
536586435;155 694 873;B01;2;7;0;2;3;1;1
536586436;155 694 862;A01;3;7;0;2;1;26;1
536586436;155 694 872;B01;0;7;0;2;3;26;1
536586437;155 694 863;B01;1;50;0;0;0;9;3
536586437;155 694 870;A01;1;7;0;0;0;0;0
536586438;155 694 859;A01;2;7;2;0;1;14;1
536586439;155 694 854;B01;1;10;0;0;3;15;1
536586439;155 694 860;A01;1;33;0;2;1;17;1
536586440;155 694 855;Z01;1;14;0;1;1;1;1
536586441;155 694 852;A01;1;2;0;2;1;12;1
536586441;155 694 857;B01;1;7;0;0;4;2;1
536586442;155 694 850;B01;3;7;0;9;2;19;1
536586442;155 694 858;A01;1;80;0;2;1;19;3
536586443;155 694 849;A01;2;7;0;2;1;21;1
536586443;155 694 856;B01;2;7;0;2;6;1;1
536586444;155 694 847;A01;3;31;1;2;1;2;0
536586444;155 694 851;B01;0;10;0;2;5;15;1
536586445;155 694 844;A01;1;2;0;0;8;1;1
536586445;155 694 853;B01;1;7;0;2;7;17;1
536586446;155 694 845;A01;3;7;0;2;3;13;1
536586446;155 694 848;B01;3;7;0;2;3;0;1
536586447;155 694 840;A01;1;10;0;2;1;1;1
536586447;155 694 842;B01;3;7;0;2;1;1;1
536586448;155 694 836;A01;1;10;0;1;1;2;1
536586448;155 694 841;B01;1;7;0;0;4;2;1
536586449;155 694 837;A01;1;7;0;2;1;16;2
536586449;155 694 843;B01;2;1;0;2;1;2;5
536586450;155 694 831;A01;1;7;4;0;2;0;1
536586451;155 694 834;A01;2;10;1;1;1;1;0
536586452;155 694 829;B01;1;7;0;2;4;2;2
536586452;155 694 835;C01;1;7;0;2;4;2;1
536586452;155 694 838;A01;1;7;0;2;1;2;1
536586453;155 694 832;A01;1;7;0;2;7;2;1
536586453;155 694 839;B01;0;1;0;2;0;0;5
536586454;155 694 830;A01;1;7;0;2;1;13;1
536586454;155 694 846;B01;2;13;0;2;1;1;1
536586455;155 694 828;B01;3;7;0;2;3;1;1
536586455;155 694 833;A01;3;2;0;2;8;1;1
536586456;155 694 823;A01;1;7;2;0;1;13;1
536586457;155 694 825;A01;1;7;2;0;1;1;1
536586458;155 694 820;A01;1;2;0;2;1;0;1
536586458;155 694 826;B01;2;7;0;2;3;0;0
536586459;155 694 816;A01;0;7;0;2;2;9;1
536586459;155 694 827;B01;0;31;0;2;3;1;1
536586460;155 694 814;B01;2;7;0;2;4;26;1
536586460;155 694 821;A01;1;33;0;2;1;26;1
536586461;155 694 812;A01;2;7;11;0;3;6;1
536586461;155 694 818;B01;1;10;0;0;1;21;1
536586462;155 694 809;A01;2;7;0;2;7;23;1
536586462;155 694 819;B01;2;33;0;2;1;3;1
536586462;155 694 824;C01;2;7;0;2;8;23;2
536586463;155 694 811;C01;1;99;0;2;1;1;1
536586463;155 694 817;A01;1;10;0;2;1;2;1
536586463;155 694 822;B01;1;7;0;2;4;2;1
536586464;155 694 807;A01;1;7;0;2;6;15;1
536586464;155 694 813;B01;1;2;0;2;1;17;1
536586465;155 694 808;B01;1;7;13;0;1;2;1
536586465;155 694 815;A01;2;7;0;0;1;2;1
536586466;155 694 806;A01;2;2;0;2;1;1;1
536586466;155 694 810;B01;2;7;0;2;4;23;1
536586467;155 694 803;A01;2;7;0;0;4;2;1
536586467;155 694 805;B01;2;2;0;2;1;2;1
536586468;155 694 800;A01;1;7;4;2;6;1;1
536586469;155 694 798;A01;1;7;0;2;2;26;1
536586469;155 694 804;B01;1;1;0;2;0;1;5
536586470;155 694 796;A01;1;1;0;0;4;1;5
536586470;155 694 801;B01;1;0;0;0;2;17;0
536586471;155 694 797;A01;1;7;3;1;3;5;1
536586472;155 694 795;B01;3;33;0;2;1;17;1
536586472;155 694 799;A01;3;7;0;2;3;10;2
536586473;155 694 788;A01;3;2;0;0;7;13;1
536586474;155 694 787;A01;1;33;0;2;3;1;1
536586474;155 694 794;B01;2;38;0;2;8;1;1
536586475;155 694 786;B01;1;7;0;0;3;1;1
536586475;155 694 793;A01;2;7;0;2;1;13;1
536586476;155 694 783;A01;1;43;0;0;8;1;1
536586477;155 694 784;A01;1;7;11;2;7;12;1
536586477;155 694 789;B01;1;33;11;2;8;1;1
536586478;155 694 781;A01;1;7;0;1;1;1;1
536586479;155 694 779;A01;2;7;1;0;2;2;1
536586479;155 694 791;B01;3;38;0;0;6;26;1
536586480;155 694 778;B01;1;7;0;2;4;1;1
536586480;155 694 785;C01;1;10;0;2;3;1;1
536586480;155 694 790;A01;1;10;0;2;1;2;1
536586481;155 694 777;A01;2;7;2;0;1;21;1
536586481;155 694 782;B01;1;14;0;0;0;17;1
536586482;155 694 780;B01;2;7;0;2;6;10;2
536586482;155 694 792;Z01;1;7;0;2;1;1;2
536586483;155 694 768;A01;2;7;3;0;1;21;1
536586484;155 694 770;B01;1;99;0;2;3;1;1
536586484;155 694 773;A01;3;7;0;2;2;1;2
536586485;155 694 765;A01;1;7;0;2;3;13;1
536586485;155 694 769;B01;2;15;0;2;3;1;1
536586486;155 694 774;A01;1;7;0;2;2;16;1
536586486;155 694 776;B01;1;7;13;2;3;2;1
536586487;155 694 762;A01;1;7;4;2;3;2;1
536586488;155 694 764;A01;1;7;2;0;8;17;1
536586489;155 694 763;A01;1;7;0;2;8;15;2
536586489;155 694 767;B01;1;1;0;2;1;1;5
536586490;155 694 761;B01;2;10;0;2;2;0;1
536586490;155 694 766;A01;1;10;0;2;2;13;1
536586491;155 694 758;A01;1;7;0;0;0;0;1
536586492;155 694 757;A01;3;7;12;1;3;14;1
536586493;155 694 756;A01;3;50;0;1;7;1;3
536586494;155 694 753;A01;1;7;16;2;2;1;1
536586494;155 694 759;B01;1;21;0;2;3;15;1
536586495;155 694 755;A01;1;7;0;2;8;11;1
536586495;155 694 760;B01;1;15;0;2;2;1;1
536586496;155 694 752;A01;1;7;0;0;9;2;1
536586497;155 694 751;A01;1;7;2;0;2;1;1
536586498;155 694 748;B01;3;7;0;2;4;1;1
536586498;155 694 750;A01;1;33;0;2;1;1;1
536586499;155 694 747;A01;3;37;0;2;5;1;1
536586499;155 694 754;B01;3;7;0;2;1;1;2
536586500;155 694 745;A01;3;7;0;2;1;1;1
536586500;155 694 749;B01;0;7;0;2;1;5;2
536586501;155 694 744;A01;1;7;0;2;1;17;2
536586501;155 694 746;B01;2;13;0;2;3;5;1
536586502;155 694 741;A01;3;7;0;1;1;1;1
536586503;155 694 743;Z01;2;7;0;0;1;2;1
536586504;155 694 734;A01;2;7;0;2;3;13;1
536586504;155 694 740;B01;1;7;0;2;3;1;1
536586505;155 694 732;A01;1;33;0;2;1;2;1
536586505;155 694 738;B01;1;33;0;0;4;2;1
536586506;155 694 731;A01;3;2;0;2;1;5;1
536586506;155 694 737;B01;3;10;0;2;3;1;1
536586507;155 694 728;A01;1;7;0;2;1;0;1
536586507;155 694 736;B01;1;7;0;2;4;1;1
536586507;155 694 742;C01;1;7;0;2;6;1;1
536586508;155 694 724;A01;2;10;0;0;1;1;1
536586508;155 694 730;B01;1;7;0;2;5;13;1
536586509;155 694 725;A01;2;1;1;2;1;1;5
536586509;155 694 727;Y01;2;60;1;0;8;19;5
536586510;155 694 726;A01;3;33;0;2;1;1;1
536586510;155 694 733;B01;3;7;0;2;4;1;1
536586511;155 694 723;A01;3;7;0;1;7;1;6
536586512;155 694 714;A01;2;34;0;2;1;2;1
536586512;155 694 720;B01;2;7;0;2;6;2;1
536586513;155 694 716;A01;1;15;0;2;3;12;1
536586513;155 694 721;B01;1;7;3;0;5;1;1
536586514;155 694 713;A01;2;7;0;2;1;15;1
536586514;155 694 718;B01;1;7;0;2;2;1;1
536586515;155 694 712;A01;2;7;0;2;1;15;1
536586515;155 694 717;B01;1;2;0;2;8;1;1
536586516;155 694 711;B01;2;50;0;2;1;25;3
536586516;155 694 722;A01;3;7;0;2;8;19;1
536586517;155 694 709;A01;0;7;0;0;3;19;2
536586517;155 694 719;B01;2;31;0;2;2;3;1
536586518;155 694 708;B01;2;7;0;2;4;1;3
536586518;155 694 715;A01;2;7;0;2;1;1;1
536586519;155 694 706;A01;1;10;0;2;1;1;0
536586519;155 694 710;B01;1;7;0;2;5;12;3
536586520;155 694 702;A01;2;1;0;0;0;0;5
536586521;155 694 704;A01;1;7;0;2;3;15;1
536586521;155 694 707;B01;3;1;0;2;3;1;5
536586522;155 694 698;B01;1;7;0;2;1;5;0
536586522;155 694 703;A01;2;34;0;2;1;1;1
536586523;155 694 699;A01;1;7;8;0;3;16;1
536586524;155 694 697;A01;2;7;2;0;3;14;1
536586525;155 694 696;A01;1;7;0;2;0;16;1
536586525;155 694 701;B01;1;7;0;2;9;1;1
536586526;155 694 694;A01;2;1;0;1;1;1;5
536586527;155 694 693;A01;1;50;0;0;2;14;3
536586528;155 694 692;B01;2;7;0;2;4;1;1
536586528;155 694 695;C01;2;7;0;2;8;1;1
536586528;155 694 700;Z01;2;7;0;2;8;11;1
536586528;155 694 705;A01;2;33;0;2;7;3;1
536586529;155 694 688;A01;1;7;4;0;1;1;1
536586530;155 694 685;A01;2;7;0;2;3;13;1
536586530;155 694 691;B01;1;7;0;2;3;1;2
536586531;155 694 687;A01;0;34;1;0;1;1;1
536586532;155 694 684;A01;1;7;13;0;1;1;1
536586533;155 694 681;B01;3;7;0;2;6;1;1
536586533;155 694 683;A01;3;7;1;0;7;1;1
536586534;155 694 680;A01;1;7;0;2;4;2;1
536586534;155 694 686;B01;1;7;0;2;2;17;1
536586535;155 694 689;A01;1;33;0;2;2;3;1
536586536;155 694 679;A01;1;7;0;2;1;1;1
536586536;155 694 690;B01;1;80;0;2;4;15;3
536586537;155 694 673;A01;2;3;0;2;8;9;1
536586537;155 694 677;B01;1;13;0;2;1;1;1
536586538;155 694 668;A01;1;10;8;1;0;25;1
536586538;155 694 674;B01;2;10;0;2;1;1;1
536586539;155 694 667;C01;1;33;0;2;1;1;1
536586539;155 694 672;B01;1;33;0;2;7;1;1
536586539;155 694 676;A01;3;7;0;2;1;15;1
536586540;155 694 666;A01;3;10;0;9;1;1;0
536586540;155 694 671;B01;3;60;0;2;8;1;5
536586541;155 694 665;A01;0;33;0;0;0;0;1
536586542;155 694 664;A01;3;7;0;2;1;17;1
536586542;155 694 669;B01;3;7;0;2;8;15;1
536586543;155 694 662;A01;1;7;3;0;1;1;2
536586544;155 694 661;A01;3;21;0;2;2;1;1
536586544;155 694 675;B01;1;7;0;2;1;1;1
536586545;155 694 663;A01;1;14;0;2;6;24;1
536586545;155 694 670;B01;0;33;0;0;1;1;1
536586546;155 694 657;A01;3;7;13;0;2;14;1
536586547;155 694 655;B01;2;31;1;2;1;2;1
536586547;155 694 659;A01;2;10;1;2;6;2;1
536586548;155 694 653;A01;1;7;0;2;1;13;1
536586548;155 694 658;B01;2;7;0;2;1;1;1
536586548;155 694 660;C01;2;10;0;2;8;1;1
536586549;155 694 652;A01;3;37;0;1;2;1;1
536586550;155 694 648;A01;2;7;0;2;2;17;1
536586550;155 694 654;B01;2;1;0;2;6;13;5
536586551;155 694 647;A01;1;1;0;0;0;1;5
536586552;155 694 649;A01;1;7;13;0;3;13;1
536586553;155 694 650;B01;3;7;0;2;4;23;1
536586553;155 694 656;A01;3;7;0;2;1;1;1
536586554;155 694 643;B01;2;7;0;2;7;1;1
536586554;155 694 646;C01;2;7;0;2;8;1;1
536586554;155 694 651;A01;2;7;0;2;2;26;1
536586555;155 694 645;A01;1;32;0;1;7;1;1
536586556;155 694 641;A01;1;7;0;2;3;15;1
536586556;155 694 644;B01;2;30;0;2;8;1;1
536586557;155 694 638;A01;3;50;0;0;1;1;3
536586558;155 694 637;A01;2;7;0;2;1;13;1
536586558;155 694 640;B01;1;7;0;2;1;1;1
536586559;155 694 636;A01;3;7;0;2;2;16;1
536586559;155 694 642;B01;3;10;13;0;3;1;1
536586560;155 694 633;A01;1;33;0;2;2;1;1
536586560;155 694 639;B01;1;7;0;2;3;9;1
536586561;155 694 631;B01;1;10;0;2;7;14;1
536586561;155 694 634;A01;1;7;0;2;6;1;3
536586562;155 694 628;A01;2;7;0;2;3;15;1
536586562;155 694 635;B01;1;33;0;2;1;1;1
536586563;155 694 627;A01;2;7;3;0;1;1;1
536586564;155 694 625;A01;2;7;0;6;2;1;1
536586565;155 694 626;A01;1;7;1;0;1;1;1
536586565;155 694 629;B01;3;7;0;2;7;24;1