Num_Acc;id_vehicule;num_veh;senc;catv;obs;obsm;choc;manv;motor
536587164;155 693 564;D01;2;7;0;2;3;1;1
536587164;155 693 570;A01;1;10;0;2;1;1;1
536587165;155 693 548;A01;1;7;0;2;7;17;1
536587165;155 693 551;B01;1;2;0;2;8;13;1
536587166;155 693 547;A01;1;7;0;1;3;15;3
536587167;155 693 549;A01;0;7;0;2;3;10;1
536587167;155 693 552;B01;0;33;0;2;1;1;1
536587168;155 693 544;B01;1;7;0;2;1;15;1
536587168;155 693 546;A01;2;2;0;2;1;1;3
536587169;155 693 542;B01;2;7;0;2;3;1;1
536587169;155 693 545;A01;1;7;0;2;3;1;1
536587170;155 693 541;A01;2;50;12;0;1;16;3
536587171;155 693 540;B01;2;7;0;2;1;1;1
536587171;155 693 543;D01;2;10;0;2;4;1;1
536587171;155 693 550;E01;2;7;0;2;4;1;3
536587171;155 693 553;H01;1;14;0;2;1;0;1
536587171;155 693 554;A01;2;7;0;2;7;1;1
536587171;155 693 559;C01;2;7;0;2;4;1;2
536587171;155 693 566;F01;2;7;0;2;7;1;2
536587171;155 693 571;G01;2;7;0;2;5;1;2
536587172;155 693 539;A01;1;7;4;0;1;0;1
536587173;155 693 538;A01;2;10;0;5;1;0;1
536587174;155 693 537;A01;1;14;0;1;5;15;1
536587175;155 693 534;A01;3;7;1;0;2;1;1
536587176;155 693 535;A01;0;50;0;2;0;14;3
536587177;155 693 529;A01;1;7;0;2;1;2;1
536587177;155 693 533;B01;1;7;0;2;4;2;1
536587178;155 693 528;A01;2;7;0;2;6;15;1
536587178;155 693 530;B01;2;33;0;2;7;1;1
536587179;155 693 521;A01;1;7;0;2;3;26;1
536587179;155 693 525;B01;2;2;0;2;1;26;1
536587180;155 693 522;A01;1;7;14;2;7;1;1
536587180;155 693 527;B01;2;10;0;2;1;1;1
536587181;155 693 520;A01;1;7;0;2;4;4;1
536587181;155 693 524;B01;1;50;0;2;1;1;3
536587182;155 693 523;B01;1;34;0;2;2;17;1
536587182;155 693 526;C01;2;7;0;2;3;13;1
536587182;155 693 536;A01;1;7;0;2;3;1;1
536587183;155 693 519;A01;1;33;0;0;0;17;1
536587184;155 693 514;A01;1;7;13;0;0;1;1
536587185;155 693 513;A01;1;34;1;0;1;1;0
536587186;155 693 511;A01;1;7;8;2;1;1;0
536587186;155 693 517;B01;2;7;0;2;2;15;0
536587187;155 693 509;A01;0;7;0;2;3;15;1
536587187;155 693 518;B01;3;50;0;2;3;15;3
536587188;155 693 510;A01;3;21;0;2;7;1;1
536587188;155 693 515;B01;2;7;0;2;3;1;1
536587189;155 693 508;A01;3;33;0;2;5;19;1
536587189;155 693 512;B01;3;7;0;2;3;0;3
536587190;155 693 506;B01;3;7;0;2;3;1;1
536587190;155 693 516;A01;3;0;0;2;0;0;0
536587191;155 693 503;A01;1;7;0;1;1;1;1
536587192;155 693 504;A01;1;7;0;2;3;0;1
536587192;155 693 507;B01;2;10;0;2;3;0;1
536587193;155 693 502;A01;3;7;0;9;1;26;1
536587193;155 693 505;B01;3;50;0;2;0;0;3
536587194;155 693 500;A01;1;7;13;0;1;13;1
536587195;155 693 496;A01;3;7;0;2;1;1;0
536587195;155 693 498;B01;3;7;0;2;4;15;1
536587196;155 693 492;B01;1;1;0;2;0;0;5
536587196;155 693 495;A01;1;14;0;2;0;16;1
536587197;155 693 489;B01;2;37;0;2;7;26;1
536587197;155 693 494;A01;1;1;0;2;1;9;5
536587198;155 693 490;A01;2;7;0;2;3;1;1
536587198;155 693 493;B01;1;7;0;2;8;2;1
536587199;155 693 488;C01;1;7;0;2;1;2;1
536587199;155 693 497;A01;2;7;0;2;4;2;1
536587199;155 693 499;B01;1;7;0;2;1;2;1
536587200;155 693 491;B01;3;7;0;2;7;1;1
536587200;155 693 501;A01;0;7;0;2;1;1;1
536587201;155 693 486;A01;2;7;7;0;0;1;1
536587202;155 693 485;Z01;3;7;0;1;1;10;0
536587203;155 693 484;A01;1;33;2;0;9;1;1
536587204;155 693 483;A01;3;14;0;2;1;1;1
536587204;155 693 487;B01;3;7;0;2;7;26;1
536587205;155 693 479;A01;3;7;0;9;3;26;2
536587205;155 693 481;B01;3;1;0;2;5;26;5
536587206;155 693 478;B01;3;40;0;9;2;1;3
536587206;155 693 482;A01;3;1;0;4;1;1;5
536587207;155 693 476;A01;1;7;0;2;1;2;1
536587207;155 693 480;B01;1;10;0;2;4;2;1
536587208;155 693 475;B01;1;7;0;2;1;1;1
536587208;155 693 477;A01;2;7;0;2;1;17;1
536587209;155 693 472;A01;1;7;0;1;8;15;1
536587210;155 693 469;A01;1;7;0;2;1;13;1
536587210;155 693 474;B01;2;14;0;2;3;1;1
536587211;155 693 467;A01;1;7;0;2;2;15;1
536587211;155 693 471;B01;2;1;0;2;8;1;5
536587212;155 693 465;A01;1;50;0;0;8;21;3
536587213;155 693 468;B01;3;10;0;0;0;0;1
536587213;155 693 473;A01;3;10;0;2;8;15;1
536587214;155 693 464;A01;3;7;0;2;7;1;1
536587214;155 693 470;B01;3;7;0;2;1;1;1
536587215;155 693 463;B01;1;40;0;9;1;1;2
536587215;155 693 466;A01;1;33;0;4;1;11;1
536587216;155 693 461;A01;0;33;0;0;0;26;1
536587217;155 693 459;A01;0;31;0;9;1;0;6
536587218;155 693 457;A01;1;30;0;2;3;17;1
536587218;155 693 462;B01;1;7;0;2;3;15;1
536587219;155 693 454;Z01;3;0;0;2;1;1;0
536587219;155 693 460;A01;3;50;0;2;3;1;3
536587220;155 693 452;B01;1;7;0;2;1;1;1
536587220;155 693 458;A01;3;7;0;2;8;15;1
536587221;155 693 451;B01;3;7;0;2;8;16;1
536587221;155 693 456;A01;3;10;0;2;1;19;1
536587222;155 693 449;A01;1;33;0;2;3;1;1
536587222;155 693 453;B01;1;7;0;2;8;9;3
536587223;155 693 444;A01;2;50;0;2;1;26;3
536587223;155 693 448;B01;1;50;0;2;1;26;3
536587224;155 693 443;B01;1;7;0;2;1;15;1
536587224;155 693 450;A01;1;15;0;2;5;1;1
536587225;155 693 447;A01;1;7;16;0;0;0;1
536587226;155 693 442;A01;3;7;0;1;1;1;1
536587227;155 693 445;A01;3;7;1;0;3;1;1
536587228;155 693 441;A01;1;7;0;2;7;17;1
536587228;155 693 446;B01;1;1;0;2;8;11;5
536587229;155 693 440;A01;3;7;2;0;1;1;1
536587230;155 693 437;A01;1;7;0;2;1;2;1
536587230;155 693 439;B01;1;7;0;2;4;2;1
536587231;155 693 435;A01;1;7;0;1;2;1;1
536587232;155 693 431;A01;1;7;3;0;8;13;1
536587233;155 693 430;B01;1;10;0;9;3;15;1
536587233;155 693 436;A01;2;33;0;2;1;1;1
536587234;155 693 429;A01;1;7;0;2;2;17;1
536587234;155 693 432;B01;1;7;0;2;6;1;1
536587235;155 693 427;A01;2;7;0;2;7;15;1
536587235;155 693 434;B01;1;33;0;2;1;1;1
536587236;155 693 425;A01;3;7;0;2;1;1;1
536587236;155 693 428;B01;3;99;0;2;8;1;3
536587237;155 693 426;A01;2;7;0;1;2;1;1
536587238;155 693 423;A01;2;33;0;2;1;1;1
536587239;155 693 421;A01;2;31;8;0;0;0;1
536587240;155 693 420;A01;3;7;0;2;3;9;1
536587240;155 693 422;B01;3;32;0;2;1;0;1
536587241;155 693 416;A01;3;7;0;2;1;19;1
536587241;155 693 419;B01;3;50;0;2;7;1;3
536587242;155 693 417;Z01;1;0;0;1;0;1;1
536587243;155 693 414;A01;0;7;0;2;1;0;1
536587243;155 693 424;B01;0;7;0;2;7;0;1
536587244;155 693 411;A01;1;7;1;0;2;2;2
536587244;155 693 415;B01;1;10;0;2;6;23;1
536587245;155 693 409;A01;2;7;0;0;4;2;1
536587245;155 693 412;B01;2;7;0;2;1;2;1
536587245;155 693 413;C01;2;7;0;2;1;2;1
536587246;155 693 407;B01;2;7;0;2;1;1;1
536587246;155 693 418;A01;2;50;0;2;7;1;3
536587247;155 693 406;A01;2;33;0;2;1;3;1
536587247;155 693 410;B01;2;7;0;2;5;1;2
536587248;155 693 404;A01;1;7;0;2;2;1;1
536587248;155 693 408;B01;1;7;0;2;3;1;1
536587249;155 693 402;A01;1;7;0;2;1;1;1
536587249;155 693 405;B01;1;7;0;2;4;1;1
536587250;155 693 400;A01;2;7;0;2;5;12;1
536587250;155 693 403;B01;2;31;0;2;1;3;1
536587251;155 693 399;A01;1;7;13;0;0;2;1
536587252;155 693 398;A01;2;50;13;0;1;25;3
536587253;155 693 397;A01;1;7;0;2;2;15;1
536587253;155 693 401;B01;2;1;0;2;8;1;5
536587254;155 693 392;B01;0;7;0;0;6;2;1
536587254;155 693 396;A01;0;7;0;2;2;2;1
536587255;155 693 389;B01;3;1;0;2;1;1;5
536587255;155 693 391;A01;3;10;0;2;3;9;1
536587256;155 693 387;A01;2;3;0;2;8;9;1
536587256;155 693 393;B01;1;10;0;2;1;1;1
536587257;155 693 386;A01;3;7;0;2;2;15;0
536587257;155 693 390;B01;2;33;1;2;1;17;1
536587258;155 693 385;A01;2;7;0;2;7;1;1
536587258;155 693 395;B01;2;7;0;2;1;1;1
536587259;155 693 384;C01;1;7;0;2;5;1;2
536587259;155 693 388;A01;1;7;0;2;1;3;1
536587259;155 693 394;B01;1;7;0;2;8;1;1
536587260;155 693 382;A01;2;7;0;1;8;1;1
536587261;155 693 380;A01;3;33;0;2;1;1;1
536587261;155 693 383;B01;3;33;0;2;4;1;1
536587262;155 693 381;A01;3;36;7;0;1;13;1
536587263;155 693 379;A01;2;1;0;0;0;14;5
536587264;155 693 375;A01;1;7;1;2;2;1;1
536587265;155 693 376;B01;1;7;0;2;8;1;1
536587265;155 693 378;A01;1;7;0;2;1;14;1
536587266;155 693 372;A01;2;7;0;0;0;23;1
536587267;155 693 369;A01;2;7;8;0;0;0;1
536587267;155 693 373;B01;2;7;8;0;0;0;1
536587267;155 693 377;C01;2;7;8;0;0;0;1
536587268;155 693 370;B01;2;7;0;2;1;1;1
536587268;155 693 374;A01;1;7;0;2;1;13;1
536587269;155 693 368;A01;1;7;0;2;1;1;1
536587269;155 693 371;B01;1;7;0;2;4;2;1
536587270;155 693 366;Z01;2;10;0;1;1;1;1
536587271;155 693 364;A01;1;7;0;2;4;2;1
536587271;155 693 367;B01;1;7;0;2;1;1;1
536587272;155 693 361;A01;2;7;0;2;1;1;1
536587272;155 693 365;B01;2;2;0;2;7;1;1
536587273;155 693 360;A01;3;50;0;0;0;1;3
536587274;155 693 359;B01;3;7;0;9;3;1;1
536587274;155 693 362;A01;0;33;0;2;1;0;0
536587275;155 693 356;A01;3;10;0;1;3;1;1
536587276;155 693 358;A01;2;7;3;0;1;14;1
536587277;155 693 354;B01;3;33;0;2;4;1;1
536587277;155 693 357;A01;3;7;0;2;1;1;1
536587278;155 693 350;A01;1;1;0;2;1;13;5
536587278;155 693 355;B01;2;7;0;2;1;26;2
536587279;155 693 349;B01;1;7;0;2;6;23;1
536587279;155 693 352;A01;1;43;0;2;2;2;1
536587280;155 693 346;A01;2;7;0;2;1;2;1
536587280;155 693 353;B01;2;7;0;1;4;2;1
536587281;155 693 344;A01;1;7;0;2;1;1;1
536587281;155 693 347;B01;1;31;0;2;4;1;1
536587281;155 693 351;C01;1;7;0;0;4;1;2
536587282;155 693 343;C01;2;7;0;2;0;0;1
536587282;155 693 345;A01;2;34;0;2;9;0;1
536587282;155 693 348;B01;2;7;0;2;6;0;1
536587283;155 693 341;A01;3;7;0;1;1;1;1
536587284;155 693 339;A01;1;7;16;0;1;26;1
536587285;155 693 338;A01;1;7;0;2;2;1;1
536587285;155 693 342;B01;1;50;0;0;4;23;3
536587286;155 693 337;A01;0;10;0;1;1;15;1
536587287;155 693 334;A01;1;7;0;1;3;1;1
536587288;155 693 336;A01;1;7;0;2;3;1;1
536587288;155 693 340;B01;1;7;0;2;5;1;1
536587289;155 693 329;B01;2;7;0;0;4;1;3
536587289;155 693 333;A01;2;33;0;2;1;2;1
536587290;155 693 324;A01;1;14;0;2;2;12;1
536587290;155 693 327;B01;1;7;0;2;8;1;3
536587291;155 693 319;A01;2;7;0;2;4;1;1
536587291;155 693 323;B01;2;7;0;2;1;1;1
536587292;155 693 317;A01;3;38;0;1;5;16;1
536587293;155 693 316;A01;1;7;0;2;1;5;1
536587293;155 693 318;B01;1;10;0;2;1;1;1
536587293;155 693 320;C01;1;14;0;2;6;1;1
536587294;155 693 314;A01;2;7;0;1;5;1;1
536587295;155 693 313;A01;2;7;0;1;3;1;1
536587296;155 693 309;A01;2;7;0;1;1;1;1
536587296;155 693 315;B01;2;7;0;2;2;1;1
536587296;155 693 322;C01;1;7;0;2;1;16;1
536587297;155 693 306;B01;2;1;0;2;7;1;5
536587297;155 693 310;A01;1;7;0;9;2;0;2
536587298;155 693 305;A01;3;1;0;2;7;1;5
536587298;155 693 312;B01;3;7;0;9;1;1;1
536587299;155 693 307;A01;1;7;4;0;3;1;1
536587300;155 693 302;A01;1;50;0;0;1;5;3
536587300;155 693 303;C01;1;7;0;9;1;1;1
536587300;155 693 308;B01;1;7;0;9;2;1;1
536587301;155 693 301;A01;1;7;0;2;1;13;1
536587301;155 693 304;B01;2;7;0;2;3;1;1
536587301;155 693 311;C01;2;7;0;2;2;1;1
536587302;155 693 294;B01;1;7;0;2;4;1;1
536587302;155 693 300;A01;1;7;0;2;1;2;1
536587303;155 693 297;A01;1;7;0;0;0;16;1
536587304;155 693 293;B01;1;1;0;2;3;2;5
536587304;155 693 299;A01;1;7;0;2;2;19;2
536587305;155 693 291;B01;2;7;0;2;3;2;1
536587305;155 693 296;A01;1;2;0;2;1;9;1
536587306;155 693 290;B01;1;7;0;2;8;1;1
536587306;155 693 292;D01;1;7;0;2;3;1;1
536587306;155 693 295;A01;2;7;0;2;3;13;1
536587306;155 693 298;C01;1;7;0;2;8;1;1
536587307;155 693 288;A01;3;30;0;0;8;26;1
536587308;155 693 285;B01;3;7;0;2;6;15;1
536587308;155 693 289;A01;3;7;0;2;6;16;1
536587309;155 693 284;A01;1;7;15;0;1;1;1
536587310;155 693 282;A01;2;7;13;0;2;1;1
536587311;155 693 281;A01;1;7;0;2;2;1;1
536587311;155 693 286;B01;1;2;0;2;1;1;1
536587312;155 693 280;B01;1;33;0;2;1;1;1
536587312;155 693 287;A01;1;10;0;2;7;15;1
536587313;155 693 279;A01;2;50;0;0;0;1;3
536587314;155 693 278;A01;1;7;6;2;2;13;1
536587314;155 693 283;B01;2;7;0;2;1;1;1
536587315;155 693 274;A01;1;2;0;2;1;1;3
536587315;155 693 277;B01;1;7;0;2;7;1;1
536587316;155 693 275;A01;1;50;0;0;0;15;3
536587317;155 693 272;A01;2;7;0;2;3;13;1
536587317;155 693 276;B01;2;33;0;2;1;1;1
536587318;155 693 269;A01;1;7;0;1;3;15;1
536587319;155 693 266;B01;1;33;0;2;1;1;1
536587319;155 693 271;C01;1;7;0;2;3;1;1
536587319;155 693 273;A01;1;7;0;2;3;19;1
536587320;155 693 267;A01;1;7;0;1;3;1;1
536587321;155 693 260;A01;0;2;0;2;8;15;1
536587321;155 693 268;B01;1;7;0;2;1;1;1
536587322;155 693 261;A01;2;10;0;2;3;16;1
536587322;155 693 263;B01;2;31;0;2;1;21;1
536587323;155 693 262;C01;1;7;0;2;4;2;1
536587323;155 693 264;B01;1;7;0;2;4;2;1
536587323;155 693 265;D01;1;7;0;2;4;2;1
536587323;155 693 270;A01;1;7;0;2;1;2;1
536587324;155 693 257;A01;3;7;0;1;1;15;1
536587325;155 693 255;B01;3;1;0;2;6;10;5
536587325;155 693 258;A01;3;7;0;2;3;17;1
536587326;155 693 253;A01;3;30;0;0;0;26;1
536587327;155 693 256;A01;1;7;0;2;3;15;1
536587327;155 693 259;B01;2;33;0;2;1;1;1
536587328;155 693 252;A01;2;7;0;1;2;23;1
536587329;155 693 251;B01;1;32;0;2;1;1;1
536587329;155 693 254;A01;1;7;0;2;4;23;1
536587330;155 693 246;A01;3;7;0;2;3;11;1
536587330;155 693 250;B01;3;30;12;2;2;2;1
536587331;155 693 245;A01;3;33;0;2;1;1;1
536587331;155 693 249;B01;3;7;0;2;3;17;2
536587332;155 693 244;A01;3;17;0;0;2;13;1
536587333;155 693 242;B01;3;34;0;2;1;1;1
536587333;155 693 248;A01;3;7;0;2;1;1;1
536587334;155 693 239;A01;2;1;0;0;8;25;5
536587335;155 693 237;A01;2;7;6;0;2;14;1
536587336;155 693 238;B01;3;7;0;2;6;1;1
536587336;155 693 241;A01;3;7;0;2;3;9;1
536587336;155 693 247;C01;3;7;0;2;5;1;1
536587337;155 693 236;A01;1;37;0;2;3;13;1
536587337;155 693 243;B01;2;7;0;2;8;13;1
536587338;155 693 235;B01;3;7;0;0;8;1;1
536587338;155 693 240;A01;3;7;0;2;1;19;1
536587339;155 693 234;A01;3;7;0;1;2;15;1
536587340;155 693 226;B01;2;32;0;2;1;2;1
536587340;155 693 231;Z01;2;7;0;2;7;15;0
536587341;155 693 229;A01;3;7;8;0;2;1;1
536587342;155 693 225;A01;2;10;0;1;1;16;1
536587343;155 693 230;B01;1;50;0;2;4;23;3
536587343;155 693 233;Z01;1;7;0;2;1;2;2
536587344;155 693 224;A01;1;7;0;2;1;1;1
536587344;155 693 228;B01;1;7;0;2;4;23;1
536587345;155 693 227;B01;1;7;0;2;1;2;1
536587345;155 693 232;A01;1;1;0;2;5;9;5
536587346;155 693 223;A01;2;33;13;0;9;1;1
536587347;155 693 217;A01;1;7;0;1;2;26;1
536587348;155 693 218;B01;3;3;0;2;3;26;1
536587348;155 693 222;A01;1;10;0;2;2;15;1
536587349;155 693 215;A01;1;3;0;2;1;5;1
536587349;155 693 219;B01;2;34;0;2;1;1;1
536587350;155 693 216;B01;1;7;0;2;1;1;1
536587350;155 693 220;A01;1;1;0;2;8;1;5
536587351;155 693 214;A01;3;33;0;2;1;1;1
536587351;155 693 221;B01;3;7;0;2;3;15;1
536587352;155 693 211;A01;1;34;0;1;1;17;1
536587353;155 693 210;A01;2;10;0;2;1;1;1
536587353;155 693 213;B01;2;17;0;2;4;1;1
536587354;155 693 207;B01;2;15;0;2;1;19;1
536587354;155 693 212;A01;2;31;2;2;7;18;1
536587355;155 693 205;B01;3;50;0;2;8;1;3
536587355;155 693 208;A01;2;7;0;9;3;15;1
536587356;155 693 201;A01;1;7;0;2;2;1;2
536587356;155 693 206;B01;2;50;0;2;1;1;3
536587357;155 693 202;A01;2;7;0;1;3;1;1
536587358;155 693 204;A01;1;10;0;2;7;1;1
536587358;155 693 209;B01;1;10;0;2;0;0;1
536587359;155 693 198;B01;3;1;0;2;1;1;5
536587359;155 693 200;A01;1;31;0;2;1;1;1
536587360;155 693 196;A01;2;7;0;2;3;2;1
536587360;155 693 199;B01;2;7;3;2;5;2;1
536587360;155 693 203;C01;2;7;0;0;6;2;2
536587361;155 693 195;A01;3;7;0;1;1;1;1
536587362;155 693 193;A01;0;7;0;1;0;0;0
536587363;155 693 194;B01;3;80;0;2;0;1;5
536587363;155 693 197;A01;3;7;0;2;0;15;1
536587364;155 693 187;A01;1;33;0;2;7;3;1
536587364;155 693 191;B01;1;7;0;2;6;11;1
536587365;155 693 188;A01;3;7;0;2;0;0;1
536587365;155 693 192;B01;3;1;0;2;0;0;5
536587366;155 693 182;A01;2;10;0;2;1;1;1
536587366;155 693 186;B01;2;7;0;2;4;23;1
536587366;155 693 189;C01;2;7;0;2;4;23;2
536587367;155 693 183;Z01;2;7;0;2;6;9;0
536587367;155 693 185;A01;1;31;0;2;2;1;1
536587368;155 693 184;B01;3;7;0;1;3;26;1
536587368;155 693 190;A01;3;20;1;0;2;14;1
536587369;155 693 176;A01;2;33;0;0;0;2;1
536587370;155 693 177;A01;2;7;0;0;1;15;1
536587370;155 693 180;B01;1;33;0;2;1;1;1
536587371;155 693 174;B01;2;1;1;2;1;5;5
536587371;155 693 179;A01;1;7;1;2;1;26;1
536587372;155 693 178;A01;2;14;0;2;7;16;1
536587372;155 693 181;B01;3;1;0;2;1;1;5
536587373;155 693 175;A01;1;13;0;1;2;1;0
536587374;155 693 172;A01;1;30;1;0;1;1;1
536587375;155 693 167;A01;2;7;0;9;3;1;1
536587375;155 693 171;B01;2;1;1;0;8;1;5
536587376;155 693 169;A01;1;33;0;1;1;1;1
536587377;155 693 170;A01;0;1;0;2;1;1;5
536587377;155 693 173;B01;0;7;0;2;1;1;1
536587378;155 693 164;A01;2;2;0;2;1;13;1
536587378;155 693 165;B01;1;33;0;2;1;1;1
536587379;155 693 163;A01;1;7;0;0;4;1;1
536587379;155 693 166;B01;1;7;0;2;4;23;1
536587379;155 693 168;C01;1;10;0;0;4;21;1
536587380;155 693 160;B01;1;2;0;2;2;1;1
536587380;155 693 162;A01;2;7;0;0;3;13;1
536587381;155 693 161;A01;1;32;0;1;1;1;1
536587382;155 693 157;A01;1;7;0;2;3;13;1
536587382;155 693 159;B01;2;7;0;2;0;1;1
536587383;155 693 155;B01;1;2;0;2;1;1;1
536587383;155 693 158;A01;2;7;0;2;2;15;1
536587384;155 693 154;A01;0;7;0;0;1;1;1
536587385;155 693 152;A01;2;7;0;2;1;16;2
536587385;155 693 156;B01;3;1;0;2;7;5;5
536587386;155 693 151;A01;2;33;0;0;7;16;1
536587387;155 693 149;A01;0;7;0;2;1;1;1
536587388;155 693 148;A01;3;33;0;2;1;2;1
536587388;155 693 150;B01;3;32;0;2;4;2;1
536587389;155 693 144;Z01;1;7;0;2;0;0;0
536587389;155 693 147;B01;1;2;0;2;7;1;1
536587390;155 693 138;C01;2;7;0;2;3;1;1
536587390;155 693 141;A01;1;7;0;2;3;13;1
536587390;155 693 145;B01;2;7;0;2;3;1;1
536587391;155 693 139;B01;3;7;0;0;4;2;1
536587391;155 693 142;A01;3;7;0;2;1;2;1
536587392;155 693 137;C01;0;7;0;2;4;1;1
536587392;155 693 140;B01;0;7;0;2;1;1;0
536587392;155 693 143;A01;0;7;0;2;1;1;1
536587393;155 693 134;A01;1;33;3;0;7;1;1
536587394;155 693 135;A01;2;7;0;2;3;15;1
536587394;155 693 136;B01;2;31;0;2;7;2;1
536587395;155 693 130;A01;2;32;0;2;6;18;1
536587395;155 693 132;B01;2;10;0;2;2;1;1
536587396;155 693 129;B01;1;99;0;2;4;1;1
536587396;155 693 146;A01;1;7;0;2;1;2;1
536587397;155 693 127;A01;1;50;0;0;1;21;3
536587398;155 693 123;B01;1;31;0;2;1;1;1
536587398;155 693 126;A01;2;7;0;2;0;0;1
536587399;155 693 125;B01;3;7;0;2;3;1;1
536587399;155 693 128;A01;3;7;0;2;3;1;1
536587400;155 693 120;A01;1;33;0;2;1;2;1
536587400;155 693 124;B01;1;7;0;2;2;16;1
536587401;155 693 117;B01;1;17;0;2;6;1;1
536587401;155 693 121;A01;1;7;3;2;2;1;1
536587402;155 693 119;B01;1;33;0;2;7;1;1
536587402;155 693 122;A01;3;7;0;2;3;15;1
536587403;155 693 116;A01;1;33;15;0;3;13;1
536587404;155 693 115;A01;3;33;0;2;8;17;1
536587404;155 693 118;B01;3;7;0;9;8;1;2
536587405;155 693 114;A01;1;1;0;0;0;1;5
536587406;155 693 110;B01;3;1;0;2;1;1;5
536587406;155 693 113;A01;3;1;0;2;1;26;5
536587407;155 693 111;A01;2;7;2;0;1;14;1
536587408;155 693 108;B01;2;7;15;2;3;1;1
536587408;155 693 112;A01;1;7;8;2;7;19;1
536587409;155 693 107;A01;0;7;0;1;1;1;1
536587410;155 693 104;A01;0;43;0;6;3;0;1
536587411;155 693 105;A01;1;2;0;0;8;1;3
536587412;155 693 103;C01;1;7;0;2;3;23;1
536587412;155 693 106;B01;2;7;0;2;8;1;2
536587412;155 693 109;A01;2;7;0;2;7;15;0
536587413;155 693 099;A01;1;7;17;0;2;1;1
536587414;155 693 101;A01;3;33;0;0;7;1;1
536587415;155 693 098;A01;3;10;0;2;5;15;1
536587415;155 693 100;B01;3;2;0;2;1;1;1
536587416;155 693 097;B01;2;33;0;2;1;1;1
536587416;155 693 102;A01;1;7;0;2;2;10;1
536587417;155 693 096;A01;2;2;0;0;0;1;1
536587418;155 693 092;A01;1;30;0;2;3;16;3
536587418;155 693 094;Z01;1;13;0;2;2;0;0
536587419;155 693 091;A01;1;7;0;2;4;1;1
536587419;155 693 095;B01;1;7;0;2;1;1;1
536587420;155 693 089;A01;1;7;0;2;1;13;1
536587420;155 693 093;B01;3;7;0;2;1;1;1
536587421;155 693 087;A01;3;7;0;2;8;2;1
536587421;155 693 090;B01;3;17;0;2;5;12;1
536587422;155 693 086;A01;1;7;6;0;1;16;1
536587423;155 693 084;B01;1;7;3;2;1;1;1
536587423;155 693 088;A01;2;7;0;2;1;13;2
536587424;155 693 082;A01;1;7;0;2;1;2;1
536587424;155 693 085;B01;1;10;0;2;4;2;1
536587425;155 693 081;A01;2;7;0;2;5;16;1
536587425;155 693 083;B01;2;1;0;2;8;2;5
536587426;155 693 080;A01;2;7;0;0;9;26;1
536587427;155 693 078;A01;2;7;2;0;8;2;1
536587428;155 693 079;A01;2;30;0;1;1;17;1
536587429;155 693 077;A01;2;7;6;0;1;20;3
536587430;155 693 074;A01;1;37;0;2;1;23;3
536587430;155 693 076;B01;0;10;0;0;0;0;0
536587431;155 693 071;A01;2;34;0;1;1;17;1
536587432;155 693 069;B01;2;7;0;2;4;2;1
536587432;155 693 075;A01;2;7;0;2;1;2;1
536587433;155 693 070;A01;2;7;0;2;2;13;1
536587433;155 693 072;B01;1;7;0;2;2;21;1
536587434;155 693 068;B01;1;7;0;2;3;1;1
536587434;155 693 073;A01;2;7;0;2;2;15;1
536587435;155 693 066;A01;1;7;0;1;2;2;1
536587436;155 693 063;A01;3;7;2;0;1;21;1
536587437;155 693 064;B01;3;50;16;2;7;25;3
536587438;155 693 061;A01;2;7;0;1;2;1;1
536587439;155 693 057;C01;1;7;0;1;3;21;2
536587439;155 693 060;D01;1;7;0;1;1;21;3
536587439;155 693 062;A01;1;7;0;1;3;21;2
536587439;155 693 065;B01;1;7;0;1;3;21;1
536587440;155 693 054;A01;1;43;11;0;1;13;1
536587441;155 693 052;A01;2;31;0;2;3;3;1
536587441;155 693 058;Z01;2;7;0;2;5;1;2
536587442;155 693 055;B01;1;33;0;2;1;1;1
536587442;155 693 059;A01;2;7;0;2;3;15;1
536587443;155 693 053;B01;3;30;1;2;1;1;1
536587443;155 693 056;A01;3;7;0;2;3;10;1
536587444;155 693 046;A01;1;1;0;2;7;13;5
536587444;155 693 047;B01;1;7;0;0;8;1;1
536587445;155 693 043;A01;2;31;0;2;3;19;1
536587445;155 693 048;B01;2;10;0;2;7;19;1
536587446;155 693 044;A01;1;7;0;2;6;1;1
536587446;155 693 050;B01;2;7;0;2;1;1;1
536587447;155 693 045;A01;2;7;0;2;1;2;1
536587447;155 693 049;B01;2;7;0;2;4;2;1
536587447;155 693 051;C01;2;7;0;2;4;2;1
536587448;155 693 042;A01;1;7;0;1;1;0;1
536587449;155 693 037;A01;2;7;0;2;1;2;1
536587449;155 693 041;B01;1;7;0;2;1;1;1
536587450;155 693 039;A01;1;7;4;0;1;0;1
536587451;155 693 036;A01;3;7;0;2;3;23;1
536587451;155 693 040;B01;3;2;1;0;1;0;1
536587452;155 693 035;A01;3;7;0;2;1;15;1
536587452;155 693 038;B01;3;33;0;2;1;1;1
536587453;155 693 034;A01;3;50;0;0;0;0;3
536587454;155 693 033;A01;2;7;4;0;8;11;1
536587455;155 693 031;A01;1;7;6;0;2;14;1
536587456;155 693 032;A01;1;7;0;1;1;2;1
536587457;155 693 030;A01;2;7;0;1;1;1;1
536587458;155 693 024;A01;1;7;0;2;3;1;1
536587458;155 693 029;B01;2;7;0;2;3;5;1
536587459;155 693 025;A01;3;7;0;2;1;15;1
536587459;155 693 028;B01;3;7;0;2;1;16;1
536587460;155 693 022;B01;3;33;0;2;3;1;1