Num_Acc;id_vehicule;num_veh;senc;catv;obs;obsm;choc;manv;motor
536587460;155 693 027;A01;3;7;0;2;6;15;1
536587461;155 693 020;A01;2;7;0;2;7;12;1
536587461;155 693 023;B01;2;33;0;2;8;2;1
536587462;155 693 019;A01;1;50;0;0;0;1;3
536587463;155 693 016;B01;2;33;0;2;1;21;1
536587463;155 693 018;A01;2;7;0;2;3;26;1
536587464;155 693 013;A01;1;7;0;2;1;1;1
536587464;155 693 017;B01;1;7;0;2;5;16;1
536587465;155 693 012;B01;1;7;1;0;5;9;2
536587465;155 693 015;A01;3;33;0;2;3;7;1
536587466;155 693 011;A01;1;7;0;2;5;1;1
536587466;155 693 014;B01;1;10;0;2;6;23;1
536587467;155 693 010;A01;2;33;6;0;2;0;1
536587468;155 693 006;A01;1;7;0;2;3;24;2
536587468;155 693 009;B01;1;80;1;0;1;1;3
536587469;155 693 004;A01;0;30;0;2;1;2;1
536587469;155 693 007;B01;0;7;0;2;4;1;1
536587470;155 693 005;B01;0;10;0;2;1;1;1
536587470;155 693 008;A01;0;10;0;2;2;13;1
536587471;155 692 999;A01;3;7;0;2;8;19;1
536587471;155 693 002;B01;1;7;0;2;1;1;1
536587472;155 692 998;A01;0;10;0;1;3;15;0
536587473;155 692 997;C01;1;7;0;2;5;2;1
536587473;155 693 001;A01;1;33;0;2;2;3;1
536587473;155 693 003;B01;1;7;0;2;3;2;1
536587474;155 692 996;A01;2;7;0;1;1;1;1
536587475;155 692 994;A01;2;7;2;0;0;14;1
536587476;155 692 995;A01;2;33;0;2;1;1;1
536587476;155 693 000;B01;2;7;0;2;8;15;2
536587477;155 692 992;A01;0;7;3;0;2;0;1
536587478;155 692 990;Z01;2;2;0;0;0;0;0
536587478;155 692 993;A01;2;30;0;2;4;1;1
536587479;155 692 991;A01;2;7;4;0;8;0;1
536587480;155 692 988;B01;3;31;0;2;0;0;1
536587480;155 692 989;A01;3;7;0;2;0;0;1
536587481;155 692 983;A01;1;7;0;2;0;0;1
536587481;155 692 986;B01;1;7;0;2;6;21;1
536587482;155 692 984;A01;1;7;0;0;0;1;1
536587483;155 692 982;B01;1;7;6;2;1;17;3
536587483;155 692 985;A01;1;10;0;2;3;15;1
536587484;155 692 981;B01;2;33;0;2;7;1;1
536587484;155 692 987;A01;2;7;0;2;8;11;1
536587485;155 692 979;A01;1;31;6;0;1;0;1
536587486;155 692 978;A01;1;10;0;0;0;15;1
536587486;155 692 980;B01;2;2;0;0;0;1;1
536587487;155 692 976;A01;0;7;0;1;1;20;0
536587488;155 692 973;B01;2;7;0;2;4;2;1
536587488;155 692 975;A01;2;10;0;2;1;2;1
536587489;155 692 971;A01;2;33;0;2;1;3;1
536587489;155 692 974;B01;2;7;0;2;3;11;1
536587489;155 692 977;C01;2;7;0;2;6;2;2
536587490;155 692 969;A01;1;7;0;0;1;1;1
536587491;155 692 970;A01;1;21;0;0;6;15;1
536587491;155 692 972;B01;1;33;0;2;1;17;1
536587492;155 692 966;B01;1;7;0;2;1;1;1
536587492;155 692 967;A01;1;50;0;2;7;19;3
536587493;155 692 965;A01;2;7;0;2;2;1;1
536587493;155 692 968;B01;2;7;0;2;8;1;1
536587494;155 692 962;A01;1;33;0;0;7;26;1
536587495;155 692 961;A01;2;33;0;2;7;1;1
536587495;155 692 964;B01;2;7;0;2;3;15;1
536587496;155 692 959;A01;1;50;0;0;3;1;3
536587497;155 692 957;A01;2;7;0;2;1;1;1
536587497;155 692 958;B01;2;7;0;2;4;1;1
536587498;155 692 952;A01;1;7;4;0;3;26;1
536587499;155 692 955;C01;2;7;0;2;3;2;1
536587499;155 692 960;A01;1;7;0;2;3;1;1
536587499;155 692 963;B01;2;3;0;2;1;15;1
536587500;155 692 951;A01;1;10;0;2;1;15;6
536587500;155 692 954;B01;1;7;0;2;1;1;0
536587501;155 692 953;B01;0;7;0;2;1;1;1
536587501;155 692 956;A01;3;10;0;2;7;19;1
536587502;155 692 949;A01;2;7;0;2;4;1;0
536587502;155 692 950;B01;2;1;0;2;4;1;5
536587503;155 692 946;A01;2;7;0;2;3;11;0
536587503;155 692 948;B01;2;33;0;2;7;1;0
536587504;155 692 947;A01;3;33;0;0;1;13;1
536587505;155 692 944;A01;1;10;0;2;3;20;1
536587505;155 692 945;B01;1;50;0;2;0;1;3
536587506;155 692 943;A01;2;7;0;1;4;20;2
536587507;155 692 940;A01;1;10;0;1;2;2;1
536587508;155 692 939;A01;1;7;0;2;1;1;1
536587508;155 692 941;B01;2;7;0;2;7;1;1
536587509;155 692 937;B01;3;7;0;2;7;1;1
536587509;155 692 942;A01;3;10;0;2;1;1;3
536587510;155 692 936;A01;1;10;2;0;1;1;1
536587511;155 692 935;A01;1;7;0;2;3;9;1
536587511;155 692 938;B01;1;33;0;2;7;1;1
536587512;155 692 933;A01;0;7;0;2;2;4;1
536587512;155 692 934;B01;2;50;0;2;1;1;3
536587513;155 692 931;A01;1;7;0;1;1;19;2
536587514;155 692 929;A01;1;7;0;1;2;16;1
536587515;155 692 930;A01;2;36;0;9;2;1;1
536587515;155 692 932;B01;1;1;0;2;3;11;5
536587516;155 692 921;A01;1;10;0;2;1;1;1
536587516;155 692 926;B01;3;7;0;2;6;1;1
536587517;155 692 917;B01;1;13;0;2;4;2;1
536587517;155 692 922;D01;1;7;0;0;4;2;1
536587517;155 692 925;A01;1;14;0;2;1;2;1
536587517;155 692 927;C01;1;7;0;2;4;2;1
536587518;155 692 919;B01;1;7;0;2;1;1;1
536587518;155 692 923;C01;1;7;0;2;5;1;1
536587518;155 692 928;A01;1;7;0;2;3;15;1
536587519;155 692 920;A01;1;7;2;2;1;2;1
536587519;155 692 924;B01;1;7;0;2;3;15;1
536587520;155 692 916;A01;2;39;0;2;1;1;3
536587520;155 692 918;B01;1;10;0;4;6;1;1
536587521;155 692 914;A01;1;7;13;0;1;1;1
536587522;155 692 912;A01;2;7;0;2;1;2;1
536587522;155 692 915;B01;2;7;0;2;6;23;1
536587523;155 692 913;A01;1;7;4;0;9;13;1
536587524;155 692 909;A01;1;33;0;0;9;1;1
536587525;155 692 908;B01;1;33;0;2;1;1;1
536587525;155 692 911;A01;1;7;0;2;3;15;1
536587526;155 692 905;B01;2;14;0;0;5;23;1
536587526;155 692 910;A01;2;7;1;0;3;12;1
536587527;155 692 906;A01;1;7;0;0;9;14;1
536587528;155 692 904;A01;1;7;0;2;3;15;1
536587528;155 692 907;B01;2;37;0;2;3;1;3
536587529;155 692 902;A01;1;7;0;1;3;1;1
536587530;155 692 898;A01;1;7;0;2;3;15;1
536587530;155 692 901;B01;1;33;0;2;1;17;1
536587531;155 692 896;B01;2;7;0;0;8;1;1
536587531;155 692 900;A01;2;7;0;2;7;17;1
536587531;155 692 903;C01;1;7;13;0;2;21;1
536587532;155 692 897;A01;1;10;0;1;2;2;1
536587533;155 692 895;A01;2;7;0;2;2;15;1
536587533;155 692 899;B01;1;33;0;2;1;1;1
536587534;155 692 892;A01;3;7;0;2;1;9;1
536587534;155 692 894;B01;1;7;0;2;3;1;1
536587535;155 692 891;A01;3;7;16;0;9;13;1
536587536;155 692 887;A01;1;7;0;0;1;15;1
536587537;155 692 886;B01;2;7;0;2;9;21;1
536587537;155 692 889;C01;2;7;0;2;4;26;2
536587537;155 692 893;A01;2;7;0;2;1;2;1
536587538;155 692 885;A01;2;10;0;1;1;16;1
536587539;155 692 881;A01;1;7;0;2;2;2;1
536587539;155 692 883;B01;1;7;0;2;4;2;1
536587540;155 692 880;A01;1;7;0;0;0;0;1
536587541;155 692 884;A01;2;7;0;0;8;13;1
536587542;155 692 876;B01;3;7;0;2;2;15;1
536587542;155 692 879;C01;3;33;0;2;1;1;0
536587542;155 692 882;A01;3;7;6;2;2;1;1
536587543;155 692 874;A01;1;7;0;2;3;13;1
536587543;155 692 878;B01;2;7;0;2;3;1;1
536587544;155 692 873;B01;2;99;0;0;3;19;1
536587544;155 692 875;A01;2;2;0;0;1;1;1
536587545;155 692 872;B01;1;2;0;2;1;1;1
536587545;155 692 877;A01;1;7;0;2;7;1;1
536587546;155 692 869;A01;1;7;0;0;2;17;1
536587547;155 692 868;A01;1;17;3;2;1;13;1
536587547;155 692 870;B01;2;7;3;0;1;1;1
536587548;155 692 866;B01;2;7;0;2;1;1;1
536587548;155 692 871;A01;1;7;0;2;1;14;1
536587549;155 692 865;A01;2;50;0;2;7;1;3
536587549;155 692 867;B01;2;7;0;2;2;1;1
536587550;155 692 862;A01;1;7;0;2;8;9;1
536587550;155 692 864;B01;1;14;0;2;1;2;1
536587551;155 692 860;A01;1;7;3;2;0;1;1
536587551;155 692 863;B01;1;7;3;2;0;1;2
536587552;155 692 859;B01;1;10;0;2;3;1;1
536587552;155 692 861;A01;2;7;0;2;3;13;1
536587553;155 692 857;A01;3;33;4;2;1;1;1
536587553;155 692 858;B01;3;7;0;2;1;1;1
536587554;155 692 855;A01;0;7;0;9;3;9;3
536587554;155 692 856;B01;0;1;0;2;7;1;5
536587555;155 692 853;A01;1;1;0;0;0;1;5
536587556;155 692 852;A01;2;15;0;2;1;1;1
536587556;155 692 854;B01;1;7;0;2;1;13;1
536587557;155 692 850;B01;1;7;0;2;2;1;1
536587557;155 692 851;A01;1;35;0;2;3;0;1
536587558;155 692 848;A01;2;7;0;2;1;2;1
536587558;155 692 849;B01;2;33;0;2;4;23;1
536587559;155 692 846;A01;3;7;13;0;3;14;1
536587560;155 692 844;A01;2;7;3;2;1;2;1
536587560;155 692 847;B01;2;7;3;0;4;2;1
536587561;155 692 843;A01;2;7;0;1;2;1;2
536587562;155 692 842;A01;1;7;13;0;9;14;1
536587563;155 692 840;A01;2;7;8;0;7;1;1
536587564;155 692 838;B01;3;7;0;2;8;15;1
536587564;155 692 841;A01;1;7;0;2;1;1;1
536587565;155 692 837;A01;2;7;13;0;2;1;1
536587566;155 692 836;A01;2;7;0;2;5;9;1
536587566;155 692 839;B01;2;80;0;2;1;1;3
536587567;155 692 833;A01;2;21;0;2;2;15;1
536587567;155 692 834;B01;2;30;0;2;1;1;1
536587568;155 692 832;A01;3;7;0;1;4;4;1
536587569;155 692 835;A01;1;33;13;0;0;16;1
536587570;155 692 828;A01;1;7;8;2;1;1;1
536587570;155 692 830;B01;1;7;0;0;7;0;1
536587571;155 692 829;A01;1;10;0;2;2;19;1
536587571;155 692 831;B01;2;7;0;2;1;1;1
536587572;155 692 826;A01;0;7;0;1;1;1;1
536587573;155 692 827;A01;2;7;13;0;1;1;1
536587574;155 692 825;A01;2;7;12;0;1;1;1
536587575;155 692 824;A01;0;7;8;0;2;15;1
536587576;155 692 820;A01;1;7;1;0;1;26;1
536587576;155 692 821;B01;1;7;0;2;3;26;1
536587577;155 692 818;A01;1;7;0;2;3;16;1
536587577;155 692 819;B01;1;43;0;2;1;1;1
536587578;155 692 817;A01;2;7;4;0;0;9;1
536587579;155 692 816;A01;1;7;4;0;1;1;1
536587580;155 692 814;A01;3;7;0;2;3;1;1
536587580;155 692 815;B01;3;33;0;2;1;1;1
536587581;155 692 812;A01;3;50;0;2;1;26;3
536587581;155 692 813;B01;3;37;0;2;5;1;0
536587582;155 692 811;A01;2;7;8;0;1;1;1
536587583;155 692 810;A01;1;2;0;0;7;1;1
536587584;155 692 809;A01;2;7;0;1;6;4;1
536587585;155 692 808;A01;3;10;4;0;2;15;1
536587586;155 692 807;A01;1;7;0;1;3;26;1
536587587;155 692 805;B01;1;7;0;2;1;1;1
536587587;155 692 806;A01;2;2;0;2;1;13;1
536587588;155 692 803;A01;2;16;0;2;7;12;1
536587588;155 692 804;B01;1;7;0;2;8;1;1
536587589;155 692 802;A01;2;7;0;1;2;1;1
536587590;155 692 800;B01;3;50;0;0;0;0;3
536587590;155 692 801;Z01;3;7;0;2;4;4;1
536587591;155 692 799;A01;1;7;1;0;2;1;1
536587592;155 692 797;A01;2;17;0;2;1;1;1
536587592;155 692 798;B01;2;7;0;2;4;9;1
536587593;155 692 795;B01;1;7;5;2;3;5;1
536587593;155 692 796;A01;2;7;0;2;3;13;2
536587594;155 692 794;A01;3;50;0;0;3;1;3
536587595;155 692 793;A01;3;7;0;1;0;1;1
536587596;155 692 792;A01;1;7;0;1;3;1;1
536587597;155 692 791;A01;0;7;0;1;4;20;1
536587598;155 692 789;B01;1;7;0;2;4;2;2
536587598;155 692 790;A01;1;30;0;2;1;2;3
536587599;155 692 788;A01;1;7;0;0;0;13;1
536587600;155 692 786;B01;2;99;0;2;3;0;0
536587600;155 692 787;A01;1;7;0;9;2;2;1
536587601;155 692 785;A01;0;2;0;0;7;1;1
536587602;155 692 784;A01;2;7;13;0;1;1;1
536587603;155 692 782;A01;2;50;0;2;1;21;3
536587603;155 692 783;B01;3;14;0;2;4;4;1
536587604;155 692 781;A01;2;10;0;1;2;1;1
536587605;155 692 780;A01;2;7;0;1;1;1;1
536587606;155 692 778;Z01;2;13;0;9;1;1;1
536587606;155 692 779;B01;1;1;0;2;1;1;5
536587607;155 692 775;C01;2;10;0;2;1;1;1
536587607;155 692 776;A01;1;7;0;2;5;5;1
536587607;155 692 777;B01;3;7;0;2;1;5;1
536587608;155 692 773;A01;3;30;0;2;3;2;1
536587608;155 692 774;B01;3;10;0;2;3;15;1
536587609;155 692 771;A01;0;7;0;2;7;16;1
536587609;155 692 772;B01;0;7;0;2;0;0;1
536587610;155 692 770;A01;2;7;13;0;1;1;1
536587611;155 692 769;A01;1;7;7;0;1;15;1
536587612;155 692 767;B01;2;7;0;2;7;0;1
536587612;155 692 768;A01;1;7;0;2;1;1;1
536587613;155 692 766;A01;3;7;0;1;2;1;1
536587614;155 692 764;A01;3;50;0;2;1;19;3
536587614;155 692 765;B01;3;7;0;2;2;1;1
536587615;155 692 763;B01;1;2;0;2;7;1;1
536587616;155 692 760;A01;1;7;0;2;3;1;1
536587616;155 692 762;B01;1;7;0;2;3;23;1
536587617;155 692 759;A01;1;15;0;2;1;1;1
536587617;155 692 761;B01;1;7;0;0;4;1;1
536587618;155 692 756;A01;1;7;0;2;7;21;1
536587618;155 692 757;B01;2;7;0;2;6;23;1
536587619;155 692 753;A01;1;7;0;9;2;15;1
536587619;155 692 754;B01;2;1;0;9;1;2;5
536587620;155 692 755;A01;2;7;0;9;3;16;1
536587620;155 692 758;B01;2;50;0;2;7;1;3
536587621;155 692 751;B01;3;1;0;2;7;26;5
536587621;155 692 752;A01;1;7;0;9;0;0;1
536587622;155 692 747;A01;1;40;0;2;0;15;3
536587622;155 692 750;Y01;2;1;0;4;0;1;5
536587623;155 692 748;B01;1;7;0;2;2;26;1
536587623;155 692 749;A01;2;7;15;2;3;9;1
536587624;155 692 746;A01;2;7;6;0;1;2;1
536587625;155 692 745;A01;0;7;0;1;0;0;1
536587626;155 692 744;A01;3;30;0;5;7;1;1
536587627;155 692 742;A01;1;7;0;2;2;10;1
536587627;155 692 743;B01;2;31;0;2;1;1;1
536587628;155 692 741;A01;1;7;0;1;8;1;1
536587629;155 692 738;B01;1;7;0;2;6;2;1
536587629;155 692 740;A01;1;7;9;2;2;17;1
536587630;155 692 737;A01;3;33;0;2;7;16;1
536587630;155 692 739;B01;3;7;0;2;3;1;1
536587631;155 692 736;A01;1;7;3;0;3;1;1
536587632;155 692 735;A01;0;10;0;1;1;1;0
536587633;155 692 730;Z01;0;13;0;1;5;0;0
536587634;155 692 731;B01;3;33;0;2;1;1;1
536587634;155 692 732;D01;3;38;0;2;7;1;1
536587634;155 692 733;C01;3;10;0;2;1;1;1
536587634;155 692 734;A01;3;7;0;2;8;11;2
536587635;155 692 729;A01;2;7;0;1;1;1;1
536587636;155 692 728;A01;1;1;0;1;1;17;5
536587637;155 692 727;A01;2;7;0;1;2;0;1
536587638;155 692 725;A01;2;7;0;2;3;20;1
536587638;155 692 726;B01;2;32;0;2;1;1;1
536587639;155 692 721;B01;1;7;0;2;4;2;1
536587639;155 692 723;C01;1;7;0;2;4;2;1
536587639;155 692 724;A01;1;10;0;2;1;26;1
536587640;155 692 720;B01;2;1;0;2;3;19;5
536587640;155 692 722;A01;2;7;0;2;2;1;1
536587641;155 692 718;B01;2;7;0;2;4;2;1
536587641;155 692 719;A01;2;7;0;2;1;2;1
536587642;155 692 716;A01;3;7;9;2;2;1;1
536587642;155 692 717;B01;2;7;0;2;1;1;1
536587643;155 692 712;Z01;1;0;0;1;2;1;0
536587644;155 692 713;B01;1;33;0;2;7;3;1
536587644;155 692 714;C01;1;7;0;2;5;1;1
536587644;155 692 715;A01;1;7;0;2;3;11;1
536587645;155 692 711;A01;2;7;4;0;2;1;1
536587646;155 692 709;A01;1;10;0;2;2;11;1
536587646;155 692 710;B01;2;7;0;2;3;15;1
536587647;155 692 707;A01;2;1;0;1;1;1;5
536587648;155 692 706;A01;1;7;0;2;1;15;1
536587648;155 692 708;B01;2;33;0;2;1;1;1
536587649;155 692 705;A01;2;31;12;0;8;13;1
536587650;155 692 704;A01;1;33;0;0;8;3;1
536587651;155 692 703;A01;2;33;0;1;8;18;1
536587652;155 692 702;A01;2;7;2;0;1;13;1
536587653;155 692 701;A01;3;37;0;1;3;1;1
536587654;155 692 699;A01;3;33;0;0;0;1;1
536587655;155 692 697;A01;2;2;0;2;2;14;1
536587655;155 692 700;B01;2;7;0;2;3;1;1
536587656;155 692 696;A01;1;7;0;2;1;9;1
536587656;155 692 698;B01;1;7;4;2;7;14;1
536587657;155 692 695;A01;1;7;0;0;1;1;1
536587658;155 692 693;B01;3;1;0;2;7;1;5
536587658;155 692 694;A01;1;7;0;2;1;9;1
536587659;155 692 690;B01;0;7;14;0;1;2;1
536587659;155 692 692;A01;3;7;0;2;4;23;1
536587660;155 692 689;A01;0;2;0;2;3;1;1
536587660;155 692 691;B01;3;7;0;2;1;1;1
536587661;155 692 688;A01;3;7;0;1;2;1;1
536587662;155 692 687;A01;0;7;0;1;3;15;1
536587663;155 692 686;A01;3;10;8;0;0;9;0
536587664;155 692 685;A01;3;32;0;1;0;25;0
536587665;155 692 684;A01;2;31;0;0;0;21;1
536587666;155 692 683;A01;1;7;0;1;3;15;1
536587667;155 692 682;A01;3;7;0;1;5;4;1
536587668;155 692 681;A01;2;2;0;0;0;18;1
536587669;155 692 679;A01;1;7;0;1;2;16;1
536587670;155 692 678;B01;1;1;0;2;7;1;5
536587670;155 692 680;A01;3;7;0;2;1;9;1
536587671;155 692 677;A01;1;7;0;1;2;1;1
536587672;155 692 674;B01;2;10;0;2;4;4;1
536587672;155 692 676;A01;2;1;0;2;1;23;5
536587673;155 692 673;B01;1;10;0;2;8;15;1
536587673;155 692 675;A01;1;7;0;2;2;18;1
536587674;155 692 671;A01;1;33;0;2;8;17;1
536587674;155 692 672;B01;1;7;0;2;3;1;1
536587675;155 692 669;A01;2;7;0;2;2;16;1
536587675;155 692 670;B01;2;33;0;2;3;18;1
536587676;155 692 667;A01;1;7;0;2;3;1;1
536587676;155 692 668;B01;1;1;0;2;5;12;5
536587677;155 692 665;A01;2;7;0;1;1;1;1
536587678;155 692 664;B01;1;7;0;0;0;1;1
536587678;155 692 666;A01;2;50;0;0;0;5;3
536587679;155 692 660;A01;2;7;0;2;1;26;1
536587679;155 692 662;B01;2;3;0;2;4;0;1
536587679;155 692 663;C01;2;7;0;2;4;23;1
536587680;155 692 661;A01;2;7;4;0;1;1;1
536587681;155 692 658;B01;1;2;0;2;3;1;1
536587681;155 692 659;A01;2;7;0;2;2;15;0
536587682;155 692 657;A01;1;7;6;0;2;1;1
536587683;155 692 655;B01;3;7;0;2;1;1;1
536587683;155 692 656;A01;3;7;0;2;5;15;1
536587684;155 692 654;A01;1;7;0;1;2;1;1
536587685;155 692 652;A01;0;31;0;2;7;17;1
536587685;155 692 653;Z01;3;37;0;2;8;1;0
536587686;155 692 649;A01;1;7;0;2;2;9;1
536587686;155 692 651;B01;2;7;0;2;2;15;1
536587687;155 692 648;B01;3;50;0;2;2;0;3
536587687;155 692 650;A01;3;7;0;9;1;19;1
536587688;155 692 645;B01;3;7;0;2;2;0;1
536587688;155 692 646;A01;2;32;0;2;1;0;1
536587688;155 692 647;C01;1;32;0;2;1;0;1
536587689;155 692 644;A01;2;10;0;1;1;15;1
536587690;155 692 642;B01;3;1;0;2;1;2;5
536587690;155 692 643;A01;2;32;0;2;0;26;1
536587691;155 692 641;A01;1;3;13;0;3;13;1
536587692;155 692 639;A01;3;7;0;2;8;15;1
536587692;155 692 640;B01;3;33;0;2;1;1;1
536587693;155 692 636;A01;3;10;0;2;1;16;1
536587693;155 692 638;B01;0;43;0;2;1;1;1
536587694;155 692 634;B01;1;37;0;2;4;1;1
536587694;155 692 637;A01;1;10;0;2;1;2;1
536587695;155 692 633;B01;1;7;0;2;4;1;1
536587695;155 692 635;A01;2;7;0;2;1;2;1
536587696;155 692 630;A01;1;7;0;2;1;0;0
536587696;155 692 632;B01;3;7;0;2;0;0;1
536587697;155 692 628;A01;2;32;0;2;7;17;1
536587697;155 692 631;B01;2;7;0;2;3;15;1
536587698;155 692 627;A01;3;2;0;2;1;1;1
536587698;155 692 629;B01;3;32;0;2;2;19;1
536587699;155 692 625;A01;3;10;1;0;1;11;3
536587700;155 692 624;A01;1;10;0;2;4;4;1
536587700;155 692 626;B01;1;1;0;2;0;0;5
536587701;155 692 622;B01;2;7;0;2;6;1;1
536587701;155 692 623;A01;2;7;0;2;1;1;1
536587702;155 692 621;A01;2;50;0;2;1;17;3
536587703;155 692 619;A01;1;7;0;1;1;1;0
536587704;155 692 618;A01;2;7;0;2;2;5;1
536587704;155 692 620;B01;1;7;0;2;1;26;1
536587705;155 692 617;A01;2;37;0;1;2;1;3
536587706;155 692 615;A01;2;10;0;1;1;1;1
536587707;155 692 614;A01;2;10;8;0;2;1;1
536587708;155 692 613;A01;1;7;0;2;2;9;1
536587708;155 692 616;B01;3;7;0;2;5;1;1
536587709;155 692 609;A01;2;7;0;2;3;1;1
536587709;155 692 612;B01;1;7;0;2;3;1;1
536587710;155 692 608;A01;1;30;0;2;4;2;1
536587710;155 692 611;B01;1;7;0;2;3;2;1
536587711;155 692 607;B01;3;1;0;2;1;1;5
536587711;155 692 610;A01;2;7;0;2;3;16;1
536587712;155 692 602;B01;1;2;0;2;1;3;1
536587712;155 692 603;A01;1;7;0;2;5;12;1
536587713;155 692 601;B01;2;10;0;2;1;1;1
536587713;155 692 606;A01;1;7;0;2;1;19;1
536587714;155 692 598;A01;0;33;0;2;1;2;1
536587714;155 692 600;B01;3;7;0;2;4;15;3
536587715;155 692 597;A01;3;50;0;1;1;19;3
536587716;155 692 596;A01;1;33;0;2;1;26;1
536587716;155 692 599;B01;1;7;0;2;4;2;1
536587717;155 692 595;A01;2;7;0;0;6;9;1
536587718;155 692 594;Z01;2;33;0;1;0;1;1
536587719;155 692 588;C01;1;7;0;2;6;1;3
536587719;155 692 591;D01;1;7;0;2;1;1;2
536587719;155 692 592;A01;1;10;0;2;3;11;1
536587719;155 692 593;B01;1;7;0;2;2;1;1
536587720;155 692 587;B01;0;7;0;2;4;1;1
536587720;155 692 589;Z01;0;7;0;2;1;1;1
536587721;155 692 583;A01;2;10;0;1;4;4;6
536587722;155 692 585;A01;1;33;0;2;1;2;1
536587722;155 692 586;B01;1;7;0;0;5;2;1
536587723;155 692 584;A01;2;33;0;0;7;0;1
536587724;155 692 579;A01;3;13;0;0;0;15;0
536587724;155 692 582;B01;3;2;0;2;0;1;3
536587725;155 692 578;A01;3;2;0;2;8;10;1
536587725;155 692 581;B01;0;2;0;2;2;1;1
536587726;155 692 577;B01;3;10;0;2;0;0;0
536587726;155 692 580;A01;0;7;0;2;4;1;1
536587727;155 692 572;A01;2;7;16;0;1;15;1
536587727;155 692 576;B01;1;7;0;2;4;0;1
536587728;155 692 567;A01;3;7;14;0;0;19;3
536587728;155 692 568;B01;3;33;1;2;1;1;1
536587729;155 692 571;A01;1;50;0;2;1;1;3
536587729;155 692 575;B01;1;80;0;2;4;1;3
536587730;155 692 565;C01;1;7;0;2;3;1;1
536587730;155 692 569;A01;1;7;0;2;4;1;1
536587730;155 692 574;B01;1;7;0;2;1;1;1
536587731;155 692 566;A01;2;7;0;0;3;1;1
536587731;155 692 570;B01;2;7;0;0;3;1;1
536587731;155 692 573;C01;2;7;0;0;3;1;1
536587732;155 692 564;A01;1;7;0;0;1;0;1
536587733;155 692 557;B01;1;32;0;2;1;0;1
536587733;155 692 561;A01;1;7;0;2;5;0;1
536587734;155 692 559;A01;1;7;8;0;1;14;1
536587735;155 692 558;B01;3;7;0;2;4;1;1
536587735;155 692 562;A01;3;30;0;2;1;1;1
536587736;155 692 560;A01;2;1;0;2;1;21;5
536587736;155 692 563;B01;2;13;0;2;4;2;0
536587737;155 692 554;A01;3;7;8;0;9;14;1
536587738;155 692 553;A01;1;7;1;2;6;0;1
536587738;155 692 556;B01;1;7;0;2;3;0;1
536587739;155 692 552;B01;2;7;0;2;2;13;1
536587739;155 692 555;A01;2;7;0;2;3;15;1
536587740;155 692 550;B01;3;50;0;2;8;19;3
536587740;155 692 551;A01;1;7;0;2;2;1;1
536587741;155 692 549;A01;2;37;0;1;1;0;1
536587742;155 692 544;B01;3;7;0;2;5;1;1
536587742;155 692 547;A01;3;7;0;2;1;1;1
536587743;155 692 545;A01;3;33;0;1;1;1;1
536587744;155 692 546;A01;2;7;0;1;3;1;1
536587745;155 692 542;A01;3;7;0;1;3;1;1
536587746;155 692 543;B01;2;7;0;2;2;0;1
536587746;155 692 548;A01;2;32;0;2;2;26;3
536587747;155 692 541;A01;0;2;14;0;1;16;1
536587748;155 692 537;A01;2;1;0;2;3;5;5
536587748;155 692 540;B01;2;7;0;9;3;26;3
536587749;155 692 536;A01;0;2;0;0;7;16;1
536587750;155 692 534;A01;1;30;0;2;1;0;0
536587750;155 692 539;B01;1;30;0;0;0;26;3
536587751;155 692 533;A01;0;7;0;2;1;1;1
536587752;155 692 535;B01;2;33;0;2;1;1;1
536587752;155 692 538;A01;1;7;0;2;3;15;1
536587753;155 692 532;A01;1;7;0;1;3;15;0
536587754;155 692 526;A01;1;10;0;2;1;15;1
536587754;155 692 529;B01;2;31;0;2;8;1;1
536587755;155 692 528;A01;2;7;2;0;2;2;1
536587756;155 692 530;A01;3;34;0;1;1;16;1
536587757;155 692 527;B01;2;80;0;2;8;1;3
536587757;155 692 531;A01;2;31;0;2;5;16;3
536587758;155 692 524;A01;2;7;0;2;3;10;1
536587758;155 692 525;B01;2;32;0;2;2;17;1
536587759;155 692 519;A01;2;7;6;1;2;1;1
536587760;155 692 518;B01;1;21;0;2;0;9;1
536587760;155 692 523;A01;1;34;0;2;0;1;1
536587761;155 692 513;A01;1;7;0;1;1;1;2
536587762;155 692 515;A01;1;7;0;1;1;1;1
536587763;155 692 516;A01;3;31;0;2;2;9;1
536587763;155 692 521;B01;3;7;0;2;3;9;1
536587764;155 692 514;A01;3;7;0;2;3;11;1
536587764;155 692 520;B01;3;32;0;2;1;1;1
536587765;155 692 517;A01;1;10;0;2;3;22;1
536587765;155 692 522;B01;1;1;0;2;2;1;5
536587766;155 692 512;A01;2;7;3;0;3;14;1
536587767;155 692 511;A01;1;7;0;1;1;1;1
536587768;155 692 507;Z01;3;7;0;1;3;15;1
536587769;155 692 509;A01;2;1;0;1;1;1;5
536587770;155 692 508;A01;3;7;0;1;2;1;1
536587771;155 692 505;A01;1;7;0;1;1;1;1
536587772;155 692 506;A01;3;7;8;0;1;1;1
536587773;155 692 504;B01;1;50;1;2;7;1;3
536587773;155 692 510;A01;1;32;1;2;8;9;1
536587774;155 692 499;A01;2;32;0;2;7;17;1
536587774;155 692 501;B01;2;7;0;0;8;13;1
536587775;155 692 498;A01;2;7;0;2;1;9;1
536587775;155 692 500;B01;1;2;0;2;7;1;1
536587776;155 692 495;B01;3;7;0;2;4;23;2