Num_Acc;id_vehicule;num_veh;senc;catv;obs;obsm;choc;manv;motor
536588417;155 691 431;A01;3;7;2;0;3;0;2
536588418;155 691 432;A01;1;7;0;9;2;14;1
536588418;155 691 440;B01;1;60;0;0;0;0;5
536588419;155 691 437;A01;3;7;0;1;1;1;1
536588420;155 691 435;B01;3;33;4;0;0;0;1
536588420;155 691 443;A01;3;99;0;0;0;0;3
536588421;155 691 434;A01;3;7;0;2;0;1;1
536588421;155 691 442;B01;3;50;0;2;0;0;3
536588422;155 691 428;A01;3;7;0;2;1;1;1
536588422;155 691 433;B01;3;7;0;2;1;1;1
536588423;155 691 426;A01;2;33;0;0;0;13;1
536588424;155 691 427;B01;1;33;0;2;1;1;1
536588424;155 691 430;A01;2;7;0;2;3;16;1
536588425;155 691 422;A01;3;34;0;0;0;13;1
536588426;155 691 423;B01;2;7;0;2;3;1;2
536588426;155 691 429;A01;2;7;0;2;1;0;1
536588427;155 691 419;B01;2;7;0;2;1;1;1
536588427;155 691 425;A01;1;7;0;2;1;13;1
536588428;155 691 417;A01;2;31;0;1;1;1;1
536588429;155 691 418;B01;2;33;0;2;5;1;1
536588429;155 691 420;A01;2;7;0;2;3;9;1
536588430;155 691 414;A01;2;7;0;2;2;1;1
536588430;155 691 416;C01;1;7;0;2;1;15;1
536588430;155 691 424;B01;2;7;0;2;3;1;1
536588431;155 691 409;A01;3;10;0;9;8;24;1
536588431;155 691 415;B01;3;1;1;0;1;1;5
536588432;155 691 413;B01;1;50;0;2;1;21;3
536588432;155 691 421;A01;2;7;0;9;2;2;1
536588433;155 691 410;A01;2;10;0;1;0;0;1
536588434;155 691 408;A01;1;2;0;2;0;13;1
536588434;155 691 411;B01;2;7;0;2;3;13;1
536588435;155 691 407;A01;1;7;0;2;9;14;1
536588435;155 691 412;B01;1;10;0;2;1;13;1
536588436;155 691 406;A01;1;7;0;1;3;1;0
536588437;155 691 404;A01;1;7;0;1;4;20;1
536588438;155 691 399;A01;0;7;0;0;0;0;1
536588439;155 691 403;A01;2;7;0;2;8;22;1
536588439;155 691 405;B01;2;1;1;0;1;1;5
536588440;155 691 398;A01;1;31;0;0;7;0;1
536588441;155 691 397;B01;3;1;0;2;1;1;5
536588441;155 691 401;A01;3;10;0;2;8;1;1
536588442;155 691 391;A01;1;7;0;2;2;1;1
536588443;155 691 390;A01;3;7;0;2;3;16;1
536588443;155 691 394;B01;3;7;0;2;5;1;1
536588444;155 691 384;A01;1;32;0;2;2;17;1
536588444;155 691 393;B01;2;7;0;9;0;0;1
536588445;155 691 388;A01;1;7;0;2;3;1;1
536588445;155 691 392;B01;2;7;0;2;3;13;1
536588446;155 691 383;A01;2;7;6;0;7;14;1
536588447;155 691 386;A01;1;7;0;2;2;2;1
536588447;155 691 389;B01;1;1;0;2;4;2;5
536588448;155 691 381;Y01;2;50;0;2;1;1;3
536588448;155 691 385;A01;2;7;0;2;7;16;0
536588449;155 691 380;A01;2;7;6;0;1;1;1
536588450;155 691 376;B01;2;50;0;2;1;1;3
536588450;155 691 379;A01;2;7;0;2;8;9;1
536588451;155 691 374;A01;1;2;6;0;1;0;1
536588452;155 691 368;B01;2;7;0;2;3;1;1
536588452;155 691 377;Z01;2;7;0;2;3;5;1
536588453;155 691 370;A01;2;10;0;2;5;23;1
536588453;155 691 373;B01;3;2;0;2;1;2;1
536588454;155 691 369;B01;1;33;12;0;7;16;1
536588454;155 691 371;A01;1;33;12;0;3;1;1
536588455;155 691 366;B01;2;7;0;2;1;1;1
536588455;155 691 375;A01;1;3;15;2;7;19;1
536588456;155 691 367;A01;1;7;0;2;1;2;1
536588456;155 691 372;B01;1;7;0;0;0;0;0
536588457;155 691 365;A01;1;10;14;0;9;1;1
536588458;155 691 361;A01;3;7;2;0;1;0;1
536588459;155 691 364;A01;3;10;0;1;4;4;1
536588460;155 691 362;A01;2;33;13;0;1;13;1
536588461;155 691 358;A01;1;31;6;0;1;2;1
536588462;155 691 360;B01;2;7;0;2;3;16;1
536588462;155 691 363;A01;1;7;0;2;3;15;0
536588463;155 691 357;A01;3;32;0;0;8;15;1
536588464;155 691 356;A01;2;7;14;0;2;1;1
536588465;155 691 353;A01;2;7;6;2;2;2;1
536588465;155 691 359;B01;2;50;6;2;8;2;3
536588466;155 691 351;A01;2;7;0;2;5;9;1
536588466;155 691 355;B01;2;33;0;2;5;26;1
536588467;155 691 350;A01;0;50;0;1;0;26;3
536588468;155 691 348;A01;3;7;0;1;2;0;1
536588469;155 691 346;A01;3;33;0;2;0;23;1
536588470;155 691 345;A01;3;7;0;2;3;10;1
536588470;155 691 352;B01;3;10;0;2;2;1;1
536588471;155 691 349;A01;2;1;0;2;1;1;5
536588471;155 691 354;B01;1;7;0;2;1;1;1
536588472;155 691 342;A01;2;1;0;2;0;21;5
536588473;155 691 340;B01;1;80;0;2;2;1;3
536588473;155 691 344;A01;1;7;0;2;1;2;1
536588474;155 691 341;A01;1;7;0;2;1;5;1
536588474;155 691 347;B01;2;7;0;2;1;1;1
536588475;155 691 332;A01;1;7;0;2;2;2;1
536588475;155 691 338;B01;1;33;0;0;4;2;1
536588477;155 691 335;B01;1;7;0;2;4;2;1
536588477;155 691 343;A01;1;7;0;2;1;2;1
536588478;155 691 326;A01;2;1;0;2;1;9;5
536588478;155 691 331;B01;2;1;0;2;1;9;5
536588478;155 691 337;C01;1;7;0;2;1;1;1
536588479;155 691 327;A01;2;30;14;2;4;2;1
536588479;155 691 334;B01;2;10;0;2;4;23;1
536588480;155 691 333;B01;2;50;0;2;2;1;3
536588480;155 691 339;A01;2;7;0;2;3;10;1
536588481;155 691 325;B01;1;7;0;2;1;1;1
536588481;155 691 329;A01;1;7;2;2;7;21;1
536588482;155 691 321;A01;1;2;13;0;0;13;1
536588483;155 691 324;A01;3;10;0;2;1;26;1
536588483;155 691 330;B01;3;7;0;2;4;0;1
536588484;155 691 323;B01;3;7;0;0;0;0;1
536588484;155 691 328;A01;3;31;0;2;1;2;1
536588485;155 691 316;A01;3;7;6;0;2;1;1
536588486;155 691 318;A01;1;1;6;0;1;0;5
536588487;155 691 317;B01;1;7;0;2;6;0;1
536588487;155 691 320;A01;2;7;0;2;1;26;1
536588488;155 691 313;A01;1;7;0;0;6;1;1
536588488;155 691 319;B01;2;1;0;0;9;1;5
536588489;155 691 315;A01;2;33;13;0;1;0;1
536588490;155 691 314;A01;2;7;0;1;3;0;0
536588491;155 691 311;U01;2;1;0;9;4;1;5
536588492;155 691 309;A01;2;7;0;2;1;2;1
536588492;155 691 312;B01;2;7;0;2;4;2;6
536588493;155 691 308;A01;2;37;12;1;2;7;1
536588494;155 691 310;A01;1;7;0;1;3;1;1
536588495;155 691 305;A01;1;7;0;1;1;1;1
536588496;155 691 304;A01;1;10;0;1;6;4;1
536588497;155 691 301;A01;1;7;17;0;9;14;1
536588498;155 691 302;A01;1;7;0;2;1;15;1
536588498;155 691 306;B01;2;33;0;2;3;1;1
536588499;155 691 299;B01;1;7;0;2;1;1;1
536588499;155 691 303;A01;2;7;0;2;1;13;1
536588500;155 691 293;A01;1;7;13;0;2;2;1
536588501;155 691 295;A01;3;7;0;2;5;16;1
536588501;155 691 300;B01;3;7;0;2;3;1;1
536588502;155 691 290;A01;2;7;4;2;3;1;1
536588502;155 691 294;B01;2;7;0;2;9;1;1
536588503;155 691 289;B01;3;10;0;2;2;21;1
536588503;155 691 297;A01;3;7;0;2;3;9;1
536588504;155 691 291;B01;3;1;0;2;8;19;5
536588504;155 691 298;A01;3;7;0;2;1;16;1
536588505;155 691 284;A01;0;7;0;2;3;13;1
536588505;155 691 287;B01;0;7;0;2;3;1;1
536588506;155 691 283;A01;3;7;0;2;1;19;1
536588506;155 691 296;C01;3;7;0;2;1;1;1
536588506;155 691 307;B01;2;7;0;2;3;1;1
536588507;155 691 285;B01;2;30;0;2;1;1;1
536588507;155 691 292;A01;2;7;0;2;5;1;1
536588508;155 691 281;A01;2;7;13;0;1;14;1
536588509;155 691 277;A01;3;7;0;5;2;1;1
536588509;155 691 280;B01;3;99;0;2;1;1;6
536588509;155 691 286;C01;3;99;0;2;1;1;6
536588510;155 691 282;A01;1;32;0;2;5;13;1
536588510;155 691 288;B01;1;7;0;2;5;17;1
536588511;155 691 275;A01;1;2;13;0;1;14;1
536588512;155 691 274;A01;1;7;0;0;9;1;1
536588513;155 691 272;A01;1;7;1;2;4;23;1
536588513;155 691 279;B01;1;7;0;2;1;2;1
536588514;155 691 268;A01;3;10;0;1;3;15;1
536588515;155 691 270;B01;3;7;0;2;6;1;1
536588515;155 691 278;A01;3;7;0;2;1;1;1
536588516;155 691 269;A01;2;10;0;1;2;1;1
536588517;155 691 267;A01;0;10;0;2;3;1;1
536588517;155 691 276;B01;0;7;0;2;3;1;1
536588518;155 691 271;A01;3;7;0;2;1;1;1
536588518;155 691 273;B01;3;33;0;2;4;23;1
536588519;155 691 263;A01;2;7;9;0;1;1;1
536588520;155 691 260;A01;1;7;2;0;2;0;1
536588521;155 691 257;A01;1;30;0;0;0;0;1
536588522;155 691 259;A01;2;7;0;1;1;1;1
536588523;155 691 255;A01;1;7;0;1;8;1;1
536588524;155 691 258;A01;1;7;0;2;3;13;1
536588524;155 691 264;B01;1;10;0;2;3;1;1
536588525;155 691 262;B01;2;7;0;2;3;26;1
536588526;155 691 254;A01;3;7;1;1;1;1;1
536588527;155 691 253;A01;1;7;0;2;8;1;1
536588527;155 691 256;B01;1;7;0;2;7;1;1
536588528;155 691 252;A01;1;1;0;0;0;1;5
536588529;155 691 251;A01;3;7;0;2;7;1;1
536588529;155 691 261;B01;3;7;0;2;1;1;1
536588530;155 691 250;A01;2;7;1;9;9;1;1
536588531;155 691 248;A01;3;33;0;0;8;1;1
536588532;155 691 249;A01;2;7;2;0;7;14;1
536588533;155 691 247;A01;1;7;0;1;2;1;1
536588534;155 691 242;A01;3;7;0;1;2;1;1
536588535;155 691 238;A01;3;14;0;1;5;4;1
536588536;155 691 241;B01;3;1;1;0;1;18;5
536588536;155 691 245;A01;2;7;0;0;7;22;1
536588537;155 691 237;A01;1;7;0;2;3;9;1
536588537;155 691 246;B01;2;32;0;2;7;1;1
536588538;155 691 233;A01;1;7;2;0;3;13;1
536588539;155 691 234;A01;3;7;0;2;1;1;1
536588539;155 691 244;B01;3;7;0;0;3;15;1
536588540;155 691 232;A01;1;2;1;0;1;2;1
536588540;155 691 239;B01;1;17;0;0;0;23;1
536588541;155 691 228;A01;1;10;0;2;3;15;1
536588541;155 691 231;B01;2;1;0;2;7;1;5
536588542;155 691 230;A01;1;30;0;2;3;1;1
536588542;155 691 236;B01;2;7;0;2;3;1;1
536588543;155 691 221;B01;2;7;0;2;1;13;2
536588543;155 691 227;A01;1;10;0;2;2;1;1
536588544;155 691 223;A01;1;7;0;1;1;1;1
536588545;155 691 219;A01;1;7;14;2;2;2;1
536588545;155 691 226;B01;1;7;14;2;3;2;1
536588545;155 691 229;C01;1;10;0;2;5;2;1
536588545;155 691 235;D01;2;10;0;2;6;21;1
536588546;155 691 216;A01;1;7;0;1;1;19;1
536588547;155 691 218;B01;3;7;0;2;8;0;1
536588547;155 691 225;A01;2;50;0;2;1;25;3
536588548;155 691 213;A01;2;7;13;2;3;13;1
536588548;155 691 220;B01;1;7;0;2;2;1;1
536588549;155 691 215;A01;3;7;0;2;3;15;1
536588549;155 691 222;B01;3;32;0;2;8;1;1
536588550;155 691 211;A01;1;2;11;0;0;14;1
536588551;155 691 206;C01;1;7;3;2;4;2;1
536588551;155 691 210;A01;1;38;3;2;3;2;1
536588551;155 691 214;B01;1;7;3;2;4;2;1
536588552;155 691 205;A01;2;33;0;2;8;19;1
536588552;155 691 209;B01;1;7;0;0;8;1;1
536588553;155 691 204;A01;1;20;0;2;3;1;1
536588553;155 691 212;B01;2;1;0;2;1;1;5
536588554;155 691 199;B01;3;99;0;2;0;0;3
536588554;155 691 208;A01;3;10;0;2;0;16;0
536588555;155 691 201;A01;1;7;0;2;1;1;2
536588555;155 691 207;B01;1;7;0;2;4;1;1
536588556;155 691 198;A01;2;7;13;0;8;1;1
536588557;155 691 196;B01;1;10;0;2;1;1;1
536588557;155 691 202;A01;2;7;0;2;1;13;1
536588558;155 691 195;B01;3;7;0;0;6;2;1
536588558;155 691 203;A01;3;33;0;2;1;2;1
536588559;155 691 194;A01;2;7;13;0;9;1;1
536588560;155 691 193;A01;2;33;0;2;8;0;1
536588560;155 691 200;B01;1;7;0;2;6;1;1
536588561;155 691 188;A01;3;7;0;2;1;16;1
536588561;155 691 191;B01;3;1;0;2;1;1;5
536588562;155 691 189;B01;1;7;0;2;3;2;1
536588562;155 691 192;C01;2;7;0;2;1;1;1
536588562;155 691 197;A01;1;7;0;2;3;17;2
536588563;155 691 186;A01;2;33;0;0;0;0;1
536588564;155 691 185;A01;0;7;0;1;1;1;1
536588565;155 691 184;A01;3;7;0;1;2;1;1
536588566;155 691 182;B01;2;33;0;2;1;1;1
536588566;155 691 187;A01;1;7;0;2;7;15;1
536588567;155 691 179;A01;2;7;0;0;1;1;2
536588568;155 691 178;A01;2;7;6;0;1;1;1
536588569;155 691 180;A01;3;7;0;1;1;1;1
536588570;155 691 175;B01;2;7;0;2;1;1;1
536588570;155 691 183;A01;1;7;0;2;7;15;1
536588571;155 691 174;B01;1;33;0;0;4;17;1
536588571;155 691 177;A01;1;33;0;2;1;17;1
536588572;155 691 173;A01;3;50;0;2;0;0;3
536588572;155 691 176;B01;3;7;0;2;0;16;1
536588573;155 691 171;B01;1;7;0;9;3;1;1
536588573;155 691 181;A01;2;50;0;2;2;1;3
536588574;155 691 172;A01;1;3;2;0;3;21;1
536588575;155 691 169;A01;1;7;0;1;1;1;1
536588576;155 691 166;B01;1;7;6;9;2;1;1
536588576;155 691 170;A01;2;7;6;0;3;0;1
536588577;155 691 164;A01;2;7;13;0;3;1;1
536588578;155 691 162;A01;2;7;0;1;4;4;1
536588579;155 691 159;A01;0;7;0;9;6;19;1
536588579;155 691 168;B01;2;1;0;2;1;1;5
536588580;155 691 158;A01;2;10;0;2;2;15;1
536588580;155 691 165;B01;1;50;0;2;1;1;3
536588581;155 691 161;B01;1;2;0;2;4;2;1
536588581;155 691 167;Z01;1;7;0;2;1;2;0
536588582;155 691 155;A01;2;7;3;2;8;1;1
536588582;155 691 157;B01;1;15;3;2;2;6;1
536588583;155 691 153;A01;2;7;0;1;1;1;1
536588584;155 691 152;B01;2;7;0;2;6;1;1
536588584;155 691 163;A01;3;33;0;2;1;19;1
536588585;155 691 151;A01;2;7;0;0;4;16;1
536588585;155 691 154;B01;2;7;0;2;1;2;1
536588586;155 691 150;A01;1;7;0;2;3;1;1
536588586;155 691 156;B01;2;10;7;2;2;1;1
536588587;155 691 149;B01;2;7;0;2;2;1;1
536588587;155 691 160;A01;1;7;0;2;3;13;2
536588588;155 691 148;A01;1;20;2;0;9;14;1
536588589;155 691 146;A01;1;7;2;0;7;1;1
536588590;155 691 145;A01;3;7;0;1;3;1;1
536588591;155 691 143;B01;1;7;0;2;4;1;1
536588591;155 691 147;A01;1;7;0;2;1;1;1
536588592;155 691 142;A01;3;30;0;0;3;0;1
536588593;155 691 137;B01;2;2;13;0;4;2;3
536588593;155 691 141;A01;2;10;0;2;2;2;1
536588594;155 691 134;A01;2;10;0;0;5;2;1
536588594;155 691 138;B01;2;32;0;2;1;2;1
536588595;155 691 133;B01;1;15;0;2;3;1;1
536588595;155 691 136;A01;2;10;0;2;3;13;1
536588596;155 691 135;B01;1;7;0;2;2;1;1
536588596;155 691 140;A01;1;7;0;2;8;10;1
536588597;155 691 139;A01;2;7;0;1;2;1;1
536588598;155 691 132;B01;1;10;0;2;8;1;3
536588598;155 691 144;A01;1;7;0;2;1;1;1
536588599;155 691 129;A01;2;7;0;1;1;1;1
536588600;155 691 125;A01;1;7;2;0;3;19;1
536588601;155 691 123;B01;1;17;0;2;1;2;1
536588601;155 691 127;A01;1;21;0;2;4;2;1
536588602;155 691 120;A01;2;14;0;1;1;1;1
536588603;155 691 119;A01;1;7;0;2;7;13;1
536588603;155 691 126;B01;2;10;0;2;1;1;1
536588604;155 691 121;A01;3;7;6;0;1;26;1
536588605;155 691 118;A01;1;7;6;9;1;1;1
536588606;155 691 116;A01;1;7;0;2;3;13;1
536588606;155 691 124;B01;2;15;0;2;3;1;1
536588606;155 691 128;C01;1;7;0;2;1;1;1
536588606;155 691 130;D01;1;10;0;9;8;1;1
536588607;155 691 117;B01;1;37;0;2;3;1;1
536588607;155 691 131;A01;2;15;0;2;2;1;1
536588608;155 691 114;B01;3;80;0;2;8;19;3
536588608;155 691 122;A01;3;30;0;9;8;15;1
536588609;155 691 113;A01;2;10;0;2;2;1;1
536588609;155 691 115;B01;2;31;0;2;8;1;1
536588610;155 691 108;A01;1;7;0;2;4;1;1
536588610;155 691 112;B01;1;7;0;2;1;2;1
536588611;155 691 109;A01;3;7;0;1;1;26;1
536588612;155 691 105;A01;2;10;3;2;3;13;1
536588612;155 691 110;B01;1;7;0;2;3;1;1
536588613;155 691 103;A01;3;10;0;1;7;26;1
536588614;155 691 104;A01;1;10;0;1;1;18;1
536588615;155 691 102;A01;1;7;0;1;7;17;1
536588615;155 691 111;B01;1;7;0;2;8;2;1
536588616;155 691 100;B01;1;7;0;2;2;1;1
536588616;155 691 106;A01;2;30;0;2;1;16;3
536588617;155 691 101;B01;1;33;0;2;1;1;1
536588617;155 691 107;A01;1;7;0;0;4;23;2
536588618;155 691 099;A01;1;7;16;0;1;1;1
536588619;155 691 097;A01;3;7;2;0;1;1;1
536588620;155 691 091;A01;2;33;13;0;9;1;1
536588621;155 691 092;B01;2;7;0;2;3;1;1
536588621;155 691 096;A01;1;7;0;2;1;1;1
536588622;155 691 087;B01;1;2;0;2;7;1;1
536588622;155 691 095;A01;1;7;0;2;8;9;1
536588623;155 691 084;A01;1;7;13;0;2;1;1
536588624;155 691 083;A01;1;31;0;2;1;2;1
536588624;155 691 094;B01;1;7;0;2;4;2;1
536588625;155 691 086;A01;1;7;0;2;3;9;1
536588625;155 691 093;B01;2;2;0;2;2;15;1
536588626;155 691 081;A01;2;7;0;0;3;15;2
536588626;155 691 085;B01;2;33;0;2;3;1;1
536588627;155 691 080;A01;3;7;0;2;3;19;2
536588627;155 691 090;B01;3;7;0;2;2;19;2
536588628;155 691 082;A01;2;7;11;2;3;1;1
536588628;155 691 089;B01;1;7;11;2;2;15;1
536588629;155 691 078;A01;1;7;6;0;3;14;1
536588630;155 691 079;B01;2;7;0;2;3;15;1
536588630;155 691 088;A01;1;2;0;2;7;1;1
536588631;155 691 075;A01;3;7;0;1;1;26;2
536588632;155 691 072;A01;3;1;0;0;0;0;5
536588633;155 691 071;A01;2;7;4;2;3;1;1
536588634;155 691 067;A01;2;7;0;2;1;26;1
536588634;155 691 077;B01;1;7;0;2;1;1;1
536588635;155 691 068;B01;2;7;0;2;3;13;1
536588635;155 691 073;A01;1;7;0;2;3;1;1
536588636;155 691 069;A01;3;7;7;2;1;13;1
536588636;155 691 076;B01;0;7;0;2;2;1;1
536588637;155 691 063;A01;3;2;0;2;1;13;1
536588637;155 691 066;B01;3;7;0;2;1;1;1
536588638;155 691 064;Z01;1;10;0;2;1;2;1
536588638;155 691 070;B01;1;7;0;2;6;2;1
536588639;155 691 062;A01;1;50;0;1;1;1;3
536588640;155 691 065;B01;1;1;0;2;0;1;5
536588640;155 691 074;A01;2;7;0;2;1;9;1
536588641;155 691 059;A01;1;10;0;1;1;15;1
536588642;155 691 058;A01;3;31;13;0;0;14;1
536588643;155 691 057;B01;1;7;0;2;3;1;2
536588643;155 691 061;A01;1;10;0;2;1;5;1
536588644;155 691 055;A01;3;7;15;0;9;1;1
536588645;155 691 052;A01;1;7;0;0;8;9;1
536588645;155 691 060;B01;1;7;0;2;1;1;1
536588646;155 691 056;A01;1;7;0;1;3;1;1
536588647;155 691 053;A01;1;7;9;0;2;0;1
536588648;155 691 050;A01;3;7;0;2;8;24;1
536588648;155 691 054;B01;3;37;1;0;2;1;1
536588649;155 691 043;B01;0;1;0;2;0;0;5
536588649;155 691 048;A01;0;7;0;2;3;15;1
536588650;155 691 045;B01;2;30;0;2;3;1;1
536588650;155 691 051;A01;2;7;0;2;3;9;1
536588651;155 691 038;A01;1;7;0;2;3;13;1
536588651;155 691 046;B01;2;7;0;2;3;1;1
536588652;155 691 041;A01;2;7;13;0;1;1;1
536588653;155 691 044;A01;2;7;0;2;1;15;1
536588653;155 691 049;B01;1;1;0;2;8;1;5
536588654;155 691 042;B01;2;7;0;2;5;1;1
536588654;155 691 047;A01;2;50;0;2;5;18;3
536588655;155 691 040;A01;2;7;13;0;1;1;1
536588656;155 691 035;A01;1;1;0;2;4;15;5
536588656;155 691 039;B01;1;7;8;2;1;17;1
536588657;155 691 032;A01;2;1;1;0;1;26;5
536588658;155 691 034;Z01;3;50;0;2;1;1;3
536588658;155 691 036;A01;3;1;0;2;1;1;5
536588659;155 691 031;A01;1;7;0;2;3;26;1
536588659;155 691 037;B01;1;30;0;2;1;6;1
536588660;155 691 029;B01;3;7;0;2;4;1;1
536588660;155 691 033;A01;3;10;0;2;1;1;3
536588661;155 691 023;A01;3;33;0;2;3;5;1
536588661;155 691 028;B01;3;30;0;2;2;23;1
536588662;155 691 024;A01;3;7;0;2;1;26;1
536588663;155 691 018;A01;2;7;0;2;1;13;1
536588663;155 691 022;B01;1;7;0;2;1;1;1
536588664;155 691 019;B01;1;10;0;2;2;17;1
536588664;155 691 027;A01;1;33;0;0;8;15;1
536588665;155 691 021;A01;1;7;0;2;4;15;1
536588665;155 691 026;B01;1;10;0;2;1;21;1
536588665;155 691 030;C01;2;7;0;2;3;1;1
536588666;155 691 020;A01;1;7;0;1;8;2;1
536588667;155 691 011;A01;1;7;0;2;3;0;1
536588667;155 691 016;B01;2;2;0;2;1;26;1
536588668;155 691 010;A01;1;7;0;2;1;5;1
536588668;155 691 013;B01;2;7;0;2;1;1;1
536588669;155 691 014;B01;2;50;0;2;8;2;3
536588669;155 691 025;A01;1;7;0;2;3;2;1
536588670;155 691 008;B01;3;1;0;2;1;1;5
536588670;155 691 017;A01;3;7;0;2;2;16;1
536588671;155 691 006;A01;3;30;0;0;1;1;1
536588672;155 691 001;C01;1;7;0;2;4;1;1
536588672;155 691 005;A01;1;7;0;2;1;1;1
536588672;155 691 012;B01;1;7;0;2;1;1;1
536588672;155 691 015;D01;1;7;0;2;4;1;1
536588673;155 690 999;B01;1;7;0;2;3;1;1
536588673;155 691 007;A01;2;10;0;2;2;19;1
536588674;155 691 002;A01;1;33;0;0;0;14;1
536588675;155 690 994;A01;1;32;13;0;1;1;1
536588676;155 690 993;B01;1;7;0;2;6;2;1
536588676;155 691 003;A01;1;7;0;2;1;9;1
536588677;155 690 989;A01;2;2;0;0;9;1;1
536588678;155 690 991;A01;1;15;0;2;1;19;1
536588678;155 690 996;B01;2;7;0;2;3;15;3
536588679;155 690 990;A01;1;14;0;2;3;2;1
536588679;155 690 997;B01;1;33;0;2;4;16;1
536588680;155 690 985;A01;1;7;13;0;1;17;1
536588681;155 690 986;B01;1;7;0;2;5;1;2
536588681;155 690 995;A01;1;30;0;2;5;26;1
536588682;155 690 981;A01;2;7;6;0;3;1;1
536588683;155 690 984;A01;1;10;0;2;2;16;1
536588683;155 690 988;B01;1;32;0;2;8;1;1
536588684;155 690 978;A01;1;7;6;0;1;1;1
536588685;155 690 977;A01;3;7;0;2;1;2;1
536588685;155 690 983;B01;3;7;0;2;4;2;3
536588685;155 690 987;C01;3;7;0;2;4;2;1
536588686;155 690 975;A01;1;33;0;2;1;13;1
536588686;155 690 982;B01;2;7;0;2;1;1;1
536588687;155 690 972;A01;1;2;0;9;1;10;1
536588687;155 690 979;B01;2;2;0;9;6;1;1
536588688;155 690 973;A01;3;34;0;2;1;1;1
536588688;155 690 980;B01;3;7;0;2;3;15;1
536588689;155 690 969;A01;2;1;0;2;1;17;5
536588689;155 690 971;B01;2;7;0;2;3;15;1
536588690;155 690 970;A01;1;7;0;2;1;1;1
536588690;155 690 976;B01;1;50;0;2;4;1;3
536588691;155 690 965;B01;1;10;0;2;3;1;0
536588691;155 690 974;A01;1;33;0;2;7;1;1
536588692;155 690 968;A01;3;7;0;1;0;9;1
536588693;155 690 962;A01;1;7;5;0;0;1;0
536588694;155 690 959;A01;1;7;0;2;3;15;2
536588694;155 690 961;B01;2;2;0;2;1;1;1
536588695;155 690 954;A01;2;7;0;2;6;19;1
536588695;155 690 964;B01;2;33;0;2;1;1;1
536588696;155 690 952;A01;3;7;0;2;3;1;1
536588696;155 690 958;B01;3;80;0;2;1;13;3
536588697;155 690 953;C01;2;7;0;2;1;1;1
536588697;155 690 960;A01;1;7;3;2;1;13;1
536588697;155 690 967;B01;2;7;0;2;1;1;1
536588698;155 690 950;A01;1;7;0;2;1;21;1
536588698;155 690 955;B01;1;10;0;2;4;2;1
536588699;155 690 949;A01;2;33;0;1;1;1;1
536588700;155 690 956;B01;1;10;0;2;4;16;1
536588700;155 690 963;A01;1;37;0;2;1;2;1
536588701;155 690 948;A01;0;7;0;1;1;1;1
536588702;155 690 945;A01;2;10;0;2;7;14;1
536588702;155 690 957;B01;2;10;0;2;8;1;1
536588703;155 690 944;A01;2;50;0;2;1;1;3
536588703;155 690 951;B01;1;7;0;2;8;19;1
536588704;155 690 939;A01;0;10;0;2;3;17;1
536588704;155 690 942;B01;0;7;0;2;3;1;1
536588705;155 690 940;Z01;3;10;0;1;1;26;0
536588706;155 690 938;A01;2;7;0;2;5;12;1
536588706;155 690 941;B01;2;33;0;2;1;1;1
536588707;155 690 934;A01;2;33;13;0;1;13;1
536588708;155 690 933;A01;0;7;0;0;0;0;1
536588709;155 690 931;C01;1;7;0;2;6;1;1
536588709;155 690 937;B01;1;7;0;2;3;3;1
536588709;155 690 943;A01;2;7;0;2;1;1;2
536588710;155 690 929;A01;2;7;0;2;1;2;1
536588710;155 690 936;B01;2;7;0;2;4;1;1
536588711;155 690 926;A01;1;10;0;2;1;1;1
536588711;155 690 932;B01;1;7;0;2;4;1;1
536588712;155 690 923;B01;1;33;1;2;7;21;1
536588712;155 690 930;A01;1;7;0;2;3;19;1
536588713;155 690 924;A01;3;7;0;1;2;26;1
536588714;155 690 928;A01;1;14;0;2;5;23;1
536588714;155 690 935;B01;1;2;0;2;1;1;1
536588715;155 690 922;A01;0;7;0;0;4;1;1
536588715;155 690 925;B01;0;7;0;2;1;2;1
536588716;155 690 927;A01;2;7;0;0;0;21;1
536588717;155 690 920;A01;2;7;2;0;2;13;1
536588718;155 690 921;A01;2;31;9;0;1;1;1
536588719;155 690 916;A01;3;7;0;5;2;21;1
536588720;155 690 914;A01;2;7;0;1;3;1;2
536588721;155 690 917;A01;0;7;1;0;1;1;1
536588722;155 690 909;A01;1;7;0;2;0;2;1
536588722;155 690 913;B01;1;50;0;2;0;2;3
536588723;155 690 910;A01;1;7;0;2;3;13;2
536588723;155 690 915;B01;2;15;0;2;8;1;1
536588724;155 690 911;A01;1;7;4;0;3;13;1
536588725;155 690 908;B01;2;7;0;2;3;16;1
536588725;155 690 918;A01;2;7;0;0;7;1;1
536588726;155 690 906;A01;1;7;16;0;3;1;1
536588727;155 690 907;A01;1;50;0;0;0;1;3
536588728;155 690 904;A01;2;7;0;2;7;12;1
536588728;155 690 912;B01;2;33;0;2;8;1;1
536588729;155 690 903;A01;2;32;16;0;7;15;1
536588730;155 690 902;A01;2;33;0;2;1;1;1
536588730;155 690 905;B01;1;7;0;2;8;9;2
536588731;155 690 901;A01;2;17;0;1;2;1;1
536588732;155 690 898;A01;1;7;13;0;2;0;1
536588733;155 690 894;A01;1;7;0;2;1;2;1
536588733;155 690 899;B01;1;15;0;0;4;1;1