Num_Acc;id_vehicule;num_veh;senc;catv;obs;obsm;choc;manv;motor
536589038;155 690 362;A01;1;10;0;2;1;19;1
536589039;155 690 356;B01;3;7;0;0;4;2;3
536589039;155 690 359;C01;3;10;0;0;1;2;1
536589039;155 690 363;A01;3;10;0;0;4;2;1
536589040;155 690 355;A01;1;0;0;1;0;0;0
536589041;155 690 348;A01;1;2;0;1;1;1;3
536589042;155 690 352;A01;2;7;17;0;1;14;1
536589043;155 690 345;A01;3;7;0;2;2;19;1
536589043;155 690 354;B01;3;7;0;2;1;1;1
536589044;155 690 343;B01;2;33;0;2;9;2;0
536589044;155 690 347;A01;2;7;0;0;6;26;1
536589045;155 690 341;A01;2;50;0;2;1;1;3
536589045;155 690 350;B01;1;7;0;0;3;15;1
536589046;155 690 339;A01;3;7;0;2;1;0;1
536589046;155 690 349;B01;3;1;0;2;1;26;5
536589047;155 690 336;A01;2;7;0;2;2;1;1
536589047;155 690 346;B01;2;7;0;2;3;1;1
536589048;155 690 333;B01;0;1;0;2;7;14;5
536589048;155 690 338;A01;3;7;0;9;3;9;1
536589049;155 690 337;B01;3;7;0;2;2;14;1
536589049;155 690 351;A01;2;7;0;2;3;1;1
536589050;155 690 334;A01;1;7;0;1;3;1;2
536589051;155 690 335;A01;1;10;0;2;0;17;1
536589051;155 690 340;B01;1;10;0;9;8;1;1
536589051;155 690 344;C01;1;7;0;2;3;11;1
536589051;155 690 353;D01;1;10;0;2;2;1;1
536589052;155 690 332;A01;2;7;0;0;8;19;1
536589052;155 690 342;B01;2;7;0;0;1;1;1
536589053;155 690 328;A01;1;7;0;1;1;1;1
536589054;155 690 329;A01;3;30;1;0;3;1;1
536589055;155 690 327;A01;1;1;0;2;2;21;5
536589055;155 690 330;B01;2;43;0;2;3;9;1
536589056;155 690 325;B01;3;7;0;2;3;1;0
536589056;155 690 331;A01;3;7;0;2;1;1;0
536589057;155 690 324;A01;1;7;0;1;2;1;1
536589058;155 690 319;A01;1;10;0;0;3;11;1
536589059;155 690 321;A01;2;31;0;2;1;1;3
536589059;155 690 326;B01;1;7;0;2;8;1;3
536589060;155 690 322;A01;2;50;0;1;1;1;3
536589061;155 690 318;B01;1;33;0;2;2;1;1
536589061;155 690 323;A01;2;7;0;2;1;9;1
536589062;155 690 315;A01;1;7;13;0;1;14;1
536589063;155 690 317;A01;1;7;0;1;1;19;1
536589064;155 690 314;A01;0;7;1;0;9;0;1
536589065;155 690 310;B01;1;1;0;2;1;0;5
536589065;155 690 316;A01;3;7;0;9;0;19;1
536589066;155 690 307;B01;3;7;0;2;1;2;1
536589066;155 690 311;A01;3;7;0;2;4;23;1
536589067;155 690 309;B01;2;2;0;2;1;21;1
536589067;155 690 312;A01;1;7;0;2;3;15;2
536589068;155 690 301;A01;1;7;0;2;2;1;1
536589068;155 690 305;B01;1;33;0;2;6;18;1
536589069;155 690 303;A01;1;7;0;2;3;13;4
536589069;155 690 306;B01;2;7;0;2;3;1;2
536589070;155 690 304;A01;2;33;13;0;3;13;1
536589071;155 690 297;A01;3;7;12;0;1;16;1
536589072;155 690 299;A01;3;7;0;1;1;1;1
536589073;155 690 298;A01;1;7;0;2;0;1;1
536589073;155 690 302;B01;3;50;0;2;0;0;3
536589074;155 690 296;B01;2;50;0;2;1;1;3
536589074;155 690 308;A01;2;7;0;2;5;1;1
536589075;155 690 294;A01;1;10;0;1;1;16;1
536589076;155 690 295;A01;2;7;0;2;3;15;1
536589076;155 690 300;B01;1;1;0;2;3;1;5
536589077;155 690 292;A01;1;7;1;0;2;1;2
536589078;155 690 291;A01;1;7;0;0;2;15;1
536589078;155 690 293;B01;2;33;0;2;1;1;1
536589079;155 690 290;A01;3;33;0;1;1;1;1
536589080;155 690 289;A01;0;37;0;1;2;20;1
536589081;155 690 287;A01;2;10;0;1;3;15;1
536589082;155 690 284;A01;2;7;0;2;3;1;1
536589082;155 690 288;B01;1;50;0;2;2;5;3
536589083;155 690 281;A01;1;7;7;0;0;0;1
536589084;155 690 280;Z01;2;14;0;2;7;1;1
536589084;155 690 285;A01;2;50;0;2;8;1;3
536589085;155 690 278;A01;2;7;0;1;2;20;1
536589086;155 690 277;B01;2;17;0;0;6;1;1
536589086;155 690 283;A01;2;7;4;2;3;1;1
536589087;155 690 276;B01;2;2;0;2;1;1;1
536589087;155 690 282;A01;1;7;0;2;2;15;1
536589088;155 690 274;A01;2;7;0;1;1;15;1
536589089;155 690 273;A01;1;7;0;2;4;11;1
536589089;155 690 275;B01;1;33;0;2;2;0;1
536589090;155 690 270;A01;3;7;8;0;1;1;1
536589091;155 690 265;B01;2;7;0;2;2;1;1
536589091;155 690 268;A01;1;31;0;2;3;10;1
536589092;155 690 264;B01;1;37;1;0;6;24;1
536589092;155 690 269;A01;2;7;1;0;1;14;1
536589093;155 690 266;A01;1;80;0;2;3;19;3
536589093;155 690 272;B01;2;7;0;2;2;1;1
536589094;155 690 267;B01;2;7;0;0;1;6;2
536589094;155 690 271;A01;1;33;0;0;7;0;1
536589095;155 690 260;Y01;1;7;0;1;1;1;1
536589096;155 690 257;A01;1;21;0;0;0;9;1
536589096;155 690 263;B01;2;7;0;9;1;1;1
536589097;155 690 256;A01;2;7;0;2;4;2;1
536589097;155 690 262;B01;2;31;0;2;1;2;1
536589098;155 690 259;A01;1;7;0;2;2;5;1
536589098;155 690 261;B01;2;7;0;2;5;13;1
536589099;155 690 254;B01;1;32;0;2;1;0;1
536589099;155 690 258;A01;3;7;0;2;3;26;1
536589100;155 690 255;A01;2;7;1;0;1;1;2
536589101;155 690 252;A01;1;7;0;1;2;1;1
536589102;155 690 251;A01;3;7;1;0;2;14;1
536589103;155 690 248;A01;0;31;15;0;0;1;1
536589104;155 690 249;B01;1;50;0;2;1;1;3
536589104;155 690 253;A01;1;7;0;2;5;16;1
536589105;155 690 250;A01;2;1;0;0;3;1;5
536589106;155 690 247;A01;1;7;0;1;1;1;1
536589107;155 690 244;A01;2;30;11;0;1;1;1
536589108;155 690 246;A01;1;7;5;2;2;16;2
536589109;155 690 241;A01;1;7;0;2;1;19;1
536589109;155 690 245;B01;2;37;0;2;1;1;1
536589110;155 690 235;A01;3;7;0;5;1;1;1
536589111;155 690 234;A01;2;7;8;2;1;26;1
536589111;155 690 239;B01;2;7;0;2;4;23;1
536589111;155 690 243;C01;1;7;8;2;8;0;1
536589112;155 690 233;B01;2;7;0;2;3;15;1
536589112;155 690 237;A01;2;50;0;2;7;5;3
536589113;155 690 232;B01;2;7;0;2;6;26;1
536589113;155 690 238;C01;2;7;0;2;2;1;1
536589113;155 690 242;A01;2;33;0;2;2;18;1
536589114;155 690 231;A01;1;7;0;0;4;2;1
536589114;155 690 236;B01;1;7;0;2;1;2;1
536589115;155 690 230;A01;2;7;0;2;1;1;1
536589116;155 690 229;A01;1;80;9;0;8;13;3
536589117;155 690 225;A01;2;1;0;2;8;0;5
536589117;155 690 228;B01;1;7;0;2;2;1;1
536589118;155 690 221;A01;1;7;0;2;1;15;1
536589118;155 690 227;B01;2;7;0;2;1;1;2
536589119;155 690 220;A01;3;30;0;0;8;1;1
536589120;155 690 219;B01;3;7;0;9;3;9;1
536589120;155 690 223;A01;3;1;0;2;7;19;5
536589121;155 690 217;A01;2;7;0;2;1;26;1
536589121;155 690 224;B01;2;10;0;2;0;1;1
536589122;155 690 214;B01;1;1;0;2;2;1;5
536589122;155 690 222;A01;1;7;0;2;1;9;1
536589123;155 690 212;B01;1;7;0;2;3;1;1
536589123;155 690 218;A01;1;7;0;2;2;1;1
536589124;155 690 215;B01;1;1;0;0;5;1;5
536589124;155 690 226;A01;1;7;0;9;2;1;3
536589125;155 690 213;A01;1;10;0;2;1;2;0
536589125;155 690 216;B01;1;7;0;1;3;2;0
536589126;155 690 210;A01;1;7;0;1;2;1;1
536589127;155 690 208;A01;2;7;2;0;1;1;1
536589128;155 690 209;A01;3;7;0;2;1;1;1
536589128;155 690 211;B01;3;7;0;2;7;1;1
536589129;155 690 202;B01;1;34;0;2;1;0;1
536589129;155 690 207;A01;2;7;0;2;3;15;1
536589130;155 690 200;B01;1;7;0;2;8;13;1
536589130;155 690 204;A01;1;7;13;2;9;17;1
536589131;155 690 199;A01;1;7;0;2;4;2;1
536589131;155 690 206;B01;1;7;4;0;4;2;1
536589132;155 690 198;A01;1;7;2;0;7;0;1
536589133;155 690 197;C01;1;7;0;2;4;2;1
536589133;155 690 201;A01;1;7;0;2;1;2;1
536589133;155 690 205;B01;1;7;0;2;4;2;1
536589134;155 690 195;A01;3;7;0;1;1;1;0
536589135;155 690 203;A01;2;7;0;1;7;1;1
536589136;155 690 191;A01;1;7;0;2;1;1;1
536589136;155 690 196;B01;1;7;0;2;1;15;3
536589137;155 690 192;A01;2;7;2;0;8;19;1
536589138;155 690 193;A01;0;30;0;9;7;16;1
536589138;155 690 194;B01;0;80;0;2;8;1;5
536589139;155 690 190;A01;1;33;0;0;9;1;1
536589140;155 690 189;A01;3;99;0;2;1;1;0
536589141;155 690 188;A01;0;7;15;0;1;19;2
536589142;155 690 186;A01;1;7;8;0;7;13;1
536589143;155 690 184;B01;2;30;0;2;8;1;3
536589143;155 690 185;A01;1;7;0;2;2;15;1
536589144;155 690 180;B01;1;7;0;2;3;13;1
536589144;155 690 182;A01;2;7;0;2;3;1;1
536589145;155 690 178;B01;1;7;0;9;8;9;1
536589145;155 690 183;A01;2;50;0;2;1;26;3
536589146;155 690 176;A01;2;43;0;1;1;1;1
536589147;155 690 181;A01;0;33;14;0;4;1;1
536589148;155 690 174;B01;1;33;0;2;1;1;1
536589148;155 690 177;A01;2;7;0;2;2;15;1
536589149;155 690 175;A01;1;7;0;1;2;1;3
536589150;155 690 173;A01;1;31;0;2;8;1;1
536589150;155 690 179;B01;1;7;0;2;8;5;1
536589151;155 690 170;B01;0;34;0;2;2;17;1
536589151;155 690 172;A01;0;10;0;2;3;0;1
536589152;155 690 168;A01;2;2;0;2;3;18;1
536589152;155 690 171;B01;2;7;0;2;7;16;2
536589153;155 690 165;A01;2;7;9;0;1;1;1
536589154;155 690 166;A01;2;7;14;0;1;6;2
536589155;155 690 164;B01;1;7;0;2;2;15;1
536589155;155 690 169;A01;2;31;0;2;1;1;1
536589156;155 690 161;A01;1;7;0;2;1;1;1
536589156;155 690 163;B01;1;10;0;2;4;1;1
536589157;155 690 160;B01;1;7;0;2;3;19;1
536589157;155 690 167;A01;2;14;0;2;2;1;1
536589158;155 690 154;A01;2;7;8;0;3;0;1
536589159;155 690 158;Y01;3;50;0;2;1;1;3
536589159;155 690 162;A01;1;7;0;2;8;1;1
536589160;155 690 155;A01;1;7;0;1;1;1;1
536589161;155 690 153;A01;1;7;0;2;6;1;1
536589161;155 690 159;B01;1;10;2;2;2;2;1
536589162;155 690 152;A01;3;16;0;2;8;16;1
536589162;155 690 157;B01;0;7;0;2;1;1;3
536589163;155 690 151;A01;2;7;4;0;1;1;1
536589164;155 690 150;A01;1;33;0;1;2;1;1
536589165;155 690 149;A01;2;33;1;0;2;17;1
536589166;155 690 148;A01;3;7;0;2;1;16;1
536589166;155 690 156;B01;1;1;0;2;1;1;5
536589167;155 690 146;A01;1;50;0;2;0;0;3
536589167;155 690 147;B01;1;7;0;0;0;0;0
536589168;155 690 144;A01;3;33;14;0;1;26;1
536589169;155 690 142;A01;1;33;0;2;2;1;1
536589169;155 690 145;B01;2;7;0;2;2;15;1
536589170;155 690 139;A01;1;80;0;2;1;1;3
536589170;155 690 143;B01;2;14;0;2;4;1;1
536589171;155 690 134;A01;3;7;0;2;1;2;1
536589171;155 690 141;B01;3;7;0;2;4;1;1
536589172;155 690 138;A01;1;7;0;0;0;13;1
536589173;155 690 135;A01;1;7;0;2;2;15;1
536589173;155 690 137;B01;2;7;0;2;1;1;1
536589174;155 690 128;B01;2;17;0;0;4;2;1
536589174;155 690 132;C01;2;10;0;2;1;1;1
536589174;155 690 136;D01;2;10;0;0;0;1;1
536589174;155 690 140;A01;2;33;0;2;1;2;1
536589175;155 690 127;A01;2;7;0;2;1;14;1
536589175;155 690 129;B01;1;10;0;2;1;1;1
536589176;155 690 125;B01;1;60;0;0;1;0;5
536589176;155 690 131;A01;1;60;14;2;7;19;5
536589177;155 690 124;A01;1;7;0;1;1;2;1
536589178;155 690 120;A01;1;0;0;2;3;9;0
536589178;155 690 126;B01;1;33;0;2;0;1;1
536589179;155 690 119;A01;1;7;0;2;2;16;3
536589179;155 690 123;B01;0;2;0;2;1;18;1
536589180;155 690 121;A01;1;7;0;1;1;1;1
536589181;155 690 118;B01;1;50;0;1;1;0;3
536589182;155 690 117;A01;1;7;0;0;8;4;1
536589183;155 690 115;A01;3;30;0;0;0;1;1
536589184;155 690 116;B01;2;7;0;2;3;1;1
536589184;155 690 122;A01;1;7;4;2;1;5;1
536589185;155 690 112;A01;2;21;0;0;7;21;1
536589186;155 690 113;A01;3;33;14;0;0;1;1
536589187;155 690 114;A01;2;7;4;5;3;13;1
536589188;155 690 111;A01;1;7;6;0;1;1;1
536589189;155 690 107;A01;3;10;6;0;2;1;1
536589190;155 690 108;A01;3;7;0;1;2;1;1
536589191;155 690 103;A01;1;7;0;6;1;1;1
536589191;155 690 106;B01;1;33;0;6;1;1;1
536589191;155 690 109;C01;2;7;0;6;1;1;1
536589192;155 690 105;A01;1;7;0;2;2;1;1
536589192;155 690 110;B01;1;60;0;2;7;1;5
536589193;155 690 101;A01;3;7;0;1;4;20;1
536589194;155 690 097;B01;2;7;0;2;3;1;1
536589194;155 690 102;A01;2;7;0;2;1;2;1
536589195;155 690 096;B01;1;80;0;2;4;1;3
536589195;155 690 100;A01;1;7;0;2;2;1;1
536589196;155 690 094;A01;3;7;0;1;1;1;1
536589197;155 690 095;A01;1;1;0;0;7;9;5
536589198;155 690 092;A01;1;3;0;2;1;2;0
536589198;155 690 099;B01;1;14;0;2;5;16;0
536589199;155 690 093;B01;2;33;0;2;1;1;1
536589199;155 690 098;A01;2;33;0;2;1;1;1
536589199;155 690 104;C01;0;7;0;0;8;15;1
536589200;155 690 091;Z01;1;50;0;1;1;2;3
536589201;155 690 089;A01;1;7;13;0;3;0;1
536589202;155 690 087;A01;1;7;0;2;3;11;1
536589202;155 690 090;B01;1;7;0;2;5;1;3
536589203;155 690 086;A01;2;3;0;0;9;13;1
536589204;155 690 081;B01;2;80;0;2;1;1;3
536589204;155 690 085;A01;1;7;0;9;3;15;1
536589205;155 690 082;A01;1;7;2;0;1;17;1
536589206;155 690 078;A01;1;7;0;2;1;1;1
536589206;155 690 084;B01;2;50;0;2;7;19;3
536589207;155 690 080;A01;1;7;8;0;1;2;1
536589207;155 690 083;B01;1;7;0;9;1;2;3
536589208;155 690 075;B01;3;7;0;2;4;0;1
536589208;155 690 088;A01;3;7;0;2;1;0;1
536589209;155 690 074;B01;1;7;0;0;7;1;1
536589209;155 690 077;A01;1;2;0;2;1;1;1
536589210;155 690 072;A01;2;7;0;2;5;14;3
536589210;155 690 076;B01;2;32;0;2;3;3;1
536589211;155 690 070;A01;2;7;2;0;3;1;1
536589212;155 690 066;A01;2;7;0;2;3;1;1
536589212;155 690 071;B01;2;7;0;2;2;2;1
536589213;155 690 065;C01;0;7;0;0;3;24;1
536589213;155 690 069;B01;0;7;0;0;8;0;1
536589213;155 690 073;A01;0;3;1;0;2;1;1
536589214;155 690 062;A01;1;7;0;2;4;1;1
536589214;155 690 067;B01;1;7;0;2;1;2;1
536589215;155 690 064;A01;1;7;0;2;1;26;1
536589215;155 690 068;B01;1;7;0;2;4;23;1
536589216;155 690 061;A01;2;7;0;1;3;0;1
536589217;155 690 059;B01;1;7;0;0;7;1;1
536589217;155 690 063;A01;1;7;0;2;4;4;1
536589218;155 690 058;A01;3;7;0;1;1;15;1
536589219;155 690 056;A01;2;7;0;1;3;1;1
536589220;155 690 054;A01;3;7;0;2;3;20;1
536589220;155 690 060;B01;3;30;0;2;1;17;1
536589221;155 690 051;A01;2;7;0;2;1;1;1
536589221;155 690 057;B01;2;7;0;2;4;2;1
536589222;155 690 052;A01;3;7;0;1;2;1;1
536589223;155 690 050;B01;0;7;0;2;2;15;3
536589223;155 690 055;A01;0;30;0;2;1;1;3
536589224;155 690 049;A01;2;7;0;2;3;1;3
536589224;155 690 053;B01;1;50;0;2;5;0;3
536589225;155 690 047;A01;2;7;0;0;9;13;1
536589226;155 690 041;A01;2;7;0;2;8;18;1
536589226;155 690 045;B01;2;7;0;2;7;1;1
536589227;155 690 043;A01;1;7;6;0;0;1;1
536589228;155 690 039;A01;1;7;0;1;1;16;1
536589229;155 690 040;A01;2;7;0;2;3;5;1
536589229;155 690 046;B01;1;10;0;2;3;1;1
536589230;155 690 044;A01;1;7;0;0;6;4;1
536589230;155 690 048;B01;1;2;0;2;1;17;1
536589231;155 690 031;A01;2;7;0;2;2;15;1
536589231;155 690 036;B01;0;7;0;2;7;16;1
536589232;155 690 032;A01;1;7;0;2;1;0;1
536589232;155 690 035;B01;1;14;0;2;4;1;1
536589233;155 690 026;A01;2;17;0;2;2;2;1
536589233;155 690 030;B01;2;7;3;0;5;2;1
536589234;155 690 019;C01;1;7;0;2;3;2;1
536589234;155 690 023;A01;1;7;0;2;7;15;1
536589234;155 690 027;B01;2;33;0;2;1;1;1
536589235;155 690 021;Z01;1;7;0;2;1;1;1
536589235;155 690 024;A01;1;31;0;0;4;15;1
536589236;155 690 020;C01;1;7;0;2;4;23;1
536589236;155 690 025;A01;1;10;0;2;1;15;1
536589236;155 690 028;B01;1;7;0;2;4;23;1
536589237;155 690 017;A01;1;7;9;0;1;13;1
536589238;155 690 015;B01;2;7;3;0;4;23;1
536589238;155 690 022;A01;2;7;1;0;1;1;3
536589239;155 690 018;A01;3;7;1;1;1;1;1
536589240;155 690 013;A01;2;7;0;2;1;1;1
536589240;155 690 016;B01;2;2;0;2;4;1;1
536589241;155 690 007;B01;1;50;0;2;2;1;3
536589241;155 690 014;A01;1;7;0;1;3;9;1
536589242;155 690 004;C01;1;7;0;2;1;1;1
536589242;155 690 008;A01;2;7;0;2;3;13;1
536589242;155 690 012;B01;1;7;6;2;6;1;1
536589243;155 690 001;A01;1;33;3;0;9;1;1
536589244;155 690 003;A01;1;1;0;1;1;1;5
536589245;155 690 005;A01;1;7;0;2;2;9;1
536589245;155 690 011;B01;1;33;0;2;1;1;1
536589246;155 689 999;A01;1;7;8;2;8;9;1
536589246;155 690 010;B01;1;15;0;2;1;1;1
536589247;155 689 998;B01;1;7;0;2;4;23;1
536589247;155 690 000;C01;1;10;0;2;4;23;1
536589247;155 690 006;A01;1;7;0;2;4;2;1
536589248;155 689 996;A01;2;2;0;0;0;0;1
536589249;155 689 995;A01;1;7;0;2;2;10;1
536589249;155 689 997;B01;1;2;0;2;1;2;1
536589250;155 689 990;A01;1;1;0;9;1;11;5
536589250;155 689 993;B01;1;50;0;9;1;1;3
536589251;155 689 986;A01;1;7;0;2;1;1;1
536589251;155 689 994;B01;3;7;0;2;3;1;1
536589252;155 689 984;A01;2;7;0;0;6;9;1
536589252;155 689 991;B01;2;7;0;2;1;1;1
536589253;155 689 982;A01;1;33;0;2;1;2;1
536589253;155 689 987;B01;1;7;0;2;6;2;2
536589254;155 689 985;A01;2;7;0;2;2;15;1
536589254;155 689 989;B01;1;2;0;2;1;1;1
536589255;155 689 981;A01;2;33;0;2;1;26;1
536589256;155 689 980;A01;1;7;0;2;1;1;1
536589256;155 689 983;B01;2;7;0;2;1;15;1
536589257;155 689 979;A01;2;50;14;0;1;2;3
536589258;155 689 976;A01;1;30;0;9;7;26;1
536589259;155 689 977;A01;0;7;13;0;1;1;1
536589260;155 689 972;A01;3;7;10;0;1;15;1
536589261;155 689 971;A01;3;30;0;2;1;13;1
536589261;155 689 975;B01;3;7;0;2;1;1;1
536589262;155 689 970;A01;1;7;13;0;3;1;1
536589263;155 689 969;A01;3;7;0;2;7;16;1
536589263;155 689 973;B01;3;37;0;2;2;1;1
536589264;155 689 967;A01;1;1;0;0;1;1;5
536589265;155 689 964;Z01;2;7;0;0;0;0;0
536589265;155 689 968;B01;1;1;0;0;0;0;5
536589266;155 689 965;A01;2;7;0;2;1;1;6
536589266;155 689 974;B01;1;7;0;2;3;13;1
536589266;155 689 978;C01;2;7;0;2;1;1;2
536589267;155 689 963;C01;1;1;0;2;1;1;5
536589267;155 689 966;A01;1;7;0;2;1;16;2
536589268;155 689 960;A01;2;33;15;0;1;1;1
536589269;155 689 956;A01;3;7;1;0;0;14;1
536589270;155 689 953;A01;1;7;2;0;1;1;1
536589271;155 689 957;A01;1;7;0;0;0;0;1
536589271;155 689 962;B01;2;32;0;2;1;1;1
536589272;155 689 955;A01;2;7;0;2;3;13;1
536589272;155 689 959;B01;2;34;0;2;1;1;1
536589273;155 689 951;A01;3;7;15;0;2;14;1
536589274;155 689 947;A01;1;2;0;2;8;3;1
536589274;155 689 949;B01;1;7;0;2;8;0;1
536589275;155 689 946;C01;3;7;0;2;4;23;1
536589275;155 689 948;D01;3;7;0;2;7;23;1
536589275;155 689 950;E01;3;7;0;2;7;23;1
536589275;155 689 958;A01;3;7;0;2;1;1;1
536589275;155 689 961;B01;3;10;0;2;1;12;1
536589276;155 689 952;A01;1;1;0;2;3;19;5
536589276;155 689 954;B01;1;7;0;2;2;1;2
536589277;155 689 945;A01;1;7;2;0;0;0;1
536589278;155 689 942;A01;1;7;13;0;2;1;1
536589279;155 689 943;A01;1;30;14;0;1;1;1
536589280;155 689 941;B01;2;34;0;2;1;1;1
536589280;155 689 944;A01;1;7;0;2;2;19;1
536589281;155 689 940;A01;1;33;8;1;1;1;1
536589282;155 689 935;A01;2;7;0;2;3;1;3
536589282;155 689 938;B01;1;2;0;2;5;16;1
536589283;155 689 933;A01;1;7;6;0;1;15;1
536589284;155 689 934;A01;2;7;0;2;2;15;1
536589284;155 689 939;B01;1;7;0;2;2;1;1
536589285;155 689 930;A01;1;1;0;1;1;26;5
536589286;155 689 932;B01;3;33;0;2;3;1;1
536589286;155 689 937;A01;2;1;0;2;2;1;0
536589287;155 689 931;A01;2;7;15;0;3;1;1
536589288;155 689 929;A01;2;7;0;1;2;1;1
536589289;155 689 927;B01;1;7;0;2;1;1;3
536589289;155 689 936;A01;1;7;8;2;8;1;1
536589290;155 689 926;A01;1;30;0;1;1;1;1
536589291;155 689 923;A01;2;7;0;2;1;15;1
536589291;155 689 928;B01;1;33;0;2;0;1;1
536589292;155 689 922;B01;1;33;0;2;2;17;1
536589292;155 689 924;A01;1;7;0;2;3;15;1
536589293;155 689 920;A01;2;7;0;2;1;2;1
536589294;155 689 919;A01;2;10;0;1;5;1;1
536589295;155 689 921;A01;1;33;0;2;1;17;1
536589295;155 689 925;B01;1;7;0;2;1;1;1
536589296;155 689 916;A01;2;7;0;2;3;15;1
536589296;155 689 918;B01;2;32;0;2;1;1;1
536589297;155 689 915;A01;2;32;12;0;1;1;1
536589298;155 689 911;A01;2;7;0;2;6;14;2
536589298;155 689 914;B01;2;17;0;2;2;1;1
536589299;155 689 909;A01;1;7;0;0;8;0;1
536589299;155 689 912;B01;1;7;0;0;8;0;1
536589300;155 689 910;A01;2;30;0;2;0;3;1
536589301;155 689 908;B01;2;33;0;2;1;19;1
536589301;155 689 917;A01;2;7;0;2;5;12;1
536589302;155 689 902;A01;3;7;16;0;9;13;1
536589303;155 689 905;A01;1;33;0;0;1;2;1
536589304;155 689 904;B01;3;7;0;2;8;1;1
536589304;155 689 906;A01;3;50;0;2;1;1;3
536589305;155 689 900;B01;3;7;0;2;3;1;1
536589305;155 689 907;A01;3;33;0;2;2;1;1
536589306;155 689 901;A01;2;7;3;0;1;1;1
536589307;155 689 899;A01;3;7;0;9;3;1;1
536589307;155 689 903;B01;3;80;0;2;7;16;2
536589308;155 689 896;A01;1;30;0;2;3;0;1
536589308;155 689 898;B01;2;7;0;2;1;0;1
536589309;155 689 892;A01;3;7;0;1;5;20;1
536589310;155 689 894;A01;2;80;0;1;1;21;3
536589311;155 689 890;A01;1;10;0;2;7;12;1
536589311;155 689 893;B01;1;32;0;2;8;3;1
536589312;155 689 889;A01;2;7;16;2;1;17;1
536589312;155 689 895;B01;1;7;16;2;1;16;1
536589312;155 689 897;C01;2;7;0;2;6;1;1
536589313;155 689 888;A01;3;50;14;0;1;1;3
536589314;155 689 887;A01;2;7;0;2;8;19;1
536589314;155 689 891;B01;2;33;0;2;1;1;1
536589315;155 689 883;A01;1;7;0;2;1;2;1
536589315;155 689 886;B01;1;7;0;2;4;23;1
536589316;155 689 882;A01;1;10;12;1;8;23;1
536589317;155 689 879;A01;2;7;0;2;1;15;3
536589317;155 689 885;B01;1;1;0;2;4;16;5
536589318;155 689 878;A01;3;31;0;0;0;1;1
536589319;155 689 871;A01;1;7;0;2;2;16;1
536589319;155 689 874;B01;1;1;0;2;1;7;5
536589320;155 689 868;B01;1;50;0;2;7;19;3
536589320;155 689 873;A01;1;10;0;2;1;1;1
536589321;155 689 869;A01;2;80;2;0;1;17;3
536589322;155 689 864;A01;2;7;0;2;1;2;1
536589322;155 689 870;B01;2;7;0;2;9;2;1
536589322;155 689 876;C01;2;7;0;2;9;2;2
536589322;155 689 880;D01;2;7;0;2;9;2;2
536589322;155 689 884;E01;2;7;0;2;4;2;1
536589323;155 689 867;A01;1;7;0;2;7;16;1
536589323;155 689 872;B01;2;7;0;2;1;1;1
536589324;155 689 865;A01;1;7;12;1;2;5;2
536589325;155 689 862;A01;3;7;0;2;2;1;1
536589325;155 689 866;B01;3;10;0;2;3;26;1
536589326;155 689 860;A01;2;7;0;2;3;15;1
536589326;155 689 863;B01;2;33;0;2;2;17;1
536589327;155 689 856;A01;3;7;0;2;1;1;1
536589327;155 689 861;B01;3;33;0;2;4;1;1
536589328;155 689 858;A01;2;1;0;1;0;1;5
536589329;155 689 854;A01;2;10;1;0;2;1;1
536589329;155 689 859;B01;2;7;3;2;6;23;1
536589330;155 689 853;A01;2;7;0;2;3;13;0
536589330;155 689 855;B01;1;2;0;2;3;1;0
536589331;155 689 852;A01;2;7;0;0;0;1;1
536589332;155 689 850;A01;1;7;0;2;8;10;1
536589332;155 689 857;B01;2;1;0;2;1;1;5
536589333;155 689 848;B01;1;7;0;2;4;0;1
536589333;155 689 851;A01;1;7;0;2;1;1;1
536589334;155 689 846;A01;1;7;3;0;1;1;1
536589335;155 689 845;A01;1;7;4;0;1;14;1
536589336;155 689 844;A01;1;10;0;2;4;4;1
536589336;155 689 847;B01;1;7;0;2;2;1;2
536589337;155 689 843;A01;2;33;0;0;8;13;1
536589338;155 689 841;A01;1;10;0;2;1;1;3
536589338;155 689 849;B01;1;7;0;2;5;1;1
536589339;155 689 840;A01;1;7;0;2;2;15;1
536589339;155 689 842;B01;2;7;0;2;3;1;1
536589340;155 689 834;A01;2;7;0;2;2;12;1
536589340;155 689 837;B01;2;7;0;2;3;1;1
536589341;155 689 831;A01;2;7;0;2;2;1;1
536589341;155 689 839;B01;1;1;0;2;8;1;5
536589342;155 689 833;B01;1;32;0;2;1;1;1
536589342;155 689 836;A01;2;7;0;2;1;1;1
536589343;155 689 832;A01;1;10;0;1;1;1;1
536589344;155 689 830;A01;1;7;0;2;3;0;1
536589344;155 689 835;B01;2;7;0;2;1;0;1
536589345;155 689 829;A01;2;7;0;2;3;19;1
536589345;155 689 838;B01;1;17;0;2;6;21;1
536589346;155 689 828;A01;0;7;0;1;1;0;1
536589347;155 689 827;A01;2;7;4;0;1;1;1
536589348;155 689 825;A01;2;33;12;0;1;17;1
536589349;155 689 822;A01;1;7;0;2;1;15;1
536589349;155 689 826;B01;2;1;0;2;1;1;5
536589350;155 689 821;A01;1;30;0;2;3;15;1
536589350;155 689 824;B01;1;10;0;2;2;1;1
536589351;155 689 817;A01;2;17;0;2;1;1;1