Num_Acc;id_vehicule;num_veh;senc;catv;obs;obsm;choc;manv;motor
536589656;155 689 292;A01;1;7;0;0;2;14;2
536589657;155 689 286;B01;2;7;0;2;1;1;1
536589657;155 689 287;A01;1;7;0;2;1;1;1
536589658;155 689 284;A01;3;7;0;1;1;0;1
536589659;155 689 285;A01;2;37;0;0;0;26;2
536589660;155 689 283;A01;0;10;8;0;1;5;1
536589661;155 689 277;A01;2;7;0;1;1;1;1
536589662;155 689 278;A01;0;7;0;2;1;2;1
536589662;155 689 281;B01;0;7;0;0;4;2;1
536589663;155 689 280;B01;1;37;0;2;6;1;1
536589663;155 689 282;A01;1;50;0;2;2;1;3
536589664;155 689 275;A01;1;7;0;0;8;5;1
536589664;155 689 279;B01;2;33;0;0;6;17;1
536589665;155 689 274;A01;1;7;8;0;1;14;1
536589666;155 689 269;A01;2;33;8;0;0;1;1
536589667;155 689 266;A01;1;7;0;2;2;15;1
536589667;155 689 270;B01;1;0;0;2;1;0;1
536589668;155 689 272;A01;1;7;0;2;1;11;1
536589668;155 689 276;B01;1;7;0;2;1;1;1
536589669;155 689 267;A01;1;7;0;2;1;1;1
536589669;155 689 273;B01;2;7;0;2;3;16;1
536589670;155 689 268;B01;2;7;0;2;3;0;1
536589670;155 689 271;A01;1;31;0;2;1;26;1
536589671;155 689 264;A01;1;33;13;6;4;1;1
536589672;155 689 262;A01;1;7;0;2;3;13;1
536589672;155 689 265;B01;2;33;0;2;8;1;1
536589673;155 689 257;B01;1;33;0;2;1;1;1
536589673;155 689 260;A01;2;7;0;2;1;15;1
536589674;155 689 259;A01;2;7;0;2;8;15;1
536589674;155 689 263;B01;2;33;0;2;1;5;1
536589675;155 689 254;A01;3;7;0;2;3;1;1
536589675;155 689 258;B01;3;7;0;2;3;1;0
536589676;155 689 253;A01;3;7;0;0;1;0;1
536589677;155 689 256;A01;1;32;0;2;1;17;1
536589677;155 689 261;B01;1;7;0;2;6;15;1
536589678;155 689 252;B01;2;7;0;9;1;0;1
536589678;155 689 255;A01;1;1;0;2;1;26;5
536589679;155 689 247;A01;1;7;0;1;2;1;3
536589680;155 689 248;A01;2;7;13;0;1;21;1
536589681;155 689 246;B01;1;14;0;2;2;16;0
536589681;155 689 251;A01;1;33;8;0;2;18;1
536589682;155 689 245;A01;2;7;0;2;8;17;1
536589682;155 689 249;B01;2;7;13;2;7;0;1
536589683;155 689 243;A01;2;7;0;1;2;15;1
536589684;155 689 242;B01;1;2;0;2;9;1;1
536589684;155 689 250;A01;2;7;0;2;8;1;1
536589685;155 689 241;A01;2;1;0;9;1;0;5
536589685;155 689 244;B01;1;1;0;9;1;0;5
536589686;155 689 239;A01;2;32;0;1;1;18;1
536589687;155 689 240;A01;1;7;6;0;1;15;2
536589688;155 689 238;A01;2;7;0;0;1;1;1
536589689;155 689 236;A01;1;7;0;1;1;1;1
536589690;155 689 234;B01;0;10;0;2;3;15;0
536589690;155 689 237;A01;2;13;0;2;1;1;0
536589691;155 689 233;A01;1;33;8;0;2;26;3
536589692;155 689 229;A01;1;10;0;1;3;1;1
536589693;155 689 225;B01;1;1;0;2;7;1;5
536589693;155 689 232;A01;1;7;0;2;3;1;1
536589694;155 689 219;A01;2;1;0;1;2;1;5
536589695;155 689 218;A01;2;7;2;0;3;13;1
536589696;155 689 220;A01;0;37;0;0;7;1;2
536589697;155 689 223;A01;1;33;0;2;1;1;1
536589697;155 689 230;B01;1;7;0;2;3;9;1
536589698;155 689 215;A01;3;7;0;2;2;19;1
536589698;155 689 221;B01;2;50;0;2;1;1;3
536589699;155 689 217;A01;0;7;0;2;1;2;1
536589699;155 689 228;B01;2;7;0;0;8;10;1
536589700;155 689 212;A01;2;7;0;2;3;1;1
536589700;155 689 214;B01;1;2;0;0;8;15;1
536589701;155 689 209;A01;2;17;4;0;8;16;1
536589702;155 689 208;A01;3;1;0;2;1;0;5
536589702;155 689 213;B01;3;37;0;2;7;1;1
536589703;155 689 206;A01;2;7;8;0;8;1;1
536589704;155 689 205;B01;3;7;0;2;3;1;2
536589704;155 689 211;A01;1;50;0;2;1;1;3
536589705;155 689 202;B01;1;1;1;0;1;1;5
536589705;155 689 207;A01;1;10;0;2;8;24;1
536589706;155 689 201;A01;1;7;2;0;7;1;1
536589707;155 689 199;A01;1;7;0;1;2;16;1
536589708;155 689 198;A01;1;7;0;2;1;0;1
536589708;155 689 203;B01;1;7;0;2;1;2;1
536589708;155 689 210;C01;1;7;0;2;4;2;1
536589708;155 689 216;D01;1;7;0;2;1;0;1
536589708;155 689 222;E01;1;7;0;2;4;2;1
536589708;155 689 224;F01;1;7;0;2;3;2;1
536589708;155 689 227;G01;1;7;0;2;2;12;1
536589708;155 689 231;H01;1;7;0;2;4;2;1
536589708;155 689 235;I01;1;7;0;2;4;2;1
536589709;155 689 197;A01;3;10;0;1;2;1;1
536589710;155 689 200;B01;2;7;0;2;3;1;1
536589710;155 689 204;A01;1;2;0;2;1;13;1
536589711;155 689 196;A01;3;33;4;0;2;17;1
536589712;155 689 194;A01;3;32;0;0;9;1;1
536589713;155 689 191;A01;2;33;1;0;1;2;1
536589713;155 689 195;B01;1;10;0;2;0;10;1
536589714;155 689 190;A01;1;10;0;1;1;15;1
536589715;155 689 189;A01;1;32;0;2;1;2;1
536589715;155 689 193;B01;1;7;0;2;4;0;1
536589716;155 689 185;A01;2;30;0;1;8;1;1
536589717;155 689 184;B01;1;33;0;2;1;1;1
536589717;155 689 187;A01;2;7;0;2;2;15;1
536589718;155 689 186;A01;3;1;0;2;1;1;5
536589718;155 689 192;B01;3;14;0;9;5;16;1
536589719;155 689 176;A01;1;7;1;0;1;1;1
536589720;155 689 180;A01;2;7;0;2;3;15;1
536589720;155 689 183;B01;1;33;0;2;1;1;1
536589720;155 689 188;C01;1;34;0;2;1;1;1
536589721;155 689 178;A01;2;7;0;1;1;2;0
536589722;155 689 179;B01;1;31;0;2;1;1;1
536589722;155 689 182;A01;2;7;0;2;2;15;1
536589723;155 689 175;B01;3;7;0;2;4;1;1
536589723;155 689 181;A01;3;10;0;2;1;1;3
536589724;155 689 174;A01;1;3;3;0;8;13;1
536589725;155 689 170;B01;1;7;0;2;1;15;1
536589725;155 689 177;A01;2;7;0;2;1;1;1
536589726;155 689 169;A01;2;1;0;0;0;1;5
536589727;155 689 167;A01;3;7;0;2;6;15;1
536589727;155 689 173;B01;3;33;0;2;1;1;1
536589728;155 689 165;A01;1;34;0;2;1;1;1
536589728;155 689 171;B01;1;7;0;2;8;23;1
536589729;155 689 168;A01;1;10;0;2;1;1;1
536589729;155 689 172;B01;1;10;0;0;4;1;1
536589730;155 689 166;A01;2;7;0;0;1;12;1
536589731;155 689 164;A01;1;7;2;0;1;17;1
536589732;155 689 158;A01;1;7;6;0;1;1;1
536589733;155 689 161;A01;1;30;1;0;3;7;1
536589733;155 689 163;B01;1;7;0;2;4;23;2
536589734;155 689 160;A01;2;7;0;2;2;1;1
536589734;155 689 162;B01;1;7;0;2;3;1;1
536589735;155 689 155;A01;2;7;0;2;1;11;1
536589735;155 689 157;B01;1;7;0;2;3;1;1
536589736;155 689 152;A01;3;10;9;1;0;15;0
536589737;155 689 153;A01;3;7;0;1;3;15;2
536589738;155 689 151;A01;1;21;0;0;6;1;1
536589739;155 689 147;A01;3;2;0;0;0;1;1
536589740;155 689 144;C01;2;17;0;2;1;1;1
536589740;155 689 150;A01;1;7;16;2;1;13;1
536589740;155 689 156;B01;2;38;0;2;8;1;1
536589741;155 689 149;B01;2;7;0;2;1;1;1
536589741;155 689 154;C01;2;7;0;2;1;1;1
536589741;155 689 159;A01;2;7;0;2;4;11;1
536589742;155 689 141;A01;3;7;0;1;1;9;1
536589743;155 689 143;B01;3;33;0;2;2;1;1
536589743;155 689 148;A01;3;7;0;2;3;15;1
536589744;155 689 140;A01;3;7;0;1;1;1;3
536589745;155 689 136;A01;1;10;2;0;7;1;1
536589746;155 689 134;B01;2;17;0;0;4;2;1
536589746;155 689 139;A01;2;10;0;2;1;2;1
536589747;155 689 130;A01;3;7;0;1;1;1;1
536589748;155 689 127;A01;1;50;0;0;1;1;3
536589749;155 689 128;A01;1;7;0;1;7;1;1
536589750;155 689 126;A01;1;7;8;0;3;1;1
536589751;155 689 135;A01;2;7;0;1;2;1;1
536589752;155 689 129;A01;1;7;0;2;3;15;0
536589752;155 689 132;B01;1;7;0;0;0;0;0
536589753;155 689 119;A01;3;7;1;0;1;14;2
536589754;155 689 122;B01;1;2;0;2;1;26;3
536589754;155 689 131;A01;1;31;0;2;2;1;1
536589755;155 689 120;A01;1;33;4;0;7;14;1
536589756;155 689 118;A01;1;33;0;2;8;13;1
536589756;155 689 123;B01;2;7;0;2;6;1;1
536589757;155 689 121;B01;2;31;0;2;4;1;1
536589757;155 689 125;A01;1;7;0;2;1;15;1
536589758;155 689 116;A01;1;80;6;0;9;26;3
536589759;155 689 113;Z01;0;7;0;2;1;13;1
536589759;155 689 114;A01;0;2;0;2;1;1;1
536589760;155 689 124;A01;3;37;0;2;2;1;1
536589760;155 689 133;B01;3;10;0;2;3;10;1
536589761;155 689 117;A01;0;7;7;0;1;0;1
536589762;155 689 115;A01;2;7;10;0;2;1;2
536589763;155 689 112;A01;1;7;3;0;2;1;1
536589764;155 689 109;A01;3;7;13;0;8;13;1
536589765;155 689 108;A01;1;1;12;0;0;21;5
536589766;155 689 106;Z01;3;7;0;1;0;2;0
536589767;155 689 107;A01;2;7;2;0;1;0;1
536589768;155 689 103;B01;3;1;0;2;2;1;5
536589768;155 689 111;A01;3;7;0;2;3;9;1
536589769;155 689 105;A01;3;7;9;1;2;14;1
536589770;155 689 102;A01;2;7;6;0;3;1;1
536589771;155 689 098;A01;1;33;0;0;7;1;1
536589772;155 689 100;A01;1;33;0;6;2;1;1
536589773;155 689 097;B01;1;7;0;2;2;15;1
536589773;155 689 110;A01;2;33;0;2;1;1;1
536589774;155 689 096;Z01;3;7;0;1;4;20;6
536589775;155 689 094;B01;3;1;0;2;1;19;5
536589775;155 689 099;A01;3;7;8;2;3;15;1
536589776;155 689 095;A01;1;7;0;2;1;2;1
536589776;155 689 101;B01;1;7;0;2;4;2;1
536589776;155 689 104;C01;1;10;0;2;4;1;1
536589777;155 689 090;A01;2;7;10;0;1;1;1
536589778;155 689 089;A01;0;7;0;2;3;0;0
536589778;155 689 091;B01;2;7;0;2;3;0;0
536589779;155 689 088;B01;0;7;0;2;1;2;1
536589779;155 689 092;A01;0;7;0;0;4;1;1
536589780;155 689 087;Z01;3;7;0;1;2;0;1
536589781;155 689 085;A01;2;30;0;0;1;0;1
536589782;155 689 080;A01;1;7;0;2;3;9;1
536589782;155 689 084;B01;2;2;0;2;1;1;1
536589783;155 689 082;B01;1;30;0;2;8;2;1
536589783;155 689 093;A01;1;10;0;2;1;15;1
536589784;155 689 079;B01;2;2;0;2;1;1;1
536589784;155 689 086;A01;1;7;0;2;1;1;2
536589785;155 689 076;A01;2;7;0;9;2;16;1
536589785;155 689 083;B01;1;50;0;2;2;0;3
536589786;155 689 070;A01;3;10;0;1;0;0;0
536589787;155 689 065;A01;1;7;0;2;2;12;1
536589787;155 689 073;B01;1;7;0;2;3;1;1
536589788;155 689 071;A01;2;7;13;0;7;1;1
536589789;155 689 067;B01;3;3;0;2;4;2;1
536589789;155 689 074;A01;3;10;0;2;1;2;1
536589790;155 689 066;A01;2;7;0;1;2;1;1
536589791;155 689 064;A01;2;7;0;0;4;2;1
536589791;155 689 077;B01;2;10;0;2;1;2;1
536589792;155 689 062;B01;1;7;0;2;1;15;1
536589792;155 689 068;A01;2;7;0;2;1;1;1
536589793;155 689 055;B01;2;7;0;2;3;1;1
536589793;155 689 060;A01;1;7;0;2;1;15;1
536589794;155 689 054;B01;0;10;0;2;3;23;1
536589794;155 689 072;A01;1;36;0;2;1;1;1
536589795;155 689 053;F01;1;7;0;2;4;2;1
536589795;155 689 058;A01;1;7;0;2;1;2;1
536589795;155 689 063;C01;1;7;0;2;1;2;1
536589795;155 689 069;D01;1;7;0;2;4;1;3
536589795;155 689 075;E01;1;7;0;2;1;2;3
536589795;155 689 078;B01;1;7;0;2;4;1;2
536589795;155 689 081;G01;1;7;0;2;1;2;2
536589796;155 689 052;B01;2;7;0;2;3;11;2
536589796;155 689 059;A01;2;30;0;2;8;17;1
536589797;155 689 057;B01;2;43;0;2;1;3;1
536589797;155 689 061;A01;2;7;0;2;5;14;1
536589798;155 689 051;A01;1;33;2;0;3;26;1
536589799;155 689 049;A01;2;10;0;1;0;1;1
536589800;155 689 048;A01;0;30;0;2;1;1;1
536589800;155 689 056;B01;0;7;0;2;6;9;1
536589801;155 689 047;Z01;3;10;0;2;3;2;0
536589801;155 689 050;B01;3;43;0;2;7;1;1
536589802;155 689 045;A01;1;32;8;0;1;1;1
536589803;155 689 046;A01;3;7;0;1;3;1;1
536589804;155 689 040;A01;2;7;0;1;8;19;0
536589805;155 689 039;A01;1;7;13;0;1;13;1
536589806;155 689 038;A01;1;7;0;2;2;2;1
536589806;155 689 044;B01;1;7;0;2;4;1;1
536589807;155 689 037;A01;3;30;1;0;1;1;1
536589807;155 689 043;B01;3;7;0;2;4;23;1
536589808;155 689 033;A01;1;7;0;1;1;17;3
536589809;155 689 032;A01;1;33;0;0;0;13;1
536589810;155 689 036;B01;1;31;0;2;3;1;1
536589810;155 689 041;A01;1;7;0;2;2;12;1
536589811;155 689 029;A01;1;30;10;0;1;15;3
536589811;155 689 031;B01;2;7;10;0;3;1;1
536589812;155 689 027;A01;1;33;8;0;2;1;1
536589813;155 689 026;A01;2;7;3;0;1;0;1
536589814;155 689 034;B01;2;7;0;2;1;1;1
536589814;155 689 042;A01;1;7;3;2;9;15;1
536589815;155 689 024;B01;1;99;0;2;7;1;0
536589815;155 689 030;A01;1;7;0;2;1;1;1
536589816;155 689 022;A01;1;7;7;0;1;1;1
536589817;155 689 012;A01;1;33;0;2;3;13;1
536589817;155 689 019;B01;2;7;0;9;3;1;1
536589818;155 689 015;A01;1;7;0;2;2;1;1
536589818;155 689 020;Y01;1;1;0;2;3;19;5
536589819;155 689 016;B01;2;2;0;2;1;1;1
536589819;155 689 021;A01;1;7;0;2;3;13;1
536589820;155 689 014;A01;2;32;0;2;1;2;1
536589820;155 689 023;B01;2;7;0;0;5;2;1
536589821;155 689 010;B01;1;7;0;2;6;1;1
536589821;155 689 017;A01;1;10;0;2;2;14;1
536589822;155 689 009;A01;1;7;0;2;3;15;1
536589822;155 689 011;B01;2;7;0;2;3;1;1
536589823;155 689 018;A01;1;10;0;2;1;19;1
536589823;155 689 025;B01;0;10;0;2;8;1;1
536589824;155 689 003;A01;1;10;0;2;3;13;1
536589824;155 689 007;B01;2;10;0;2;3;1;1
536589825;155 689 006;B01;1;31;0;2;2;3;1
536589825;155 689 013;A01;1;7;0;2;6;1;1
536589826;155 689 000;A01;1;33;0;2;1;17;1
536589826;155 689 005;B01;1;10;0;2;3;15;1
536589827;155 689 001;A01;1;7;0;1;1;1;1
536589828;155 688 996;B01;1;7;0;2;4;2;1
536589828;155 689 004;A01;1;7;0;2;1;2;1
536589829;155 688 998;A01;1;30;0;2;1;26;1
536589829;155 689 008;B01;1;7;0;0;0;0;1
536589830;155 688 992;A01;1;10;0;2;3;11;1
536589830;155 688 995;B01;1;32;0;2;2;2;1
536589831;155 688 991;B01;1;7;0;2;6;1;1
536589831;155 689 002;A01;1;15;0;2;2;12;1
536589832;155 688 987;A01;2;7;0;2;1;1;1
536589832;155 688 990;B01;1;10;0;2;1;1;1
536589833;155 688 988;A01;2;7;0;2;1;26;1
536589833;155 688 994;B01;2;34;0;2;4;1;1
536589833;155 688 999;C01;2;33;0;2;1;1;1
536589834;155 688 985;A01;3;33;0;0;7;14;1
536589835;155 688 979;A01;3;7;0;2;1;0;0
536589835;155 688 984;B01;3;43;0;2;1;0;0
536589836;155 688 983;Y01;1;1;9;2;8;13;5
536589836;155 688 986;A01;0;7;0;2;8;14;1
536589837;155 688 978;B01;0;7;0;2;2;1;1
536589837;155 688 993;A01;1;10;0;2;7;15;1
536589837;155 688 997;C01;1;10;0;2;1;23;1
536589838;155 688 976;A01;2;7;0;2;8;11;1
536589838;155 688 982;B01;2;33;0;2;1;1;1
536589839;155 688 980;B01;1;33;0;2;1;17;1
536589839;155 688 989;A01;1;21;0;2;6;15;1
536589840;155 688 973;B01;2;2;0;0;1;1;1
536589840;155 688 981;A01;1;7;0;0;3;1;2
536589841;155 688 974;A01;2;7;0;2;1;13;1
536589841;155 688 977;B01;1;7;0;2;1;1;1
536589842;155 688 971;A01;2;33;0;0;1;20;1
536589843;155 688 969;A01;0;50;0;1;1;21;3
536589844;155 688 967;A01;3;7;0;2;3;9;1
536589844;155 688 975;B01;2;30;0;2;1;1;1
536589845;155 688 970;A01;3;7;0;2;7;16;1
536589845;155 688 972;B01;3;34;0;2;8;18;1
536589846;155 688 963;A01;1;7;5;0;1;1;1
536589847;155 688 964;A01;2;33;0;0;1;1;1
536589848;155 688 961;A01;2;33;0;2;1;3;1
536589848;155 688 965;B01;2;10;0;2;4;12;1
536589849;155 688 962;B01;1;50;0;2;8;1;3
536589849;155 688 968;A01;1;7;0;2;2;14;2
536589850;155 688 958;A01;1;7;2;0;2;14;1
536589851;155 688 956;A01;2;7;8;0;2;1;1
536589852;155 688 960;A01;2;10;0;1;1;17;1
536589853;155 688 959;A01;3;50;12;0;1;14;3
536589854;155 688 957;B01;1;7;0;2;5;1;1
536589854;155 688 966;A01;1;7;0;2;3;9;1
536589855;155 688 954;A01;1;7;2;0;0;13;1
536589856;155 688 955;A01;3;40;0;1;1;1;3
536589857;155 688 950;A01;1;33;13;0;7;1;1
536589858;155 688 947;A01;1;30;0;0;8;1;1
536589859;155 688 945;A01;2;7;0;2;1;2;1
536589859;155 688 952;B01;2;7;0;2;4;2;1
536589860;155 688 948;A01;2;7;1;0;2;14;1
536589861;155 688 943;A01;3;7;0;2;3;15;1
536589861;155 688 949;B01;3;43;0;2;1;1;1
536589862;155 688 942;B01;3;2;0;2;8;19;1
536589862;155 688 951;A01;2;7;0;2;2;1;1
536589863;155 688 940;A01;2;7;0;2;1;2;1
536589863;155 688 946;B01;2;7;0;2;4;2;1
536589863;155 688 953;C01;2;7;0;2;4;2;1
536589864;155 688 941;A01;1;33;0;2;8;13;1
536589864;155 688 944;B01;2;7;0;2;1;1;3
536589865;155 688 931;A01;0;32;0;2;1;5;1
536589865;155 688 937;B01;0;7;0;2;1;1;1
536589866;155 688 930;A01;1;10;0;2;6;17;1
536589866;155 688 936;B01;1;33;0;2;1;17;1
536589867;155 688 934;A01;1;7;0;2;2;15;1
536589867;155 688 938;B01;1;7;0;2;1;1;1
536589868;155 688 933;A01;2;37;0;0;1;15;2
536589868;155 688 939;B01;1;32;0;0;0;1;1
536589869;155 688 926;A01;2;7;0;9;2;16;1
536589869;155 688 932;B01;2;1;0;2;1;1;5
536589870;155 688 924;B01;1;7;0;2;3;1;1
536589870;155 688 935;A01;2;7;0;2;2;12;1
536589871;155 688 923;A01;1;1;0;2;3;15;5
536589871;155 688 929;B01;1;32;0;2;1;1;1
536589872;155 688 922;A01;2;7;0;2;1;13;2
536589872;155 688 925;B01;1;15;0;2;8;1;1
536589873;155 688 921;A01;3;7;0;2;1;19;1
536589873;155 688 928;B01;1;31;0;2;7;1;1
536589874;155 688 919;A01;2;7;0;2;7;15;1
536589874;155 688 927;B01;1;7;0;2;2;1;1
536589875;155 688 918;A01;2;36;6;0;3;26;1
536589876;155 688 916;B01;1;50;0;2;8;0;3
536589876;155 688 920;A01;2;7;0;2;2;0;1
536589877;155 688 911;A01;3;31;0;0;9;1;1
536589878;155 688 913;A01;1;30;12;0;2;1;1
536589879;155 688 912;A01;3;33;0;2;5;17;1
536589879;155 688 915;B01;3;7;0;2;3;15;1
536589880;155 688 909;A01;2;10;0;1;3;15;1
536589881;155 688 908;C01;1;7;0;2;1;1;1
536589881;155 688 914;A01;1;7;0;2;1;13;1
536589881;155 688 917;B01;1;7;0;2;3;1;1
536589882;155 688 910;A01;2;37;0;1;7;1;2
536589883;155 688 907;A01;1;7;0;1;1;1;1
536589884;155 688 905;A01;1;7;0;1;1;15;3
536589885;155 688 902;B01;2;7;8;0;1;10;1
536589885;155 688 903;A01;1;7;9;0;8;1;1
536589886;155 688 901;A01;3;7;0;1;1;2;1
536589887;155 688 898;A01;0;7;15;1;0;26;1
536589888;155 688 895;A01;3;7;0;2;1;15;1
536589888;155 688 904;B01;3;2;0;2;1;1;1
536589889;155 688 897;A01;1;50;0;1;1;25;3
536589890;155 688 891;A01;1;50;0;1;1;1;3
536589891;155 688 893;A01;2;31;0;0;8;15;1
536589891;155 688 899;B01;2;33;0;0;3;1;1
536589892;155 688 892;B01;1;10;0;2;4;2;1
536589892;155 688 900;A01;1;7;0;2;1;1;2
536589893;155 688 890;A01;1;7;0;2;3;15;2
536589893;155 688 896;B01;2;33;0;2;1;1;1
536589894;155 688 884;A01;2;80;0;2;8;16;3
536589894;155 688 888;B01;1;7;0;2;2;1;1
536589895;155 688 889;A01;1;7;0;2;1;16;1
536589895;155 688 894;B01;2;1;0;2;1;1;5
536589896;155 688 882;A01;1;7;0;2;4;1;1
536589896;155 688 886;B01;1;43;0;2;1;1;1
536589897;155 688 879;A01;2;50;0;2;7;1;3
536589897;155 688 887;B01;1;7;0;2;1;9;1
536589898;155 688 880;A01;2;7;0;2;2;15;1
536589898;155 688 883;B01;1;33;0;2;1;1;1
536589899;155 688 878;A01;3;7;0;0;5;20;1
536589900;155 688 875;A01;1;7;0;1;1;1;1
536589901;155 688 877;A01;2;7;14;0;1;0;1
536589901;155 688 885;B01;3;1;0;2;7;23;5
536589902;155 688 876;A01;1;7;0;1;2;1;1
536589903;155 688 871;A01;2;32;0;1;1;26;1
536589904;155 688 869;A01;2;1;0;2;1;1;5
536589904;155 688 873;B01;3;10;0;2;2;1;1
536589905;155 688 868;A01;3;1;0;0;0;1;5
536589906;155 688 874;B01;2;50;0;2;1;1;3
536589906;155 688 881;A01;1;1;0;2;1;17;5
536589907;155 688 865;A01;3;10;0;2;3;15;1
536589907;155 688 870;B01;3;33;0;2;1;1;1
536589908;155 688 866;A01;2;7;0;2;4;2;1
536589908;155 688 872;B01;2;7;0;2;1;2;1
536589909;155 688 864;B01;2;7;0;2;5;2;1
536589909;155 688 867;A01;2;1;0;2;8;2;5
536589910;155 688 856;A01;2;7;8;0;1;14;1
536589911;155 688 855;A01;1;7;0;2;7;20;1
536589911;155 688 860;B01;1;1;0;2;1;1;5
536589912;155 688 859;A01;3;80;12;0;1;14;3
536589913;155 688 857;A01;1;30;0;2;1;5;1
536589913;155 688 862;B01;1;7;0;2;2;20;2
536589914;155 688 851;A01;1;10;0;1;1;15;1
536589915;155 688 849;A01;2;33;0;2;1;26;1
536589915;155 688 854;B01;2;33;0;2;4;1;1
536589916;155 688 848;B01;2;33;0;2;1;1;1
536589916;155 688 858;A01;1;7;0;2;2;15;1
536589917;155 688 846;A01;1;7;0;2;5;1;1
536589917;155 688 863;B01;1;37;0;2;2;1;1
536589918;155 688 843;A01;1;7;0;0;9;1;1
536589919;155 688 844;C01;2;7;0;2;4;1;1
536589919;155 688 847;D01;2;7;0;2;4;2;2
536589919;155 688 853;A01;2;10;0;2;1;2;1
536589919;155 688 861;B01;2;7;0;2;4;2;1
536589920;155 688 839;A01;2;33;0;1;1;7;1
536589921;155 688 840;A01;1;7;0;2;3;1;1
536589921;155 688 850;B01;2;7;0;0;1;15;1
536589921;155 688 852;C01;2;7;0;0;6;1;1
536589922;155 688 836;B01;1;7;0;2;1;1;1
536589922;155 688 845;A01;1;7;0;2;7;1;1
536589923;155 688 835;A01;1;7;0;1;1;1;2
536589924;155 688 838;A01;3;7;0;1;2;15;1
536589925;155 688 832;A01;1;7;0;2;2;1;1
536589925;155 688 841;B01;2;1;0;2;1;15;5
536589926;155 688 837;A01;1;10;0;2;6;20;1
536589926;155 688 842;B01;1;33;0;2;0;17;1
536589927;155 688 829;B01;2;10;0;2;1;1;1
536589927;155 688 833;A01;2;7;0;2;5;1;2
536589928;155 688 830;A01;2;7;9;2;2;26;1
536589928;155 688 834;B01;1;7;9;2;8;2;1
536589929;155 688 827;A01;2;7;8;2;1;0;1
536589930;155 688 828;A01;3;21;0;2;2;1;1
536589930;155 688 831;B01;3;33;0;2;6;23;1
536589931;155 688 826;A01;2;7;2;0;1;1;1
536589932;155 688 825;A01;2;7;0;1;2;1;1
536589933;155 688 819;B01;2;7;0;2;6;1;1
536589933;155 688 824;A01;2;32;0;2;5;18;1
536589934;155 688 815;A01;2;7;0;2;6;1;1
536589934;155 688 822;Z01;2;15;0;2;1;12;0
536589935;155 688 821;A01;2;7;0;1;1;1;1
536589936;155 688 814;A01;3;7;0;1;1;26;1
536589937;155 688 813;A01;1;7;8;0;9;1;1
536589938;155 688 811;A01;1;7;0;2;1;1;1
536589938;155 688 817;B01;1;7;0;2;4;23;1
536589938;155 688 823;C01;1;7;0;2;4;23;1
536589939;155 688 808;A01;0;7;0;2;3;19;1
536589939;155 688 816;B01;0;1;0;2;1;1;5
536589940;155 688 812;B01;2;7;0;2;1;15;1
536589940;155 688 818;A01;1;32;0;2;8;7;3
536589941;155 688 807;A01;3;7;0;2;3;1;1
536589941;155 688 809;B01;3;1;0;2;1;14;5
536589942;155 688 804;A01;3;7;0;1;2;1;1
536589943;155 688 801;A01;2;15;0;2;2;12;1
536589943;155 688 806;B01;2;7;0;2;6;0;1
536589944;155 688 803;A01;1;10;1;0;1;20;1
536589945;155 688 800;A01;2;10;5;0;2;1;1
536589946;155 688 802;A01;1;33;0;0;8;2;1
536589947;155 688 796;B01;2;7;8;2;1;1;1
536589947;155 688 799;A01;1;7;0;2;1;1;1
536589948;155 688 793;A01;1;10;0;2;2;5;1
536589948;155 688 798;B01;2;3;0;2;1;1;1
536589949;155 688 791;A01;2;7;0;2;1;1;1
536589949;155 688 795;B01;2;7;0;2;1;11;1
536589950;155 688 788;A01;2;7;0;1;3;15;0
536589951;155 688 790;A01;2;7;3;0;8;26;1
536589952;155 688 794;A01;1;34;0;2;1;17;1
536589952;155 688 805;B01;1;7;0;2;8;15;1
536589953;155 688 792;B01;3;7;0;2;6;16;1
536589953;155 688 797;A01;3;7;0;2;1;2;2
536589954;155 688 787;A01;2;7;4;0;3;0;1
536589955;155 688 786;A01;1;7;16;0;1;1;1
536589956;155 688 782;A01;1;7;0;2;0;1;2
536589956;155 688 789;B01;1;7;0;2;0;0;1
536589957;155 688 778;A01;3;7;8;0;8;4;1
536589958;155 688 775;A01;1;33;0;2;1;2;1
536589958;155 688 781;B01;1;7;1;0;4;1;1
536589959;155 688 776;B01;2;33;0;2;2;17;1
536589959;155 688 784;A01;2;7;0;2;3;10;1
536589960;155 688 774;A01;0;7;2;0;1;0;1
536589961;155 688 771;A01;1;33;0;2;1;2;1
536589961;155 688 779;B01;1;7;0;2;4;2;1
536589962;155 688 769;A01;1;33;7;0;2;1;1
536589963;155 688 770;A01;2;13;0;2;2;12;1
536589963;155 688 777;B01;2;7;0;2;3;1;1
536589964;155 688 768;D01;1;7;0;2;4;2;1
536589964;155 688 772;A01;1;7;0;2;1;2;1
536589964;155 688 780;B01;1;7;0;2;4;2;1
536589964;155 688 785;C01;1;7;0;2;4;2;1
536589965;155 688 764;A01;3;7;2;0;9;1;1
536589966;155 688 765;A01;3;30;0;1;1;0;3
536589967;155 688 762;A01;1;33;0;2;2;3;1
536589967;155 688 766;B01;1;7;0;2;3;11;1
536589968;155 688 759;A01;2;7;0;1;2;1;2
536589969;155 688 761;A01;2;7;0;1;3;1;1
536589970;155 688 757;A01;1;31;0;2;1;1;1
536589970;155 688 763;B01;1;7;0;2;4;1;1