Num_Acc;id_vehicule;num_veh;senc;catv;obs;obsm;choc;manv;motor
536590274;155 688 226;A01;3;7;0;2;2;9;1
536590274;155 688 229;B01;3;50;0;2;1;26;3
536590275;155 688 225;A01;2;7;0;2;3;2;1
536590275;155 688 231;B01;2;7;0;2;5;2;1
536590276;155 688 224;A01;1;33;0;0;0;3;1
536590277;155 688 223;A01;0;7;5;9;2;2;1
536590277;155 688 228;B01;3;1;0;2;4;23;5
536590278;155 688 221;A01;1;10;0;1;2;2;0
536590279;155 688 220;A01;1;7;0;2;6;13;1
536590279;155 688 222;B01;1;30;0;2;2;11;1
536590280;155 688 215;A01;1;7;0;1;1;1;1
536590281;155 688 214;A01;1;80;0;2;1;21;3
536590281;155 688 219;B01;1;7;0;2;6;16;2
536590282;155 688 211;A01;1;7;0;2;1;2;1
536590282;155 688 216;B01;1;7;0;2;4;2;1
536590283;155 688 209;A01;1;7;0;0;3;9;1
536590283;155 688 217;B01;1;14;0;2;1;1;1
536590284;155 688 203;A01;1;7;0;2;0;1;1
536590284;155 688 206;B01;1;1;0;2;0;1;5
536590285;155 688 202;B01;1;7;8;2;7;1;1
536590285;155 688 210;A01;0;7;0;2;1;9;1
536590286;155 688 201;A01;3;30;16;0;0;26;1
536590287;155 688 198;A01;1;10;0;1;3;9;2
536590288;155 688 199;D01;2;7;0;2;6;23;1
536590288;155 688 205;C01;2;7;0;2;2;21;1
536590288;155 688 207;A01;2;7;4;2;3;13;1
536590288;155 688 212;B01;2;7;0;2;1;2;1
536590289;155 688 197;B01;1;10;0;2;2;1;1
536590289;155 688 208;A01;1;7;0;2;3;1;1
536590290;155 688 196;A01;1;7;0;2;5;4;1
536590290;155 688 200;B01;2;7;0;2;3;1;1
536590291;155 688 195;A01;3;2;0;2;8;1;1
536590291;155 688 204;B01;3;7;0;2;1;1;1
536590292;155 688 189;A01;1;7;0;2;3;16;1
536590292;155 688 194;B01;1;7;0;2;1;2;3
536590293;155 688 187;A01;0;10;15;0;2;2;1
536590294;155 688 185;A01;3;33;1;0;1;2;1
536590294;155 688 190;B01;3;7;0;2;3;20;1
536590295;155 688 183;B01;1;7;0;2;4;1;3
536590295;155 688 192;A01;1;7;0;2;1;1;1
536590296;155 688 182;A01;1;33;0;0;0;1;1
536590297;155 688 186;A01;1;7;0;2;1;13;1
536590297;155 688 191;B01;2;15;0;2;1;1;1
536590298;155 688 184;A01;1;30;0;2;1;1;1
536590298;155 688 193;B01;2;7;0;2;1;15;1
536590299;155 688 181;B01;1;7;0;2;4;2;1
536590299;155 688 188;A01;1;7;0;2;1;2;1
536590300;155 688 180;A01;2;7;0;1;2;1;1
536590301;155 688 179;A01;2;38;13;0;3;1;1
536590302;155 688 178;A01;0;31;0;0;0;1;1
536590303;155 688 173;A01;2;7;0;1;3;1;1
536590304;155 688 172;A01;1;7;7;0;2;1;1
536590305;155 688 169;A01;1;33;16;0;1;3;1
536590305;155 688 174;B01;1;7;0;0;0;11;1
536590306;155 688 175;A01;3;33;12;0;1;13;1
536590307;155 688 170;A01;1;7;0;2;3;19;1
536590307;155 688 176;B01;2;31;0;2;1;1;1
536590308;155 688 168;A01;1;33;0;2;1;1;1
536590308;155 688 171;B01;2;7;0;2;2;15;1
536590309;155 688 167;B01;2;7;0;2;3;1;1
536590309;155 688 177;A01;2;7;0;2;7;1;1
536590310;155 688 166;A01;3;32;9;0;7;15;1
536590311;155 688 160;B01;1;7;0;2;5;15;1
536590311;155 688 165;A01;1;43;0;2;5;1;1
536590312;155 688 164;A01;0;7;0;1;1;16;0
536590313;155 688 157;A01;2;7;0;1;2;1;1
536590314;155 688 158;B01;0;7;0;2;5;10;0
536590314;155 688 162;A01;0;7;0;2;1;1;1
536590315;155 688 154;A01;1;7;0;1;1;1;2
536590316;155 688 156;B01;2;10;0;2;4;1;1
536590316;155 688 161;A01;2;43;0;2;1;1;1
536590317;155 688 152;A01;1;7;0;2;1;2;2
536590317;155 688 155;B01;1;10;0;2;4;1;1
536590318;155 688 159;A01;2;7;0;9;3;26;0
536590318;155 688 163;B01;1;2;0;2;1;1;0
536590319;155 688 151;A01;1;33;0;1;0;17;1
536590320;155 688 150;A01;3;7;0;2;3;15;1
536590320;155 688 153;B01;3;2;0;2;1;5;1
536590321;155 688 145;A01;0;33;14;0;1;1;1
536590322;155 688 142;B01;1;50;0;2;1;1;3
536590322;155 688 147;A01;1;7;0;2;2;16;1
536590323;155 688 139;A01;0;7;0;2;1;1;1
536590323;155 688 144;B01;0;7;0;2;4;1;1
536590323;155 688 148;C01;0;7;0;2;4;1;1
536590324;155 688 141;A01;1;7;4;0;2;1;1
536590325;155 688 137;A01;1;7;0;0;2;2;1
536590325;155 688 146;B01;1;1;0;2;4;2;5
536590326;155 688 131;A01;2;7;0;2;3;15;1
536590326;155 688 149;B01;1;7;0;0;3;1;1
536590327;155 688 134;A01;2;7;0;2;2;12;1
536590327;155 688 140;B01;2;7;0;2;3;1;1
536590327;155 688 143;C01;2;33;0;2;1;1;1
536590328;155 688 132;A01;2;7;0;2;1;15;1
536590328;155 688 136;B01;2;1;0;2;4;0;5
536590329;155 688 129;A01;1;7;0;2;1;5;1
536590329;155 688 138;B01;2;10;0;2;1;0;1
536590330;155 688 127;A01;2;7;0;2;1;2;1
536590330;155 688 130;B01;2;7;0;2;4;2;1
536590330;155 688 135;D01;2;7;0;1;1;2;1
536590331;155 688 124;A01;2;7;0;2;1;9;3
536590331;155 688 128;B01;2;7;0;2;4;1;2
536590332;155 688 117;A01;1;10;0;1;6;15;1
536590333;155 688 115;C01;1;7;0;2;0;0;0
536590333;155 688 122;A01;2;10;0;2;1;19;6
536590333;155 688 126;B01;2;7;0;2;0;0;0
536590334;155 688 114;A01;2;10;0;2;7;12;1
536590334;155 688 121;B01;2;31;0;2;8;3;0
536590335;155 688 120;A01;1;7;6;0;1;1;1
536590336;155 688 111;A01;0;7;0;2;1;1;1
536590336;155 688 118;B01;0;34;0;2;5;1;1
536590337;155 688 106;A01;1;33;0;2;1;17;1
536590337;155 688 112;B01;1;7;0;2;1;1;1
536590337;155 688 119;C01;1;7;0;2;6;1;1
536590337;155 688 123;D01;1;7;0;2;5;0;3
536590338;155 688 107;B01;2;32;0;2;4;0;0
536590338;155 688 113;A01;2;7;0;2;1;1;1
536590339;155 688 110;B01;1;10;0;2;1;1;1
536590339;155 688 116;A01;2;7;0;2;2;15;0
536590340;155 688 105;A01;1;7;8;0;1;17;1
536590341;155 688 102;B01;1;80;0;2;7;1;5
536590341;155 688 109;A01;1;7;0;2;1;9;3
536590342;155 688 104;A01;2;7;3;0;0;0;1
536590343;155 688 101;A01;2;7;2;0;3;13;1
536590344;155 688 099;B01;3;1;0;2;0;1;6
536590344;155 688 108;A01;3;7;0;2;3;15;1
536590345;155 688 098;B01;1;1;0;2;1;1;5
536590345;155 688 103;A01;1;7;0;2;3;15;1
536590346;155 688 097;A01;3;7;0;1;4;0;3
536590347;155 688 091;B01;1;7;0;2;6;1;2
536590347;155 688 096;A01;1;7;0;2;1;21;1
536590348;155 688 092;A01;1;32;0;2;1;1;1
536590348;155 688 100;B01;1;10;0;2;2;1;3
536590349;155 688 089;A01;2;33;14;0;0;1;1
536590350;155 688 088;B01;1;7;0;2;6;11;1
536590350;155 688 093;A01;1;33;0;2;1;3;1
536590351;155 688 087;A01;1;7;0;2;1;13;1
536590351;155 688 095;B01;2;7;0;2;1;1;1
536590352;155 688 085;A01;3;1;0;2;1;26;5
536590353;155 688 082;A01;2;7;0;0;4;26;2
536590353;155 688 086;B01;2;7;0;2;1;0;1
536590353;155 688 094;C01;2;7;0;0;0;0;1
536590354;155 688 083;A01;1;7;3;0;0;26;1
536590355;155 688 081;Z01;3;7;0;1;1;1;1
536590356;155 688 080;A01;3;7;0;2;3;15;1
536590356;155 688 090;B01;2;7;0;2;2;0;1
536590357;155 688 078;A01;1;10;0;1;1;15;1
536590358;155 688 077;B01;2;1;0;2;1;1;5
536590358;155 688 084;A01;2;10;0;2;7;16;1
536590359;155 688 075;A01;1;7;0;2;3;0;1
536590359;155 688 079;B01;2;7;0;2;3;21;1
536590360;155 688 072;A01;2;7;0;2;1;2;1
536590360;155 688 076;B01;2;10;0;2;4;2;1
536590361;155 688 074;A01;0;7;10;0;1;13;1
536590362;155 688 069;A01;1;7;0;1;1;2;2
536590363;155 688 070;A01;1;1;0;2;3;17;5
536590363;155 688 073;B01;1;7;0;2;8;20;1
536590364;155 688 068;A01;1;7;1;0;1;1;3
536590365;155 688 067;A01;2;7;13;0;1;1;1
536590366;155 688 060;B01;1;7;0;2;1;19;1
536590366;155 688 065;A01;1;33;0;2;9;0;1
536590367;155 688 059;A01;1;7;6;0;8;1;1
536590368;155 688 054;A01;3;7;14;0;1;26;1
536590369;155 688 055;A01;2;10;0;2;3;2;1
536590369;155 688 062;B01;2;7;0;2;5;2;1
536590370;155 688 057;A01;1;7;0;2;3;19;1
536590370;155 688 063;B01;1;7;0;2;2;1;1
536590370;155 688 071;C01;2;7;0;2;1;1;1
536590371;155 688 061;A01;2;33;0;2;1;1;1
536590371;155 688 066;B01;2;30;0;2;8;1;3
536590372;155 688 053;A01;1;7;2;0;9;1;2
536590373;155 688 058;B01;2;1;0;2;1;1;5
536590373;155 688 064;A01;2;10;0;9;6;10;1
536590374;155 688 049;A01;3;7;8;0;1;1;1
536590375;155 688 051;B01;2;2;0;2;8;19;1
536590375;155 688 056;A01;1;7;0;2;2;1;1
536590376;155 688 047;A01;3;7;0;0;5;16;3
536590376;155 688 052;B01;3;7;0;0;5;26;1
536590377;155 688 042;A01;2;30;0;2;4;1;1
536590377;155 688 048;B01;2;0;0;2;1;1;0
536590378;155 688 040;B01;1;7;0;2;1;1;1
536590378;155 688 046;A01;2;7;0;2;1;15;1
536590379;155 688 036;B01;2;7;0;2;1;1;1
536590379;155 688 044;A01;1;7;0;2;1;13;2
536590380;155 688 035;B01;2;31;0;2;2;17;1
536590380;155 688 039;A01;2;7;0;2;8;15;1
536590381;155 688 032;A01;1;15;2;0;1;1;1
536590382;155 688 034;B01;3;7;0;2;3;1;1
536590382;155 688 043;A01;0;7;0;2;2;26;1
536590383;155 688 030;A01;3;37;0;1;1;1;6
536590384;155 688 031;B01;1;7;0;2;4;2;1
536590384;155 688 038;C01;1;10;0;2;3;11;1
536590384;155 688 041;D01;1;10;0;2;8;2;1
536590384;155 688 050;A01;1;7;0;2;1;2;2
536590385;155 688 027;A01;2;7;0;9;2;1;1
536590385;155 688 033;B01;2;1;0;2;4;1;5
536590386;155 688 025;A01;2;7;0;2;1;2;1
536590386;155 688 029;B01;2;10;0;2;4;2;1
536590386;155 688 037;C01;2;7;0;2;4;2;1
536590387;155 688 024;A01;2;7;1;0;1;2;2
536590387;155 688 028;B01;2;7;1;0;6;24;1
536590388;155 688 023;A01;1;7;2;0;5;0;1
536590389;155 688 022;A01;1;7;0;2;1;13;1
536590389;155 688 026;B01;2;7;0;2;1;1;1
536590390;155 688 020;A01;1;7;4;0;2;1;1
536590391;155 688 017;A01;1;37;0;1;2;16;2
536590392;155 688 019;A01;2;30;12;0;1;13;1
536590393;155 688 013;A01;2;1;0;2;1;25;5
536590393;155 688 018;B01;1;7;0;2;6;4;1
536590394;155 688 012;A01;2;7;0;2;1;2;0
536590394;155 688 016;B01;2;1;0;2;4;2;5
536590395;155 688 011;A01;2;7;0;0;9;1;1
536590396;155 688 007;A01;1;7;0;2;5;15;1
536590396;155 688 015;B01;1;7;0;2;5;2;1
536590396;155 688 021;C01;1;7;0;2;2;2;1
536590397;155 688 009;A01;1;7;0;1;8;15;2
536590398;155 688 005;A01;2;17;0;2;4;2;1
536590398;155 688 008;B01;2;17;0;2;1;2;1
536590399;155 688 006;A01;1;7;0;2;2;20;1
536590399;155 688 010;B01;1;7;0;2;4;1;1
536590400;155 688 004;B01;2;30;0;2;1;1;1
536590400;155 688 014;A01;3;7;0;2;2;1;1
536590401;155 688 001;A01;1;7;0;0;9;0;1
536590402;155 688 000;A01;1;33;13;0;0;17;1
536590403;155 687 998;A01;2;80;0;1;1;2;3
536590404;155 687 999;A01;0;30;0;0;0;1;1
536590405;155 687 995;B01;2;7;0;2;1;1;1
536590405;155 688 002;A01;1;7;0;2;1;13;1
536590406;155 687 993;A01;3;30;0;0;7;1;1
536590407;155 687 994;B01;2;33;0;2;0;0;1
536590407;155 688 003;A01;2;7;0;2;2;12;1
536590408;155 687 991;A01;1;7;0;2;2;15;1
536590408;155 687 997;B01;2;7;0;2;1;1;1
536590409;155 687 992;A01;1;7;0;2;1;17;1
536590409;155 687 996;B01;2;7;0;2;1;1;1
536590410;155 687 990;A01;1;33;0;0;8;2;1
536590411;155 687 986;B01;1;7;8;2;4;15;1
536590411;155 687 989;A01;1;7;0;2;1;1;1
536590412;155 687 983;B01;3;7;0;2;0;1;2
536590412;155 687 987;A01;3;1;0;2;1;9;5
536590413;155 687 980;A01;2;7;0;2;2;1;1
536590413;155 687 988;B01;1;7;0;2;1;9;1
536590414;155 687 979;A01;1;2;0;2;3;18;3
536590414;155 687 985;B01;1;7;0;2;5;1;2
536590415;155 687 977;A01;3;2;0;1;1;13;1
536590416;155 687 974;A01;3;33;0;0;0;26;1
536590417;155 687 976;B01;0;1;0;2;1;1;5
536590417;155 687 984;A01;0;7;0;9;5;26;1
536590418;155 687 975;A01;2;7;0;2;1;19;1
536590418;155 687 981;B01;1;1;0;2;7;1;5
536590419;155 687 972;B01;2;50;0;2;1;1;3
536590419;155 687 978;A01;1;80;0;2;1;1;3
536590420;155 687 973;A01;0;50;0;2;7;19;3
536590420;155 687 982;B01;0;7;0;2;1;1;1
536590421;155 687 970;A01;0;1;0;0;0;1;5
536590422;155 687 969;B01;2;32;0;2;3;26;1
536590422;155 687 971;A01;1;7;0;2;2;1;0
536590423;155 687 968;A01;1;33;0;0;1;26;1
536590424;155 687 966;A01;1;7;13;0;0;12;1
536590425;155 687 965;A01;3;2;12;0;8;17;1
536590426;155 687 962;A01;1;7;16;0;1;16;1
536590427;155 687 963;A01;1;33;0;0;8;0;1
536590428;155 687 961;A01;2;7;0;1;2;1;1
536590429;155 687 960;A01;3;7;6;0;1;14;1
536590430;155 687 959;A01;2;32;0;2;1;5;1
536590430;155 687 967;B01;1;21;0;2;1;0;1
536590431;155 687 958;A01;1;7;0;2;3;16;1
536590431;155 687 964;B01;1;50;0;2;1;1;3
536590432;155 687 955;A01;1;7;2;0;0;0;1
536590433;155 687 954;A01;3;10;1;2;3;20;1
536590433;155 687 957;B01;3;7;0;0;0;0;1
536590434;155 687 950;A01;3;50;1;0;9;1;3
536590435;155 687 948;A01;2;1;0;0;9;0;5
536590436;155 687 951;B01;1;7;13;2;2;13;1
536590436;155 687 956;A01;2;10;0;2;8;1;1
536590437;155 687 946;A01;2;7;0;2;3;15;1
536590437;155 687 953;B01;1;1;0;2;1;1;5
536590438;155 687 952;A01;1;7;12;0;2;26;1
536590439;155 687 943;A01;3;36;2;0;9;0;1
536590440;155 687 941;A01;3;1;0;2;1;1;5
536590440;155 687 947;B01;3;7;0;2;4;1;1
536590441;155 687 939;A01;3;30;0;2;1;13;1
536590441;155 687 945;B01;3;7;0;2;1;1;1
536590442;155 687 938;A01;1;33;0;6;1;1;1
536590443;155 687 940;A01;1;7;0;2;1;1;1
536590443;155 687 944;B01;1;7;0;2;4;23;1
536590443;155 687 949;C01;1;7;0;2;4;23;1
536590444;155 687 933;A01;2;7;0;2;1;5;1
536590444;155 687 937;B01;1;20;0;2;3;1;1
536590445;155 687 932;A01;3;7;9;0;0;13;1
536590446;155 687 929;A01;1;7;0;1;1;1;1
536590447;155 687 928;A01;1;7;13;0;1;1;1
536590448;155 687 931;A01;2;50;0;2;7;13;3
536590448;155 687 935;B01;2;7;0;2;3;15;1
536590449;155 687 926;B01;1;30;0;2;1;1;1
536590449;155 687 934;A01;1;10;0;2;1;15;1
536590450;155 687 927;A01;2;7;0;2;7;1;0
536590450;155 687 936;B01;2;7;0;2;3;1;1
536590451;155 687 930;Z01;3;0;0;1;0;0;6
536590452;155 687 924;A01;1;7;0;2;8;13;1
536590452;155 687 925;B01;1;30;0;2;5;1;1
536590453;155 687 923;A01;1;7;2;0;1;26;1
536590454;155 687 918;A01;3;7;2;0;1;0;1
536590455;155 687 917;A01;1;7;0;2;1;13;1
536590455;155 687 922;B01;2;7;0;2;3;1;1
536590456;155 687 916;A01;0;0;0;1;1;26;0
536590457;155 687 915;A01;0;7;0;0;1;21;1
536590458;155 687 913;B01;1;33;0;2;3;1;1
536590458;155 687 920;A01;2;7;0;9;1;15;2
536590459;155 687 912;B01;2;7;0;2;1;1;1
536590459;155 687 921;A01;3;7;0;2;3;19;1
536590460;155 687 911;A01;2;7;14;0;2;1;1
536590461;155 687 909;A01;3;31;0;2;7;0;1
536590461;155 687 914;B01;3;7;0;2;1;9;1
536590462;155 687 910;B01;0;7;0;2;7;1;2
536590462;155 687 919;A01;0;7;0;2;1;15;1
536590463;155 687 905;A01;3;7;0;0;0;1;0
536590464;155 687 902;A01;2;7;0;2;1;2;2
536590464;155 687 906;B01;2;15;0;0;4;2;1
536590465;155 687 903;A01;3;7;0;1;1;20;1
536590466;155 687 901;A01;3;7;0;1;1;15;1
536590467;155 687 900;A01;0;7;0;0;4;2;1
536590467;155 687 904;B01;0;7;0;2;1;2;2
536590467;155 687 908;C01;3;7;0;2;1;2;1
536590468;155 687 899;A01;2;7;0;1;1;1;1
536590469;155 687 897;B01;1;7;15;0;5;23;1
536590469;155 687 907;A01;1;10;0;2;3;2;1
536590470;155 687 895;A01;3;1;0;0;1;1;5
536590471;155 687 893;A01;1;7;0;2;1;1;1
536590471;155 687 898;B01;2;7;0;2;3;1;1
536590472;155 687 892;A01;2;7;8;0;0;0;1
536590473;155 687 889;A01;2;7;0;2;7;15;1
536590473;155 687 896;B01;1;3;0;2;1;1;1
536590474;155 687 886;A01;3;7;0;1;1;1;1
536590475;155 687 885;A01;2;7;1;0;2;1;3
536590475;155 687 891;B01;2;7;0;0;3;24;1
536590476;155 687 882;A01;3;10;0;2;7;12;1
536590476;155 687 887;B01;3;33;0;2;7;1;1
536590477;155 687 881;A01;2;7;0;2;1;2;1
536590477;155 687 890;B01;2;7;0;2;4;2;1
536590477;155 687 894;C01;2;7;0;2;1;2;1
536590478;155 687 880;A01;1;2;8;0;8;13;1
536590479;155 687 878;B01;1;31;0;2;4;2;1
536590479;155 687 884;A01;2;7;0;2;1;2;2
536590480;155 687 879;B01;1;7;15;0;0;0;0
536590480;155 687 883;C01;1;7;0;2;1;1;0
536590480;155 687 888;A01;1;7;0;2;1;26;0
536590481;155 687 876;A01;1;7;2;0;2;15;1
536590482;155 687 871;A01;3;21;0;1;3;15;0
536590483;155 687 872;A01;1;7;0;2;6;11;1
536590483;155 687 875;B01;1;32;0;2;1;17;1
536590484;155 687 869;A01;2;7;0;2;0;9;1
536590484;155 687 877;B01;1;1;0;2;0;1;5
536590485;155 687 866;A01;2;7;0;1;2;1;3
536590486;155 687 870;A01;3;50;0;0;3;1;3
536590487;155 687 864;A01;1;7;6;0;7;1;1
536590488;155 687 861;B01;3;7;0;2;1;1;1
536590488;155 687 868;C01;3;7;0;0;4;1;1
536590488;155 687 873;A01;3;7;0;2;3;1;1
536590489;155 687 863;A01;1;3;0;2;8;1;1
536590489;155 687 874;B01;2;7;0;2;1;1;1
536590490;155 687 858;A01;3;10;0;2;1;2;1
536590490;155 687 862;B01;3;7;0;2;4;15;1
536590490;155 687 867;C01;3;7;0;2;1;1;1
536590491;155 687 859;A01;1;30;0;2;1;1;1
536590491;155 687 865;B01;2;30;0;2;5;15;1
536590492;155 687 853;A01;1;36;0;0;1;0;1
536590493;155 687 851;A01;2;7;0;0;2;1;1
536590493;155 687 860;B01;1;2;0;2;1;1;1
536590494;155 687 850;B01;2;7;0;2;4;20;1
536590494;155 687 856;A01;2;50;0;2;1;1;3
536590495;155 687 849;A01;2;7;0;2;1;1;1
536590495;155 687 854;B01;2;7;0;2;2;15;1
536590496;155 687 848;A01;1;36;0;0;0;13;1
536590497;155 687 847;B01;3;80;0;2;5;2;3
536590497;155 687 852;A01;2;32;0;2;0;2;1
536590498;155 687 845;A01;2;7;0;2;0;9;1
536590498;155 687 857;B01;1;1;0;2;0;1;5
536590499;155 687 842;A01;1;7;0;2;2;1;1
536590499;155 687 855;B01;1;7;0;2;1;1;1
536590500;155 687 841;B01;1;7;0;9;4;23;1
536590500;155 687 844;A01;1;50;0;2;1;1;3
536590501;155 687 840;A01;1;33;14;0;1;1;1
536590502;155 687 838;A01;3;10;0;2;1;2;1
536590502;155 687 843;B01;3;7;0;2;4;15;1
536590502;155 687 846;C01;3;7;0;2;1;26;1
536590503;155 687 835;A01;1;7;3;0;1;1;2
536590504;155 687 832;A01;2;33;0;2;1;2;1
536590504;155 687 839;B01;2;7;0;2;6;2;1
536590505;155 687 831;A01;2;2;0;2;1;1;1
536590505;155 687 837;B01;1;7;0;2;2;15;1
536590506;155 687 830;B01;3;33;0;2;7;17;1
536590506;155 687 836;A01;3;7;0;2;6;13;1
536590507;155 687 828;A01;1;33;3;0;8;17;1
536590508;155 687 834;A01;3;7;0;9;3;9;1
536590509;155 687 825;A01;1;7;13;0;1;26;1
536590510;155 687 824;A01;3;7;0;2;1;2;1
536590510;155 687 827;B01;3;7;0;2;4;1;1
536590511;155 687 820;A01;2;33;0;0;7;1;1
536590512;155 687 822;B01;2;50;0;2;1;2;3
536590512;155 687 826;A01;2;7;14;2;5;2;1
536590513;155 687 816;Z01;1;7;0;2;0;2;6
536590513;155 687 821;A01;1;2;0;2;4;1;1
536590514;155 687 818;A01;3;10;0;1;4;26;0
536590515;155 687 815;A01;2;7;1;0;2;14;1
536590516;155 687 817;A01;1;7;0;2;7;13;1
536590516;155 687 823;B01;1;37;0;2;1;1;1
536590517;155 687 812;A01;1;33;0;0;8;26;1
536590518;155 687 807;A01;1;7;0;2;1;2;1
536590518;155 687 819;B01;1;7;0;2;4;2;1
536590519;155 687 805;A01;1;7;9;0;0;9;1
536590520;155 687 809;A01;2;7;6;0;1;15;1
536590521;155 687 811;A01;2;33;0;2;8;1;1
536590521;155 687 814;B01;1;7;0;2;2;15;1
536590522;155 687 804;A01;1;10;0;2;2;20;1
536590522;155 687 810;B01;1;30;0;2;1;1;0
536590523;155 687 808;A01;2;7;0;0;1;11;1
536590523;155 687 813;B01;1;7;0;0;1;0;1
536590524;155 687 801;A01;1;7;0;2;2;26;1
536590524;155 687 806;B01;1;32;0;2;1;26;1
536590525;155 687 799;B01;1;1;0;2;8;0;5
536590525;155 687 803;A01;1;7;0;2;3;1;3
536590526;155 687 800;A01;2;10;0;2;5;16;1
536590526;155 687 802;B01;2;50;0;2;1;2;3
536590527;155 687 797;A01;1;33;12;0;1;1;1
536590528;155 687 792;A01;1;32;0;0;7;1;1
536590529;155 687 795;A01;2;7;0;2;3;1;1
536590529;155 687 798;B01;1;30;0;2;2;15;1
536590530;155 687 791;A01;1;7;2;0;1;1;1
536590531;155 687 789;B01;2;3;0;0;4;2;1
536590531;155 687 794;A01;2;10;0;2;2;12;1
536590532;155 687 788;A01;1;7;4;0;9;1;1
536590533;155 687 786;A01;3;7;0;2;3;15;3
536590533;155 687 796;B01;3;50;0;2;0;0;3
536590534;155 687 783;A01;2;15;0;1;7;16;1
536590535;155 687 787;A01;1;7;0;0;5;15;1
536590535;155 687 793;B01;1;33;0;2;1;1;1
536590536;155 687 779;A01;3;7;0;2;1;2;1
536590536;155 687 784;B01;3;34;0;2;4;2;1
536590537;155 687 777;A01;1;31;0;2;8;1;1
536590538;155 687 778;A01;3;7;0;2;3;9;1
536590538;155 687 782;B01;1;7;0;2;2;1;2
536590539;155 687 768;A01;2;7;0;2;1;13;1
536590539;155 687 775;B01;1;7;0;2;1;1;2
536590540;155 687 772;A01;0;10;0;0;8;4;1
536590541;155 687 770;A01;2;10;0;2;8;16;1
536590541;155 687 781;B01;1;7;0;2;2;1;1
536590542;155 687 771;A01;1;10;0;1;1;1;1
536590542;155 687 774;Y01;1;60;0;2;8;19;5
536590543;155 687 767;A01;3;7;0;9;1;19;1
536590543;155 687 773;B01;2;1;0;2;8;1;5
536590543;155 687 780;C01;2;7;0;9;8;0;1
536590544;155 687 766;A01;1;7;0;2;1;1;1
536590544;155 687 776;B01;1;17;0;2;4;1;1
536590545;155 687 762;A01;1;7;0;2;2;15;1
536590545;155 687 769;B01;2;0;0;2;1;26;0
536590546;155 687 761;A01;1;10;0;2;5;24;1
536590546;155 687 765;B01;1;2;0;2;1;2;1
536590547;155 687 757;A01;1;7;0;2;2;1;1
536590547;155 687 764;B01;1;1;0;2;1;9;5
536590548;155 687 759;A01;1;33;13;0;0;1;1
536590549;155 687 754;B01;1;33;0;2;1;1;1
536590549;155 687 763;A01;2;7;0;2;8;15;1
536590550;155 687 755;A01;2;33;8;0;1;1;1
536590551;155 687 750;A01;1;7;0;2;2;17;1
536590551;155 687 753;B01;2;7;0;2;3;1;1
536590551;155 687 760;C01;1;7;0;2;1;1;1
536590552;155 687 751;Y01;2;1;0;2;8;1;5
536590552;155 687 758;A01;2;7;0;2;7;16;1
536590553;155 687 748;A01;2;7;2;0;3;6;1
536590554;155 687 746;B01;3;1;0;2;1;0;5
536590554;155 687 756;A01;3;7;0;9;3;9;1
536590555;155 687 745;A01;1;7;0;2;1;1;1
536590555;155 687 749;B01;1;50;0;2;7;19;3
536590556;155 687 747;B01;2;7;0;2;5;23;1
536590556;155 687 752;A01;2;1;0;2;1;26;5
536590557;155 687 742;A01;2;7;0;0;1;1;1
536590558;155 687 740;A01;1;7;13;0;2;1;1
536590559;155 687 739;A01;1;7;0;1;1;1;2
536590560;155 687 736;A01;1;7;0;2;7;16;2
536590560;155 687 744;B01;1;80;0;2;8;1;3
536590561;155 687 737;B01;1;2;0;2;1;1;1
536590561;155 687 741;A01;2;7;0;2;2;15;1
536590562;155 687 733;B01;3;7;0;2;6;15;1
536590562;155 687 738;A01;3;33;0;2;2;17;1
536590563;155 687 734;A01;1;2;0;0;0;0;1
536590564;155 687 727;B01;2;7;0;2;1;1;1
536590564;155 687 732;A01;1;7;0;2;2;15;1
536590565;155 687 728;A01;1;33;0;0;1;26;1
536590566;155 687 723;A01;2;10;0;2;3;19;1
536590566;155 687 731;B01;1;7;15;2;7;1;1
536590567;155 687 724;A01;2;7;15;0;1;13;1
536590568;155 687 718;A01;3;7;0;2;3;9;1
536590568;155 687 725;B01;2;2;0;2;1;1;1
536590569;155 687 720;A01;2;7;12;0;2;14;1
536590570;155 687 721;A01;1;7;13;2;3;1;1
536590570;155 687 726;B01;1;7;13;2;6;1;2
536590571;155 687 719;B01;2;30;0;2;7;1;1
536590571;155 687 729;A01;3;10;0;2;1;19;1
536590572;155 687 715;A01;2;7;6;0;1;1;1
536590573;155 687 716;C01;1;7;0;2;3;0;1
536590573;155 687 722;A01;1;7;0;2;1;9;1
536590573;155 687 730;B01;1;7;0;2;8;0;1
536590573;155 687 735;D01;1;7;0;2;2;1;1
536590574;155 687 713;B01;0;33;0;2;1;5;1
536590574;155 687 717;A01;0;7;0;2;3;5;1
536590575;155 687 710;B01;2;3;0;2;4;2;1
536590575;155 687 714;A01;2;7;0;2;1;2;1
536590576;155 687 704;A01;3;31;0;0;7;0;1
536590577;155 687 706;A01;2;7;0;2;1;1;1
536590577;155 687 712;B01;1;7;0;2;1;15;1
536590578;155 687 701;B01;1;1;0;2;8;0;5
536590578;155 687 709;A01;1;7;0;2;1;13;1
536590579;155 687 703;A01;2;7;0;2;7;16;1
536590579;155 687 707;B01;2;1;0;2;8;1;5
536590580;155 687 698;A01;3;33;0;1;1;1;1
536590581;155 687 700;A01;2;7;0;2;1;1;1
536590581;155 687 705;B01;2;10;0;2;4;1;1