Num_Acc;id_vehicule;num_veh;senc;catv;obs;obsm;choc;manv;motor
536590886;155 687 170;B01;2;7;0;2;4;2;1
536590887;155 687 164;A01;1;7;0;1;1;1;1
536590888;155 687 165;A01;2;7;0;2;4;1;1
536590888;155 687 169;B01;2;7;0;2;4;1;1
536590888;155 687 177;C01;2;10;0;2;1;2;1
536590889;155 687 161;A01;1;7;0;2;7;21;1
536590889;155 687 167;B01;1;33;0;2;8;1;1
536590889;155 687 172;C01;1;10;14;0;0;26;1
536590890;155 687 157;A01;1;7;14;2;1;19;1
536590890;155 687 162;B01;1;7;14;2;3;1;1
536590891;155 687 155;B01;3;32;0;2;1;1;1
536590891;155 687 160;A01;1;7;0;2;8;15;1
536590892;155 687 158;A01;1;7;0;2;1;1;1
536590893;155 687 159;B01;2;50;0;2;1;0;3
536590893;155 687 163;A01;2;7;0;9;3;1;1
536590894;155 687 152;A01;2;7;0;2;6;17;2
536590894;155 687 156;B01;2;32;0;2;1;3;1
536590895;155 687 148;A01;3;15;12;2;2;16;0
536590895;155 687 154;B01;3;2;12;2;8;18;0
536590896;155 687 147;A01;1;7;0;0;2;26;1
536590896;155 687 151;B01;1;33;1;2;1;14;1
536590897;155 687 144;A01;2;80;0;0;0;1;3
536590898;155 687 141;A01;1;10;0;2;0;1;1
536590898;155 687 146;C01;1;10;0;2;3;1;1
536590898;155 687 150;B01;1;7;14;2;5;21;1
536590899;155 687 142;A01;2;7;11;0;2;1;1
536590900;155 687 137;A01;0;7;0;1;3;1;2
536590901;155 687 138;B01;2;7;0;2;3;1;1
536590901;155 687 153;A01;1;32;0;2;1;13;1
536590902;155 687 136;A01;1;7;0;2;1;2;1
536590902;155 687 145;B01;1;7;0;2;4;2;1
536590902;155 687 149;C01;1;10;0;2;4;2;1
536590903;155 687 139;A01;2;34;0;2;1;2;1
536590903;155 687 143;B01;2;43;0;2;1;15;1
536590904;155 687 135;B01;1;1;0;2;1;19;5
536590904;155 687 140;A01;1;7;1;2;2;1;2
536590905;155 687 131;A01;2;7;4;0;2;1;1
536590906;155 687 130;A01;3;7;0;2;1;1;1
536590906;155 687 134;B01;3;2;0;2;0;0;1
536590907;155 687 126;B01;2;7;0;2;8;15;1
536590907;155 687 132;A01;2;31;0;2;7;3;1
536590908;155 687 125;A01;1;7;2;0;9;0;1
536590909;155 687 120;A01;2;7;0;2;1;16;1
536590909;155 687 129;B01;2;33;0;2;4;1;1
536590910;155 687 123;A01;1;13;0;2;1;1;1
536590910;155 687 128;B01;1;7;0;2;4;1;1
536590911;155 687 121;B01;1;33;0;2;7;1;1
536590911;155 687 127;A01;1;7;0;2;3;9;1
536590911;155 687 133;C01;2;7;0;2;6;1;1
536590912;155 687 119;A01;1;10;0;1;3;1;1
536590913;155 687 118;B01;1;33;0;2;7;1;1
536590913;155 687 124;A01;1;7;0;2;3;11;1
536590914;155 687 116;B01;2;7;0;2;1;11;1
536590914;155 687 122;A01;2;33;0;2;5;17;1
536590915;155 687 109;A01;1;15;0;2;3;2;1
536590915;155 687 114;B01;1;7;0;2;4;2;1
536590915;155 687 117;C01;1;7;0;2;4;2;2
536590916;155 687 115;A01;2;14;0;1;2;19;1
536590917;155 687 108;A01;3;7;0;2;1;0;1
536590917;155 687 113;B01;3;7;0;2;6;15;1
536590919;155 687 107;A01;1;7;0;1;1;16;1
536590920;155 687 105;A01;1;7;0;2;3;2;1
536590920;155 687 112;B01;1;21;0;0;6;1;1
536590921;155 687 102;A01;2;7;0;2;1;2;1
536590921;155 687 111;B01;2;10;0;2;8;26;1
536590922;155 687 103;A01;1;2;11;0;1;1;1
536590923;155 687 099;B01;2;7;0;2;1;1;1
536590923;155 687 104;A01;1;7;9;2;7;15;1
536590924;155 687 098;A01;1;30;0;2;1;2;1
536590924;155 687 101;B01;1;7;0;2;4;2;1
536590925;155 687 092;A01;1;7;0;2;1;1;1
536590925;155 687 097;B01;1;7;0;2;6;1;1
536590925;155 687 100;C01;1;33;0;2;4;1;1
536590925;155 687 106;D01;1;10;0;2;2;1;1
536590926;155 687 091;B01;1;30;0;2;4;0;1
536590926;155 687 096;A01;1;0;0;2;0;0;0
536590927;155 687 090;A01;2;33;12;0;7;26;1
536590928;155 687 089;A01;1;7;0;2;7;22;1
536590928;155 687 094;Y01;1;1;0;2;0;0;5
536590929;155 687 086;B01;3;7;0;2;3;1;1
536590929;155 687 095;A01;3;7;0;2;1;5;1
536590930;155 687 087;A01;1;7;13;0;1;1;1
536590931;155 687 081;A01;1;30;13;0;7;21;1
536590932;155 687 080;A01;2;33;0;2;6;1;1
536590932;155 687 088;B01;3;7;0;2;1;19;2
536590933;155 687 082;A01;2;43;4;0;3;0;1
536590934;155 687 079;A01;1;7;0;2;8;9;1
536590934;155 687 085;B01;2;7;0;2;1;1;1
536590935;155 687 078;A01;1;7;0;0;7;1;1
536590935;155 687 084;B01;1;7;0;0;1;1;1
536590936;155 687 077;A01;1;7;0;2;3;9;1
536590936;155 687 083;B01;1;32;0;2;1;2;1
536590937;155 687 074;A01;3;7;0;1;3;1;1
536590938;155 687 069;A01;0;7;2;0;1;0;1
536590939;155 687 066;A01;0;7;0;2;2;15;1
536590939;155 687 071;B01;0;2;0;2;1;1;1
536590940;155 687 061;A01;1;1;14;0;1;15;5
536590940;155 687 067;B01;2;1;14;0;8;1;5
536590941;155 687 064;C01;1;7;0;2;8;16;1
536590941;155 687 073;A01;2;10;0;2;1;1;1
536590941;155 687 076;B01;2;10;0;2;1;1;1
536590942;155 687 059;A01;2;7;0;2;2;9;1
536590942;155 687 070;B01;2;30;0;2;7;1;1
536590943;155 687 057;D01;1;7;0;2;4;2;1
536590943;155 687 065;A01;1;7;0;2;1;2;1
536590943;155 687 072;B01;1;7;0;2;4;2;1
536590943;155 687 075;C01;1;7;0;2;4;2;1
536590944;155 687 056;A01;3;7;0;2;1;9;1
536590944;155 687 062;B01;3;7;0;2;7;0;1
536590945;155 687 054;A01;2;7;0;2;2;26;1
536590945;155 687 060;B01;3;7;0;2;6;26;1
536590946;155 687 055;A01;2;32;0;2;1;2;1
536590946;155 687 058;B01;2;33;0;2;1;21;1
536590946;155 687 068;C01;2;7;0;2;4;1;1
536590947;155 687 052;B01;1;10;8;2;0;0;0
536590947;155 687 063;A01;1;10;6;0;3;1;0
536590948;155 687 048;A01;1;15;0;2;1;13;1
536590948;155 687 053;B01;2;7;0;2;1;1;1
536590949;155 687 046;B01;1;7;0;2;2;19;2
536590949;155 687 051;A01;2;7;0;2;1;1;1
536590950;155 687 040;A01;2;15;0;2;2;12;1
536590950;155 687 047;B01;2;7;0;2;6;1;1
536590951;155 687 042;A01;2;31;0;0;0;2;1
536590952;155 687 041;A01;3;7;0;2;5;15;1
536590952;155 687 050;B01;3;33;0;2;1;1;1
536590953;155 687 038;A01;3;7;0;2;1;1;1
536590953;155 687 044;B01;3;7;0;2;1;1;1
536590954;155 687 043;A01;1;10;0;1;1;16;1
536590955;155 687 036;B01;2;7;0;2;3;15;1
536590955;155 687 045;A01;1;1;0;2;1;1;5
536590956;155 687 031;A01;1;7;0;2;1;13;3
536590956;155 687 035;B01;2;7;0;2;3;1;1
536590957;155 687 028;D01;2;7;0;9;3;1;1
536590957;155 687 034;A01;2;7;0;2;1;1;1
536590957;155 687 039;C01;2;10;0;2;8;1;1
536590957;155 687 049;B01;3;7;0;2;1;15;1
536590958;155 687 027;A01;2;7;2;0;1;0;1
536590959;155 687 026;A01;2;7;0;2;8;11;1
536590959;155 687 032;B01;2;33;0;2;7;1;1
536590960;155 687 033;A01;3;7;0;2;3;15;1
536590960;155 687 037;B01;3;32;0;2;2;1;1
536590961;155 687 023;A01;1;33;8;0;9;1;1
536590962;155 687 025;A01;2;10;0;2;1;2;1
536590962;155 687 029;B01;2;10;0;2;4;2;1
536590963;155 687 021;A01;2;33;6;0;7;15;1
536590964;155 687 019;A01;2;7;0;2;4;1;1
536590964;155 687 022;B01;2;7;0;2;1;1;1
536590965;155 687 020;B01;3;2;0;2;1;1;1
536590965;155 687 030;A01;3;7;0;2;3;2;1
536590966;155 687 015;A01;3;2;0;2;8;0;1
536590966;155 687 017;B01;3;7;0;9;2;2;1
536590967;155 687 014;A01;1;30;0;2;8;1;1
536590967;155 687 018;Z01;1;10;0;0;0;0;0
536590968;155 687 013;A01;2;7;0;2;2;2;1
536590968;155 687 016;B01;2;7;0;2;3;26;1
536590969;155 687 010;A01;2;2;17;0;1;1;1
536590970;155 687 008;A01;3;50;0;0;0;25;3
536590971;155 687 007;A01;2;7;0;2;7;14;1
536590971;155 687 012;B01;2;33;0;2;8;1;1
536590972;155 687 006;A01;1;7;0;2;1;1;1
536590972;155 687 011;B01;1;7;0;2;4;1;2
536590973;155 687 002;A01;2;33;0;0;9;1;1
536590974;155 687 003;A01;1;7;14;0;1;6;1
536590975;155 687 001;A01;2;31;0;0;8;3;1
536590976;155 687 000;A01;1;32;0;2;1;17;1
536590976;155 687 005;B01;2;7;0;2;3;1;1
536590976;155 687 009;C01;1;7;0;2;3;23;1
536590977;155 686 997;A01;1;7;0;2;5;15;1
536590977;155 687 004;B01;1;33;0;2;1;1;1
536590978;155 686 998;A01;3;7;0;1;0;1;1
536590979;155 686 995;A01;2;7;0;2;2;15;1
536590979;155 686 999;B01;2;2;0;2;1;18;1
536590980;155 686 993;A01;1;7;15;0;7;1;1
536590981;155 686 992;A01;2;7;0;2;8;11;1
536590981;155 686 994;B01;2;33;0;2;7;1;1
536590982;155 686 991;B01;3;7;0;2;8;15;1
536590982;155 686 996;A01;3;33;0;2;1;13;1
536590983;155 686 987;A01;1;7;6;0;1;14;1
536590984;155 686 986;A01;2;33;0;1;1;17;1
536590985;155 686 985;A01;1;14;0;2;7;16;6
536590985;155 686 990;B01;1;32;12;0;6;2;1
536590986;155 686 983;A01;2;7;0;2;1;1;1
536590986;155 686 989;B01;2;7;0;2;4;1;1
536590987;155 686 981;A01;2;7;0;1;7;2;1
536590988;155 686 980;A01;3;7;0;9;8;2;2
536590989;155 686 978;A01;1;33;4;0;1;1;1
536590990;155 686 979;A01;2;17;0;0;8;14;1
536590991;155 686 976;A01;2;1;0;2;8;19;5
536590991;155 686 982;B01;1;33;0;9;2;1;1
536590992;155 686 974;Z01;0;7;0;1;1;26;0
536590993;155 686 973;A01;2;7;3;0;1;1;1
536590994;155 686 971;A01;1;7;12;0;3;2;1
536590995;155 686 970;A01;1;10;0;9;3;13;1
536590995;155 686 975;B01;1;32;0;2;2;13;1
536590996;155 686 968;B01;2;50;0;2;0;15;3
536590996;155 686 977;A01;1;7;0;9;0;1;1
536590997;155 686 966;A01;2;10;0;2;4;11;0
536590997;155 686 969;B01;2;33;0;2;1;1;1
536590998;155 686 956;B01;2;33;0;2;7;3;1
536590998;155 686 962;A01;2;7;0;2;3;11;1
536590998;155 686 965;C01;2;7;0;2;5;1;1
536590999;155 686 955;A01;1;32;0;2;1;2;1
536590999;155 686 961;B01;1;7;0;0;4;1;1
536590999;155 686 964;C01;2;7;0;2;1;1;1
536591000;155 686 954;A01;2;7;0;2;3;11;1
536591000;155 686 960;B01;2;31;0;2;2;3;1
536591001;155 686 951;A01;2;7;0;2;1;5;0
536591001;155 686 958;B01;1;7;0;2;1;1;1
536591002;155 686 947;A01;2;7;0;2;1;13;1
536591002;155 686 952;B01;1;38;0;2;1;1;1
536591003;155 686 953;B01;0;7;0;2;6;15;1
536591003;155 686 959;A01;0;33;14;2;1;1;1
536591004;155 686 950;A01;0;7;0;2;3;15;1
536591004;155 686 963;B01;0;33;0;2;1;1;1
536591005;155 686 948;A01;0;7;0;2;0;14;0
536591005;155 686 957;B01;0;7;0;2;0;1;3
536591006;155 686 945;A01;0;33;0;2;0;2;1
536591006;155 686 949;B01;0;7;0;2;6;1;1
536591007;155 686 943;A01;1;2;7;0;1;13;1
536591008;155 686 942;B01;1;14;0;2;3;1;1
536591008;155 686 946;A01;2;7;0;2;3;13;1
536591009;155 686 941;A01;1;7;2;0;2;14;1
536591010;155 686 938;B01;1;10;0;2;5;14;1
536591010;155 686 944;A01;1;33;0;2;1;21;1
536591011;155 686 940;A01;1;7;1;0;3;26;2
536591012;155 686 937;A01;1;13;0;1;1;1;1
536591013;155 686 936;A01;3;7;0;0;1;0;1
536591014;155 686 933;A01;1;7;2;0;1;0;1
536591015;155 686 931;A01;2;7;0;0;7;1;1
536591016;155 686 932;A01;2;7;0;2;1;2;1
536591016;155 686 935;B01;2;7;0;2;4;1;1
536591016;155 686 939;C01;2;7;0;2;4;2;1
536591017;155 686 926;A01;1;7;0;2;2;12;1
536591017;155 686 928;B01;1;32;0;2;8;3;1
536591018;155 686 924;A01;3;1;0;0;0;1;5
536591019;155 686 925;A01;1;7;0;2;2;1;1
536591019;155 686 934;B01;1;7;0;2;6;1;1
536591020;155 686 921;A01;3;7;16;0;9;1;1
536591021;155 686 922;A01;1;7;0;2;1;0;1
536591021;155 686 930;B01;1;7;0;2;4;0;1
536591022;155 686 918;A01;1;7;13;0;2;1;1
536591023;155 686 920;A01;2;43;0;0;1;21;1
536591024;155 686 923;A01;2;33;0;2;2;1;1
536591024;155 686 927;B01;2;21;0;0;3;2;1
536591025;155 686 917;A01;1;33;0;0;7;1;1
536591026;155 686 916;A01;3;80;0;0;0;1;3
536591027;155 686 914;A01;1;7;0;2;2;15;1
536591027;155 686 919;B01;0;32;0;2;3;1;1
536591028;155 686 913;A01;3;7;0;2;1;2;1
536591029;155 686 909;A01;2;15;13;0;2;20;1
536591030;155 686 907;A01;1;15;0;2;4;1;1
536591030;155 686 912;B01;1;15;0;2;1;1;1
536591031;155 686 906;A01;2;7;1;0;1;1;1
536591031;155 686 911;B01;2;7;0;2;8;1;1
536591032;155 686 904;A01;1;7;2;9;5;1;1
536591033;155 686 903;A01;0;10;0;2;8;22;1
536591033;155 686 908;B01;0;1;0;2;1;1;5
536591034;155 686 902;A01;1;7;0;2;1;17;1
536591034;155 686 910;B01;2;7;0;2;1;1;1
536591035;155 686 900;B01;2;7;0;2;1;1;3
536591035;155 686 915;A01;1;7;0;2;4;13;1
536591036;155 686 898;A01;3;7;0;2;3;15;1
536591036;155 686 905;B01;0;32;0;2;2;3;1
536591037;155 686 895;A01;3;7;0;1;1;1;1
536591037;155 686 899;B01;3;7;0;2;4;1;1
536591038;155 686 890;A01;1;36;2;0;1;16;1
536591039;155 686 892;A01;2;7;0;2;2;12;1
536591039;155 686 896;B01;2;43;0;2;3;1;1
536591040;155 686 893;A01;2;10;0;2;2;17;1
536591040;155 686 897;B01;2;1;0;2;6;1;5
536591041;155 686 887;C01;3;7;0;2;4;2;1
536591041;155 686 894;A01;3;7;0;2;1;2;1
536591041;155 686 901;B01;3;7;0;2;4;2;1
536591042;155 686 884;A01;1;14;0;2;2;12;1
536591042;155 686 891;B01;2;7;0;2;6;1;1
536591043;155 686 886;A01;2;7;13;0;7;1;1
536591044;155 686 883;A01;1;7;0;0;0;26;1
536591045;155 686 881;B01;2;1;0;2;8;1;5
536591045;155 686 889;A01;1;7;0;2;3;15;1
536591046;155 686 882;A01;1;7;0;2;4;26;1
536591046;155 686 885;B01;1;37;0;2;1;1;3
536591047;155 686 880;B01;2;2;0;2;1;0;1
536591047;155 686 888;A01;1;7;0;2;1;1;1
536591048;155 686 877;A01;1;21;6;1;0;1;1
536591049;155 686 875;A01;2;1;0;2;1;2;5
536591049;155 686 879;B01;2;10;0;0;6;2;1
536591050;155 686 871;A01;1;7;0;2;1;11;3
536591050;155 686 878;B01;1;7;0;2;6;2;2
536591051;155 686 869;B01;0;1;0;2;4;15;5
536591051;155 686 874;C01;0;7;0;9;3;1;1
536591052;155 686 870;A01;3;1;0;0;1;1;5
536591053;155 686 868;A01;2;33;0;2;2;0;1
536591053;155 686 872;B01;2;7;0;2;8;1;2
536591054;155 686 864;A01;1;7;13;0;3;1;1
536591055;155 686 861;B01;1;7;0;2;4;2;2
536591055;155 686 866;C01;1;7;0;2;4;1;1
536591055;155 686 876;A01;1;7;0;2;1;2;1
536591056;155 686 863;A01;0;10;0;2;1;1;1
536591056;155 686 867;B01;0;7;0;2;1;2;1
536591057;155 686 859;A01;2;7;0;2;3;0;1
536591057;155 686 865;B01;1;15;0;2;3;1;1
536591058;155 686 857;B01;2;7;0;2;1;1;1
536591058;155 686 862;A01;2;7;0;2;1;5;1
536591059;155 686 854;B01;1;7;0;2;4;0;1
536591059;155 686 858;A01;1;7;0;2;1;1;1
536591060;155 686 848;A01;1;7;15;0;1;1;1
536591061;155 686 850;B01;2;7;0;2;1;0;1
536591061;155 686 855;A01;1;7;15;2;2;5;3
536591062;155 686 852;B01;2;50;0;2;7;1;3
536591062;155 686 856;A01;1;7;0;2;3;9;1
536591063;155 686 849;A01;1;7;0;2;1;1;1
536591063;155 686 860;B01;2;7;0;2;8;0;2
536591064;155 686 846;A01;1;33;0;2;1;1;1
536591064;155 686 853;B01;2;7;0;2;1;15;1
536591065;155 686 844;A01;3;7;0;1;3;26;1
536591066;155 686 842;A01;3;10;0;2;2;1;1
536591066;155 686 847;B01;3;2;0;2;1;13;3
536591067;155 686 840;A01;1;7;0;2;9;1;1
536591067;155 686 843;B01;2;10;0;0;8;1;1
536591067;155 686 851;C01;2;10;0;0;2;21;1
536591068;155 686 838;A01;1;7;8;0;1;1;0
536591069;155 686 837;B01;1;7;0;2;4;2;1
536591069;155 686 841;A01;1;10;0;2;1;2;1
536591070;155 686 839;B01;2;10;0;2;3;21;1
536591070;155 686 845;A01;2;7;0;0;5;15;1
536591071;155 686 834;A01;3;7;0;1;2;1;1
536591072;155 686 831;A01;2;7;0;1;3;1;2
536591073;155 686 829;B01;1;2;0;2;1;1;1
536591073;155 686 835;A01;1;10;0;2;7;15;1
536591074;155 686 832;RB01;2;33;0;2;1;1;1
536591074;155 686 836;A01;1;7;0;2;7;15;1
536591075;155 686 828;A01;3;2;8;0;2;0;1
536591076;155 686 826;A01;2;7;0;2;1;5;1
536591076;155 686 833;B01;1;7;0;2;1;1;1
536591077;155 686 825;A01;3;2;0;2;7;1;1
536591077;155 686 830;B01;3;7;0;2;3;1;1
536591078;155 686 824;A01;1;7;4;0;1;11;1
536591079;155 686 822;A01;2;7;0;2;1;1;1
536591079;155 686 827;B01;1;7;0;2;1;1;1
536591080;155 686 817;A01;1;3;11;0;2;1;1
536591081;155 686 815;A01;1;3;15;0;3;13;1
536591082;155 686 818;A01;2;33;3;2;1;18;1
536591082;155 686 821;B01;2;7;0;2;4;1;1
536591083;155 686 811;A01;1;7;13;0;3;0;1
536591084;155 686 814;B01;2;7;0;2;1;15;1
536591084;155 686 820;A01;1;31;0;2;1;8;1
536591085;155 686 807;A01;1;10;0;2;8;15;1
536591085;155 686 812;B01;1;1;0;2;0;0;5
536591086;155 686 808;A01;1;7;0;2;3;9;1
536591086;155 686 816;B01;1;33;0;2;1;1;1
536591087;155 686 804;A01;1;7;0;2;0;2;1
536591087;155 686 809;B01;1;10;0;2;7;2;1
536591087;155 686 813;C01;1;17;0;2;0;2;1
536591088;155 686 803;A01;2;1;0;0;0;1;5
536591089;155 686 801;B01;3;1;0;2;7;1;5
536591089;155 686 806;A01;2;7;0;2;7;9;1
536591090;155 686 800;A01;2;7;8;2;5;1;1
536591090;155 686 810;B01;2;10;0;2;3;9;1
536591091;155 686 798;A01;2;7;0;2;1;15;1
536591091;155 686 802;B01;1;1;0;2;1;1;5
536591092;155 686 796;A01;1;33;0;2;1;1;1
536591092;155 686 799;B01;1;17;0;2;5;4;1
536591093;155 686 797;B01;1;7;0;2;0;13;0
536591093;155 686 805;A01;2;33;0;2;0;1;1
536591094;155 686 793;A01;2;7;3;0;2;14;1
536591095;155 686 790;A01;2;7;4;2;8;1;1
536591095;155 686 795;B01;2;17;0;2;1;12;1
536591096;155 686 789;A01;2;7;0;2;2;1;1
536591096;155 686 792;B01;2;50;0;2;4;1;3
536591097;155 686 786;B01;1;7;0;2;7;2;1
536591097;155 686 794;A01;1;7;0;2;7;11;1
536591098;155 686 787;A01;1;7;0;2;1;2;1
536591098;155 686 791;B01;1;7;0;2;4;23;1
536591099;155 686 784;A01;2;15;0;1;1;1;1
536591100;155 686 785;A01;1;7;10;0;1;14;1
536591101;155 686 781;B01;1;40;0;2;3;1;3
536591101;155 686 788;A01;1;50;0;4;1;16;3
536591102;155 686 777;A01;1;7;4;0;1;14;1
536591103;155 686 774;C01;2;10;0;2;5;2;1
536591103;155 686 776;A01;2;7;0;2;1;11;1
536591103;155 686 783;B01;2;33;0;2;1;3;1
536591104;155 686 770;A01;2;7;2;0;1;1;1
536591105;155 686 769;A01;1;33;0;2;7;21;1
536591106;155 686 772;A01;2;7;2;0;7;1;1
536591107;155 686 773;B01;2;1;0;2;1;1;5
536591107;155 686 780;A01;1;10;0;2;3;15;1
536591108;155 686 767;A01;2;7;0;2;2;16;1
536591108;155 686 775;B01;2;30;0;2;8;18;1
536591109;155 686 768;B01;3;7;0;2;2;0;1
536591109;155 686 778;C01;3;7;0;2;1;0;1
536591109;155 686 782;A01;3;7;0;2;3;11;1
536591110;155 686 766;A01;1;17;0;0;4;9;1
536591110;155 686 771;B01;1;10;0;2;1;2;1
536591111;155 686 761;A01;2;7;0;1;2;1;1
536591112;155 686 763;B01;1;7;0;2;1;1;1
536591112;155 686 765;C01;1;7;3;2;6;1;1
536591112;155 686 779;A01;2;7;0;2;3;13;1
536591113;155 686 759;A01;2;10;3;0;2;14;1
536591114;155 686 758;B01;2;17;0;2;1;1;0
536591114;155 686 762;A01;3;7;0;2;3;19;1
536591115;155 686 752;A01;2;7;0;1;2;26;1
536591116;155 686 754;A01;1;7;10;0;1;2;1
536591117;155 686 751;C01;2;7;0;2;4;1;1
536591117;155 686 756;A01;2;7;0;2;1;1;2
536591117;155 686 760;B01;2;7;0;2;4;1;1
536591118;155 686 750;B01;2;7;0;2;4;1;0
536591118;155 686 757;C01;2;7;0;2;4;1;0
536591118;155 686 764;A01;2;7;0;2;1;1;0
536591119;155 686 749;A01;1;33;0;0;9;1;1
536591120;155 686 745;A01;1;33;0;2;1;1;1
536591120;155 686 753;B01;1;7;0;2;8;15;1
536591121;155 686 744;B01;1;50;0;2;1;1;3
536591121;155 686 755;A01;3;7;0;2;3;9;1
536591122;155 686 741;A01;2;33;11;0;1;1;1
536591123;155 686 740;A01;2;7;0;2;3;9;1
536591123;155 686 748;B01;1;7;0;2;1;1;1
536591124;155 686 743;A01;0;7;0;2;3;18;1
536591124;155 686 747;B01;2;7;0;2;5;12;1
536591125;155 686 739;A01;1;7;3;0;3;1;1
536591126;155 686 742;B01;1;1;0;0;0;1;5
536591126;155 686 746;A01;1;7;0;0;0;12;1
536591127;155 686 737;A01;1;7;2;0;7;1;1
536591128;155 686 734;B01;1;50;0;2;1;1;3
536591128;155 686 738;A01;1;7;0;2;3;15;1
536591129;155 686 731;A01;0;7;0;2;3;23;1
536591129;155 686 736;B01;0;7;1;0;1;1;0
536591130;155 686 729;A01;1;37;0;1;7;16;3
536591131;155 686 727;A01;0;7;0;2;2;1;1
536591131;155 686 732;B01;0;1;0;2;1;14;5
536591132;155 686 728;A01;2;10;0;2;2;15;1
536591132;155 686 735;B01;1;7;0;2;2;1;1
536591133;155 686 725;B01;2;1;0;2;1;1;5
536591133;155 686 733;A01;2;7;0;2;3;15;1
536591134;155 686 720;A01;2;1;0;1;1;1;5
536591135;155 686 723;A01;0;7;0;9;1;19;1
536591135;155 686 730;B01;1;1;0;2;5;1;5
536591136;155 686 718;B01;1;7;0;2;1;1;1
536591136;155 686 722;A01;1;7;0;2;1;13;1
536591137;155 686 719;A01;1;7;0;0;4;1;1
536591137;155 686 724;B01;1;10;0;2;1;1;1
536591138;155 686 712;B01;1;80;1;0;1;1;3
536591138;155 686 715;A01;1;7;0;2;3;22;1
536591139;155 686 713;A01;2;7;0;2;1;2;1
536591139;155 686 716;B01;2;7;0;2;4;2;1
536591139;155 686 721;C01;2;7;3;0;3;21;1
536591139;155 686 726;D01;2;7;0;2;7;21;1
536591140;155 686 709;A01;2;32;0;2;3;18;1
536591140;155 686 711;B01;2;10;0;2;2;16;1
536591140;155 686 717;C01;2;7;0;0;3;26;1
536591141;155 686 706;A01;1;7;2;0;9;1;1
536591142;155 686 704;A01;1;7;0;1;3;16;1
536591143;155 686 703;A01;2;7;15;0;1;2;1
536591144;155 686 701;Z01;1;7;0;2;4;1;0
536591144;155 686 705;B01;1;30;0;2;1;2;1
536591145;155 686 702;C01;1;33;0;2;2;3;1
536591145;155 686 710;A01;1;7;0;2;8;2;1
536591145;155 686 714;B01;2;7;0;2;1;2;1
536591146;155 686 697;A01;1;7;0;1;3;15;1
536591147;155 686 699;A01;1;33;0;2;8;17;1
536591147;155 686 707;B01;1;7;0;2;7;17;1
536591148;155 686 695;A01;1;2;14;0;1;1;1
536591149;155 686 698;A01;2;7;0;2;8;10;1
536591149;155 686 708;B01;2;7;0;2;1;1;1
536591150;155 686 693;A01;1;10;0;1;1;1;1
536591151;155 686 694;A01;1;7;4;0;1;14;2
536591152;155 686 692;A01;1;1;5;0;2;1;5
536591153;155 686 691;A01;1;50;16;0;0;1;3
536591154;155 686 682;A01;3;7;0;2;2;15;1
536591154;155 686 688;B01;1;30;0;2;8;1;1
536591155;155 686 684;A01;1;36;13;0;7;1;1
536591156;155 686 678;A01;1;2;0;2;1;17;3
536591156;155 686 683;B01;1;7;0;2;3;15;1
536591157;155 686 681;C01;3;7;0;2;4;2;1
536591157;155 686 687;A01;3;7;0;2;1;2;1
536591157;155 686 689;B01;3;7;0;2;4;2;1
536591158;155 686 676;A01;1;2;16;0;0;1;1
536591159;155 686 675;A01;2;7;0;2;1;13;1
536591159;155 686 680;B01;1;7;0;2;1;1;1
536591160;155 686 674;A01;2;7;13;0;9;1;1
536591161;155 686 672;A01;1;10;1;0;8;0;0
536591161;155 686 679;B01;0;7;1;0;0;0;1
536591161;155 686 686;C01;0;7;1;0;0;0;1
536591162;155 686 673;A01;2;7;0;2;7;1;1
536591162;155 686 685;B01;1;7;0;2;1;1;1
536591163;155 686 669;A01;3;10;13;0;2;16;1
536591164;155 686 666;B01;1;7;0;2;4;2;1
536591164;155 686 671;C01;1;7;0;2;4;2;1
536591164;155 686 677;A01;1;10;0;2;1;2;1
536591165;155 686 668;A01;2;33;0;2;8;18;1
536591165;155 686 670;B01;2;1;0;2;7;14;5
536591166;155 686 663;A01;2;7;2;0;1;13;1
536591167;155 686 662;A01;2;7;2;0;9;26;1
536591168;155 686 659;A01;1;7;2;0;1;0;1
536591169;155 686 658;A01;2;7;0;2;0;0;0
536591169;155 686 665;B01;2;7;0;0;0;0;1
536591170;155 686 657;A01;3;7;0;2;1;13;1
536591170;155 686 664;B01;3;7;0;2;1;1;1
536591171;155 686 656;B01;3;50;0;2;4;2;3
536591171;155 686 661;A01;3;7;0;2;3;2;1
536591172;155 686 660;B01;1;7;0;0;0;0;0
536591172;155 686 667;A01;1;2;0;2;7;12;1
536591173;155 686 655;A01;3;31;0;0;7;21;1
536591174;155 686 652;A01;2;7;2;0;7;21;1
536591175;155 686 650;B01;2;7;0;2;4;2;1
536591175;155 686 654;A01;2;33;0;2;1;2;1
536591176;155 686 651;A01;1;7;2;0;7;11;1
536591177;155 686 647;B01;1;7;0;2;5;26;1
536591177;155 686 653;A01;1;1;0;2;8;1;5
536591178;155 686 646;A01;3;99;0;1;0;2;0
536591179;155 686 644;A01;1;33;0;2;2;2;1
536591179;155 686 649;B01;1;33;0;2;6;2;1
536591180;155 686 641;B01;3;7;0;2;3;1;2
536591180;155 686 648;A01;3;1;0;2;1;1;5
536591181;155 686 639;A01;1;7;0;2;1;16;1
536591181;155 686 643;B01;1;32;0;2;2;1;1
536591182;155 686 640;A01;2;7;0;2;0;1;1
536591182;155 686 645;B01;2;7;0;2;0;16;1